metric,median,q1,q3,min,max,upper_bound,lower_bound,MY_LOWER,MY_UPPER
N50,381341.0,284354.5,531015.25,71190.0,1198779.0,946699.275,79747.985,79747.98,946699.28
number,62.0,50.0,84.0,35.0,183.0,170.77500000000006,37.0,37.0,170.78
longest,860300.5,617541.0,1133173.75,226449.0,2245375.0,2244623.23,272350.58,272350.58,2244623.23
GC_Content,0.4807,0.48025725,0.48143475,0.477904,0.483513,0.483316685,0.47876118,0.4788,0.4836
Completeness_Specific,100.0,100.0,100.0,100.0,100.0,100.0,100.0,99.59,100.0
Contamination,0.12,0.07,0.27,0.01,0.95,0.9186500000000004,0.02,0.02,0.92
Total_Coding_Sequences,4369.0,4301.0,4469.75,3968.0,4749.0,4742.685,3979.375,3979.38,4742.69
Genome_Size,4797507.5,4738784.25,4861951.0,4460613.0,5063442.0,5057347.8950000005,4470800.24,4470800.24,5057347.9
