metric,median,q1,q3,min,max,upper_bound,lower_bound,MY_LOWER,MY_UPPER
N50,130378.0,62585.0,205782.0,10504.0,665723.0,592602.0000000002,18788.21,18788.21,592602.0
number,194.0,125.5,321.5,51.0,1014.0,905.7900000000006,52.99,52.99,905.79
longest,433083.0,302134.0,702080.5,84646.0,1604903.0,1462298.370000001,122601.11,122601.11,1462298.37
GC_Content,0.349182,0.348593,0.35028800000000004,0.34563099999999997,0.354933,0.35387643,0.34572624,0.3457,0.3552
Completeness_Specific,100.0,100.0,100.0,99.98,100.0,100.0,100.0,91.61,100.0
Contamination,0.09,0.0,0.66,0.0,2.95,2.7801000000000005,0.0,0.0,4.28
Total_Coding_Sequences,6224.0,5931.0,6489.5,5150.0,7254.0,7208.02,5189.79,5189.79,7208.02
Genome_Size,6029677.0,5753180.5,6251947.5,5036360.0,6928881.0,6858130.47,5095864.1,5095864.1,6870591.0
