metric,median,q1,q3,min,max,upper_bound,lower_bound,MY_LOWER,MY_UPPER
N50,224187.0,174990.0,271299.25,72404.0,515819.0,494013.9100000005,82065.96,82065.96,494013.91
number,81.0,73.0,87.0,29.0,234.0,234.0,30.385,30.38,234.0
longest,548686.5,359465.75,589564.0,184345.0,1011469.0,939006.6050000011,231264.03,231264.03,939006.61
GC_Content,0.5749535,0.574928,0.57503075,0.570879,0.585369,0.5853409949999999,0.574592695,0.5746,0.5853
Completeness_Specific,100.0,100.0,100.0,99.99,100.0,100.0,99.99,98.26,100.0
Contamination,0.74,0.74,0.77,0.14,1.48,1.4446000000000003,0.1877,0.19,1.44
Total_Coding_Sequences,3006.0,2997.0,3013.0,2785.0,3501.0,3493.615,2787.385,2787.38,3493.62
Genome_Size,3534574.0,3530277.5,3535288.5,3370180.0,3982755.0,3981512.345,3400028.265,3312673.0,3981512.34
