metric,median,q1,q3,min,max,upper_bound,lower_bound,MY_LOWER,MY_UPPER
N50,70770.5,57650.0,77867.75,26766.0,129433.0,122696.88999999997,34396.75,34396.75,122696.89
number,102.0,86.0,118.0,55.0,219.0,183.78999999999996,65.605,65.6,183.79
longest,182650.0,145605.5,215656.0,70119.0,374356.0,301612.395,87442.30500000001,87442.3,301612.4
GC_Content,0.3930945,0.39228725000000003,0.39402075,0.38913800000000004,0.396825,0.39623829499999996,0.38999220999999995,0.39,0.3992
Completeness_Specific,100.0,100.0,100.0,100.0,100.0,100.0,100.0,91.77,100.0
Contamination,0.22,0.18,0.28,0.06,0.69,0.6278999999999997,0.1,0.1,2.67
Total_Coding_Sequences,2097.5,2046.0,2154.0,1855.0,2414.0,2328.975,1924.025,1924.02,2328.98
Genome_Size,2101849.5,2058556.25,2149516.5,1909655.0,2338962.0,2277865.71,1961974.5,1961974.5,2331176.0
