metric,median,q1,q3,min,max,upper_bound,lower_bound,MY_LOWER,MY_UPPER
N50,221730.0,157566.5,269187.25,21080.0,563504.0,533148.0599999999,21813.88,21813.88,533148.06
number,118.0,92.0,150.75,46.0,476.0,452.3599999999997,54.525,54.52,452.36
longest,523064.0,359833.0,696749.0,68843.0,1346147.0,1330056.695,86703.56,86703.56,1330056.7
GC_Content,0.41600000000000004,0.4132265,0.418002,0.411601,0.420321,0.419758515,0.41166562,0.4117,0.4198
Completeness_Specific,100.0,100.0,100.0,100.0,100.0,100.0,100.0,87.04,100.0
Contamination,0.25,0.18,0.3275,0.04,1.01,0.7203499999999992,0.05,0.05,9.33
Total_Coding_Sequences,4185.5,4063.25,4362.5,3800.0,4610.0,4553.0199999999995,3808.83,3808.83,4681.0
Genome_Size,4452721.5,4349559.75,4604176.75,4140156.0,4757462.0,4739403.77,4148828.92,4148828.92,4860614.0
