metric,median,q1,q3,min,max,upper_bound,lower_bound,MY_LOWER,MY_UPPER
N50,151348.5,102514.75,182574.0,13400.0,508869.0,334623.27499999997,22860.495,22860.5,334623.27
number,37.0,27.0,56.0,8.0,217.0,158.26499999999942,13.0,13.0,158.26
longest,287067.0,200014.25,356679.5,36433.0,867469.0,639983.4299999998,70794.205,70794.2,639983.43
GC_Content,0.30374300000000004,0.302766,0.304454,0.2934,0.314373,0.30579999999999996,0.300597735,0.3006,0.3085
Completeness_Specific,99.99,99.99,100.0,99.85,100.0,100.0,99.97,95.69,100.0
Contamination,0.05,0.04,0.08,0.0,0.93,0.32,0.01,0.01,9.65
Total_Coding_Sequences,1776.0,1713.0,1844.0,1556.0,2197.0,2038.0,1618.0,1618.0,2109.0
Genome_Size,1689915.5,1647301.0,1739087.0,1527257.0,1968638.0,1860443.83,1586586.0,1567232.0,1943896.0
