metric,median,q1,q3,min,max,upper_bound,lower_bound,MY_LOWER,MY_UPPER
N50,141747.5,41267.0,256353.25,6969.0,869412.0,752341.7150000005,10146.335,10146.33,752341.72
number,156.5,83.75,379.5,36.0,1331.0,1130.6850000000002,39.0,39.0,1130.69
longest,423784.5,204722.0,734283.25,46110.0,2366961.0,1956459.77,80633.175,80633.18,1956459.77
GC_Content,0.35075500000000004,0.349737,0.3514095,0.34633200000000003,0.355792,0.35494806,0.34689253000000003,0.3469,0.3563
Completeness_Specific,100.0,100.0,100.0,99.59,100.0,100.0,99.99,95.97,100.0
Contamination,0.07,0.0,0.4625,0.0,6.28,5.2205,0.0,0.0,5.22
Total_Coding_Sequences,5817.5,5570.5,6031.5,5022.0,7097.0,7065.4400000000005,5054.51,5054.51,7065.44
Genome_Size,5679005.0,5500693.75,5923537.75,4942523.0,6752875.0,6736795.665,4980500.375,4980500.38,6736795.66
