metric,median,q1,q3,min,max,upper_bound,lower_bound,MY_LOWER,MY_UPPER
N50,131001.0,91969.75,166177.25,14210.0,433655.0,284734.99499999994,25126.775,25126.78,284734.99
number,47.0,32.0,77.0,8.0,264.0,173.0,14.0,14.0,173.0
longest,272565.5,205387.25,354588.25,38550.0,868442.0,598230.525,76388.745,76388.74,598230.52
GC_Content,0.312928,0.31175200000000003,0.313541,0.307168,0.317744,0.314782075,0.30895093999999995,0.3067,0.315
Completeness_Specific,99.98,99.98,99.99,99.75,100.0,100.0,99.93,94.78,100.0
Contamination,0.03,0.02,0.05,0.0,1.04,0.24,0.0,0.0,12.51
Total_Coding_Sequences,1813.0,1752.0,1899.0,1564.0,2186.0,2109.0,1680.0,1680.0,2299.0
Genome_Size,1728736.5,1686472.0,1788238.0,1577374.0,1984946.0,1929905.155,1634809.205,1634809.2,2127266.0
