metric,median,q1,q3,min,max,upper_bound,lower_bound,MY_LOWER,MY_UPPER
N50,108647.0,67830.0,192345.0,14732.0,694013.0,479460.80000000703,23453.600000000002,23453.6,479460.8
number,156.0,88.0,249.0,41.0,739.0,664.4000000000001,46.6,46.6,664.4
longest,324866.0,222847.0,458643.0,70215.0,1277397.0,1026951.8000000004,92405.0,92405.0,1026951.8
GC_Content,0.615251,0.612964,0.617925,0.605252,0.621068,0.6204713999999999,0.606336,0.6037,0.6205
Completeness_Specific,100.0,100.0,100.0,100.0,100.0,100.0,100.0,98.11,100.0
Contamination,0.1,0.03,0.22,0.0,1.66,0.9,0.0,0.0,5.96
Total_Coding_Sequences,4077.0,3991.0,4219.0,3810.0,4995.0,4873.8,3877.4,3877.4,5133.0
Genome_Size,4440945.0,4379007.0,4538595.0,4232109.0,5126310.0,5073768.8,4251238.0,4251238.0,5317260.0
