metric,median,q1,q3,min,max,upper_bound,lower_bound,MY_LOWER,MY_UPPER
N50,461816.0,334369.0,522804.0,67260.0,1281767.0,908595.4000000003,93485.3,93485.3,908595.4
number,93.0,76.0,105.0,33.0,219.0,173.3000000000011,46.9,46.9,173.3
longest,832832.0,691463.0,1186401.0,174991.0,2072794.0,1838649.100000001,292008.39999999997,292008.4,1838649.1
GC_Content,0.45274299999999995,0.45228,0.453044,0.44878300000000004,0.454901,0.45434830000000004,0.4501885,0.4407,0.4554
Completeness_Specific,100.0,100.0,100.0,99.99,100.0,100.0,100.0,95.88,100.0
Contamination,0.03,0.01,0.05,0.0,0.72,0.36,0.0,0.0,6.34
Total_Coding_Sequences,4642.0,4606.0,4694.0,4399.0,5226.0,5053.0,4446.0,4446.0,5895.0
Genome_Size,5126377.0,5088403.0,5173305.0,4889822.0,5602962.0,5473118.100000001,4941999.7,4941999.7,6093178.0
