metric,median,q1,q3,min,max,upper_bound,lower_bound,MY_LOWER,MY_UPPER
N50,281347.0,195946.0,450569.0,41748.0,1397837.0,1386506.0799999996,54532.4,54532.4,1386506.08
number,30.0,20.0,44.0,7.0,134.0,121.83999999999992,8.0,8.0,121.84
longest,564008.0,408126.0,802547.0,153594.0,1397837.0,1386506.0799999996,176008.68,176008.68,1386506.08
GC_Content,0.410837,0.409229,0.412297,0.391748,0.414369,0.41435312,0.3939326,0.3939,0.4151
Completeness_Specific,100.0,100.0,100.0,99.86,100.0,100.0,99.9208,96.7,100.0
Contamination,0.04,0.02,0.09,0.0,0.62,0.58,0.0,0.0,1.97
Total_Coding_Sequences,1903.0,1851.0,1968.0,1691.0,2160.0,2138.1999999999994,1734.12,1734.12,2138.2
Genome_Size,1984322.0,1935513.0,2028420.0,1784782.0,2215083.0,2191630.8,1788943.88,1788943.88,2191630.8
