metric,median,q1,q3,min,max,upper_bound,lower_bound,MY_LOWER,MY_UPPER
N50,229163.0,97711.0,334611.0,14852.0,668476.0,648969.5999999996,17392.15,17392.15,648969.6
number,52.0,38.0,91.0,18.0,394.0,339.5999999999999,21.55,21.55,339.6
longest,399346.0,249064.5,572103.5,56481.0,1185725.0,1095439.0999999982,63337.85,63337.85,1095439.1
GC_Content,0.359394,0.3588275,0.3600065,0.35662,0.362436,0.36185944999999997,0.35673655,0.3567,0.3651
Completeness_Specific,100.0,100.0,100.0,99.96,100.0,100.0,99.96549999999999,98.44,100.0
Contamination,0.14,0.09,0.22,0.0,1.0,0.8174999999999983,0.01,0.01,1.99
Total_Coding_Sequences,2525.0,2482.0,2578.5,2367.0,2742.0,2728.75,2378.1,2378.1,2789.0
Genome_Size,2660420.0,2625966.5,2700548.5,2503686.0,2836349.0,2823089.6999999997,2533811.35,2533811.35,2871975.0
