metric,median,q1,q3,min,max,upper_bound,lower_bound,MY_LOWER,MY_UPPER
N50,223576.0,147451.0,295372.0,16338.0,727673.0,617720.0,28266.48,28266.48,617720.0
number,89.0,69.0,123.0,23.0,566.0,408.1200000000006,34.84,34.84,408.12
longest,535780.0,385741.0,730643.0,57103.0,1640854.0,1328958.7600000005,114525.96,114525.96,1328958.76
GC_Content,0.450464,0.44967,0.45146099999999995,0.446344,0.45493,0.45424904,0.44773108,0.4477,0.4558
Completeness_Specific,100.0,99.99,100.0,99.19,100.0,100.0,99.9,91.64,100.0
Contamination,1.31,0.95,1.67,0.19,6.8,4.862800000000006,0.22,0.22,4.86
Total_Coding_Sequences,4422.0,4308.0,4574.0,3793.0,5099.0,4989.120000000001,3981.76,3960.0,4989.12
Genome_Size,5156273.0,5060533.0,5283544.0,4273219.0,5821999.0,5602424.32,4736473.2,4736473.2,5602424.32
