metric,median,q1,q3,min,max,upper_bound,lower_bound,MY_LOWER,MY_UPPER
N50,449430.0,348722.0,888443.0,148982.0,980046.0,979907.2,153327.2,153327.2,979907.2
number,39.0,28.0,49.0,18.0,79.0,77.79999999999998,18.4,18.4,77.8
longest,900597.0,683427.0,970339.0,334409.0,1087658.0,1072627.1999999997,338210.6,338210.6,1072627.2
GC_Content,0.412572,0.41213900000000003,0.41281799999999996,0.411173,0.414203,0.4140246,0.4112698,0.4095,0.4154
Completeness_Specific,100.0,100.0,100.0,100.0,100.0,100.0,100.0,90.59,100.0
Contamination,0.01,0.0,0.02,0.0,0.27,0.27,0.0,0.0,0.59
Total_Coding_Sequences,3767.0,3742.0,3820.0,3680.0,4010.0,3993.6,3681.2,3681.2,4197.0
Genome_Size,3715392.0,3692497.0,3749780.0,3639775.0,3886896.0,3878867.6,3639950.2,3639950.2,3955013.0
