metric,median,q1,q3,min,max,upper_bound,lower_bound,MY_LOWER,MY_UPPER
N50,124419.0,84022.0,175318.0,9081.0,568772.0,382277.6699999996,20142.0,20142.0,382277.67
number,239.0,148.0,412.0,29.0,2011.0,694.0,65.0,65.0,694.0
longest,348262.5,236258.0,463989.75,38082.0,1662943.0,912712.405,76218.0,76218.0,912712.4
GC_Content,0.5059279999999999,0.50466475,0.507213,0.493324,0.520959,0.5096424049999999,0.501879,0.5009,0.5112
Completeness_Specific,100.0,100.0,100.0,93.26,100.0,100.0,100.0,95.92,100.0
Contamination,0.21,0.09,0.46,0.0,6.12,1.95,0.0,0.0,15.57
Total_Coding_Sequences,4932.0,4700.0,5267.0,3800.0,6691.0,6002.0,4189.0,3998.0,6496.0
Genome_Size,5110613.5,4825717.75,5335120.5,4037975.0,6273067.0,5763951.019999998,4336718.355,4165587.0,6244159.0
