metric,median,q1,q3,min,max,upper_bound,lower_bound,MY_LOWER,MY_UPPER
N50,114217.0,93142.5,134039.5,45479.0,208138.0,193542.51000000013,49287.26,49287.26,193542.51
number,78.0,65.5,102.5,28.0,219.0,201.66000000000003,38.68,38.68,201.66
longest,265517.0,222186.5,309989.0,113485.0,613981.0,598558.9200000002,133812.32,133812.32,598558.92
GC_Content,0.36412100000000003,0.3634045,0.36526600000000004,0.359996,0.367664,0.36764937,0.360438,0.3604,0.3676
Completeness_Specific,99.95,99.88,99.98,98.63,100.0,99.9983,98.86,93.66,100.0
Contamination,0.13,0.07,0.18,0.0,0.53,0.52,0.0,0.0,1.62
Total_Coding_Sequences,2271.0,2205.5,2371.0,1919.0,2840.0,2714.83,1965.04,1965.04,2818.0
Genome_Size,2318274.0,2252894.0,2392143.0,1987854.0,2795277.0,2698504.7600000002,2040076.51,2040076.51,2799887.0
