metric,median,q1,q3,min,max,upper_bound,lower_bound,MY_LOWER,MY_UPPER
N50,317712.0,215766.75,593001.75,36104.0,2833521.0,2574473.0,74486.575,74486.58,2574473.0
number,47.0,27.0,66.0,4.0,361.0,174.0,7.0,7.0,174.0
longest,738569.5,506327.0,1206629.0,128531.0,2833521.0,2574473.0,209910.55,209910.55,2574473.0
GC_Content,0.641426,0.64108825,0.64198175,0.637561,0.644173,0.643067925,0.6390856250000001,0.6391,0.6432
Completeness_Specific,100.0,100.0,100.0,99.99,100.0,100.0,99.99,95.74,100.0
Contamination,0.22,0.17,0.31,0.02,2.55,0.9127499999999964,0.07,0.07,2.47
Total_Coding_Sequences,5024.0,4900.0,5183.0,4500.0,5995.0,5720.849999999995,4631.725,4631.73,5720.85
Genome_Size,5099420.5,4978038.5,5192696.25,4638877.0,5827067.0,5597820.274999999,4740423.6,4687873.0,5597820.28
