metric,median,q1,q3,min,max,upper_bound,lower_bound,MY_LOWER,MY_UPPER
N50,130725.0,114355.0,160198.0,48586.0,634933.0,536511.8800000001,70495.24,70495.24,536511.88
number,51.0,40.0,65.0,12.0,125.0,105.0,13.04,13.04,105.0
longest,355562.0,264454.0,454738.0,128319.0,822007.0,821824.64,135674.88,135674.88,821824.64
GC_Content,0.387571,0.386261,0.388494,0.381711,0.392132,0.39212108,0.38209344,0.3804,0.3921
Completeness_Specific,100.0,100.0,100.0,99.96,100.0,100.0,99.96,89.11,100.0
Contamination,0.19,0.11,0.34,0.02,1.07,1.07,0.04,0.04,2.24
Total_Coding_Sequences,1987.0,1899.0,2116.0,1752.0,2359.0,2328.96,1758.52,1758.52,2328.96
Genome_Size,1967091.0,1917519.0,2062477.0,1805030.0,2256344.0,2233362.7600000002,1820579.24,1820579.24,2284041.0
