metric,median,q1,q3,min,max,upper_bound,lower_bound,MY_LOWER,MY_UPPER
N50,230222.0,149855.5,366277.5,36144.0,631906.0,549233.435,53901.0,53901.0,549233.44
number,69.0,47.0,92.0,22.0,390.0,261.02000000000044,23.0,23.0,261.02
longest,528446.0,354431.0,579125.0,135948.0,868482.0,838410.6900000001,153244.97,153244.97,838410.69
GC_Content,0.4443255,0.443563,0.44502325,0.438934,0.452345,0.45159045000000003,0.44026271,0.4403,0.4516
Completeness_Specific,100.0,100.0,100.0,95.98,100.0,100.0,99.18130000000001,97.49,100.0
Contamination,0.61,0.49,0.88,0.26,2.47,2.0558500000000004,0.3,0.3,3.02
Total_Coding_Sequences,3134.0,3037.0,3191.0,2787.0,3650.0,3522.2650000000003,2797.49,2709.0,3620.0
Genome_Size,3293173.5,3214705.5,3353967.0,2944055.0,3645750.0,3571925.0000000005,2946694.605,2839103.0,3697306.0
