metric,median,q1,q3,min,max,upper_bound,lower_bound,MY_LOWER,MY_UPPER
N50,286099.0,188850.0,444948.0,76163.0,1014079.0,776337.6000000002,83789.83,83789.83,776337.6
number,44.0,34.0,50.0,20.0,83.0,78.73,20.61,20.61,78.73
longest,527636.0,436224.0,813463.0,231135.0,1290401.0,1267446.7,237482.66,237482.66,1267446.7
GC_Content,0.337041,0.33677999999999997,0.337398,0.335859,0.338242,0.33820662,0.33589926000000003,0.3359,0.3395
Completeness_Specific,100.0,100.0,100.0,100.0,100.0,100.0,100.0,95.86,100.0
Contamination,0.08,0.07,0.1,0.05,0.16,0.16,0.05,0.05,2.25
Total_Coding_Sequences,2407.0,2378.0,2444.0,2343.0,2587.0,2586.39,2344.22,2344.22,2749.0
Genome_Size,2558940.0,2539959.5,2588562.0,2490711.0,2691263.0,2683989.36,2492530.02,2492530.02,2813336.0
