metric,median,q1,q3,min,max,upper_bound,lower_bound,MY_LOWER,MY_UPPER
N50,99580.0,47338.0,111401.0,25793.0,247722.0,214792.99999999968,25805.0,25805.0,214793.0
number,190.0,154.0,304.0,51.0,490.0,487.0,77.88,77.88,487.0
longest,379189.0,162759.0,382499.0,116006.0,626795.0,590891.7199999989,116134.28,116134.28,590891.72
GC_Content,0.584826,0.5844830000000001,0.586634,0.581477,0.589587,0.58903832,0.5817042,0.5814,0.5903
Completeness_Specific,100.0,100.0,100.0,100.0,100.0,100.0,100.0,94.04,100.0
Contamination,0.62,0.46,0.65,0.17,1.72,1.5167999999999984,0.1892,0.13,1.74
Total_Coding_Sequences,4543.0,4451.0,4644.0,4187.0,4928.0,4910.84,4211.4,4211.4,4985.0
Genome_Size,4758794.0,4673360.0,4815449.0,4372975.0,5253439.0,5147549.6,4395925.92,4395925.92,5191207.0
