metric,median,q1,q3,min,max,upper_bound,lower_bound,MY_LOWER,MY_UPPER
N50,51782.0,48659.75,69084.25,21313.0,188316.0,187757.06,27331.100000000002,27331.1,187757.06
number,379.5,252.0,397.0,144.0,573.0,515.865,169.0,169.0,515.86
longest,159084.5,141956.0,224555.0,75496.0,467212.0,458683.395,103752.34,103752.34,458683.4
GC_Content,0.5847519999999999,0.584446,0.58528425,0.5822930000000001,0.588947,0.58887495,0.582548215,0.5825,0.5889
Completeness_Specific,100.0,100.0,100.0,99.99,100.0,100.0,99.99,98.5,100.0
Contamination,0.37,0.33,0.43,0.03,1.73,1.2046000000000003,0.06135,0.06,1.2
Total_Coding_Sequences,5797.0,5704.0,5894.0,5153.0,6380.0,6131.06,5165.135,5165.14,6131.06
Genome_Size,6298743.0,6242747.75,6323354.5,5720640.0,6676990.0,6507806.19,5741036.215,5741036.22,6576340.0
