metric,median,q1,q3,min,max,upper_bound,lower_bound,MY_LOWER,MY_UPPER
N50,187133.0,93398.75,387469.5,9379.0,1157485.0,956674.0,12214.645,12214.64,956674.0
number,81.0,57.0,126.0,29.0,692.0,569.9200000000001,32.635,32.64,569.92
longest,489653.0,284435.75,758239.75,47895.0,1987464.0,1801678.5450000004,57195.735,57195.74,1801678.55
GC_Content,0.27990550000000003,0.27250625,0.28059825,0.268662,0.283678,0.28262173,0.270033785,0.27,0.2834
Completeness_Specific,100.0,100.0,100.0,99.94,100.0,100.0,99.96,94.54,100.0
Contamination,0.77,0.56,1.01,0.04,2.97,2.45365,0.08,0.08,2.86
Total_Coding_Sequences,3608.0,3518.0,3738.25,2964.0,4275.0,4245.65,2980.27,2683.0,4385.0
Genome_Size,3898083.0,3826277.75,3995276.0,3099427.0,4380908.0,4342791.06,3117188.425,2702994.0,4432564.0
