metric,median,q1,q3,min,max,upper_bound,lower_bound,MY_LOWER,MY_UPPER
N50,243521.0,162998.5,390541.75,18282.0,1030480.0,904694.0,22988.725,22988.72,904694.0
number,89.0,64.0,138.0,22.0,626.0,497.3000000000011,26.475,26.48,497.3
longest,593464.0,441331.25,838075.0,63593.0,2518889.0,2025372.375000001,94648.3,94648.3,2025372.38
GC_Content,0.43311,0.43254475000000003,0.43456799999999995,0.429493,0.44049999999999995,0.4382243,0.43050195,0.4305,0.4385
Completeness_Specific,99.98,99.97,99.99,88.68,100.0,100.0,99.50075,97.33,100.0
Contamination,0.65,0.4,1.835,0.01,9.36,6.453750000000068,0.08475,0.08,6.45
Total_Coding_Sequences,4417.0,4366.75,4534.5,3969.0,5527.0,5011.625,3997.65,3960.0,5011.62
Genome_Size,5232978.5,5175127.25,5315459.5,4719895.0,6076614.0,5659816.400000002,4863831.5,4863831.5,5734009.0
