metric,median,q1,q3,min,max,upper_bound,lower_bound,MY_LOWER,MY_UPPER
N50,312230.5,217347.75,493821.75,68440.0,1209630.0,1097233.2750000015,87201.285,87201.28,1097233.28
number,64.0,52.0,90.0,27.0,280.0,177.1450000000002,29.155,29.16,177.15
longest,882076.0,679494.75,1335145.0,214095.0,2326707.0,2264403.035,267393.195,267393.2,2264403.04
GC_Content,0.5592495,0.556925,0.56023,0.551088,0.5627409999999999,0.56223931,0.55274333,0.5527,0.5622
Completeness_Specific,100.0,100.0,100.0,100.0,100.0,100.0,100.0,99.15,100.0
Contamination,0.045,0.02,0.12,0.0,0.91,0.5523000000000002,0.0,0.0,0.88
Total_Coding_Sequences,4459.0,4364.0,4628.75,4185.0,5112.0,5110.0,4220.165,4220.16,5164.0
Genome_Size,4790509.0,4702219.0,4966962.25,4537474.0,5286128.0,5283799.51,4573892.99,4573892.99,5348661.0
