metric,median,q1,q3,min,max,upper_bound,lower_bound,MY_LOWER,MY_UPPER
N50,231834.0,176131.0,315968.0,24959.0,913615.0,587004.5599999998,54993.32,54993.32,587004.56
number,125.0,99.0,161.0,36.0,1259.0,389.0,53.0,53.0,389.0
longest,558885.0,433467.0,750693.0,78377.0,2159855.0,1601149.9999999977,184638.8,184638.8,1601150.0
GC_Content,0.571597,0.570154,0.5727920000000001,0.561723,0.578924,0.5762820599999999,0.56487876,0.561,0.5802
Completeness_Specific,100.0,100.0,100.0,98.26,100.0,100.0,99.99,95.57,100.0
Contamination,0.21,0.1,0.58,0.0,3.63,2.1,0.02,0.02,4.14
Total_Coding_Sequences,5280.0,5138.0,5428.0,4627.0,6129.0,5811.0,4792.0,4792.0,6490.0
Genome_Size,5585544.0,5474487.0,5698667.0,4995721.0,6198259.0,6015463.42,5158682.94,4996433.0,6374553.0
