metric,median,q1,q3,min,max,upper_bound,lower_bound,MY_LOWER,MY_UPPER
N50,374214.0,303281.0,562471.0,27582.0,1588841.0,1425356.2400000002,48731.72,48731.72,1425356.24
number,51.0,39.0,62.0,22.0,355.0,293.4600000000004,24.0,24.0,293.46
longest,897440.0,650771.0,1343440.0,105623.0,2606310.0,2404778.2200000007,150283.48,150283.48,2404778.22
GC_Content,0.593523,0.592297,0.594355,0.5863689999999999,0.597149,0.59686144,0.5871548600000001,0.59,0.6
Completeness_Specific,100.0,100.0,100.0,100.0,100.0,100.0,100.0,100.0,100.0
Contamination,0.21,0.09,0.27,0.01,1.19,1.1482000000000006,0.013800000000000002,0.01,1.15
Total_Coding_Sequences,4797.0,4707.0,4877.0,4548.0,5317.0,5136.24,4575.8,4575.8,5136.24
Genome_Size,5192883.0,5120513.0,5277107.0,4967849.0,5586847.0,5515076.7,4996232.9,4996232.9,5515076.7
