metric,distribution,mean,std,median,q1,q3,iqr,min,max,lower_bound,upper_bound,MY_LOWER,MY_UPPER,species,count,refseq_count
N50,non-normal,447491.48736462096,255897.7218580955,374214.0,303281.0,562471.0,259190.0,27582.0,1588841.0,48731.72,1425356.2400000002,48731.72,1425356.24,Serratia bockelmannii,277,0
number,non-normal,58.56317689530686,36.412108927524855,51.0,39.0,62.0,23.0,22.0,355.0,24.0,293.4600000000004,24.0,293.46,Serratia bockelmannii,277,0
longest,non-normal,1015132.0758122744,493979.74562905426,897440.0,650771.0,1343440.0,692669.0,105623.0,2606310.0,150283.48,2404778.2200000007,150283.48,2404778.22,Serratia bockelmannii,277,0
GC_Content,non-normal,0.5932579097472923,0.0016798382773540565,0.593523,0.592297,0.594355,0.0020580000000000043,0.5863689999999999,0.597149,0.5871548600000001,0.59686144,0.59,0.6,Serratia bockelmannii,277,0
Completeness_Specific,non-normal,100.0,0.0,100.0,100.0,100.0,0.0,100.0,100.0,100.0,100.0,100.0,100.0,Serratia bockelmannii,277,0
Contamination,non-normal,0.21815884476534295,0.1746493238483536,0.21,0.09,0.27,0.18000000000000002,0.01,1.19,0.013800000000000002,1.1482000000000006,0.01,1.15,Serratia bockelmannii,277,0
Total_Coding_Sequences,non-normal,4804.003610108303,118.88721403943055,4797.0,4707.0,4877.0,170.0,4548.0,5317.0,4575.8,5136.24,4575.8,5136.24,Serratia bockelmannii,277,0
Genome_Size,non-normal,5204785.844765343,108938.94526454418,5192883.0,5120513.0,5277107.0,156594.0,4967849.0,5586847.0,4996232.9,5515076.7,4996232.9,5515076.7,Serratia bockelmannii,277,0
