metric,median,q1,q3,min,max,upper_bound,lower_bound,MY_LOWER,MY_UPPER
N50,201356.0,146948.5,270665.0,16487.0,656385.0,553583.7500000006,26897.025,26897.02,553583.75
number,126.0,94.0,171.0,57.0,875.0,553.0500000000027,60.0,60.0,553.05
longest,524950.0,410375.0,660650.75,108540.0,1092850.0,1068723.15,140359.825,140359.83,1068723.15
GC_Content,0.41880399999999995,0.41755625,0.42043375,0.414732,0.424942,0.424411875,0.414925425,0.4149,0.4244
Completeness_Specific,99.99,99.98,100.0,97.51,100.0,100.0,99.44275,92.46,100.0
Contamination,1.0750000000000002,0.8,1.705,0.08,9.96,4.069250000000001,0.28,0.18,4.07
Total_Coding_Sequences,5363.0,5191.0,5562.0,4661.0,6352.0,6334.9,4754.9,4754.9,6334.9
Genome_Size,6740267.0,6620966.75,6940494.75,6162817.0,7813299.0,7689366.575,6215549.7,6215549.7,7689366.58
