metric,median,q1,q3,min,max,upper_bound,lower_bound,MY_LOWER,MY_UPPER
N50,353512.5,191995.0,638970.5,129569.0,1120580.0,1099388.375,130390.73,130390.73,1099388.38
number,63.0,41.0,109.0,19.0,150.0,146.815,19.91,19.91,146.82
longest,656213.0,344483.0,1007281.5,329089.0,1959572.0,1837346.7150000005,332619.8,332619.8,1837346.72
GC_Content,0.4579645,0.45625225,0.45873525,0.45557699999999995,0.459681,0.45960456000000005,0.455659355,0.455,0.4611
Completeness_Specific,100.0,100.0,100.0,99.98,100.0,100.0,99.98,95.35,100.0
Contamination,0.02,0.01,0.052500000000000005,0.0,0.16,0.15090000000000003,0.0,0.0,0.19
Total_Coding_Sequences,4433.5,4304.25,4584.5,4187.0,4705.0,4703.635,4198.375,4198.38,4759.0
Genome_Size,4398755.5,4336427.25,4474380.5,4254704.0,4555853.0,4542706.23,4261318.79,4261318.79,4617079.0
