metric,median,q1,q3,min,max,upper_bound,lower_bound,MY_LOWER,MY_UPPER
N50,265140.0,200507.0,359770.5,37578.0,851775.0,615483.0999999995,68938.1,68938.1,615483.1
number,111.0,90.0,147.5,47.0,536.0,346.499999999995,53.78,53.78,346.5
longest,655853.0,544404.0,884859.0,162532.0,1777064.0,1556163.0199999958,188534.59,188534.59,1556163.02
GC_Content,0.55042,0.5489625,0.551515,0.543667,0.55346,0.5532520000000001,0.544563,0.5412,0.5533
Completeness_Specific,100.0,100.0,100.0,100.0,100.0,100.0,100.0,96.13,100.0
Contamination,0.48,0.35,0.82,0.09,2.54,2.4,0.16,0.16,7.61
Total_Coding_Sequences,5591.0,5393.5,5797.0,5148.0,6417.0,6312.44,5188.63,5071.0,6504.0
Genome_Size,6002043.0,5837153.5,6181305.5,5624995.0,6700630.0,6600977.83,5667910.93,5394761.0,6736859.0
