metric,median,q1,q3,min,max,upper_bound,lower_bound,MY_LOWER,MY_UPPER
N50,235745.0,198150.0,247094.0,53441.0,679476.0,555248.125,77754.875,77754.88,555248.12
number,106.0,96.0,118.0,33.0,340.0,226.0,62.0,62.0,226.0
longest,555318.0,426244.0,637827.0,119246.0,1146358.0,932948.125,232472.875,232472.88,932948.12
GC_Content,0.474868,0.474657,0.475109,0.46960999999999997,0.478389,0.47745325,0.471821375,0.4709,0.4781
Completeness_Specific,100.0,100.0,100.0,99.99,100.0,100.0,100.0,95.72,100.0
Contamination,0.03,0.02,0.05,0.0,0.92,0.34,0.0,0.0,4.91
Total_Coding_Sequences,3592.0,3573.0,3617.0,3297.0,4236.0,3879.5,3421.0,3421.0,4183.0
Genome_Size,4030926.0,4007307.25,4049324.75,3696571.0,4526682.0,4254951.25,3848514.875,3848514.88,4476429.0
