metric,median,q1,q3,min,max,upper_bound,lower_bound,MY_LOWER,MY_UPPER
N50,190368.0,109083.0,293708.0,26858.0,1255048.0,896984.4800000003,46556.5,46556.5,896984.48
number,121.0,77.0,164.0,22.0,706.0,589.4400000000028,33.78,33.78,589.44
longest,489331.0,304854.0,778591.0,114960.0,2259685.0,2137059.8400000012,145067.08,145067.08,2137059.84
GC_Content,0.55747,0.555632,0.5591149999999999,0.550374,0.563923,0.5622728800000001,0.5507449400000001,0.5507,0.5623
Completeness_Specific,100.0,100.0,100.0,100.0,100.0,100.0,100.0,94.78,100.0
Contamination,0.08,0.04,0.18,0.0,1.6,1.238800000000001,0.0,0.0,1.54
Total_Coding_Sequences,4678.0,4500.0,4872.0,4153.0,5507.0,5443.76,4195.14,4195.14,5620.0
Genome_Size,4958908.0,4814028.0,5120655.0,4545196.0,5667175.0,5622800.26,4578846.56,4578846.56,5689850.0
