metric,median,q1,q3,min,max,upper_bound,lower_bound,MY_LOWER,MY_UPPER
N50,247549.5,182759.5,269854.75,118662.0,408711.0,395105.73,122022.89,122022.89,395105.73
number,81.5,74.0,101.5,52.0,209.0,201.27499999999998,53.03,53.03,201.27
longest,663093.0,577672.25,693515.0,299750.0,705699.0,705495.06,303250.455,303250.46,705495.06
GC_Content,0.6131979999999999,0.61220875,0.6161712500000001,0.612181,0.6198619999999999,0.619759,0.612183575,0.6065,0.6404
Completeness_Specific,100.0,100.0,100.0,100.0,100.0,100.0,100.0,95.06,100.0
Contamination,0.3,0.1475,0.3,0.05,1.18,1.18,0.05,0.05,9.46
Total_Coding_Sequences,4791.5,4450.0,4797.0,4215.0,5029.0,4982.135,4231.48,4231.48,5422.0
Genome_Size,5235908.5,4918495.5,5236784.5,4712474.0,5381893.0,5360274.845,4714068.955,4714068.96,5757765.0
