metric,distribution,mean,std,median,q1,q3,iqr,min,max,lower_bound,upper_bound,MY_LOWER,MY_UPPER,species,count,refseq_count,refseq_distribution,refseq_mean,refseq_std,refseq_median,refseq_q1,refseq_q3,refseq_iqr,refseq_min,refseq_max,refseq_lower_bound,refseq_upper_bound,KS_statistic,KS_p_value,Wasserstein_Distance
N50,normal,230591.125,58152.02743285639,247549.5,182759.5,269854.75,87095.25,118662.0,408711.0,122022.89,395105.73,122022.89,395105.73,Pseudomonas fulva,104,0,,,,,,,,,,,,,,
number,non-normal,90.0576923076923,25.468995828668042,81.5,74.0,101.5,27.5,52.0,209.0,53.03,201.27499999999998,53.03,201.27,Pseudomonas fulva,104,0,,,,,,,,,,,,,,
longest,non-normal,612329.0673076923,117954.5337702906,663093.0,577672.25,693515.0,115842.75,299750.0,705699.0,303250.455,705495.06,303250.46,705495.06,Pseudomonas fulva,104,0,,,,,,,,,,,,,,
GC_Content,non-normal,0.6142609615384615,0.002336751611676891,0.6131979999999999,0.61220875,0.6161712500000001,0.003962500000000091,0.612181,0.6198619999999999,0.612183575,0.619759,0.6065,0.6404,Pseudomonas fulva,104,15,non-normal,0.6158687999999999,0.009371524559003207,0.615209,0.6096035,0.616391,0.006787500000000057,0.606495,0.640418,0.6065496,0.64004693,0.4,0.02003792465961907,0.004555611538461552
Completeness_Specific,non-normal,100.0,0.0,100.0,100.0,100.0,0.0,100.0,100.0,100.0,100.0,95.06,100.0,Pseudomonas fulva,104,15,non-normal,96.88199999999999,0.7284156322686484,96.89,96.535,97.09,0.5550000000000068,95.06,98.81,95.1622,98.705,1.0,4.831842504585397e-19,3.118
Contamination,non-normal,0.32346153846153847,0.24383462724516175,0.3,0.1475,0.3,0.1525,0.05,1.18,0.05,1.18,0.05,9.46,Pseudomonas fulva,104,15,normal,5.014,2.489853543216281,5.35,3.015,7.07,4.055,1.09,9.46,1.1047,9.348,0.9711538461538461,3.942783483741685e-16,4.690538461538461
Total_Coding_Sequences,non-normal,4659.192307692308,214.96381971620772,4791.5,4450.0,4797.0,347.0,4215.0,5029.0,4231.48,4982.135,4231.48,5422.0,Pseudomonas fulva,104,15,non-normal,4854.466666666666,373.1862567434956,4670.0,4513.0,5240.5,727.5,4395.0,5422.0,4398.64,5414.93,0.4666666666666667,0.003714011422368243,254.0025641025641
Genome_Size,non-normal,5103875.721153846,197199.6687460871,5235908.5,4918495.5,5236784.5,318289.0,4712474.0,5381893.0,4714068.955,5360274.845,4714068.96,5757765.0,Pseudomonas fulva,104,15,non-normal,5235216.133333334,339165.90715201444,5068189.0,4913507.5,5571642.0,658134.5,4798599.0,5757765.0,4803253.44,5751624.88,0.4666666666666667,0.003714011422368243,205841.85192307696
