metric,median,q1,q3,min,max,upper_bound,lower_bound,MY_LOWER,MY_UPPER
N50,215606.0,141177.5,260810.75,9450.0,683163.0,634028.9949999998,21739.18,21739.18,634028.99
number,122.0,104.75,177.25,38.0,1550.0,1134.3799999999983,51.015,51.02,1134.38
longest,688315.5,416207.0,986234.0,77555.0,1777069.0,1617236.3549999997,81379.13500000001,81379.14,1617236.35
GC_Content,0.663628,0.6622962499999999,0.6660772500000001,0.657123,0.7270319999999999,0.7216022599999999,0.657208895,0.6572,0.7216
Completeness_Specific,100.0,100.0,100.0,99.61,100.0,100.0,99.8312,93.76,100.0
Contamination,0.635,0.1475,1.14,0.0,2.97,2.618949999999999,0.0,0.0,2.62
Total_Coding_Sequences,7784.0,7473.5,7951.75,5138.0,10322.0,9261.414999999997,5989.955,5989.96,9261.41
Genome_Size,8505607.5,8231155.5,8751170.0,5629333.0,10592785.0,10048221.394999996,6227235.83,6227235.83,10048221.39
