metric,median,q1,q3,min,max,upper_bound,lower_bound,MY_LOWER,MY_UPPER
N50,147802.0,104996.0,175629.0,21048.0,312444.0,293291.64999999997,27684.9,27684.9,293291.65
number,47.0,35.0,65.5,17.0,192.0,190.85,18.15,18.15,190.85
longest,333206.0,238284.5,443049.0,104648.0,605019.0,559267.95,107719.2,107719.2,559267.95
GC_Content,0.269159,0.2685555,0.269795,0.266659,0.272847,0.27227445,0.2673182,0.2673,0.2723
Completeness_Specific,100.0,100.0,100.0,100.0,100.0,100.0,100.0,93.72,100.0
Contamination,0.17,0.14,0.25,0.07,1.51,1.2064999999999984,0.07150000000000001,0.07,9.57
Total_Coding_Sequences,2242.0,2175.5,2334.0,2085.0,2711.0,2619.0,2087.15,2087.15,2619.0
Genome_Size,2214938.0,2161248.5,2306925.5,2031831.0,2579744.0,2513129.3999999994,2032910.85,2032910.85,2513129.4
