metric,median,q1,q3,min,max,upper_bound,lower_bound,MY_LOWER,MY_UPPER
N50,268309.0,240224.0,512593.5,94830.0,687818.0,687817.55,104257.05,104257.05,687817.55
number,22.0,19.0,28.5,12.0,65.0,60.04999999999997,12.0,12.0,60.05
longest,578812.0,441917.0,662043.0,220892.0,1006451.0,1002499.5499999999,228132.05,228132.05,1002499.55
GC_Content,0.40460799999999997,0.4040005,0.4052745,0.40124699999999996,0.406402,0.4063966,0.40179735,0.4018,0.4068
Completeness_Specific,100.0,99.99,100.0,99.98,100.0,100.0,99.98,99.23,100.0
Contamination,0.06,0.03,0.11,0.01,0.64,0.49149999999999905,0.01,0.01,0.49
Total_Coding_Sequences,2100.0,2068.0,2144.5,2003.0,2289.0,2277.75,2010.2,2010.2,2277.75
Genome_Size,2192095.0,2163412.5,2229727.0,2092684.0,2336295.0,2322064.65,2106325.75,2106325.75,2322064.65
