metric,median,q1,q3,min,max,upper_bound,lower_bound,MY_LOWER,MY_UPPER
N50,26969.0,26593.75,27609.0,17662.0,39281.0,38285.0,19827.575,19827.58,38285.0
number,107.0,104.0,111.0,62.0,265.0,173.6750000000003,69.0,69.0,173.68
longest,87682.0,87680.0,88031.0,45231.0,149042.0,148609.12500000012,53544.85,53544.85,148609.13
GC_Content,0.32181,0.32169425,0.32218600000000003,0.32157600000000003,0.323822,0.32352035,0.321590275,0.3215,0.3254
Completeness_Specific,100.0,100.0,100.0,99.95,100.0,100.0,99.98,92.53,100.0
Contamination,0.54,0.49,0.56,0.29,1.51,1.0497500000000002,0.46,0.08,3.77
Total_Coding_Sequences,1945.0,1939.0,1998.0,1889.0,2100.0,2029.975,1897.05,1813.0,2043.0
Genome_Size,1790015.0,1786736.0,1793086.0,1757717.0,1831493.0,1813799.2,1764800.625,1764800.62,2047033.0
