metric,median,q1,q3,min,max,upper_bound,lower_bound,MY_LOWER,MY_UPPER
N50,110784.0,73746.0,178365.5,14338.0,716115.0,611570.5799999997,23562.12,23562.12,611570.58
number,95.0,68.0,138.0,19.0,631.0,404.6299999999994,26.0,26.0,404.63
longest,329944.0,235238.0,480442.5,58126.0,1683198.0,1197958.429999999,97548.84,97548.84,1197958.43
GC_Content,0.6637430000000001,0.6620625,0.6657845,0.655231,0.67255,0.67066443,0.65742042,0.6563,0.6738
Completeness_Specific,100.0,100.0,100.0,99.73,100.0,100.0,100.0,94.16,100.0
Contamination,0.19,0.01,0.61,0.0,3.98,2.6805999999999996,0.0,0.0,4.69
Total_Coding_Sequences,4389.0,4255.5,4494.0,3660.0,5733.0,4847.2699999999995,3737.91,3737.91,4847.27
Genome_Size,4802926.0,4695486.5,4901241.0,4118741.0,5995829.0,5205439.62,4196754.52,4120518.0,5205439.62
