metric,median,q1,q3,min,max,upper_bound,lower_bound,MY_LOWER,MY_UPPER
N50,161628.0,135547.0,227227.0,27099.0,866036.0,850616.0,39560.98,39560.98,850616.0
number,58.0,49.0,64.0,18.0,200.0,145.22000000000003,25.0,25.0,145.22
longest,455439.0,367576.0,540572.0,82101.0,1118113.0,932877.0,107433.1,107433.1,932877.0
GC_Content,0.32780000000000004,0.32765099999999997,0.328148,0.326273,0.33069000000000004,0.32917338,0.3267051,0.3267,0.3305
Completeness_Specific,99.99,99.98,99.99,99.96,100.0,100.0,99.97,97.13,100.0
Contamination,0.17,0.15,0.22,0.01,1.06,0.7148000000000001,0.01,0.01,0.71
Total_Coding_Sequences,2453.0,2402.0,2482.0,2243.0,2670.0,2582.74,2254.52,2254.52,2671.0
Genome_Size,2543028.0,2498649.0,2566132.0,2343033.0,2710039.0,2638026.36,2384139.66,2363587.0,2701315.0
