metric,median,q1,q3,min,max,upper_bound,lower_bound,MY_LOWER,MY_UPPER
N50,78486.0,56343.5,112816.75,19841.0,195092.0,193339.09999999998,27365.76,27365.76,193339.1
number,64.0,50.0,84.0,28.0,188.0,165.13999999999987,32.0,32.0,165.14
longest,191911.0,146858.5,247830.25,64599.0,397613.0,372093.72,83034.185,83034.18,372093.72
GC_Content,0.3477125,0.34622125000000004,0.34924775,0.34091,0.35121,0.351011595,0.34239606,0.3424,0.3511
Completeness_Specific,99.99,99.99,100.0,99.97,100.0,100.0,99.98,98.19,100.0
Contamination,0.22,0.12,0.43,0.02,1.08,0.7438499999999965,0.03,0.03,0.74
Total_Coding_Sequences,1751.0,1702.0,1816.75,1606.0,1998.0,1974.1749999999997,1611.93,1611.93,1974.17
Genome_Size,1658721.0,1624411.25,1703661.5,1554105.0,1832706.0,1817981.47,1561731.93,1561731.93,1817981.47
