metric,median,q1,q3,min,max,upper_bound,lower_bound,MY_LOWER,MY_UPPER
N50,404669.0,268308.5,470415.0,20513.0,1103929.0,1092883.32,40418.25,40418.25,1092883.32
number,23.0,18.0,29.0,9.0,187.0,119.11999999999989,10.969999999999999,10.97,119.12
longest,642341.0,516085.5,850173.5,71157.0,1103929.0,1092883.32,116145.98,116145.98,1092883.32
GC_Content,0.36406999999999995,0.36319,0.3648705,0.35993400000000003,0.367122,0.36643736,0.36094955,0.3609,0.3668
Completeness_Specific,100.0,99.99,100.0,99.89,100.0,100.0,99.9697,98.1,100.0
Contamination,0.04,0.02,0.08,0.0,0.43,0.3005999999999994,0.0,0.0,1.16
Total_Coding_Sequences,1889.0,1839.0,1932.0,1744.0,2157.0,2129.1499999999996,1765.97,1765.97,2129.15
Genome_Size,1914475.0,1871427.0,1950144.5,1777911.0,2168283.0,2115326.69,1797581.07,1797581.07,2115326.69
