metric,median,q1,q3,min,max,upper_bound,lower_bound,MY_LOWER,MY_UPPER
N50,312136.0,249832.0,432171.0,19782.0,1335338.0,1287443.0599999998,20049.0,20049.0,1287443.06
number,71.0,52.0,81.5,21.0,604.0,575.49,27.31,27.31,575.49
longest,724685.0,544621.0,1035019.0,88498.0,2493872.0,2069876.49,90425.17,90425.17,2069876.49
GC_Content,0.59723,0.5959175,0.597313,0.59183,0.598533,0.59832407,0.59230653,0.5923,0.5983
Completeness_Specific,100.0,100.0,100.0,100.0,100.0,100.0,100.0,96.78,100.0
Contamination,0.06,0.04,0.11,0.01,0.67,0.5569000000000001,0.0131,0.01,0.56
Total_Coding_Sequences,4705.0,4687.5,4817.0,4590.0,5377.0,5353.04,4602.93,4602.93,5353.04
Genome_Size,5081724.0,5068894.5,5171696.5,4939194.0,5457290.0,5372772.45,4955458.28,4955458.28,5372772.45
