metric,median,q1,q3,min,max,upper_bound,lower_bound,MY_LOWER,MY_UPPER
N50,194798.0,143318.5,237452.75,51304.0,383514.0,381367.65499999997,61387.575,61387.58,381367.66
number,28.0,22.25,40.75,9.0,95.0,94.255,9.745,9.74,94.26
longest,315211.0,241548.25,346908.0,111762.0,477661.0,458717.1399999999,134099.335,134099.34,458717.14
GC_Content,0.4403735,0.43962049999999997,0.44097949999999997,0.438206,0.44418199999999997,0.44411793,0.43827454,0.4383,0.4441
Completeness_Specific,100.0,100.0,100.0,100.0,100.0,100.0,100.0,99.12,100.0
Contamination,0.0,0.0,0.0,0.0,4.52,4.043199999999997,0.0,0.0,4.04
Total_Coding_Sequences,1256.5,1219.5,1289.75,1202.0,1409.0,1406.7649999999999,1203.49,1203.49,1406.76
Genome_Size,1341179.5,1313971.0,1370030.75,1295699.0,1458752.0,1458286.375,1296774.035,1296774.03,1458286.38
