metric,median,q1,q3,min,max,upper_bound,lower_bound,MY_LOWER,MY_UPPER
N50,208333.5,139582.25,308833.0,14574.0,819277.0,683941.2950000007,25082.48,25082.48,683941.3
number,84.0,60.25,119.0,25.0,695.0,463.5050000000001,29.0,29.0,463.51
longest,507277.5,369212.0,681573.0,59679.0,1407045.0,1295952.985,90722.03,90722.03,1295952.99
GC_Content,0.46368449999999994,0.4625695,0.46482275000000006,0.457098,0.468397,0.46781599999999995,0.45951612999999997,0.4595,0.4678
Completeness_Specific,99.99,99.98,100.0,93.07,100.0,100.0,99.13745,91.84,100.0
Contamination,0.54,0.33,0.91,0.05,7.83,5.473400000000002,0.07,0.07,8.92
Total_Coding_Sequences,4093.5,3909.0,4288.0,3443.0,5037.0,4808.360000000001,3514.33,3454.0,4808.36
Genome_Size,4819966.0,4649411.25,4979435.25,4218629.0,5575773.0,5386162.16,4270102.095,4270102.1,5471617.0
