metric,median,q1,q3,min,max,upper_bound,lower_bound,MY_LOWER,MY_UPPER
N50,153775.0,79649.0,312700.5,5321.0,815041.0,800376.4399999996,5570.495,5570.5,800376.44
number,64.0,51.0,96.0,23.0,1733.0,1497.984999999998,26.355,26.36,1497.98
longest,378756.0,218391.5,737694.25,30254.0,1099728.0,1097153.7349999999,30866.545,30866.54,1097153.73
GC_Content,0.3140185,0.31343275,0.314665,0.311648,0.337194,0.3343695349999999,0.311881415,0.3119,0.3344
Completeness_Specific,99.99,99.98,100.0,86.22,100.0,100.0,92.41999999999999,86.44,100.0
Contamination,0.08,0.04,0.14,0.0,5.01,1.5872499999999714,0.0,0.0,6.44
Total_Coding_Sequences,2201.0,2155.5,2264.0,2028.0,2967.0,2826.8699999999994,2046.355,2046.36,2826.87
Genome_Size,2241375.0,2202604.25,2283532.25,2047914.0,2548873.0,2532283.485,2090237.625,2090237.62,2532283.48
