metric,median,q1,q3,min,max,upper_bound,lower_bound,MY_LOWER,MY_UPPER
N50,388942.0,259577.5,597304.5,22440.0,845187.0,637085.8000000002,31450.1,31450.1,637085.8
number,33.0,28.0,45.0,18.0,277.0,221.3000000000003,19.0,19.0,221.3
longest,823160.0,624384.5,836372.0,68171.0,1399553.0,1377571.0,97170.8,97170.8,1377571.0
GC_Content,0.326571,0.32593700000000003,0.326635,0.323815,0.327746,0.32754915,0.32397655000000003,0.324,0.3297
Completeness_Specific,99.99,99.99,100.0,99.95,100.0,100.0,99.95,97.82,100.0
Contamination,0.1,0.05,0.1,0.0,0.68,0.6575000000000006,0.0,0.0,1.81
Total_Coding_Sequences,2603.0,2592.0,2676.5,2520.0,2869.0,2852.55,2531.8,2531.8,2884.0
Genome_Size,2789712.0,2783722.5,2842299.0,2725887.0,2999651.0,2983491.5000000005,2731052.0,2731052.0,2983491.5
