metric,median,q1,q3,min,max,upper_bound,lower_bound,MY_LOWER,MY_UPPER
N50,372165.0,278786.0,400490.0,121514.0,439575.0,439476.06,143340.94,143340.94,439476.06
number,23.0,18.5,28.0,12.0,50.0,47.09,12.97,12.97,47.09
longest,452918.0,401571.0,456005.0,308575.0,463479.0,463237.47,309686.62,309686.62,463237.47
GC_Content,0.37491199999999997,0.3744955,0.375137,0.37284399999999995,0.375212,0.37520812,0.37288280000000007,0.3729,0.3759
Completeness_Specific,99.99,99.99,100.0,99.99,100.0,100.0,99.99,93.58,100.0
Contamination,0.03,0.02,0.04,0.02,0.07,0.060300000000000006,0.02,0.02,8.41
Total_Coding_Sequences,1503.0,1487.0,1515.5,1481.0,1609.0,1607.06,1481.97,1481.97,1632.0
Genome_Size,1635294.0,1619168.5,1645954.0,1615015.0,1711610.0,1711338.4,1615015.0,1615015.0,1739054.0
