metric,median,q1,q3,min,max,upper_bound,lower_bound,MY_LOWER,MY_UPPER
N50,160080.0,133481.0,192316.0,27165.0,257208.0,251991.58500000005,31580.79,31580.79,251991.59
number,203.0,154.0,278.25,84.0,486.0,484.17,91.32,91.32,484.17
longest,425820.5,385146.0,531627.5,165088.0,1000898.0,923973.9500000007,166665.46,166665.46,923973.95
GC_Content,0.611566,0.611094,0.61195975,0.609043,0.6127,0.6126935950000001,0.6097082049999999,0.6095,0.6127
Completeness_Specific,99.99,99.99,100.0,99.96,100.0,100.0,99.96,87.85,100.0
Contamination,0.27,0.15,0.4325,0.01,1.41,1.3459500000000006,0.0283,0.03,5.36
Total_Coding_Sequences,6543.5,6411.5,6698.5,6170.0,7155.0,7151.34,6191.96,6191.96,7644.0
Genome_Size,6689072.0,6602689.5,6796043.75,6415992.0,7227701.0,7109957.885000001,6425204.22,6425204.22,7768883.0
