metric,median,q1,q3,min,max,upper_bound,lower_bound,MY_LOWER,MY_UPPER
N50,111890.0,76439.0,143650.0,29667.0,190308.0,184020.41999999998,32382.96,32382.96,184020.42
number,155.0,141.0,208.0,98.0,496.0,393.8199999999998,98.78,98.78,393.82
longest,312376.0,221452.0,396924.0,80202.0,471677.0,457932.62,80220.72,80220.72,457932.62
GC_Content,0.4008,0.400759,0.402001,0.400094,0.403313,0.4031258,0.40010102,0.4001,0.4031
Completeness_Specific,99.99,99.99,100.0,99.97,100.0,100.0,99.9778,69.64,100.0
Contamination,0.15,0.12,0.16,0.06,1.52,1.0129999999999992,0.06,0.06,8.7
Total_Coding_Sequences,3475.0,3453.0,3513.0,3310.0,3700.0,3667.24,3327.16,3327.16,3683.0
Genome_Size,3911228.0,3907044.0,3942992.0,3698416.0,3984640.0,3980659.66,3700183.48,3700183.48,4063410.0
