metric,median,q1,q3,min,max,upper_bound,lower_bound,MY_LOWER,MY_UPPER
N50,85254.0,58415.0,118930.5,29738.0,383696.0,383592.05,30263.6,30263.6,383592.05
number,176.0,102.0,256.5,24.0,501.0,487.0499999999999,24.45,24.45,487.05
longest,241024.0,192423.5,330380.0,109773.0,825134.0,825134.0,111349.35,111349.35,825134.0
GC_Content,0.41288400000000003,0.41174,0.413972,0.409056,0.416017,0.4156903,0.40929135,0.4093,0.4168
Completeness_Specific,100.0,100.0,100.0,99.99,100.0,100.0,99.99,86.87,100.0
Contamination,0.44,0.27,0.635,0.05,2.02,1.6734999999999978,0.0635,0.06,8.12
Total_Coding_Sequences,3490.0,3409.0,3679.5,3208.0,4114.0,4099.6,3212.05,3212.05,4204.0
Genome_Size,3623388.0,3511535.0,3704805.5,3301602.0,4003479.0,3976453.3499999996,3308618.85,3308618.85,4135620.0
