metric,median,q1,q3,min,max,upper_bound,lower_bound,MY_LOWER,MY_UPPER
N50,177166.0,134283.25,245262.75,49623.0,442796.0,418641.1250000002,52366.375,52366.38,418641.13
number,106.0,85.0,132.0,45.0,320.0,307.67500000000007,45.85,45.85,307.68
longest,458294.5,334957.75,612543.75,156215.0,1359168.0,1359168.0,156889.9,156889.9,1359168.0
GC_Content,0.4767104999999999,0.47547649999999997,0.4774905,0.473059,0.479916,0.479605325,0.473065375,0.4731,0.4796
Completeness_Specific,100.0,100.0,100.0,100.0,100.0,100.0,100.0,98.54,100.0
Contamination,0.10500000000000001,0.06,0.1675,0.0,0.58,0.5545000000000001,0.0085,0.01,2.08
Total_Coding_Sequences,4654.5,4452.5,4791.5,4169.0,5106.0,5093.25,4170.7,4170.7,5093.25
Genome_Size,5077559.0,4904635.0,5172075.75,4674491.0,5382349.0,5378349.75,4674537.325,4674537.32,5378349.75
