metric,median,q1,q3,min,max,upper_bound,lower_bound,MY_LOWER,MY_UPPER
N50,36680.0,32742.5,43700.5,15780.0,97492.0,94769.20000000007,16775.5,16775.5,94769.2
number,195.0,172.0,221.0,104.0,359.0,332.30000000000007,136.45,136.45,332.3
longest,122400.0,107601.5,162048.0,57914.0,330489.0,262190.05000000005,59707.4,59707.4,262190.05
GC_Content,0.39902299999999996,0.3986275,0.3994485,0.394934,0.401411,0.40112299999999995,0.39498555,0.395,0.4011
Completeness_Specific,100.0,100.0,100.0,100.0,100.0,100.0,100.0,85.06,100.0
Contamination,0.79,0.16,0.995,0.01,2.06,1.56,0.01,0.01,6.81
Total_Coding_Sequences,2268.0,2214.5,2350.0,2073.0,2518.0,2493.7000000000003,2080.05,2080.05,2578.0
Genome_Size,2253366.0,2208657.5,2301236.5,2122879.0,2439114.0,2423096.35,2142506.0,2142506.0,2570730.0
