metric,median,q1,q3,min,max,upper_bound,lower_bound,MY_LOWER,MY_UPPER
N50,107854.0,95032.75,125049.0,47680.0,205530.0,191204.36999999988,51037.175,51037.18,191204.37
number,165.0,144.25,205.75,87.0,338.0,288.155,89.535,89.54,288.15
longest,261391.5,221736.0,290378.0,145763.0,450195.0,407913.8249999997,157649.705,157649.7,407913.82
GC_Content,0.5926795,0.59192625,0.5929935,0.58946,0.594219,0.594036715,0.5898472950000001,0.5898,0.5945
Completeness_Specific,99.99,99.99,100.0,96.65,100.0,100.0,98.16655,98.17,100.0
Contamination,0.53,0.29,0.78,0.01,3.22,2.684399999999987,0.02,0.02,2.68
Total_Coding_Sequences,2762.0,2688.0,2909.0,2460.0,3113.0,3110.1549999999997,2552.095,2487.0,3110.16
Genome_Size,2856736.0,2806977.75,2938564.0,2624526.0,3080425.0,3076865.01,2692769.36,2665682.0,3076865.01
