metric,median,q1,q3,min,max,upper_bound,lower_bound,MY_LOWER,MY_UPPER
N50,82414.0,67747.5,104658.0,24344.0,247242.0,191816.34,32063.9,32063.9,191816.34
number,51.0,42.0,62.0,20.0,175.0,129.35000000000036,22.0,22.0,129.35
longest,225571.0,172186.5,267526.0,64641.0,654990.0,501895.4,82908.68,82908.68,501895.4
GC_Content,0.38905700000000004,0.388144,0.390212,0.38511,0.393715,0.392672,0.38536032,0.3842,0.393
Completeness_Specific,99.99,99.99,99.99,99.95,100.0,100.0,99.97,95.98,100.0
Contamination,0.03,0.01,0.14,0.0,1.77,1.1367000000000007,0.0,0.0,1.14
Total_Coding_Sequences,1568.0,1538.0,1597.0,1454.0,1700.0,1660.3400000000001,1477.0,1455.0,1677.0
Genome_Size,1634002.0,1595053.5,1655298.0,1508313.0,1716873.0,1694090.98,1540147.34,1507930.0,1745797.0
