metric,median,q1,q3,min,max,upper_bound,lower_bound,MY_LOWER,MY_UPPER
N50,283968.5,195061.0,430479.75,37470.0,1232998.0,746184.825,62108.875,62108.88,746184.82
number,70.0,55.0,91.0,13.0,367.0,191.0,31.0,31.0,191.0
longest,681113.5,493462.75,1013266.0,112122.0,2235275.0,1635632.3749999993,198485.525,198485.52,1635632.37
GC_Content,0.5214110000000001,0.520976,0.521929,0.5154030000000001,0.526652,0.5233789999999999,0.518392,0.5112,0.5238
Completeness_Specific,100.0,100.0,100.0,95.24,100.0,100.0,100.0,96.43,100.0
Contamination,0.06,0.04,0.08,0.0,0.64,0.4,0.01,0.01,7.42
Total_Coding_Sequences,4492.0,4422.0,4642.0,4088.0,5339.0,4979.0,4196.0,4196.0,5926.0
Genome_Size,4757051.0,4700637.0,4887890.25,4407848.0,5469572.0,5161887.199999999,4513905.5,4484627.0,5868736.0
