metric,median,q1,q3,min,max,upper_bound,lower_bound,MY_LOWER,MY_UPPER
N50,322446.0,253970.0,449909.5,125672.0,1055295.0,1055264.66,131382.89,131382.89,1055264.66
number,69.0,52.0,76.0,31.0,132.0,128.31000000000003,32.23,32.23,128.31
longest,823840.0,566065.0,894941.0,332644.0,1561988.0,1561933.06,336689.88,336689.88,1561933.06
GC_Content,0.520009,0.5193305,0.5204725,0.510089,0.52237,0.52232818,0.51140305,0.5114,0.5224
Completeness_Specific,100.0,100.0,100.0,100.0,100.0,100.0,100.0,95.71,100.0
Contamination,0.41,0.32,0.47,0.13,0.74,0.74,0.13,0.13,1.8
Total_Coding_Sequences,4361.0,4257.5,4418.0,4144.0,4541.0,4536.9,4160.81,4160.81,4568.0
Genome_Size,4858182.0,4758547.5,5001512.5,4639964.0,5108572.0,5108429.73,4646903.25,4646903.25,5137126.0
