metric,median,q1,q3,min,max,upper_bound,lower_bound,MY_LOWER,MY_UPPER
N50,345091.0,134580.5,500402.0,13766.0,978876.0,808657.8050000003,14631.13,14631.13,808657.81
number,83.0,65.0,137.5,51.0,889.0,850.325,51.595,51.6,850.32
longest,658684.5,452339.0,747739.0,66559.0,1650843.0,1542324.5200000003,70230.15,70230.15,1542324.52
GC_Content,0.6269665,0.6268775,0.626993,0.6236160000000001,0.628665,0.62844128,0.6236160000000001,0.6236,0.6284
Completeness_Specific,100.0,100.0,100.0,100.0,100.0,100.0,100.0,99.03,100.0
Contamination,0.09,0.07,0.09,0.0,0.49,0.41860000000000014,0.011899999999999999,0.01,8.14
Total_Coding_Sequences,5375.5,5367.75,5426.25,5347.0,6069.0,6038.06,5348.785,5348.78,6077.0
Genome_Size,6086140.0,6081319.5,6089940.0,6040682.0,6688050.0,6671668.46,6042276.6,6042276.6,6762807.0
