metric,median,q1,q3,min,max,upper_bound,lower_bound,MY_LOWER,MY_UPPER
N50,208137.0,176933.5,258693.5,49406.0,549372.0,535492.0999999999,55292.1,55292.1,535492.1
number,32.0,23.0,40.0,13.0,112.0,107.99999999999977,13.05,13.05,108.0
longest,465169.0,350048.0,598533.0,142678.0,1044391.0,998327.949999999,181503.65,181503.65,998327.95
GC_Content,0.455758,0.45487350000000004,0.4565885,0.45055500000000004,0.457579,0.4572762,0.45113264999999997,0.4511,0.4573
Completeness_Specific,100.0,100.0,100.0,99.99,100.0,100.0,99.99,95.68,100.0
Contamination,0.1,0.07,0.14500000000000002,0.0,1.12,1.1064999999999994,0.0,0.0,1.8
Total_Coding_Sequences,1975.0,1939.5,2017.5,1878.0,2131.0,2127.95,1894.0,1894.0,2432.0
Genome_Size,2085808.0,2050202.5,2112570.5,1997823.0,2226362.0,2203161.5,1998151.85,1998151.85,2400952.0
