metric,median,q1,q3,min,max,upper_bound,lower_bound,MY_LOWER,MY_UPPER
N50,117542.0,92741.5,156871.75,36811.0,382644.0,303660.8850000014,38849.365,38849.36,303660.89
number,66.0,55.0,81.0,31.0,151.0,146.47000000000003,34.295,34.3,146.47
longest,232809.5,186623.5,318927.0,94598.0,755621.0,731583.515,112095.79,112095.79,731583.52
GC_Content,0.35108799999999996,0.35031049999999997,0.35174799999999995,0.344996,0.354675,0.35461176,0.34517601,0.3452,0.3552
Completeness_Specific,100.0,100.0,100.0,99.97,100.0,100.0,99.98,92.53,100.0
Contamination,0.16,0.10250000000000001,0.22,0.01,0.56,0.5147000000000003,0.025300000000000003,0.03,4.13
Total_Coding_Sequences,2089.0,2020.5,2181.75,1809.0,2535.0,2452.2650000000012,1845.3,1845.3,2452.27
Genome_Size,2148780.5,2100910.75,2203756.75,1953171.0,2474571.0,2392857.2900000014,1977765.08,1977765.08,2392857.29
