metric,median,q1,q3,min,max,upper_bound,lower_bound,MY_LOWER,MY_UPPER
N50,299889.0,255182.25,370796.5,165078.0,552699.0,534092.6599999997,170917.735,170917.74,534092.66
number,121.0,91.25,151.75,57.0,253.0,244.98999999999987,57.445,57.44,244.99
longest,724246.0,588811.25,849883.25,434368.0,1576092.0,1576092.0,439759.175,439759.18,1576092.0
GC_Content,0.606975,0.60636125,0.60801025,0.60499,0.609681,0.609664535,0.60506031,0.6047,0.6118
Completeness_Specific,99.99,99.99,100.0,99.96,100.0,100.0,99.96445,95.78,100.0
Contamination,1.085,0.6025,1.7375,0.13,3.03,3.03,0.17895,0.01,6.93
Total_Coding_Sequences,7157.5,6926.5,7296.0,6498.0,7840.0,7784.374999999999,6531.375,6531.38,8837.0
Genome_Size,7463704.5,7238395.75,7595093.5,6656950.0,8048177.0,7991791.9399999995,6739448.105,6739448.1,8799320.0
