metric,median,q1,q3,min,max,upper_bound,lower_bound,MY_LOWER,MY_UPPER
N50,188610.0,123883.0,253306.0,21681.0,806701.0,762714.5600000004,27747.36,27747.36,762714.56
number,94.0,74.0,127.0,35.0,563.0,494.94000000000057,39.92,39.92,494.94
longest,497579.0,324419.0,769753.0,100667.0,1334946.0,1334946.0,120428.18000000001,120428.18,1334946.0
GC_Content,0.611433,0.6090059999999999,0.613124,0.60595,0.618098,0.61711482,0.60652646,0.603,0.6171
Completeness_Specific,100.0,100.0,100.0,100.0,100.0,100.0,100.0,90.76,100.0
Contamination,0.49,0.3,0.59,0.16,1.44,1.44,0.16,0.16,7.55
Total_Coding_Sequences,4484.0,4381.0,4584.0,4183.0,5020.0,5002.78,4184.64,4184.64,5339.0
Genome_Size,4945766.0,4814983.0,5036201.0,4650942.0,5474448.0,5385745.32,4650965.78,4650965.78,5633455.0
