metric,median,q1,q3,min,max,upper_bound,lower_bound,MY_LOWER,MY_UPPER
N50,102173.0,70880.0,250859.0,25490.0,708103.0,639449.5,34638.0,34638.0,639449.5
number,145.0,68.0,186.0,24.0,385.0,330.0,31.0,31.0,330.0
longest,305758.0,218740.0,613531.0,84266.0,1359452.0,1128342.0,122406.5,122406.5,1128342.0
GC_Content,0.470338,0.469126,0.471699,0.46611600000000003,0.47626399999999997,0.47445899999999996,0.4673695,0.4674,0.4745
Completeness_Specific,100.0,100.0,100.0,99.99,100.0,100.0,100.0,91.5,100.0
Contamination,0.07,0.01,0.25,0.0,1.15,0.63,0.0,0.0,4.49
Total_Coding_Sequences,4230.0,4158.0,4362.0,3953.0,5023.0,4824.5,4022.0,4022.0,4903.0
Genome_Size,4582708.0,4502537.0,4752643.0,4367571.0,5303925.0,5107213.5,4392257.5,4392257.5,5149746.0
