metric,median,q1,q3,min,max,upper_bound,lower_bound,MY_LOWER,MY_UPPER
N50,308500.0,248356.0,387670.75,137787.0,592192.0,546829.3899999997,137838.15,137838.15,546829.39
number,38.5,29.0,48.5,16.0,69.0,68.535,16.0,16.0,68.54
longest,451271.5,391835.75,603069.75,246198.0,958844.0,833712.964999999,253654.275,253654.28,833712.96
GC_Content,0.49024500000000004,0.48954074999999997,0.4913555,0.48690300000000003,0.493101,0.493079145,0.487158285,0.4872,0.4931
Completeness_Specific,100.0,100.0,100.0,100.0,100.0,100.0,100.0,99.37,100.0
Contamination,0.02,0.01,0.05,0.0,0.54,0.41909999999999914,0.0,0.0,1.5
Total_Coding_Sequences,2163.5,2111.25,2231.0,2024.0,2376.0,2349.495,2030.51,2030.51,2349.5
Genome_Size,2264598.0,2223655.0,2314090.0,2150294.0,2432793.0,2427741.2399999998,2153110.505,2153110.5,2427741.24
