metric,median,q1,q3,min,max,upper_bound,lower_bound,MY_LOWER,MY_UPPER
N50,94441.0,28856.5,182204.0,3813.0,308475.0,308472.0,4992.39,4992.39,308472.0
number,106.0,55.5,297.0,42.0,1646.0,1307.66,43.0,43.0,1307.66
longest,308633.0,108787.5,453698.0,21827.0,456848.0,456848.0,24829.26,24829.26,456848.0
GC_Content,0.6717,0.6715019999999999,0.67189,0.667137,0.6723480000000001,0.67228735,0.6697070100000001,0.6697,0.6723
Completeness_Specific,100.0,99.98,100.0,88.83,100.0,100.0,89.2883,88.98,100.0
Contamination,0.04,0.02,0.235,0.0,3.57,3.4113000000000016,0.0,0.0,5.86
Total_Coding_Sequences,3739.0,3722.0,3919.5,3669.0,4846.0,4634.990000000003,3670.34,3670.34,4634.99
Genome_Size,4015179.0,4001823.0,4024424.0,3815995.0,4214901.0,4037364.05,3848628.06,3848628.06,4144051.0
