metric,median,q1,q3,min,max,upper_bound,lower_bound,MY_LOWER,MY_UPPER
N50,339204.0,233977.0,449346.0,54425.0,1021479.0,815732.1999999996,68540.0,68540.0,815732.2
number,104.0,91.0,123.0,63.0,263.0,219.9999999999999,68.2,68.2,220.0
longest,763053.0,595273.0,1083302.0,146610.0,1858519.0,1858163.6,231693.2,231693.2,1858163.6
GC_Content,0.44561700000000004,0.44526899999999997,0.44601100000000005,0.443592,0.449913,0.4471814,0.4438034,0.443,0.4483
Completeness_Specific,100.0,100.0,100.0,99.99,100.0,100.0,99.996,95.05,100.0
Contamination,0.04,0.01,0.06,0.0,0.7,0.5259999999999991,0.0,0.0,3.76
Total_Coding_Sequences,4735.0,4673.0,4802.0,4489.0,5246.0,5066.599999999999,4507.6,4483.0,5299.0
Genome_Size,5263230.0,5173696.0,5285544.0,4986505.0,5658702.0,5488378.399999999,5018798.2,4895483.0,5724939.0
