metric,median,q1,q3,min,max,upper_bound,lower_bound,MY_LOWER,MY_UPPER
N50,170987.5,111434.0,249612.0,31980.0,555618.0,552481.0,41746.0,41746.0,552481.0
number,50.0,34.0,67.0,14.0,232.0,165.75,14.0,14.0,165.75
longest,365803.5,273870.0,509909.5,79038.0,968969.0,901666.25,100535.0,100535.0,901666.25
GC_Content,0.3998775,0.39877425,0.401906,0.392511,0.41316699999999995,0.41180987500000005,0.392711625,0.3927,0.4118
Completeness_Specific,100.0,99.99,100.0,99.74,100.0,100.0,99.76875,92.31,100.0
Contamination,0.03,0.01,0.07,0.0,0.86,0.78125,0.0,0.0,1.11
Total_Coding_Sequences,1930.0,1852.0,1983.0,1729.0,2231.0,2225.25,1731.0,1731.0,2225.25
Genome_Size,2008584.5,1946806.5,2057421.25,1788473.0,2284997.0,2259249.375,1818020.5,1818020.5,2259249.38
