metric,median,q1,q3,min,max,upper_bound,lower_bound,MY_LOWER,MY_UPPER
N50,154028.0,124301.0,185459.0,54363.0,432803.0,401652.1050000003,59657.94,59657.94,401652.11
number,128.5,111.0,151.25,26.0,245.0,213.0,40.135,40.14,213.0
longest,401403.0,296750.75,460474.0,147215.0,1241699.0,989317.3000000006,193565.225,193565.22,989317.3
GC_Content,0.6509609999999999,0.650303,0.651575,0.645686,0.6546609999999999,0.654119055,0.648907035,0.6485,0.6568
Completeness_Specific,100.0,100.0,100.0,100.0,100.0,100.0,100.0,94.13,100.0
Contamination,0.11,0.03,0.24,0.0,0.52,0.41190000000000054,0.0,0.0,3.46
Total_Coding_Sequences,4313.5,4243.75,4375.0,4047.0,4625.0,4559.325,4104.27,4104.27,4659.0
Genome_Size,5028478.0,4981389.5,5073443.0,4804361.0,5277491.0,5252314.17,4872174.805,4815442.0,5289785.0
