metric,median,q1,q3,min,max,upper_bound,lower_bound,MY_LOWER,MY_UPPER
N50,300760.0,228268.0,365667.0,70628.0,693693.0,578420.4799999999,77025.56,77025.56,578420.48
number,95.0,71.0,140.0,42.0,411.0,388.0,48.0,48.0,388.0
longest,783088.0,559540.0,1014019.0,172956.0,2049480.0,1871712.3599999985,231055.92,231055.92,1871712.36
GC_Content,0.555751,0.553238,0.557163,0.54905,0.559661,0.55932264,0.5491817600000001,0.5478,0.5593
Completeness_Specific,100.0,100.0,100.0,100.0,100.0,100.0,100.0,99.04,100.0
Contamination,1.06,0.58,1.48,0.07,3.01,2.8158,0.2184,0.22,3.51
Total_Coding_Sequences,5497.0,5187.0,5891.0,4947.0,6283.0,6258.8,4958.4,4921.0,6619.0
Genome_Size,5858295.0,5608527.0,6147787.0,5392769.0,6410175.0,6398726.899999999,5410078.12,5229639.0,6745406.0
