metric,median,q1,q3,min,max,upper_bound,lower_bound,MY_LOWER,MY_UPPER
N50,87118.0,78413.0,101999.0,10303.0,163951.0,150576.9999999999,11941.9,11941.9,150577.0
number,103.0,86.0,120.0,69.0,571.0,556.5999999999999,69.0,69.0,556.6
longest,252647.0,199299.0,291020.0,48537.0,312556.0,312390.4,76954.5,76954.5,312390.4
GC_Content,0.341102,0.34104399999999996,0.34196899999999997,0.340358,0.34315199999999996,0.3428883,0.3403805,0.3404,0.3437
Completeness_Specific,100.0,100.0,100.0,99.43,100.0,100.0,99.934,95.3,100.0
Contamination,0.59,0.28,0.69,0.11,2.12,1.795999999999998,0.128,0.13,3.21
Total_Coding_Sequences,2972.0,2862.0,2984.0,2746.0,3190.0,3188.2,2753.2,2753.2,3188.2
Genome_Size,3054427.0,2944874.0,3097100.0,2856315.0,3216055.0,3214366.6,2890509.6,2890509.6,3214366.6
