metric,distribution,mean,std,median,q1,q3,iqr,min,max,lower_bound,upper_bound,MY_LOWER,MY_UPPER,species,count,refseq_count,refseq_distribution,refseq_mean,refseq_std,refseq_median,refseq_q1,refseq_q3,refseq_iqr,refseq_min,refseq_max,refseq_lower_bound,refseq_upper_bound,KS_statistic,KS_p_value,Wasserstein_Distance
N50,non-normal,84458.93922651933,26484.71437189662,87118.0,78413.0,101999.0,23586.0,10303.0,163951.0,11941.9,150576.9999999999,11941.9,150577.0,Turicibacter sanguinis,181,0,,,,,,,,,,,,,,
number,non-normal,125.11049723756906,80.42153411541284,103.0,86.0,120.0,34.0,69.0,571.0,69.0,556.5999999999999,69.0,556.6,Turicibacter sanguinis,181,0,,,,,,,,,,,,,,
longest,non-normal,238055.39226519337,65021.28538826544,252647.0,199299.0,291020.0,91721.0,48537.0,312556.0,76954.5,312390.4,76954.5,312390.4,Turicibacter sanguinis,181,0,,,,,,,,,,,,,,
GC_Content,non-normal,0.34132430386740326,0.0006346019167536996,0.341102,0.34104399999999996,0.34196899999999997,0.0009250000000000091,0.340358,0.34315199999999996,0.3403805,0.3428883,0.3404,0.3437,Turicibacter sanguinis,181,1,insufficient_data,0.343733,0.0,0.343733,0.343733,0.343733,0.0,0.343733,0.343733,0.343733,0.343733,1.0,0.01098901098901099,0.0024086961325966985
Completeness_Specific,non-normal,99.99668508287293,0.04225750119580583,100.0,100.0,100.0,0.0,99.43,100.0,99.934,100.0,95.3,100.0,Turicibacter sanguinis,181,1,insufficient_data,95.3,0.0,95.3,95.3,95.3,0.0,95.3,95.3,95.3,95.3,1.0,0.01098901098901099,4.696685082872931
Contamination,non-normal,0.5219337016574586,0.31710032227839213,0.59,0.28,0.69,0.4099999999999999,0.11,2.12,0.128,1.795999999999998,0.13,3.21,Turicibacter sanguinis,181,1,insufficient_data,3.21,0.0,3.21,3.21,3.21,0.0,3.21,3.21,3.21,3.21,1.0,0.01098901098901099,2.688066298342542
Total_Coding_Sequences,normal,2925.707182320442,95.17130471540229,2972.0,2862.0,2984.0,122.0,2746.0,3190.0,2753.2,3188.2,2753.2,3188.2,Turicibacter sanguinis,181,1,insufficient_data,2917.0,0.0,2917.0,2917.0,2917.0,0.0,2917.0,2917.0,2917.0,2917.0,0.5414364640883977,0.9230769230769231,82.50828729281768
Genome_Size,non-normal,3039309.8342541438,79271.2323374184,3054427.0,2944874.0,3097100.0,152226.0,2856315.0,3216055.0,2890509.6,3214366.6,2890509.6,3214366.6,Turicibacter sanguinis,181,1,insufficient_data,2999687.0,0.0,2999687.0,2999687.0,2999687.0,0.0,2999687.0,2999687.0,2999687.0,2999687.0,0.7016574585635359,0.6043956043956047,80498.86740331491
