metric,median,q1,q3,min,max,upper_bound,lower_bound,MY_LOWER,MY_UPPER
N50,192438.0,153448.75,226437.0,4489.0,440581.0,406520.00500000035,5009.38,5009.38,406520.01
number,105.0,87.0,131.5,45.0,2466.0,2175.720000000003,48.54,48.54,2175.72
longest,658314.0,441064.25,833100.75,25176.0,1327621.0,1274725.4350000005,27284.955,27284.96,1274725.44
GC_Content,0.592034,0.5910465,0.59257925,0.583295,0.610619,0.610605725,0.584403905,0.5802,0.6106
Completeness_Specific,100.0,100.0,100.0,93.44,100.0,100.0,94.04180000000001,94.04,100.0
Contamination,0.095,0.0325,0.18,0.0,6.43,5.084800000000014,0.0,0.0,5.08
Total_Coding_Sequences,5247.0,5146.25,5340.75,4948.0,7070.0,6903.620000000002,4960.39,4960.39,6903.62
Genome_Size,6068863.0,5954076.0,6122644.25,5749198.0,6372067.0,6361497.445,5810414.335,5602590.0,6747342.0
