metric,median,q1,q3,min,max,upper_bound,lower_bound,MY_LOWER,MY_UPPER
N50,101991.5,68993.25,119439.75,27439.0,351097.0,266150.0,29074.03,29074.03,266150.0
number,129.5,80.5,182.0,34.0,379.0,314.0,49.0,49.0,314.0
longest,260678.0,232560.25,332923.75,75536.0,679879.0,640664.875,91287.295,91287.3,640664.88
GC_Content,0.462769,0.46229725,0.46363675000000004,0.460309,0.46579099999999996,0.465680685,0.46055194000000005,0.4606,0.4664
Completeness_Specific,99.93,99.84,99.97,95.9,100.0,100.0,99.21525,85.06,100.0
Contamination,0.11,0.05,0.28,0.0,1.24,1.0189499999999998,0.0,0.0,13.05
Total_Coding_Sequences,2935.0,2765.0,3019.0,2563.0,3444.0,3313.4249999999997,2587.105,2587.1,3353.0
Genome_Size,3026546.0,2841904.75,3081357.0,2635549.0,3330873.0,3291178.83,2651786.935,2651786.94,3434047.0
