metric,median,q1,q3,min,max,upper_bound,lower_bound,MY_LOWER,MY_UPPER
N50,457441.0,261023.75,664737.75,49382.0,1728007.0,1234532.449999994,54414.925,54414.92,1234532.45
number,50.0,42.0,78.0,18.0,341.0,335.44999999999993,18.925,18.92,335.45
longest,1051331.0,748194.5,1266401.5,156951.0,2768490.0,2480282.1999999965,173652.8,173652.8,2480282.2
GC_Content,0.6332990000000001,0.633267,0.63422375,0.6190829999999999,0.635616,0.635344975,0.621379775,0.6199,0.6353
Completeness_Specific,100.0,100.0,100.0,99.87,100.0,100.0,99.9625,97.24,100.0
Contamination,0.57,0.2725,0.59,0.09,1.85,1.85,0.127,0.13,1.85
Total_Coding_Sequences,6263.0,6169.0,6290.0,5748.0,6739.0,6635.399999999999,5912.65,5912.65,6635.4
Genome_Size,6878672.5,6837903.5,7052466.5,6172922.0,7356618.0,7356574.525,6563070.35,6563070.35,7356574.52
