metric,median,q1,q3,min,max,upper_bound,lower_bound,MY_LOWER,MY_UPPER
N50,201415.0,153695.5,826439.75,53600.0,3108688.0,2886222.624999998,53687.12,53687.12,2886222.62
number,73.0,36.75,106.75,6.0,229.0,223.55499999999995,6.99,6.99,223.55
longest,539007.0,427225.5,1325799.75,136483.0,3108688.0,2886222.624999998,172321.495,172321.5,2886222.62
GC_Content,0.655001,0.6544095,0.6572825,0.651798,0.6598109999999999,0.6595758749999999,0.65204847,0.6519,0.6596
Completeness_Specific,100.0,100.0,100.0,100.0,100.0,100.0,100.0,97.59,100.0
Contamination,0.06,0.01,0.19,0.0,1.4,1.39505,0.0,0.0,2.35
Total_Coding_Sequences,4257.5,4054.5,4362.75,3896.0,4581.0,4578.525,3901.94,3901.94,4625.0
Genome_Size,5064732.5,4894981.75,5152070.0,4710128.0,5324312.0,5321041.535,4723539.035,4723539.04,5321041.54
