metric,distribution,mean,std,median,q1,q3,iqr,min,max,lower_bound,upper_bound,MY_LOWER,MY_UPPER,species,count,refseq_count,refseq_distribution,refseq_mean,refseq_std,refseq_median,refseq_q1,refseq_q3,refseq_iqr,refseq_min,refseq_max,refseq_lower_bound,refseq_upper_bound,KS_statistic,KS_p_value,Wasserstein_Distance
N50,non-normal,568360.98,670708.0930497855,201415.0,153695.5,826439.75,672744.25,53600.0,3108688.0,53687.12,2886222.624999998,53687.12,2886222.62,Xanthomonas arboricola,100,0,,,,,,,,,,,,,,
number,non-normal,78.76,49.867849362089,73.0,36.75,106.75,70.0,6.0,229.0,6.99,223.55499999999995,6.99,223.55,Xanthomonas arboricola,100,0,,,,,,,,,,,,,,
longest,non-normal,934585.19,732214.7328894947,539007.0,427225.5,1325799.75,898574.25,136483.0,3108688.0,172321.495,2886222.624999998,172321.5,2886222.62,Xanthomonas arboricola,100,0,,,,,,,,,,,,,,
GC_Content,non-normal,0.6557498599999998,0.0018651979681524379,0.655001,0.6544095,0.6572825,0.0028730000000000144,0.651798,0.6598109999999999,0.65204847,0.6595758749999999,0.6519,0.6596,Xanthomonas arboricola,100,40,normal,0.654580375,0.0015220668790743128,0.6540885,0.6537215000000001,0.6555115,0.0017899999999999583,0.651864,0.658321,0.651916455,0.658144135,0.44,1.794026243273815e-05,0.0011708050000000117
Completeness_Specific,non-normal,100.0,0.0,100.0,100.0,100.0,0.0,100.0,100.0,100.0,100.0,97.59,100.0,Xanthomonas arboricola,100,40,non-normal,99.19975,0.5285616685874972,99.4,98.75,99.66499999999999,0.914999999999992,97.59,99.77,97.70115,99.76219999999999,1.0,1.1312764067891188e-35,0.8002500000000001
Contamination,non-normal,0.2659,0.43487951204902725,0.06,0.01,0.19,0.18,0.0,1.4,0.0,1.39505,0.0,2.35,Xanthomonas arboricola,100,40,non-normal,0.9442499999999999,0.37356316400309064,0.765,0.75,1.16,0.4099999999999999,0.25,2.35,0.2734,2.18815,0.805,3.343860501756916e-19,0.67835
Total_Coding_Sequences,non-normal,4215.69,176.5404030243502,4257.5,4054.5,4362.75,308.25,3896.0,4581.0,3901.94,4578.525,3901.94,4625.0,Xanthomonas arboricola,100,40,normal,4417.05,126.26578119189696,4441.0,4342.75,4506.0,163.25,4097.0,4625.0,4105.775,4619.15,0.57,4.298206414522579e-09,201.36
Genome_Size,non-normal,5032257.44,151131.5723764773,5064732.5,4894981.75,5152070.0,257088.25,4710128.0,5324312.0,4723539.035,5321041.535,4723539.04,5321041.54,Xanthomonas arboricola,100,40,normal,5140803.275,119946.87503473935,5160540.0,5082057.0,5229688.5,147631.5,4874974.0,5310583.0,4877713.165,5308359.22,0.37,0.0005720157351368306,109161.67499999999
