metric,median,q1,q3,min,max,upper_bound,lower_bound,MY_LOWER,MY_UPPER
N50,204803.0,122615.75,336663.0,12838.0,1153746.0,1150462.785,28977.850000000002,28977.85,1150462.78
number,40.0,30.0,52.0,12.0,268.0,135.0,15.0,15.0,135.0
longest,503943.0,290654.5,572130.0,45187.0,1153746.0,1150462.785,88128.035,88128.04,1150462.78
GC_Content,0.3799,0.379234,0.38046025000000006,0.376637,0.38384500000000005,0.38299700000000003,0.37770693499999997,0.3777,0.3846
Completeness_Specific,100.0,100.0,100.0,99.98,100.0,100.0,99.99,93.62,100.0
Contamination,0.04,0.0,0.18,0.0,4.42,1.455699999999997,0.0,0.0,2.76
Total_Coding_Sequences,1774.0,1728.0,1831.0,1642.0,2141.0,2008.7849999999999,1669.0,1669.0,2149.0
Genome_Size,1842588.5,1810226.75,1882121.5,1743262.0,2104737.0,1998377.9,1760726.985,1753596.0,2102125.0
