metric,median,q1,q3,min,max,upper_bound,lower_bound,MY_LOWER,MY_UPPER
N50,128050.0,91619.0,196734.5,44601.0,412093.0,386384.35000000015,45182.9,45182.9,386384.35
number,75.0,60.0,93.5,33.0,199.0,195.15000000000003,34.65,34.65,195.15
longest,353909.0,266320.0,470057.0,141993.0,1143383.0,1018580.3000000006,152873.65,152873.65,1018580.3
GC_Content,0.6663800000000001,0.664859,0.6679065,0.662861,0.6699550000000001,0.66956505,0.6628621,0.66,0.67
Completeness_Specific,100.0,100.0,100.0,100.0,100.0,100.0,100.0,100.0,100.0
Contamination,0.19,0.14,0.265,0.08,1.31,1.2385000000000004,0.08549999999999999,0.09,1.24
Total_Coding_Sequences,3957.0,3912.0,4077.0,3822.0,4362.0,4360.9,3827.5,3827.5,4360.9
Genome_Size,4398153.0,4354971.0,4510384.5,4254267.0,4751037.0,4744180.7,4261093.05,4261093.05,4744180.7
