metric,distribution,mean,std,median,q1,q3,iqr,min,max,lower_bound,upper_bound,MY_LOWER,MY_UPPER,species,count,refseq_count
N50,non-normal,150217.45045045044,77369.74181056269,128050.0,91619.0,196734.5,105115.5,44601.0,412093.0,45182.9,386384.35000000015,45182.9,386384.35,Stenotrophomonas sepilia,111,0
number,non-normal,82.22522522522523,33.09519022366036,75.0,60.0,93.5,33.5,33.0,199.0,34.65,195.15000000000003,34.65,195.15,Stenotrophomonas sepilia,111,0
longest,non-normal,392214.7027027027,179406.60452322057,353909.0,266320.0,470057.0,203737.0,141993.0,1143383.0,152873.65,1018580.3000000006,152873.65,1018580.3,Stenotrophomonas sepilia,111,0
GC_Content,non-normal,0.666219018018018,0.0017116292379846737,0.6663800000000001,0.664859,0.6679065,0.0030474999999999808,0.662861,0.6699550000000001,0.6628621,0.66956505,0.66,0.67,Stenotrophomonas sepilia,111,0
Completeness_Specific,non-normal,100.0,0.0,100.0,100.0,100.0,0.0,100.0,100.0,100.0,100.0,100.0,100.0,Stenotrophomonas sepilia,111,0
Contamination,non-normal,0.2754054054054055,0.2524681187036743,0.19,0.14,0.265,0.125,0.08,1.31,0.08549999999999999,1.2385000000000004,0.09,1.24,Stenotrophomonas sepilia,111,0
Total_Coding_Sequences,non-normal,4009.5675675675675,135.34438034318111,3957.0,3912.0,4077.0,165.0,3822.0,4362.0,3827.5,4360.9,3827.5,4360.9,Stenotrophomonas sepilia,111,0
Genome_Size,non-normal,4441467.828828828,117783.01975983413,4398153.0,4354971.0,4510384.5,155413.5,4254267.0,4751037.0,4261093.05,4744180.7,4261093.05,4744180.7,Stenotrophomonas sepilia,111,0
