metric,median,q1,q3,min,max,upper_bound,lower_bound,MY_LOWER,MY_UPPER
N50,134818.0,95631.5,180033.25,14822.0,332160.0,312343.775,22371.725,22371.72,312343.78
number,38.0,32.0,48.0,17.0,202.0,138.87500000000068,18.675,18.68,138.88
longest,279386.0,218002.75,317871.5,63125.0,744964.0,641522.3250000059,72141.25,72141.25,641522.33
GC_Content,0.363661,0.3630375,0.3641495,0.361199,0.365358,0.36503652500000006,0.36153892499999996,0.3615,0.3664
Completeness_Specific,99.98,99.97,99.99,99.86,100.0,100.0,99.89675,89.71,100.0
Contamination,1.2,1.1175000000000002,1.35,0.85,1.77,1.76,0.87675,0.72,3.63
Total_Coding_Sequences,1693.0,1669.0,1715.0,1606.0,1858.0,1819.65,1618.35,1618.35,1919.0
Genome_Size,1769358.0,1750836.75,1794888.25,1694786.0,1917547.0,1890246.4500000004,1705754.2,1705754.2,1945689.0
