metric,median,q1,q3,min,max,upper_bound,lower_bound,MY_LOWER,MY_UPPER
N50,117081.0,91640.5,139615.5,30422.0,333328.0,288887.58999999997,34104.33,34104.33,288887.59
number,209.0,162.0,254.0,67.0,532.0,507.89999999999986,82.32,82.32,507.9
longest,371660.0,305465.0,475938.5,118179.0,1012212.0,1005241.0,138778.37,138778.37,1005241.0
GC_Content,0.621092,0.6203265,0.621752,0.602727,0.622932,0.62275368,0.6176889,0.6177,0.624
Completeness_Specific,99.99,99.99,100.0,99.75,100.0,100.0,99.8661,96.92,100.0
Contamination,0.22,0.08499999999999999,0.455,0.0,5.1,2.4643999999999866,0.0,0.0,2.46
Total_Coding_Sequences,6508.0,6389.0,6701.5,5883.0,7588.0,7531.12,6053.22,5873.0,7531.12
Genome_Size,6811887.0,6687238.5,6954921.0,6211067.0,7561877.0,7529695.869999999,6450652.79,6140999.0,7692912.0
