metric,median,q1,q3,min,max,upper_bound,lower_bound,MY_LOWER,MY_UPPER
N50,93002.5,90604.0,144229.0,27029.0,446883.0,429286.18,37571.345,37571.34,429286.18
number,276.5,149.25,296.75,62.0,386.0,348.895,70.145,70.14,348.9
longest,231290.0,231290.0,483203.75,131208.0,1014981.0,1014935.75,143050.83,143050.83,1014935.75
GC_Content,0.62182,0.6217385,0.6256889999999999,0.619009,0.630345,0.6294943,0.62067058,0.6188,0.6334
Completeness_Specific,100.0,100.0,100.0,100.0,100.0,100.0,100.0,96.24,100.0
Contamination,1.24,0.2425,1.29,0.04,2.05,1.9413999999999998,0.04905,0.05,2.19
Total_Coding_Sequences,6207.5,5607.25,6276.75,5115.0,6733.0,6359.235,5126.765,5121.0,6359.24
Genome_Size,6533696.0,6059277.75,6566896.5,5644798.0,6905232.0,6697239.47,5672727.205,5581518.0,6697239.47
