metric,median,q1,q3,min,max,upper_bound,lower_bound,MY_LOWER,MY_UPPER
N50,115616.0,99132.0,149503.0,13725.0,155709.0,155709.0,14399.88,14399.88,155709.0
number,81.0,69.0,118.0,61.0,472.0,465.1600000000001,61.0,61.0,465.16
longest,302412.0,221791.0,360203.0,43160.0,385443.0,384750.64,52916.12,52916.12,384750.64
GC_Content,0.667355,0.6672060000000001,0.667479,0.664645,0.668917,0.66886684,0.66484412,0.6648,0.6689
Completeness_Specific,99.91,99.89,99.92,90.46,99.97,99.97,91.5468,91.55,99.97
Contamination,0.02,0.02,0.03,0.0,0.08,0.08,0.007600000000000001,0.01,1.12
Total_Coding_Sequences,3140.0,3129.0,3173.0,3078.0,3505.0,3491.32,3092.44,3092.44,3491.32
Genome_Size,3249170.0,3242462.0,3252888.0,3198919.0,3266700.0,3266530.52,3201471.08,3193850.0,3344765.0
