metric,median,q1,q3,min,max,upper_bound,lower_bound,MY_LOWER,MY_UPPER
N50,210899.0,171205.0,344316.5,51451.0,677620.0,676726.91,74689.56,74689.56,676726.91
number,26.0,20.0,33.5,12.0,87.0,73.46000000000015,13.0,13.0,73.46
longest,410835.0,322918.0,634144.5,190064.0,814820.0,792601.3300000003,207908.66,207908.66,792601.33
GC_Content,0.367343,0.3670795,0.36828800000000006,0.364753,0.36983,0.36923538,0.36568598999999996,0.3657,0.3705
Completeness_Specific,100.0,100.0,100.0,99.99,100.0,100.0,99.9909,94.29,100.0
Contamination,0.1,0.08,0.15,0.03,0.73,0.5646000000000014,0.03,0.03,2.13
Total_Coding_Sequences,1892.0,1873.0,1912.0,1822.0,2022.0,1999.3700000000001,1825.09,1825.09,2080.0
Genome_Size,1998103.0,1985941.0,2023462.5,1916857.0,2161210.0,2109885.23,1929584.02,1929584.02,2115009.0
