metric,median,q1,q3,min,max,upper_bound,lower_bound,MY_LOWER,MY_UPPER
N50,164075.0,90701.0,251682.0,36443.0,512506.0,495784.3600000001,36516.32,36516.32,495784.36
number,71.0,56.0,109.0,31.0,271.0,241.88000000000022,32.04,32.04,241.88
longest,396990.0,278213.0,616551.0,131450.0,961069.0,961066.4,132096.88,132096.88,961066.4
GC_Content,0.67069,0.6696810000000001,0.6724450000000001,0.6674869999999999,0.6750449999999999,0.67503876,0.66775012,0.6678,0.675
Completeness_Specific,100.0,100.0,100.0,99.99,100.0,100.0,99.99,98.32,100.0
Contamination,0.14,0.1,0.25,0.0,0.84,0.8296,0.0,0.0,1.45
Total_Coding_Sequences,4222.0,4043.0,4296.0,3857.0,4584.0,4579.84,3857.52,3857.52,4579.84
Genome_Size,4659006.0,4467793.0,4707834.0,4301280.0,4880643.0,4868502.04,4303804.6,4303804.6,4868502.04
