metric,median,q1,q3,min,max,upper_bound,lower_bound,MY_LOWER,MY_UPPER
N50,42309.0,37399.0,51042.0,16299.0,165796.0,151058.0,17756.54,17756.54,151058.0
number,233.0,214.0,256.0,85.0,614.0,535.0,114.56,114.56,535.0
longest,107249.0,106741.0,133179.0,56876.0,564065.0,522410.8799999986,59872.96,59872.96,522410.88
GC_Content,0.475259,0.474875,0.47539000000000003,0.47163200000000005,0.478781,0.47769332,0.47307402000000004,0.4731,0.4777
Completeness_Specific,100.0,100.0,100.0,99.39,100.0,100.0,100.0,94.64,100.0
Contamination,0.22,0.2,0.25,0.02,1.3,0.612199999999998,0.07,0.07,1.95
Total_Coding_Sequences,4160.0,4140.0,4204.0,3722.0,4505.0,4447.44,3923.12,3923.12,4520.0
Genome_Size,4631744.0,4604945.0,4676282.0,4158127.0,4987522.0,4913435.52,4402469.8,4402469.8,4930959.0
