metric,median,q1,q3,min,max,upper_bound,lower_bound,MY_LOWER,MY_UPPER
N50,39426.5,34693.25,47055.75,9458.0,129088.0,80105.95500000069,16650.19,16650.19,80105.96
number,247.0,221.0,279.0,87.0,969.0,558.135000000002,130.0,130.0,558.14
longest,132792.0,114756.25,151917.0,36944.0,386612.0,244635.0,65338.165,65338.16,244635.0
GC_Content,0.37688099999999997,0.376031,0.37806975,0.371557,0.38534799999999997,0.38097000000000003,0.373941,0.3739,0.3855
Completeness_Specific,100.0,100.0,100.0,99.95,100.0,100.0,99.99,95.85,100.0
Contamination,1.99,1.39,2.56,0.03,10.72,4.51,0.22,0.13,4.51
Total_Coding_Sequences,2988.0,2918.0,3052.0,2403.0,3616.0,3302.135000000002,2552.0,2354.0,3513.0
Genome_Size,3017523.5,2957734.75,3069503.25,2486522.0,3480581.0,3240994.08,2623374.31,2432228.0,3440588.0
