metric,median,q1,q3,min,max,upper_bound,lower_bound,MY_LOWER,MY_UPPER
N50,55989.0,47076.0,64787.0,21041.0,148242.0,88815.68999999999,28250.64,28250.64,88815.69
number,146.0,133.0,161.0,81.0,353.0,224.0,100.0,100.0,224.0
longest,207468.0,153188.0,207915.0,67464.0,493819.0,293676.1,93034.66,93034.66,293676.1
GC_Content,0.524601,0.5241210000000001,0.5258189999999999,0.521387,0.528402,0.5274366699999999,0.522803,0.5206,0.5274
Completeness_Specific,99.99,99.99,99.99,99.95,100.0,100.0,99.98,97.16,100.0
Contamination,0.12,0.1,0.14,0.01,1.74,0.28,0.05,0.05,2.14
Total_Coding_Sequences,2193.0,2159.0,2219.0,2025.0,2357.0,2300.0,2087.0,2087.0,2472.0
Genome_Size,2153809.0,2128332.0,2168193.5,2031102.0,2241215.0,2220814.35,2078440.59,2078440.59,2308468.0
