metric,median,q1,q3,min,max,upper_bound,lower_bound,MY_LOWER,MY_UPPER
N50,373801.0,315281.0,409986.0,153927.0,1031182.0,1030346.36,177806.96,177806.96,1030346.36
number,47.0,40.0,67.0,25.0,255.0,227.44000000000023,25.52,25.52,227.44
longest,920140.0,775365.0,1138952.0,462541.0,2143502.0,2001629.880000001,463062.56,463062.56,2001629.88
GC_Content,0.5918,0.591616,0.5921500000000001,0.5910150000000001,0.5932,0.59303048,0.5910228000000001,0.5909,0.5931
Completeness_Specific,100.0,100.0,100.0,100.0,100.0,100.0,100.0,98.65,100.0
Contamination,0.35,0.12,0.88,0.02,5.41,5.3944,0.030400000000000003,0.03,5.39
Total_Coding_Sequences,5146.0,5029.0,5385.0,4879.0,6294.0,6290.88,4885.24,4689.0,6290.88
Genome_Size,5402897.0,5304324.0,5610485.0,5177816.0,6389224.0,6388230.28,5185082.48,4957912.0,6388230.28
