metric,median,q1,q3,min,max,upper_bound,lower_bound,MY_LOWER,MY_UPPER
N50,193533.0,135419.25,258074.25,21222.0,1268619.0,867550.0699999988,41879.185,41879.18,867550.07
number,116.0,81.0,153.0,26.0,447.0,413.54499999999894,32.035,32.03,413.54
longest,558829.0,401287.25,803822.5,78715.0,2469589.0,1945253.6299999997,132411.03,132411.03,1945253.63
GC_Content,0.549334,0.54696375,0.5539972500000001,0.527127,0.565723,0.561089,0.529253065,0.5293,0.5611
Completeness_Specific,100.0,100.0,100.0,99.98,100.0,100.0,100.0,90.4,100.0
Contamination,0.16,0.07,0.36,0.0,1.71,1.2382499999999959,0.0,0.0,3.97
Total_Coding_Sequences,4865.5,4634.75,5071.25,4207.0,5709.0,5579.965,4333.28,4333.28,5853.0
Genome_Size,5071381.0,4922362.75,5284613.25,4512046.0,5792179.0,5656737.015,4661475.375,4661475.38,5786228.0
