metric,median,q1,q3,min,max,upper_bound,lower_bound,MY_LOWER,MY_UPPER
N50,99896.5,72189.5,112741.75,26227.0,202721.0,182092.95499999946,31780.18,31780.18,182092.95
number,68.0,59.0,81.0,42.0,185.0,163.59499999999997,44.405,44.4,163.59
longest,239762.0,207173.5,317755.5,70549.0,383525.0,382682.015,91514.555,91514.56,382682.02
GC_Content,0.41118899999999997,0.410922,0.41147075,0.410148,0.412761,0.412369355,0.41019831500000004,0.4102,0.4124
Completeness_Specific,100.0,100.0,100.0,100.0,100.0,100.0,100.0,93.22,100.0
Contamination,0.06,0.05,0.1475,0.0,1.1,0.47569999999999824,0.0,0.0,0.57
Total_Coding_Sequences,2140.5,2114.25,2183.0,2040.0,2290.0,2282.595,2056.81,2056.81,2342.0
Genome_Size,2252407.0,2226106.5,2280533.0,2172381.0,2376585.0,2341701.84,2191713.065,2191713.06,2377048.0
