metric,distribution,mean,std,median,q1,q3,iqr,min,max,lower_bound,upper_bound,MY_LOWER,MY_UPPER,species,count,refseq_count,refseq_distribution,refseq_mean,refseq_std,refseq_median,refseq_q1,refseq_q3,refseq_iqr,refseq_min,refseq_max,refseq_lower_bound,refseq_upper_bound,KS_statistic,KS_p_value,Wasserstein_Distance
N50,normal,96453.21369294605,30948.929316071368,99896.5,72189.5,112741.75,40552.25,26227.0,202721.0,31780.18,182092.95499999946,31780.18,182092.95,Actinobacillus lignieresii,482,0,,,,,,,,,,,,,,
number,non-normal,73.67427385892117,22.156359717358836,68.0,59.0,81.0,22.0,42.0,185.0,44.405,163.59499999999997,44.4,163.59,Actinobacillus lignieresii,482,0,,,,,,,,,,,,,,
longest,non-normal,250752.80082987552,71955.77219855695,239762.0,207173.5,317755.5,110582.0,70549.0,383525.0,91514.555,382682.015,91514.56,382682.02,Actinobacillus lignieresii,482,0,,,,,,,,,,,,,,
GC_Content,normal,0.4112223112033195,0.00045220650214241584,0.41118899999999997,0.410922,0.41147075,0.0005487499999999867,0.410148,0.412761,0.41019831500000004,0.412369355,0.4102,0.4124,Actinobacillus lignieresii,482,1,insufficient_data,0.411454,0.0,0.411454,0.411454,0.411454,0.0,0.411454,0.411454,0.411454,0.411454,0.7385892116182573,0.5258799171842651,0.0004176099585062159
Completeness_Specific,non-normal,100.0,0.0,100.0,100.0,100.0,0.0,100.0,100.0,100.0,100.0,93.22,100.0,Actinobacillus lignieresii,482,1,insufficient_data,93.22,0.0,93.22,93.22,93.22,0.0,93.22,93.22,93.22,93.22,1.0,0.0041407867494823985,6.780000000000001
Contamination,non-normal,0.0995643153526971,0.09939243342448979,0.06,0.05,0.1475,0.09749999999999999,0.0,1.1,0.0,0.47569999999999824,0.0,0.57,Actinobacillus lignieresii,482,1,insufficient_data,0.57,0.0,0.57,0.57,0.57,0.0,0.57,0.57,0.57,0.57,0.995850622406639,0.012422360248447197,0.4738796680497924
Total_Coding_Sequences,non-normal,2153.014522821577,51.093781205586396,2140.5,2114.25,2183.0,68.75,2040.0,2290.0,2056.81,2282.595,2056.81,2342.0,Actinobacillus lignieresii,482,1,insufficient_data,2342.0,0.0,2342.0,2342.0,2342.0,0.0,2342.0,2342.0,2342.0,2342.0,1.0,0.0041407867494823985,188.98547717842322
Genome_Size,non-normal,2258786.890041494,37540.27024700541,2252407.0,2226106.5,2280533.0,54426.5,2172381.0,2376585.0,2191713.065,2341701.84,2191713.06,2377048.0,Actinobacillus lignieresii,482,1,insufficient_data,2377048.0,0.0,2377048.0,2377048.0,2377048.0,0.0,2377048.0,2377048.0,2377048.0,2377048.0,1.0,0.0041407867494823985,118261.10995850623
