metric,median,q1,q3,min,max,upper_bound,lower_bound,MY_LOWER,MY_UPPER
N50,229343.0,149431.75,290857.25,59006.0,347940.0,319095.075,67441.215,67441.22,319095.08
number,44.0,36.0,57.25,25.0,125.0,115.42500000000007,26.0,26.0,115.43
longest,375152.5,263121.75,619284.5,156054.0,743299.0,727480.425,161957.27,161957.27,727480.42
GC_Content,0.33226,0.33136499999999997,0.33237099999999997,0.32960900000000004,0.333004,0.332797215,0.32996639,0.33,0.3346
Completeness_Specific,99.97,99.96,99.98,99.92,99.99,99.99,99.92,91.72,99.99
Contamination,0.08,0.07,0.35,0.04,1.9,1.8536500000000011,0.05,0.05,7.03
Total_Coding_Sequences,1820.5,1761.0,1940.75,1722.0,2114.0,2109.455,1729.515,1729.52,2357.0
Genome_Size,1763557.0,1746989.5,1870055.5,1720307.0,1980564.0,1977362.035,1724608.43,1724608.43,2188312.0
