metric,median,q1,q3,min,max,upper_bound,lower_bound,MY_LOWER,MY_UPPER
N50,92539.0,68397.75,122261.0,6518.0,461781.0,299959.1999999998,11528.825,11528.82,299959.2
number,91.0,74.0,116.0,29.0,693.0,436.8099999999995,40.595,40.6,436.81
longest,256880.5,182070.25,342090.5,29692.0,949701.0,728252.4349999999,48468.31,48468.31,728252.44
GC_Content,0.320045,0.3192545,0.32069699999999995,0.316595,0.328403,0.32422928999999995,0.317459595,0.3175,0.3242
Completeness_Specific,100.0,99.99,100.0,99.86,100.0,100.0,99.97,96.23,100.0
Contamination,0.13,0.07,0.34,0.01,2.24,1.5040499999999974,0.02,0.01,1.5
Total_Coding_Sequences,2359.0,2306.0,2434.0,2067.0,2957.0,2751.0,2189.19,2189.19,2808.0
Genome_Size,2501315.5,2463262.25,2556430.5,2208302.0,2955801.0,2784329.65,2366665.23,2323375.0,2854742.0
