metric,median,q1,q3,min,max,upper_bound,lower_bound,MY_LOWER,MY_UPPER
N50,331321.0,218616.0,491423.0,36257.0,2039983.0,1210981.16,44379.68,44379.68,1210981.16
number,65.0,48.0,89.0,17.0,316.0,238.0,25.240000000000002,25.24,238.0
longest,736019.0,495899.0,1051505.0,102275.0,2039983.0,1929275.88,150903.0,150903.0,1929275.88
GC_Content,0.5100330000000001,0.5090100000000001,0.511007,0.49857599999999996,0.514157,0.51310312,0.5010128399999999,0.501,0.5137
Completeness_Specific,100.0,100.0,100.0,100.0,100.0,100.0,100.0,84.69,100.0
Contamination,0.27,0.22,0.35,0.05,1.18,0.8831999999999994,0.13,0.13,20.99
Total_Coding_Sequences,3739.0,3616.0,3913.0,3382.0,4426.0,4308.36,3402.72,3402.72,4315.0
Genome_Size,3955641.0,3845929.0,4099557.0,3656950.0,4582194.0,4450705.399999999,3687104.24,3687104.24,4450705.4
