metric,median,q1,q3,min,max,upper_bound,lower_bound,MY_LOWER,MY_UPPER
N50,343434.0,238578.0,396821.0,103278.0,587490.0,571545.1300000001,105987.325,105987.32,571545.13
number,28.0,22.0,34.75,13.0,88.0,74.36500000000012,13.0,13.0,74.37
longest,515563.5,426848.0,624294.5,256114.0,1090594.0,1090594.0,267567.905,267567.91,1090594.0
GC_Content,0.552795,0.55239025,0.5532445,0.5511699999999999,0.55445,0.554241435,0.5513255399999999,0.5513,0.5542
Completeness_Specific,100.0,99.99,100.0,99.99,100.0,100.0,99.99,98.66,100.0
Contamination,0.07,0.0225,0.1875,0.0,0.95,0.8540500000000009,0.0,0.0,0.85
Total_Coding_Sequences,2142.5,2107.5,2177.5,2032.0,2289.0,2284.96,2040.08,2040.08,2284.96
Genome_Size,2354694.5,2317206.25,2385615.5,2259662.0,2461313.0,2457958.285,2260395.26,2260395.26,2457958.28
