metric,median,q1,q3,min,max,upper_bound,lower_bound,MY_LOWER,MY_UPPER
N50,70333.5,56059.25,92442.75,39885.0,218363.0,218354.28,40415.83,40415.83,218354.28
number,48.5,37.0,58.75,17.0,93.0,90.82,18.635,18.64,90.82
longest,145219.0,119049.75,204753.5,76363.0,365749.0,365746.82,78048.14,78048.14,365746.82
GC_Content,0.28543149999999995,0.28488175,0.28573325,0.283957,0.286892,0.28680371,0.28399024500000003,0.2836,0.2868
Completeness_Specific,99.34,99.0825,99.53,98.35,99.85,99.84455,98.4372,94.33,99.84
Contamination,0.05,0.04,0.06,0.03,0.13,0.12454999999999998,0.03,0.03,2.22
Total_Coding_Sequences,716.0,700.0,730.75,674.0,785.0,771.375,678.36,678.36,789.0
Genome_Size,896403.0,881922.5,913559.25,867720.0,942895.0,938947.565,869792.09,869792.09,960532.0
