metric,median,q1,q3,min,max,upper_bound,lower_bound,MY_LOWER,MY_UPPER
N50,355755.0,257802.5,528583.5,47919.0,1550602.0,1510127.32,58668.73,58668.73,1510127.32
number,27.0,21.0,35.0,11.0,119.0,85.42000000000007,12.0,12.0,85.42
longest,662776.0,517393.5,919810.0,128512.0,1550602.0,1510127.32,160281.97,160281.97,1510127.32
GC_Content,0.564172,0.562424,0.565364,0.560654,0.570262,0.56883626,0.56103288,0.561,0.5688
Completeness_Specific,99.99,99.97,99.99,99.56,100.0,100.0,99.9079,93.75,100.0
Contamination,0.55,0.46,0.615,0.22,1.54,1.3921000000000003,0.28,0.16,1.63
Total_Coding_Sequences,1819.0,1771.0,1876.5,1680.0,2170.0,2107.63,1697.0,1697.0,2238.0
Genome_Size,2239436.0,2194478.0,2289510.5,2080866.0,2479158.0,2478286.96,2104196.65,2104196.65,2556908.0
