metric,median,q1,q3,min,max,upper_bound,lower_bound,MY_LOWER,MY_UPPER
N50,245049.5,167633.0,395172.25,32049.0,1038585.0,1023872.3649999998,47318.145000000004,47318.14,1023872.36
number,111.0,70.75,154.25,26.0,368.0,354.89999999999986,28.0,28.0,354.9
longest,623099.5,469414.0,913219.5,126378.0,2016693.0,1980480.1199999996,135335.805,135335.8,1980480.12
GC_Content,0.5186095,0.5171859999999999,0.51948925,0.514305,0.521657,0.521188755,0.51459879,0.5135,0.5212
Completeness_Specific,100.0,100.0,100.0,100.0,100.0,100.0,100.0,96.46,100.0
Contamination,0.12,0.07,0.26,0.0,1.49,1.1855999999999993,0.01,0.01,3.72
Total_Coding_Sequences,4974.5,4748.75,5147.75,4238.0,5689.0,5608.23,4367.09,4367.09,5669.0
Genome_Size,5198216.5,5007460.5,5337443.25,4616281.0,5758583.0,5731006.345,4728905.73,4694654.0,5779133.0
