metric,median,q1,q3,min,max,upper_bound,lower_bound,MY_LOWER,MY_UPPER
N50,492825.0,376735.25,604450.0,195488.0,1056900.0,1037991.9899999999,196643.33,196643.33,1037991.99
number,58.5,50.0,75.5,26.0,156.0,148.07999999999993,29.465,29.46,148.08
longest,1017299.5,790844.25,1278938.5,449388.0,1741678.0,1722480.91,477121.365,477121.36,1722480.91
GC_Content,0.546374,0.5451444999999999,0.5470794999999999,0.5412250000000001,0.548549,0.54854801,0.5417917750000001,0.5418,0.5485
Completeness_Specific,100.0,100.0,100.0,100.0,100.0,100.0,100.0,98.81,100.0
Contamination,0.0,0.0,0.02,0.0,0.14,0.10039999999999964,0.0,0.0,1.44
Total_Coding_Sequences,4340.0,4281.0,4531.5,4126.0,5037.0,5026.605,4128.475,4128.48,5026.6
Genome_Size,4683096.5,4643626.75,4842880.5,4501312.0,5162130.0,5159942.595,4501994.11,4501994.11,5159942.6
