metric,median,q1,q3,min,max,upper_bound,lower_bound,MY_LOWER,MY_UPPER
N50,382970.0,298342.0,595592.0,35285.0,3127424.0,3079611.64,55890.74,55890.74,3079611.64
number,53.0,42.0,70.0,19.0,356.0,228.71999999999935,23.46,23.46,228.72
longest,1006755.0,753923.0,1481201.0,150622.0,3127424.0,3079611.64,185465.48,185465.48,3079611.64
GC_Content,0.599233,0.597984,0.60029,0.591257,0.602518,0.6021894999999999,0.5928205,0.5847,0.6022
Completeness_Specific,100.0,100.0,100.0,100.0,100.0,100.0,100.0,90.41,100.0
Contamination,0.03,0.02,0.06,0.0,0.9,0.6215999999999986,0.0,0.0,8.86
Total_Coding_Sequences,4729.0,4646.0,4841.0,4457.0,5367.0,5206.179999999998,4504.68,4504.68,5746.0
Genome_Size,5159505.0,5075445.0,5246437.0,4857581.0,5714407.0,5557941.38,4889673.44,4889673.44,5896859.0
