metric,median,q1,q3,min,max,upper_bound,lower_bound,MY_LOWER,MY_UPPER
N50,20032.0,17878.0,23424.0,10158.0,33917.0,33917.0,13743.0,13743.0,33917.0
number,123.0,112.0,136.0,94.0,320.0,222.9200000000003,100.0,100.0,222.92
longest,53402.0,49589.0,67159.0,35959.0,118425.0,106690.52000000015,38313.32,38313.32,106690.52
GC_Content,0.351993,0.351924,0.35206899999999997,0.350267,0.36314599999999997,0.35756208,0.35038415999999994,0.3367,0.3576
Completeness_Specific,99.7,99.67,99.73,99.31,99.89,99.8572,99.44600000000001,97.38,99.86
Contamination,1.07,1.04,1.07,0.51,1.37,1.2436,0.526,0.18,1.24
Total_Coding_Sequences,1158.0,1154.0,1162.0,1137.0,1357.0,1325.16,1140.32,1140.32,1649.0
Genome_Size,1196002.0,1190447.0,1199205.0,1159812.0,1395341.0,1343489.76,1169668.36,1121812.0,1713404.0
