metric,median,q1,q3,min,max,upper_bound,lower_bound,MY_LOWER,MY_UPPER
N50,137255.0,136816.0,154629.0,84531.0,241972.0,241946.7,86448.85,86448.85,241946.7
number,33.0,29.0,39.5,22.0,63.0,60.250000000000014,23.1,23.1,60.25
longest,446268.0,379670.0,450608.0,220138.0,514002.0,489741.5000000001,220941.0,220941.0,489741.5
GC_Content,0.379356,0.37827350000000004,0.37958099999999995,0.37710099999999996,0.380607,0.38060205,0.37710319999999997,0.3771,0.3807
Completeness_Specific,99.79,99.77,99.88499999999999,99.38,99.99,99.99,99.3965,96.71,99.99
Contamination,1.45,0.935,1.55,0.25,2.99,2.5500000000000025,0.261,0.26,3.39
Total_Coding_Sequences,1885.0,1856.5,1927.0,1789.0,1988.0,1979.75,1789.55,1789.55,2069.0
Genome_Size,1809244.0,1789690.0,1842791.5,1729845.0,1888919.0,1888579.1,1740923.65,1740923.65,1989703.0
