metric,median,q1,q3,min,max,upper_bound,lower_bound,MY_LOWER,MY_UPPER
N50,277316.5,161623.75,360764.25,64256.0,644418.0,604522.765,66462.285,66462.28,604522.76
number,27.0,19.0,36.0,7.0,69.0,66.70999999999998,7.0,7.0,66.71
longest,471273.0,352768.5,549022.0,153825.0,989464.0,898847.0,167855.735,167855.74,898847.0
GC_Content,0.627444,0.62668325,0.62779925,0.622705,0.629242,0.6289584500000001,0.624082455,0.6241,0.629
Completeness_Specific,99.95,99.93,99.96,99.65,99.99,99.99,99.77145,92.01,99.99
Contamination,0.19,0.15,0.24,0.1,0.42,0.3956499999999997,0.11,0.11,4.32
Total_Coding_Sequences,1817.0,1791.0,1850.0,1705.0,2106.0,2088.934999999999,1707.58,1707.58,2215.0
Genome_Size,2215266.5,2176138.25,2241329.5,2120719.0,2466163.0,2452480.204999999,2123327.305,2123327.31,2503841.0
