metric,median,q1,q3,min,max,upper_bound,lower_bound,MY_LOWER,MY_UPPER
N50,167848.0,167514.0,229411.0,105616.0,242650.0,237694.39999999997,115477.8,115477.8,237694.4
number,34.0,29.0,38.0,20.0,57.0,55.69999999999999,20.0,20.0,55.7
longest,670350.0,669888.0,676090.0,167684.0,718866.0,718866.0,203867.55,203867.55,718866.0
GC_Content,0.345776,0.3457615,0.345857,0.34570700000000004,0.34623600000000004,0.3462035,0.34570895,0.3457,0.3476
Completeness_Specific,99.97,99.97,99.97,99.94,99.99,99.99,99.95949999999999,92.64,99.99
Contamination,0.3,0.3,0.36,0.26,0.63,0.512999999999999,0.273,0.24,1.51
Total_Coding_Sequences,1870.0,1866.0,1875.0,1857.0,1919.0,1919.0,1857.0,1857.0,2048.0
Genome_Size,1969124.0,1967075.5,1969859.5,1952803.0,2015786.0,2015769.75,1954687.35,1954687.35,2092540.0
