metric,median,q1,q3,min,max,upper_bound,lower_bound,MY_LOWER,MY_UPPER
N50,486768.5,272311.0,619428.5,107080.0,1099966.0,1035131.0,116729.575,116729.58,1035131.0
number,32.0,19.0,49.0,8.0,113.0,103.0,9.0,9.0,103.0
longest,791806.0,639023.75,1193536.0,293896.0,1607305.0,1555514.9499999997,339557.65,339557.65,1555514.95
GC_Content,0.35579550000000004,0.3553595,0.35678325,0.352939,0.35802700000000004,0.35798575,0.353588,0.3536,0.3597
Completeness_Specific,100.0,100.0,100.0,99.98,100.0,100.0,99.99,94.63,100.0
Contamination,0.3,0.14,0.44,0.0,1.34,0.86,0.0,0.0,5.72
Total_Coding_Sequences,3782.0,3638.5,3972.5,3458.0,4143.0,4128.025,3477.35,3477.35,4128.02
Genome_Size,4104656.0,3954164.25,4231062.0,3789423.0,4394868.0,4337048.725,3810508.675,3810508.68,4369828.0
