metric,median,q1,q3,min,max,upper_bound,lower_bound,MY_LOWER,MY_UPPER
N50,51686.0,37893.0,64762.0,15641.0,126387.0,121411.48,15954.0,15954.0,121411.48
number,160.0,125.0,191.0,52.0,376.0,373.64,55.36,55.36,373.64
longest,138946.0,110146.0,175039.0,53477.0,419292.0,388698.0,54088.98,54088.98,388698.0
GC_Content,0.38664499999999996,0.385614,0.387256,0.38237699999999997,0.38961399999999996,0.38909902,0.38282704,0.3828,0.3943
Completeness_Specific,99.98,99.94,99.99,99.83,100.0,100.0,99.8636,91.74,100.0
Contamination,0.35,0.21,0.5,0.02,1.27,1.2019999999999993,0.03,0.03,4.82
Total_Coding_Sequences,2046.0,1996.0,2156.0,1693.0,2529.0,2440.5599999999995,1792.86,1792.86,2744.0
Genome_Size,2031273.0,1962836.0,2124638.0,1732202.0,2402511.0,2342170.44,1816608.88,1816608.88,2695904.0
