metric,median,q1,q3,min,max,upper_bound,lower_bound,MY_LOWER,MY_UPPER
N50,44103.5,38447.25,51711.75,24891.0,82432.0,76056.17,25934.97,25934.97,76056.17
number,195.5,171.25,228.75,108.0,413.0,354.1449999999999,113.425,113.42,354.14
longest,141290.0,118296.75,162970.25,71814.0,278626.0,255612.96499999933,78494.185,78494.18,255612.96
GC_Content,0.518186,0.515925,0.5199065,0.509709,0.524636,0.52342385,0.510819815,0.5049,0.5234
Completeness_Specific,99.91499999999999,99.82,99.97,98.99,100.0,100.0,99.14285,85.17,100.0
Contamination,0.165,0.07,0.3,0.0,1.58,1.2271499999999997,0.0,0.0,10.09
Total_Coding_Sequences,2060.5,2013.0,2134.75,1861.0,2433.0,2325.865,1902.57,1902.57,2421.0
Genome_Size,2013363.5,1982154.25,2064059.25,1850290.0,2272243.0,2208256.73,1882336.795,1882336.8,2330492.0
