metric,median,q1,q3,min,max,upper_bound,lower_bound,MY_LOWER,MY_UPPER
N50,156287.0,104045.0,185972.0,34294.0,470405.0,327593.6400000001,38235.8,38235.8,327593.64
number,74.0,57.0,99.0,27.0,230.0,206.84000000000015,28.0,28.0,206.84
longest,326991.0,242422.0,410508.0,103200.0,918312.0,740931.2400000009,109304.4,109304.4,740931.24
GC_Content,0.36731400000000003,0.366505,0.368351,0.36295099999999997,0.375888,0.37011878000000004,0.36377383999999996,0.3638,0.3716
Completeness_Specific,100.0,100.0,100.0,99.99,100.0,100.0,99.99,92.62,100.0
Contamination,0.19,0.13,0.3,0.0,1.77,1.6392000000000007,0.01,0.01,1.64
Total_Coding_Sequences,2727.0,2629.0,2804.0,2425.0,3086.0,3066.0,2469.08,2469.08,3130.0
Genome_Size,2915167.0,2847678.0,2993467.0,2627907.0,3260857.0,3208400.58,2669709.48,2669709.48,3233855.0
