metric,median,q1,q3,min,max,upper_bound,lower_bound,MY_LOWER,MY_UPPER
N50,60817.0,56236.0,73340.75,13069.0,173155.0,137618.30499999956,19868.715,19868.72,137618.3
number,141.0,122.0,157.0,43.0,428.0,310.79499999999894,62.0,62.0,310.79
longest,193839.5,177328.25,251383.75,45314.0,476171.0,392863.09499999974,81281.085,81281.09,392863.09
GC_Content,0.3265755,0.32626600000000006,0.32705675,0.323991,0.331669,0.32864201,0.32514519499999994,0.3251,0.3306
Completeness_Specific,99.99,99.99,99.99,99.64,100.0,100.0,99.94785,95.98,100.0
Contamination,0.1,0.06,0.39,0.0,2.22,1.4221499999999991,0.007850000000000001,0.01,1.42
Total_Coding_Sequences,2510.0,2456.0,2570.0,2252.0,2834.0,2733.215,2308.355,2308.36,2742.0
Genome_Size,2509698.5,2472552.75,2548765.75,2279731.0,2727551.0,2671649.66,2349429.425,2322835.0,2699292.0
