metric,median,q1,q3,min,max,upper_bound,lower_bound,MY_LOWER,MY_UPPER
N50,157066.0,122978.0,183138.0,50274.0,315591.0,275413.68000000046,54658.38,54658.38,275413.68
number,133.0,104.0,177.0,51.0,651.0,457.3200000000013,59.04,59.04,457.32
longest,417334.0,331381.0,489719.0,144606.0,821608.0,705902.7400000001,167060.04,167060.04,705902.74
GC_Content,0.503767,0.50322,0.504333,0.5014,0.505803,0.50556006,0.50177782,0.5017,0.5058
Completeness_Specific,100.0,100.0,100.0,100.0,100.0,100.0,100.0,98.08,100.0
Contamination,0.14,0.1,0.2,0.02,1.8,1.3986000000000052,0.03,0.03,1.73
Total_Coding_Sequences,4469.0,4312.0,4686.0,4035.0,5206.0,5158.9800000000005,4074.5,4074.5,5158.98
Genome_Size,4744577.0,4610883.0,4910059.0,4384280.0,5306414.0,5271279.7,4417982.4,4417982.4,5271279.7
