metric,median,q1,q3,min,max,upper_bound,lower_bound,MY_LOWER,MY_UPPER
N50,262254.0,206119.0,382204.0,74973.0,571464.0,567245.96,91164.36,91164.36,567245.96
number,49.0,35.0,60.0,19.0,99.0,96.07999999999993,20.24,20.24,96.08
longest,502807.0,405518.0,645749.0,256917.0,1076322.0,1046011.6,272654.8,272654.8,1046011.6
GC_Content,0.372403,0.372064,0.372735,0.371122,0.37373399999999996,0.37359116,0.37117424000000004,0.3712,0.3746
Completeness_Specific,99.99,99.99,99.99,99.96,100.0,100.0,99.96,98.86,100.0
Contamination,0.7,0.62,0.77,0.51,1.0,0.9475999999999999,0.51,0.08,0.95
Total_Coding_Sequences,2810.0,2754.0,2864.0,2655.0,3084.0,3065.9999999999995,2676.2,2676.2,3066.0
Genome_Size,2878657.0,2834144.0,2923852.0,2756112.0,3036550.0,3031776.48,2766272.28,2766272.28,3031776.48
