metric,median,q1,q3,min,max,upper_bound,lower_bound,MY_LOWER,MY_UPPER
N50,397537.5,310369.5,612345.25,49659.0,2194812.0,2162779.2299999995,84422.295,84422.3,2162779.23
number,37.5,31.0,49.25,19.0,182.0,166.5649999999997,19.735,19.74,166.56
longest,803785.0,604560.75,1181305.5,198004.0,2194812.0,2162779.2299999995,215352.94,215352.94,2162779.23
GC_Content,0.4600275,0.4580495,0.46195349999999996,0.45578,0.462557,0.46254524,0.4557947,0.4557,0.4635
Completeness_Specific,100.0,99.99,100.0,99.98,100.0,100.0,99.98,92.16,100.0
Contamination,0.12,0.07,0.2025,0.01,1.01,0.8850499999999977,0.01,0.01,5.75
Total_Coding_Sequences,4385.0,4257.75,4491.25,4133.0,4909.0,4857.549999999999,4139.615,4139.62,5060.0
Genome_Size,4258806.5,4172549.25,4334972.75,4084793.0,4600878.0,4575366.149999999,4087480.16,4087480.16,4824459.0
