metric,median,q1,q3,min,max,upper_bound,lower_bound,MY_LOWER,MY_UPPER
N50,539634.0,332092.0,753268.0,52887.0,3188673.0,3155572.2000000007,59730.72,59730.72,3155572.2
number,49.0,41.0,63.0,19.0,215.0,181.84000000000043,21.92,21.92,181.84
longest,1243047.0,832544.0,1790648.0,145608.0,3188673.0,3155572.2000000007,178496.08,178496.08,3155572.2
GC_Content,0.59577,0.594526,0.596627,0.591198,0.599004,0.59785236,0.5915078,0.5915,0.5979
Completeness_Specific,100.0,100.0,100.0,100.0,100.0,100.0,100.0,96.68,100.0
Contamination,0.04,0.02,0.09,0.0,0.36,0.3204000000000002,0.0,0.0,1.34
Total_Coding_Sequences,4769.0,4706.0,4857.0,4573.0,5133.0,5077.400000000001,4582.84,4582.84,5266.0
Genome_Size,5165272.0,5102558.0,5247910.0,4967768.0,5474680.0,5423805.92,4988430.04,4602415.0,5444664.0
