metric,median,q1,q3,min,max,upper_bound,lower_bound,MY_LOWER,MY_UPPER
N50,181706.0,143628.0,224490.0,29270.0,608518.0,576946.0,42904.24,42904.24,576946.0
number,101.0,72.0,126.0,22.0,353.0,311.5600000000003,25.0,25.0,311.56
longest,424600.0,340482.0,554052.0,118559.0,1280511.0,1138056.2000000002,161380.8,161380.8,1138056.2
GC_Content,0.453436,0.45234699999999994,0.454859,0.447768,0.45866399999999996,0.4580288,0.44915108000000004,0.4492,0.458
Completeness_Specific,99.99,99.98,99.99,99.92,100.0,100.0,99.94,94.62,100.0
Contamination,0.57,0.35,1.07,0.11,5.11,4.078800000000002,0.11,0.11,6.64
Total_Coding_Sequences,3928.0,3780.0,4099.0,3442.0,4745.0,4715.960000000001,3504.0,3504.0,4715.96
Genome_Size,4604593.0,4483758.0,4774710.0,4258240.0,5337392.0,5295682.080000002,4267789.72,4267789.72,5295682.08
