metric,median,q1,q3,min,max,upper_bound,lower_bound,MY_LOWER,MY_UPPER
N50,61060.5,52115.5,73169.75,23879.0,163172.0,137034.58500000017,28397.555,28397.56,137034.59
number,172.0,155.0,188.0,50.0,277.0,257.985,59.074999999999996,59.08,257.98
longest,189178.0,160050.0,212738.75,66727.0,395685.0,331253.335,92648.885,92648.88,331253.34
GC_Content,0.397834,0.39728449999999993,0.398279,0.392389,0.400938,0.39973369999999997,0.395192665,0.3952,0.3997
Completeness_Specific,100.0,99.99,100.0,99.97,100.0,100.0,99.98,98.16,100.0
Contamination,0.13,0.08,0.18,0.0,2.57,0.7385000000000014,0.01,0.01,0.74
Total_Coding_Sequences,2300.0,2260.75,2335.0,1800.0,2458.0,2432.0,1884.165,1884.16,2432.0
Genome_Size,2228740.5,2202107.5,2249977.75,1875839.0,2372629.0,2335725.6950000003,1934222.89,1934222.89,2335725.7
