metric,median,q1,q3,min,max,upper_bound,lower_bound,MY_LOWER,MY_UPPER
N50,91941.0,66231.75,125592.0,9926.0,314062.0,269647.4949999998,14770.88,14770.88,269647.49
number,156.0,121.0,207.0,47.0,969.0,615.7849999999999,73.0,73.0,615.78
longest,252771.5,195857.25,368062.0,43464.0,1172244.0,760789.0199999996,86119.66,86119.66,760789.02
GC_Content,0.692898,0.69033625,0.693281,0.6818890000000001,0.694267,0.694046,0.6855150099999999,0.6855,0.694
Completeness_Specific,100.0,100.0,100.0,99.86,100.0,100.0,99.99,93.86,100.0
Contamination,0.05,0.03,0.12,0.0,3.9,2.2178499999999985,0.0,0.0,6.74
Total_Coding_Sequences,4702.0,4572.0,4994.25,4491.0,5763.0,5651.57,4527.0,4527.0,5651.57
Genome_Size,4885779.5,4786434.5,5285588.25,4682951.0,6002820.0,5899412.475,4734387.47,4734387.47,5899412.48
