metric,median,q1,q3,min,max,upper_bound,lower_bound,MY_LOWER,MY_UPPER
N50,75383.0,63261.0,89069.0,45280.0,184643.0,164030.29999999987,45432.55,45432.55,164030.3
number,234.0,207.0,274.5,131.0,364.0,352.29999999999995,132.8,132.8,352.3
longest,295784.0,241156.5,337066.0,153074.0,484428.0,473258.99999999994,155276.75,155276.75,473259.0
GC_Content,0.621937,0.6209115000000001,0.623353,0.6183919999999999,0.626464,0.62637265,0.6184545499999999,0.6184,0.6264
Completeness_Specific,99.99,99.99,100.0,99.92,100.0,100.0,99.92450000000001,99.68,100.0
Contamination,0.51,0.335,0.845,0.07,1.46,1.46,0.07450000000000001,0.07,1.85
Total_Coding_Sequences,5364.0,5259.0,5538.5,4891.0,5831.0,5829.65,4903.6,4903.6,5829.65
Genome_Size,5735912.0,5624517.0,5851791.5,5315432.0,6254515.0,6183319.6,5318923.1,5318923.1,6183319.6
