metric,median,q1,q3,min,max,upper_bound,lower_bound,MY_LOWER,MY_UPPER
N50,460352.0,457078.0,545422.0,402477.0,616217.0,616042.2,413476.52,413476.52,616042.2
number,45.0,41.0,49.0,33.0,70.0,65.40000000000006,35.76,35.76,65.4
longest,628806.0,627707.0,778649.0,529427.0,926289.0,926241.16,569237.24,569237.24,926241.16
GC_Content,0.39976100000000003,0.399754,0.39976999999999996,0.399733,0.399799,0.39979808,0.39973391999999996,0.3997,0.4017
Completeness_Specific,100.0,100.0,100.0,100.0,100.0,100.0,100.0,99.92,100.0
Contamination,0.08,0.08,0.08,0.07,0.1,0.1,0.07,0.07,0.54
Total_Coding_Sequences,3456.0,3455.0,3458.0,3450.0,3465.0,3465.0,3450.92,3450.92,3985.0
Genome_Size,3873683.0,3873273.0,3874148.0,3871909.0,3879638.0,3877189.88,3872287.12,3872287.12,4274777.0
