metric,median,q1,q3,min,max,upper_bound,lower_bound,MY_LOWER,MY_UPPER
N50,47043.5,31075.0,88383.75,16108.0,297842.0,275465.01499999966,17819.83,17819.83,275465.01
number,343.5,199.5,461.75,75.0,865.0,786.3099999999988,75.645,75.64,786.31
longest,237518.5,178296.75,387170.5,111947.0,796858.0,782806.0299999998,113467.265,113467.26,782806.03
GC_Content,0.35362150000000003,0.35282975,0.35435925,0.35151200000000005,0.355561,0.35542490499999996,0.351574565,0.35,0.36
Completeness_Specific,100.0,100.0,100.0,100.0,100.0,100.0,100.0,100.0,100.0
Contamination,0.19,0.06,0.77,0.0,1.6,1.6,0.0,0.0,1.6
Total_Coding_Sequences,5880.5,5728.25,5988.75,5346.0,6259.0,6240.295,5347.29,5347.29,6240.3
Genome_Size,5729354.0,5624349.25,5837300.5,5283242.0,6024023.0,6018778.505,5285748.47,5285748.47,6018778.5
