metric,distribution,mean,std,median,q1,q3,iqr,min,max,lower_bound,upper_bound,MY_LOWER,MY_UPPER,species,count,refseq_count
N50,non-normal,71442.62307692308,60927.88528230168,47043.5,31075.0,88383.75,57308.75,16108.0,297842.0,17819.83,275465.01499999966,17819.83,275465.01,Bacillus mobilis,130,0
number,normal,349.9076923076923,175.925353320175,343.5,199.5,461.75,262.25,75.0,865.0,75.645,786.3099999999988,75.64,786.31,Bacillus mobilis,130,0
longest,non-normal,303054.9,172480.3030912783,237518.5,178296.75,387170.5,208873.75,111947.0,796858.0,113467.265,782806.0299999998,113467.26,782806.03,Bacillus mobilis,130,0
GC_Content,non-normal,0.3535775692307693,0.0010055334897720977,0.35362150000000003,0.35282975,0.35435925,0.001529500000000017,0.35151200000000005,0.355561,0.351574565,0.35542490499999996,0.35,0.36,Bacillus mobilis,130,0
Completeness_Specific,non-normal,100.0,0.0,100.0,100.0,100.0,0.0,100.0,100.0,100.0,100.0,100.0,100.0,Bacillus mobilis,130,0
Contamination,non-normal,0.4382307692307692,0.44629494453196855,0.19,0.06,0.77,0.71,0.0,1.6,0.0,1.6,0.0,1.6,Bacillus mobilis,130,0
Total_Coding_Sequences,normal,5870.007692307692,207.00470065840187,5880.5,5728.25,5988.75,260.5,5346.0,6259.0,5347.29,6240.295,5347.29,6240.3,Bacillus mobilis,130,0
Genome_Size,normal,5726008.269230769,172503.93938328073,5729354.0,5624349.25,5837300.5,212951.25,5283242.0,6024023.0,5285748.47,6018778.505,5285748.47,6018778.5,Bacillus mobilis,130,0
