metric,median,q1,q3,min,max,upper_bound,lower_bound,MY_LOWER,MY_UPPER
N50,259924.0,249088.0,333756.5,61934.0,534185.0,531416.0,81954.075,81954.08,531416.0
number,33.0,29.0,38.0,17.0,98.0,82.72499999999991,21.0,21.0,82.72
longest,518896.0,475986.0,601031.25,175597.0,1130860.0,1101509.0,218269.65,218269.65,1101509.0
GC_Content,0.572416,0.57239,0.57244825,0.5715319999999999,0.57299,0.572836,0.572125475,0.5721,0.5728
Completeness_Specific,100.0,100.0,100.0,99.99,100.0,100.0,99.99,95.6,100.0
Contamination,0.34,0.17,0.52,0.01,1.73,0.6672499999999991,0.052750000000000005,0.05,0.89
Total_Coding_Sequences,3141.0,3126.0,3150.0,3058.0,3205.0,3171.0,3068.0,3068.0,3254.0
Genome_Size,3289350.0,3266864.5,3291873.0,3241737.0,3333801.0,3307079.425,3245723.25,3245723.25,3313492.0
