metric,median,q1,q3,min,max,upper_bound,lower_bound,MY_LOWER,MY_UPPER
N50,112314.0,93044.0,127955.0,38230.0,396568.0,369139.0,54631.0,54631.0,369139.0
number,140.0,125.0,158.0,49.0,280.0,258.0,57.0,57.0,258.0
longest,311438.0,241380.0,410995.0,123986.0,955559.0,912775.0,156059.0,156059.0,912775.0
GC_Content,0.599024,0.598872,0.5992000000000001,0.596023,0.602847,0.602829,0.596587,0.5966,0.6028
Completeness_Specific,100.0,100.0,100.0,100.0,100.0,100.0,100.0,99.05,100.0
Contamination,0.05,0.05,0.05,0.0,1.36,0.91,0.0,0.0,0.91
Total_Coding_Sequences,5999.0,5963.0,6013.0,5255.0,6084.0,6052.0,5289.0,5289.0,6052.0
Genome_Size,6566470.0,6532960.0,6568861.0,5875640.0,6650320.0,6595781.0,5877883.0,5877883.0,6595781.0
