metric,distribution,mean,std,median,q1,q3,iqr,min,max,lower_bound,upper_bound,MY_LOWER,MY_UPPER,species,count,refseq_count,refseq_distribution,refseq_mean,refseq_std,refseq_median,refseq_q1,refseq_q3,refseq_iqr,refseq_min,refseq_max,refseq_lower_bound,refseq_upper_bound,KS_statistic,KS_p_value,Wasserstein_Distance
N50,non-normal,127826.26683291771,62631.61933066372,112314.0,93044.0,127955.0,34911.0,38230.0,396568.0,54631.0,369139.0,54631.0,369139.0,Pseudomonas paracarnis,401,0,,,,,,,,,,,,,,
number,non-normal,142.49625935162095,37.73765076497767,140.0,125.0,158.0,33.0,49.0,280.0,57.0,258.0,57.0,258.0,Pseudomonas paracarnis,401,0,,,,,,,,,,,,,,
longest,non-normal,354052.1596009975,155306.0189639583,311438.0,241380.0,410995.0,169615.0,123986.0,955559.0,156059.0,912775.0,156059.0,912775.0,Pseudomonas paracarnis,401,0,,,,,,,,,,,,,,
GC_Content,non-normal,0.5991970897755611,0.0009198933918066164,0.599024,0.598872,0.5992000000000001,0.000328000000000106,0.596023,0.602847,0.596587,0.602829,0.5966,0.6028,Pseudomonas paracarnis,401,1,insufficient_data,0.598594,0.0,0.598594,0.598594,0.598594,0.0,0.598594,0.598594,0.598594,0.598594,0.9301745635910225,0.14427860696517417,0.0007466807980050249
Completeness_Specific,non-normal,100.0,0.0,100.0,100.0,100.0,0.0,100.0,100.0,100.0,100.0,99.05,100.0,Pseudomonas paracarnis,401,1,insufficient_data,99.05,0.0,99.05,99.05,99.05,0.0,99.05,99.05,99.05,99.05,1.0,0.004975124378109449,0.9500000000000028
Contamination,non-normal,0.08067331670822943,0.1367061596126227,0.05,0.05,0.05,0.0,0.0,1.36,0.0,0.91,0.0,0.91,Pseudomonas paracarnis,401,1,insufficient_data,0.8,0.0,0.8,0.8,0.8,0.0,0.8,0.8,0.8,0.8,0.9900249376558603,0.024875621890547265,0.7238653366583542
Total_Coding_Sequences,non-normal,5913.022443890274,193.6272532779994,5999.0,5963.0,6013.0,50.0,5255.0,6084.0,5289.0,6052.0,5289.0,6052.0,Pseudomonas paracarnis,401,1,insufficient_data,5818.0,0.0,5818.0,5818.0,5818.0,0.0,5818.0,5818.0,5818.0,5818.0,0.8079800498753117,0.3880597014925374,200.31920199501246
Genome_Size,non-normal,6477939.920199501,183712.26412353403,6566470.0,6532960.0,6568861.0,35901.0,5875640.0,6650320.0,5877883.0,6595781.0,5877883.0,6595781.0,Pseudomonas paracarnis,401,1,insufficient_data,6326461.0,0.0,6326461.0,6326461.0,6326461.0,0.0,6326461.0,6326461.0,6326461.0,6326461.0,0.830423940149626,0.3432835820895521,229050.5461346633
