metric,median,q1,q3,min,max,upper_bound,lower_bound,MY_LOWER,MY_UPPER
N50,271469.0,182318.0,399043.0,15965.0,1057115.0,771178.0199999996,34504.24,34504.24,771178.02
number,115.0,86.0,163.0,26.0,923.0,494.11999999999534,43.0,43.0,494.12
longest,658876.0,479297.0,850413.0,76998.0,2202003.0,1542453.699999997,145102.46,145102.46,1542453.7
GC_Content,0.66298,0.6604800000000001,0.6644880000000001,0.6485120000000001,0.7381019999999999,0.66626406,0.655071,0.6516,0.6668
Completeness_Specific,100.0,100.0,100.0,99.8,100.0,100.0,99.99,95.32,100.0
Contamination,0.1,0.05,0.19,0.0,2.12,1.2805999999999766,0.0,0.0,6.09
Total_Coding_Sequences,6084.0,5872.0,6415.0,4272.0,7264.0,6991.0,5626.94,5626.94,7558.0
Genome_Size,6530909.0,6348870.0,6859920.0,4510286.0,7604371.0,7322886.259999998,6089817.34,6052044.0,7708846.0
