metric,median,q1,q3,min,max,upper_bound,lower_bound,MY_LOWER,MY_UPPER
N50,324880.0,234611.0,488501.0,21572.0,1398127.0,1067561.4399999985,31530.920000000002,31530.92,1067561.44
number,36.0,26.0,51.0,14.0,274.0,239.55999999999926,16.08,16.08,239.56
longest,690135.0,438498.0,926834.0,82993.0,1399563.0,1396689.2,101663.48,101663.48,1396689.2
GC_Content,0.322669,0.32238500000000003,0.322953,0.32168399999999997,0.325492,0.32377892,0.32182563999999997,0.3218,0.3249
Completeness_Specific,100.0,100.0,100.0,99.98,100.0,100.0,99.99,98.52,100.0
Contamination,0.18,0.13,0.25,0.05,1.39,0.75,0.06,0.06,0.75
Total_Coding_Sequences,2575.0,2525.0,2610.0,2420.0,2797.0,2759.92,2423.0,2423.0,2807.0
Genome_Size,2765935.0,2737981.0,2795876.0,2655419.0,2916191.0,2868489.56,2656647.12,2656647.12,2872664.0
