metric,median,q1,q3,min,max,upper_bound,lower_bound,MY_LOWER,MY_UPPER
N50,1182225.5,251017.25,1217529.5,59782.0,1266029.0,1261817.215,76880.01,76880.01,1261817.22
number,30.0,25.0,38.0,15.0,123.0,102.74000000000001,15.565,15.56,102.74
longest,1182225.5,736010.5,1217529.5,165547.0,1266029.0,1261817.215,168550.23,168550.23,1261817.22
GC_Content,0.36653949999999996,0.3660705,0.36712025,0.36412,0.36908700000000005,0.36848965499999997,0.364181245,0.3642,0.369
Completeness_Specific,99.93,99.9,99.95,99.64,99.99,99.99,99.82,97.32,99.99
Contamination,0.13,0.02,0.23,0.0,0.72,0.6109000000000003,0.0,0.0,1.98
Total_Coding_Sequences,2236.5,2200.0,2274.0,2112.0,2489.0,2408.6150000000002,2123.565,2123.56,2472.0
Genome_Size,2310824.0,2281002.5,2334327.25,2214311.0,2471414.0,2419439.2600000002,2222329.575,2222329.58,2478658.0
