metric,median,q1,q3,min,max,upper_bound,lower_bound,MY_LOWER,MY_UPPER
N50,20748.0,20268.75,21228.0,9143.0,23834.0,23245.0,11752.375,11752.38,23245.0
number,302.0,292.0,317.0,263.0,686.0,544.0,269.0,269.0,544.0
longest,73517.0,73456.0,73535.0,35860.0,106830.0,76384.625,46653.375,46653.38,76384.62
GC_Content,0.6780405,0.677732,0.678448,0.6728959999999999,0.679545,0.6792695,0.676107125,0.6761,0.6793
Completeness_Specific,99.95,99.94,99.96,94.07,99.99,99.98,96.1075,91.86,99.98
Contamination,0.89,0.81,0.91,0.51,2.31,1.65,0.67,0.31,7.67
Total_Coding_Sequences,3909.0,3725.0,3935.0,3634.0,4280.0,4012.625,3662.0,3662.0,4247.0
Genome_Size,3861312.0,3853910.5,3869735.5,3736799.0,4015029.0,3909192.375,3775413.875,3775413.88,4386396.0
