metric,median,q1,q3,min,max,upper_bound,lower_bound,MY_LOWER,MY_UPPER
N50,202537.5,167201.0,234514.0,48448.0,425523.0,425167.405,57352.12,57352.12,425167.4
number,109.0,92.0,133.0,55.0,319.0,290.80999999999995,69.0,69.0,290.81
longest,528298.0,404162.0,534078.5,154186.0,667438.0,667416.48,170707.375,170707.38,667416.48
GC_Content,0.6475285000000001,0.647222,0.6478069999999999,0.644752,0.6486620000000001,0.648100505,0.64500033,0.65,0.65
Completeness_Specific,100.0,100.0,100.0,100.0,100.0,100.0,100.0,100.0,100.0
Contamination,0.05,0.03,0.08,0.0,0.39,0.3202499999999986,0.01,0.01,0.32
Total_Coding_Sequences,4470.0,4439.0,4518.25,4228.0,4825.0,4775.174999999999,4278.545,4278.54,4775.17
Genome_Size,5219664.5,5188099.0,5235116.0,4988835.0,5504372.0,5441901.555,5018629.47,5018629.47,5441901.56
