metric,median,q1,q3,min,max,upper_bound,lower_bound,MY_LOWER,MY_UPPER
N50,26181.5,9446.25,26982.75,4287.0,30962.0,30525.075000000004,4332.47,4332.47,30525.08
number,889.0,558.0,1079.75,476.0,1655.0,1624.5350000000003,478.365,478.36,1624.54
longest,114806.5,59177.0,115394.5,25449.0,160699.0,160691.63,28793.345,28793.34,160691.63
GC_Content,0.637274,0.63651675,0.6380095,0.633091,0.638776,0.638727865,0.63327192,0.6312,0.6426
Completeness_Specific,100.0,99.69999999999999,100.0,84.49,100.0,100.0,84.8047,84.8,100.0
Contamination,0.24,0.21,0.48,0.1,1.75,1.6818000000000006,0.12,0.12,4.47
Total_Coding_Sequences,4745.5,4292.25,4859.0,4041.0,5311.0,5295.900000000001,4057.55,4057.55,5295.9
Genome_Size,4352425.5,4265461.5,4497950.0,3987777.0,4715726.0,4702416.800000001,4003607.545,4003607.54,5238555.0
