metric,median,q1,q3,min,max,upper_bound,lower_bound,MY_LOWER,MY_UPPER
N50,266623.0,230122.25,288597.0,24607.0,407347.0,406808.55,32859.2,32859.2,406808.55
number,136.0,119.0,161.0,94.0,637.0,565.0049999999995,94.605,94.6,565.0
longest,530935.0,520432.25,607545.0,126608.0,1067351.0,988894.5999999995,152651.435,152651.44,988894.6
GC_Content,0.7215560000000001,0.7214385000000001,0.7217835,0.720163,0.722728,0.72266629,0.7204413,0.7195,0.7227
Completeness_Specific,100.0,100.0,100.0,100.0,100.0,100.0,100.0,100.0,100.0
Contamination,0.0,0.0,0.0,0.0,0.54,0.4492499999999994,0.0,0.0,0.45
Total_Coding_Sequences,7757.0,7746.25,7789.25,7101.0,8083.0,8078.765,7371.435,7371.44,8328.0
Genome_Size,8608163.0,8590128.0,8614254.25,7856071.0,8902423.0,8901430.8,8144841.735,8144841.74,9076858.0
