metric,median,q1,q3,min,max,upper_bound,lower_bound,MY_LOWER,MY_UPPER
N50,124174.0,94239.25,160861.75,17994.0,313341.0,253025.8999999999,24618.395,24618.4,253025.9
number,198.0,178.0,227.0,97.0,988.0,681.6149999999998,123.0,123.0,681.61
longest,362185.0,268285.75,480986.75,93962.0,1068534.0,824978.8349999998,104762.16,104762.16,824978.83
GC_Content,0.68169,0.6810670000000001,0.6823135,0.6777209999999999,0.6846840000000001,0.683284,0.67866077,0.6787,0.6851
Completeness_Specific,100.0,100.0,100.0,99.87,100.0,100.0,100.0,94.02,100.0
Contamination,1.47,1.31,1.67,0.31,4.99,4.106149999999998,0.53385,0.53,5.37
Total_Coding_Sequences,5988.0,5931.0,6064.0,5530.0,6624.0,6463.844999999999,5797.0,4756.0,6463.84
Genome_Size,7139814.5,7084770.0,7194749.25,6638137.0,7549199.0,7423264.945,6926513.45,5232401.0,7423264.94
