metric,median,q1,q3,min,max,upper_bound,lower_bound,MY_LOWER,MY_UPPER
N50,445070.0,323580.5,604671.5,39516.0,1388968.0,1370498.005,67971.61,67971.61,1370498.0
number,36.0,29.0,45.0,16.0,143.0,114.82999999999993,20.0,20.0,114.83
longest,741576.0,672921.25,972219.25,121324.0,1388968.0,1370498.005,177869.765,177869.76,1370498.0
GC_Content,0.33016199999999996,0.32987225,0.3304505,0.328093,0.331902,0.33153301,0.3282987,0.3283,0.3325
Completeness_Specific,100.0,99.99,100.0,99.96,100.0,100.0,99.98,96.69,100.0
Contamination,0.09,0.0425,0.15,0.0,0.92,0.7482999999999993,0.0,0.0,0.75
Total_Coding_Sequences,2573.0,2540.0,2617.0,2429.0,2875.0,2768.204999999999,2463.0,2451.0,2768.2
Genome_Size,2611873.5,2585241.5,2645702.5,2462048.0,2842336.0,2768077.785,2513141.565,2488173.0,2768077.78
