metric,median,q1,q3,min,max,upper_bound,lower_bound,MY_LOWER,MY_UPPER
N50,103190.5,82092.75,146380.5,25347.0,264878.0,250476.0,29616.25,29616.25,250476.0
number,217.5,191.0,252.25,116.0,560.0,484.625,142.5,142.5,484.62
longest,372908.0,285847.0,565517.5,111515.0,996172.0,848367.125,120792.125,120792.12,848367.12
GC_Content,0.661602,0.661147,0.6618542500000001,0.659289,0.662503,0.6624385,0.65946375,0.6595,0.6624
Completeness_Specific,100.0,99.99,100.0,99.96,100.0,100.0,99.97,99.26,100.0
Contamination,0.05,0.03,0.08,0.01,1.88,1.64375,0.01,0.01,1.64
Total_Coding_Sequences,5877.5,5812.0,5973.0,5672.0,6397.0,6285.125,5728.375,5680.0,6285.12
Genome_Size,6454224.0,6414485.25,6554363.25,6294532.0,6901612.0,6828910.75,6322176.75,6322176.75,6828910.75
