metric,median,q1,q3,min,max,upper_bound,lower_bound,MY_LOWER,MY_UPPER
N50,103510.0,91262.0,155511.0,38898.0,230759.0,230759.0,45211.44,45211.44,230759.0
number,63.0,56.0,76.0,42.0,144.0,144.0,42.0,42.0,144.0
longest,234430.0,192586.0,276962.0,122547.0,453209.0,447153.72,122547.0,122547.0,447153.72
GC_Content,0.395924,0.395612,0.39664,0.394182,0.39777700000000005,0.39777700000000005,0.39441328,0.3944,0.3986
Completeness_Specific,100.0,100.0,100.0,100.0,100.0,100.0,100.0,99.43,100.0
Contamination,0.26,0.21,0.32,0.13,1.05,1.05,0.13,0.13,1.05
Total_Coding_Sequences,1974.0,1915.0,2092.0,1788.0,2245.0,2238.84,1788.0,1788.0,2247.0
Genome_Size,2057222.0,2014533.0,2139907.0,1874202.0,2264288.0,2264286.88,1874633.2,1874633.2,2265274.0
