metric,median,q1,q3,min,max,upper_bound,lower_bound,MY_LOWER,MY_UPPER
N50,204782.0,142476.0,268164.0,42495.0,516676.0,515128.60000000003,42650.4,42650.4,515128.6
number,145.0,94.0,191.0,63.0,388.0,355.6000000000003,66.0,66.0,355.6
longest,545585.0,339657.0,709020.0,136439.0,1022778.0,1022778.0,137271.8,137271.8,1022778.0
GC_Content,0.618895,0.616126,0.620876,0.611582,0.623683,0.623677,0.613115,0.6131,0.6249
Completeness_Specific,100.0,100.0,100.0,99.86,100.0,100.0,99.938,91.07,100.0
Contamination,0.49,0.15,0.84,0.01,3.08,2.6300000000000043,0.01,0.01,5.65
Total_Coding_Sequences,5774.0,5486.0,6050.0,5083.0,6581.0,6405.800000000002,5089.6,5089.6,6405.8
Genome_Size,6221688.0,5977562.0,6366712.0,5586249.0,6836465.0,6834208.4,5587077.6,5587077.6,6834208.4
