metric,median,q1,q3,min,max,upper_bound,lower_bound,MY_LOWER,MY_UPPER
N50,163044.0,130658.0,203735.0,33819.0,439155.0,284356.86000000016,60758.28,60758.28,284356.86
number,34.0,28.0,43.0,12.0,137.0,89.0,18.0,18.0,89.0
longest,333486.0,248082.0,475170.0,93325.0,855241.0,751710.0,143900.72,143900.72,751710.0
GC_Content,0.383705,0.383191,0.38390799999999997,0.37886600000000004,0.38683999999999996,0.38473100000000005,0.38084638,0.3808,0.3869
Completeness_Specific,100.0,99.99,100.0,99.96,100.0,100.0,99.98,97.68,100.0
Contamination,0.15,0.06,0.42,0.0,1.53,0.6262000000000262,0.01,0.01,2.67
Total_Coding_Sequences,1758.0,1716.0,1805.0,1522.0,2043.0,1943.0,1579.0,1579.0,2090.0
Genome_Size,1803735.0,1775678.0,1841438.0,1637467.0,2045563.0,1938666.4800000002,1685315.52,1685315.52,2067793.0
