metric,median,q1,q3,min,max,upper_bound,lower_bound,MY_LOWER,MY_UPPER
N50,269066.0,210279.0,383351.0,62688.0,677353.0,664591.13,79025.22,79025.22,664591.13
number,116.5,101.0,151.0,46.0,446.0,352.1950000000003,51.14,51.14,352.2
longest,765977.0,570102.5,979872.0,218325.0,1742183.0,1595553.5250000004,254028.855,254028.86,1595553.53
GC_Content,0.6652335,0.6626097500000001,0.6674834999999999,0.658481,0.6718600000000001,0.670293685,0.658512225,0.6585,0.6703
Completeness_Specific,100.0,100.0,100.0,99.99,100.0,100.0,99.99,94.42,100.0
Contamination,0.165,0.04,0.76,0.0,2.06,1.9943,0.0,0.0,4.35
Total_Coding_Sequences,7872.0,7596.25,8093.5,6432.0,8774.0,8770.145,6439.285,5979.0,8770.14
Genome_Size,8686559.5,8397806.5,8883210.5,7095021.0,9455608.0,9452113.725,7096207.35,6467321.0,9452113.72
