metric,median,q1,q3,min,max,upper_bound,lower_bound,MY_LOWER,MY_UPPER
N50,157514.0,113285.0,233335.0,20315.0,820955.0,609839.25,36105.0,36105.0,609839.25
number,35.0,27.0,47.0,12.0,232.0,134.0,17.0,17.0,134.0
longest,371129.0,261415.5,548227.5,63022.0,1041145.0,844977.5,94128.5,94128.5,844977.5
GC_Content,0.353072,0.352332,0.353713,0.34855200000000003,0.361046,0.35619375000000003,0.35055824999999996,0.3506,0.3602
Completeness_Specific,100.0,100.0,100.0,99.98,100.0,100.0,99.99,95.59,100.0
Contamination,0.11,0.07,0.16,0.0,1.16,0.48,0.03,0.03,2.17
Total_Coding_Sequences,2050.0,2011.0,2101.0,1841.0,2392.0,2283.0,1903.0,1903.0,2398.0
Genome_Size,2073061.0,2039245.5,2119447.5,1907405.0,2349986.0,2261601.5,1952753.25,1951859.0,2378065.0
