metric,median,q1,q3,min,max,upper_bound,lower_bound,MY_LOWER,MY_UPPER
N50,350919.5,238208.5,554071.25,38428.0,1232659.0,1229680.99,59370.205,59370.2,1229680.99
number,62.5,47.0,87.25,26.0,306.0,302.085,27.74,27.74,302.08
longest,1049088.5,657512.0,1896962.5,152297.0,2599009.0,2599006.39,173755.55,173755.55,2599006.39
GC_Content,0.5537380000000001,0.55244475,0.55497175,0.549281,0.557126,0.55685804,0.5493854,0.5494,0.5569
Completeness_Specific,100.0,100.0,100.0,100.0,100.0,100.0,100.0,99.6,100.0
Contamination,0.08,0.05,0.1675,0.01,0.81,0.7534499999999997,0.01,0.01,2.47
Total_Coding_Sequences,4977.5,4828.75,5104.5,4667.0,5389.0,5372.47,4667.435,4667.44,5799.0
Genome_Size,5318004.0,5232813.0,5425202.5,5101320.0,5684340.0,5677117.695,5113961.1,5113961.1,5991142.0
