metric,median,q1,q3,min,max,upper_bound,lower_bound,MY_LOWER,MY_UPPER
N50,300516.0,193525.0,435632.5,55261.0,975305.0,939543.04,93142.72,93142.72,939543.04
number,108.0,72.0,154.0,32.0,317.0,311.95000000000005,39.0,39.0,311.95
longest,758608.0,538533.5,1138198.0,206938.0,2797076.0,2393994.85,289990.85,289990.85,2393994.85
GC_Content,0.5566340000000001,0.554152,0.5581705,0.547423,0.561881,0.5610998700000001,0.5477281599999999,0.5477,0.5611
Completeness_Specific,100.0,100.0,100.0,100.0,100.0,100.0,100.0,97.99,100.0
Contamination,0.32,0.215,0.53,0.05,1.92,1.8870000000000027,0.0601,0.06,1.89
Total_Coding_Sequences,5728.0,5443.5,5903.5,5101.0,6542.0,6442.570000000001,5139.03,5139.03,6613.0
Genome_Size,6089930.0,5893275.0,6226864.5,5562661.0,6707109.0,6667329.74,5615528.29,5615528.29,6778239.0
