metric,median,q1,q3,min,max,upper_bound,lower_bound,MY_LOWER,MY_UPPER
N50,216198.0,153189.0,299457.5,39282.0,799054.0,703368.7000000005,58759.44,58759.44,703368.7
number,121.0,93.0,159.0,32.0,450.0,318.6800000000003,36.0,36.0,318.68
longest,552239.0,430884.5,745641.5,139150.0,1841698.0,1630973.9600000004,184453.22,184453.22,1630973.96
GC_Content,0.516972,0.5159255,0.5178715,0.511308,0.523702,0.5204670100000001,0.51314051,0.5127,0.5272
Completeness_Specific,100.0,100.0,100.0,99.99,100.0,100.0,100.0,92.04,100.0
Contamination,0.27,0.14,0.52,0.0,2.81,1.5184000000000015,0.01,0.01,10.82
Total_Coding_Sequences,5138.0,4959.0,5338.0,4392.0,6016.0,5839.71,4514.0,4437.0,6107.0
Genome_Size,5329577.0,5198248.5,5496163.5,4734352.0,6058308.0,5879248.37,4837824.36,4692130.0,6062955.0
