metric,median,q1,q3,min,max,upper_bound,lower_bound,MY_LOWER,MY_UPPER
N50,504225.5,263407.25,585755.0,39488.0,1506259.0,1502044.5,48989.725,48989.72,1502044.5
number,24.0,18.0,41.0,10.0,219.0,178.69999999999982,12.0,12.0,178.7
longest,972954.0,497516.5,1432162.0,119657.0,1506259.0,1502208.0,143939.225,143939.22,1502208.0
GC_Content,0.373665,0.3730815,0.374116,0.371615,0.375379,0.374971325,0.3719586,0.372,0.3756
Completeness_Specific,100.0,99.99,100.0,99.99,100.0,100.0,99.99,95.16,100.0
Contamination,0.64,0.57,0.74,0.26,1.48,1.13,0.27825000000000005,0.07,1.13
Total_Coding_Sequences,2859.0,2811.0,2915.0,2695.0,3131.0,3104.0,2715.475,2715.48,3221.0
Genome_Size,2875621.5,2843602.25,2921196.5,2750055.0,3072529.0,3055016.275,2763297.925,2763297.92,3093113.0
