metric,median,q1,q3,min,max,upper_bound,lower_bound,MY_LOWER,MY_UPPER
N50,79981.0,65417.0,97035.0,23366.0,153036.0,134276.0,26385.2,26385.2,134276.0
number,122.0,109.0,138.0,72.0,247.0,224.36000000000013,79.64,79.64,224.36
longest,293119.0,158927.0,339448.0,69100.0,384623.0,341158.72,87176.0,87176.0,341158.72
GC_Content,0.41015700000000005,0.40974299999999997,0.410758,0.40885800000000005,0.412091,0.41176916,0.40910148,0.4091,0.4134
Completeness_Specific,100.0,100.0,100.0,100.0,100.0,100.0,100.0,87.44,100.0
Contamination,0.19,0.17,0.22,0.11,0.76,0.46,0.13,0.13,6.49
Total_Coding_Sequences,2717.0,2585.0,2763.0,2378.0,2918.0,2867.0800000000004,2423.0,2252.0,2964.0
Genome_Size,2611907.0,2528875.0,2644679.0,2406679.0,2739335.0,2709163.8800000004,2448855.04,2335738.0,2829372.0
