metric,median,q1,q3,min,max,upper_bound,lower_bound,MY_LOWER,MY_UPPER
N50,190584.0,148050.5,243386.0,25210.0,657666.0,638021.0,48078.91,48078.91,638021.0
number,69.0,54.0,86.0,19.0,301.0,226.9699999999948,20.0,20.0,226.97
longest,430107.0,341730.0,542699.0,90183.0,1228584.0,1132601.0,140702.58000000002,140702.58,1132601.0
GC_Content,0.38258400000000004,0.382365,0.382896,0.38041200000000003,0.385124,0.38393727,0.38121833,0.3812,0.3848
Completeness_Specific,100.0,100.0,100.0,99.98,100.0,100.0,99.99,95.32,100.0
Contamination,0.26,0.14,0.33,0.01,8.16,0.9326999999999953,0.04,0.04,2.38
Total_Coding_Sequences,3153.0,3064.0,3257.0,2800.0,3610.0,3451.0,2878.0,2878.0,3451.0
Genome_Size,3485256.0,3396829.0,3586685.0,3181576.0,3919823.0,3776490.109999998,3226277.84,3226277.84,3776490.11
