metric,median,q1,q3,min,max,upper_bound,lower_bound,MY_LOWER,MY_UPPER
N50,161969.0,107423.5,231218.0,6218.0,786143.0,645841.0,8833.22,8833.22,645841.0
number,101.0,82.0,140.0,32.0,1066.0,794.0,49.0,49.0,794.0
longest,442002.5,276777.0,689890.0,27580.0,1960495.0,1375413.0149999997,46941.975,46941.98,1375413.01
GC_Content,0.284899,0.283931,0.286093,0.27971599999999996,0.29459599999999997,0.292382315,0.281587685,0.2816,0.296
Completeness_Specific,99.98,99.97,99.99,99.22,100.0,100.0,99.67,94.72,100.0
Contamination,0.45,0.33,0.71,0.02,4.11,1.43,0.11,0.11,3.03
Total_Coding_Sequences,3766.0,3687.0,3882.0,3447.0,4730.0,4281.314999999999,3488.0,3488.0,4281.31
Genome_Size,4139875.0,4085767.75,4224093.75,3782036.0,4826886.0,4509705.1,3865992.365,3865992.36,4509705.1
