species,scheme,metric,FINAL_lower,FINAL_upper,WARN_lower,WARN_upper,source,engine_severity,lower,upper,ml_lower,ml_upper,auto_lower,auto_upper,refseq_lower,refseq_upper
Achromobacter xylosoxidans,qualibact-v1.0,Genome_Size,6200000,7400000,6300000,7000000,computed,warn,6200000,7400000,6251810.05,7359146,6251810.05,7078655.35,6285835.82,7320364.145
Achromobacter xylosoxidans,qualibact-v1.0,GC_Content,65.77,68.27,67.24,67.91,computed,warn,65.77,68.27,65.779,68.2657,67.214355,67.9619925,65.81153499999999,68.208649
Achromobacter xylosoxidans,qualibact-v1.0,Total_Coding_Sequences,5600,6900,5700,6500,computed,warn,5600,6900,5698.92,6870,5698.925,6592.374999999999,5778.585,6833.28
Achromobacter xylosoxidans,qualibact-v1.0,Completeness_Specific,91,,100,100,computed,warn,91,,91.1,100,99.99,100,91.33624999999999,99.04935
Achromobacter xylosoxidans,qualibact-v1.0,Contamination,,10,0.01,2,computed,warn,,10,0.01,9.24,0.01,2.6072499999999996,1.1979,9.090149999999998
Achromobacter xylosoxidans,qualibact-v1.0,N50,33000,,39000,982625.02,computed,warn,33000,,33326.78,982625.02,33326.775,982625.0249999996,,
Achromobacter xylosoxidans,qualibact-v1.0,no_of_contigs,,450,21.42,350,computed,warn,,450,21.42,447.22,21.425,447.22499999999974,,
Achromobacter xylosoxidans,qualibact-v1.0,longest,,,150075.98,2708406.9,computed,warn,,,150075.98,2708406.9,150075.975,2708406.8999999966,,
Achromobacter xylosoxidans,qualibact-v1.1,Genome_Size,5900000,7400000,6000000,7000000,computed,warn,5900000,7400000,5940074.3,7359146,5940074.3,6968810.03,6285835.82,7320364.145
Achromobacter xylosoxidans,qualibact-v1.1,GC_Content,65,69,67,68,computed,warn,65,69,65.779,68.2657,67,68,65.81153499999999,68.208649
Achromobacter xylosoxidans,qualibact-v1.1,Total_Coding_Sequences,5300,6900,5400,6400,computed,warn,5300,6900,5389.55,6870,5389.55,6417.84,5778.585,6833.28
Achromobacter xylosoxidans,qualibact-v1.1,Completeness_Specific,91,,99,100,computed,warn,91,,91.1,100,98.4383,100,91.33624999999999,99.04935
Achromobacter xylosoxidans,qualibact-v1.1,Contamination,,10,0,2,computed,warn,,10,0,9.24,0,1.6420999999999997,1.1979,9.090149999999998
Achromobacter xylosoxidans,qualibact-v1.1,N50,24000,,33000,1345221.79,computed,warn,24000,,24803.75,1345221.79,24803.75,1345221.7899999998,,
Achromobacter xylosoxidans,qualibact-v1.1,no_of_contigs,,430,13,320,computed,warn,,430,13,422.07,13,422.07,,
Achromobacter xylosoxidans,qualibact-v1.1,longest,,,93312.25,2811238.56,computed,warn,,,93312.25,2811238.56,93312.25,2811238.56,,
Acinetobacter baumannii,qualibact-v1.0,Genome_Size,3600000,4700000,3700000,4200000,computed,info,3600000,4700000,3638126,4613804,3673196.9,4334398.69,3727654.14,4476849.75
Acinetobacter baumannii,qualibact-v1.0,GC_Content,38.68,39.75,38.8,39.17,computed,info,38.68,39.75,38.6896,39.7475,38.758869,39.260708,38.807421,39.33881
Acinetobacter baumannii,qualibact-v1.0,Total_Coding_Sequences,3400,4600,3500,4100,computed,info,3400,4600,3452,4524,3465,4195,3510,4435.719999999999
Acinetobacter baumannii,qualibact-v1.0,Completeness_Specific,96,,99,100,computed,info,96,,96.86,100,99.97,100,97.06490000000001,99.94
Acinetobacter baumannii,qualibact-v1.0,Contamination,,7,0,1,computed,info,,7,0,6.63,0,1.32,0.06,4.243500000000006
Acinetobacter baumannii,qualibact-v1.0,N50,24000,,36000,462404.86,computed,info,24000,,24078.05,462404.86,24078.05,462404.86,,
Acinetobacter baumannii,qualibact-v1.0,no_of_contigs,,380,35,270,computed,info,,380,35,379.77,35,379.77000000000044,,
Acinetobacter baumannii,qualibact-v1.0,longest,,,90339.61,1067728,computed,info,,,90339.61,1067728,90339.61,1067728,,
Acinetobacter baylyi,qualibact-v1.0,Genome_Size,3200000,3900000,3200000,3700000,computed,warn,3200000,3900000,3273777.64,3868785.11,3273777.64,3868785.114999998,3598701.8,3629849.18
Acinetobacter baylyi,qualibact-v1.0,GC_Content,40.13,40.59,40.31,40.44,computed,warn,40.13,40.59,40.1367,40.5801,40.136745499999996,40.580109,40.429793000000004,40.463750000000005
Acinetobacter baylyi,qualibact-v1.0,Total_Coding_Sequences,3000,3700,3000,3400,computed,warn,3000,3700,3002.2,3601.94,3002.205,3601.9399999999982,3357.05,3390.71
Acinetobacter baylyi,qualibact-v1.0,Completeness_Specific,98,,99,100,computed,warn,98,,98.37,100,99.96,100,98.3752,98.89
Acinetobacter baylyi,qualibact-v1.0,Contamination,,1,0.02,1,computed,warn,,1,0.02,0.93,0.02,0.9258999999999998,0.42,0.8556
Acinetobacter baylyi,qualibact-v1.0,N50,20000,,39000,792700,computed,warn,20000,,20271.13,792700,20271.13,792700,,
Acinetobacter baylyi,qualibact-v1.0,no_of_contigs,,370,23,210,computed,warn,,370,23,366.52,23,366.52499999999884,,
Acinetobacter baylyi,qualibact-v1.0,longest,,,100218.2,1422396,computed,warn,,,100218.2,1422396,100218.195,1422396,,
Acinetobacter johnsonii,qualibact-v1.0,Genome_Size,3300000,4200000,3300000,4000000,computed,error,3300000,4200000,3308306.99,4135620,3308306.99,3967272.139999999,3343945.96,4131671.16
Acinetobacter johnsonii,qualibact-v1.0,GC_Content,40.99,41.68,41.07,41.52,computed,error,40.99,41.68,40.9979,41.675,40.997933,41.570482,41.020344,41.660911999999996
Acinetobacter johnsonii,qualibact-v1.0,Total_Coding_Sequences,3200,4300,3200,3900,computed,error,3200,4300,3211.87,4202,3211.87,4073.5799999999995,3236.6,4179.115000000001
Acinetobacter johnsonii,qualibact-v1.0,Completeness_Specific,86,,100,100,computed,error,86,,86.87,100,99.99,100,87.0836,95.79
Acinetobacter johnsonii,qualibact-v1.0,Contamination,,9,0.06,2,computed,error,,9,0.06,8.12,0.0629,1.25,1.0132,8.001199999999999
Acinetobacter johnsonii,qualibact-v1.0,N50,30000,,32000,383596.67,computed,error,30000,,30240.24,383596.67,30240.24,383596.67,,
Acinetobacter johnsonii,qualibact-v1.0,no_of_contigs,,470,24.43,450,computed,error,,470,24.43,460.11,24.43,460.10999999999984,,
Acinetobacter johnsonii,qualibact-v1.0,longest,,,111279.29,825134,computed,error,,,111279.29,825134,111279.29,825134,,
Acinetobacter nosocomialis,qualibact-v1.0,Genome_Size,3700000,4500000,3800000,4400000,computed,warn,3700000,4500000,3768285.8,4428133,3768285.8,4324595.2,3798593.94,4422659.68
Acinetobacter nosocomialis,qualibact-v1.0,GC_Content,38.53,39.03,38.6,38.9,computed,warn,38.53,39.03,38.5399,39.0246,38.53994,39.02462,38.647202,38.899370999999995
Acinetobacter nosocomialis,qualibact-v1.0,Total_Coding_Sequences,3500,4300,3500,4200,computed,warn,3500,4300,3521,4216,3521,4137.2,3595.75,4211.24
Acinetobacter nosocomialis,qualibact-v1.0,Completeness_Specific,89,,99,100,computed,warn,89,,89.32,100,99.98,100,89.58009999999999,95.2864
Acinetobacter nosocomialis,qualibact-v1.0,Contamination,,9,0,1,computed,warn,,9,0,8.86,0,0.9939999999999998,1.4923,8.754599999999998
Acinetobacter nosocomialis,qualibact-v1.0,N50,20000,,29000,802378.6,computed,warn,20000,,20670.4,802378.6,20670.4,802378.5999999964,,
Acinetobacter nosocomialis,qualibact-v1.0,no_of_contigs,,430,29.6,290,computed,warn,,430,29.6,421.2,29.6,421.19999999999993,,
Acinetobacter nosocomialis,qualibact-v1.0,longest,,,77345.6,1873775,computed,warn,,,77345.6,1873775,77345.6,1873775,,
Acinetobacter pittii,qualibact-v1.0,Genome_Size,3600000,4500000,3700000,4300000,computed,info,3600000,4500000,3688740,4499353,3701214.4,4405376.454999999,3741095.565,4468208.905
Acinetobacter pittii,qualibact-v1.0,GC_Content,38.47,39.18,38.56,38.91,computed,info,38.47,39.18,38.4757,39.1757,38.475677499999996,38.9387555,38.6406355,39.120377
Acinetobacter pittii,qualibact-v1.0,Total_Coding_Sequences,3400,4400,3500,4100,computed,info,3400,4400,3428.73,4327,3428.73,4211.315,3535.485,4326.19
Acinetobacter pittii,qualibact-v1.0,Completeness_Specific,97,,99,100,computed,info,97,,97.5,100,99.94955,100,98.0265,99.99
Acinetobacter pittii,qualibact-v1.0,Contamination,,2,0.01,1,computed,info,,2,0.01,1.5,0.01,1.122149999999989,0.02265,1.3886999999999998
Acinetobacter pittii,qualibact-v1.0,N50,30000,,51000,985536.83,computed,info,30000,,30895.42,985536.83,30895.425,985536.8349999984,,
Acinetobacter pittii,qualibact-v1.0,no_of_contigs,,300,23,200,computed,info,,300,23,299.47,23,299.47499999999775,,
Acinetobacter pittii,qualibact-v1.0,longest,,,122185,1740532.53,computed,info,,,122185,1740532.53,122185.005,1740532.5299999993,,
Acinetobacter radioresistens,qualibact-v1.0,Genome_Size,2900000,3500000,2900000,3500000,computed,error,2900000,3500000,2984380.26,3496314.51,2984380.255,3496314.51,3091069.49,3432246.84
Acinetobacter radioresistens,qualibact-v1.0,GC_Content,41.16,41.85,41.32,41.75,computed,error,41.16,41.85,41.1654,41.8495,41.165442500000005,41.785106,41.389288,41.843023
Acinetobacter radioresistens,qualibact-v1.0,Total_Coding_Sequences,2700,3400,2700,3400,computed,error,2700,3400,2740.34,3370.98,2740.34,3370.9849999999997,2890.26,3275.65
Acinetobacter radioresistens,qualibact-v1.0,Completeness_Specific,97,,100,100,computed,error,97,,97.64,100,100,100,97.6538,99.65480000000001
Acinetobacter radioresistens,qualibact-v1.0,Contamination,,2,0,1,computed,error,,2,0,1.2,0,0.4799499999999993,0.1844,1.1966999999999999
Acinetobacter radioresistens,qualibact-v1.0,N50,45000,,54000,400625.62,computed,error,45000,,45805.9,400625.62,45805.905,400625.6249999999,,
Acinetobacter radioresistens,qualibact-v1.0,no_of_contigs,,180,24.89,160,computed,error,,180,24.89,178.65,24.89,178.64999999999978,,
Acinetobacter radioresistens,qualibact-v1.0,longest,,,132910.5,729916.92,computed,error,,,132910.5,729916.92,132910.495,729916.9199999989,,
Acinetobacter ursingii,qualibact-v1.0,Genome_Size,3200000,4200000,3300000,4000000,computed,warn,3200000,4200000,3251927.48,4185992,3251927.48,4024415.82,3490077.335,4182194.675
Acinetobacter ursingii,qualibact-v1.0,GC_Content,39.72,40.35,39.79,40.17,computed,warn,39.72,40.35,39.722,40.3467,39.722006,40.197423,39.949325,40.3431615
Acinetobacter ursingii,qualibact-v1.0,Total_Coding_Sequences,3000,4000,3100,3800,computed,warn,3000,4000,3035.12,3947,3035.12,3813.41,3334.945,3944.445
Acinetobacter ursingii,qualibact-v1.0,Completeness_Specific,99,,99,100,computed,warn,99,,99.24,100,99.8853,100,99.24,99.73
Acinetobacter ursingii,qualibact-v1.0,Contamination,,2,0.02,1,computed,warn,,2,0.02,1.13,0.02,1.13,0.041800000000000004,0.5273
Acinetobacter ursingii,qualibact-v1.0,N50,33000,,45000,281706.41,computed,warn,33000,,33433.55,281706.41,33433.55,281706.41,,
Acinetobacter ursingii,qualibact-v1.0,no_of_contigs,,260,50.77,250,computed,warn,,260,50.77,252,50.77,252,,
Acinetobacter ursingii,qualibact-v1.0,longest,,,124017.92,604707.24,computed,warn,,,124017.92,604707.24,124017.92,604707.24,,
Actinobacillus lignieresii,qualibact-v1.0,Genome_Size,2100000,2400000,2200000,2400000,computed,warn,2100000,2400000,2182559.6,2377048,2182559.6,2341702.2,2377048,2377048
Actinobacillus lignieresii,qualibact-v1.0,GC_Content,41.01,41.24,41.03,41.22,computed,warn,41.01,41.24,41.0198,41.2369,41.01982,41.23694,41.1454,41.1454
Actinobacillus lignieresii,qualibact-v1.0,Total_Coding_Sequences,2000,2400,2000,2300,computed,warn,2000,2400,2047.6,2336,2047.6,2282.6,2336,2336
Actinobacillus lignieresii,qualibact-v1.0,Completeness_Specific,93,,100,100,computed,warn,93,,93.05,100,100,100,93.05,93.05
Actinobacillus lignieresii,qualibact-v1.0,Contamination,,1,0,1,computed,warn,,1,0,0.57,0,0.47600000000000137,0.57,0.57
Actinobacillus lignieresii,qualibact-v1.0,N50,36000,,42000,171068.4,computed,warn,36000,,36499.8,171068.4,36499.8,171068.4,,
Actinobacillus lignieresii,qualibact-v1.0,no_of_contigs,,160,44,140,computed,warn,,160,44,159,44,159.00000000000023,,
Actinobacillus lignieresii,qualibact-v1.0,longest,,,91559.8,407169.2,computed,warn,,,91559.8,407169.2,91559.8,407169.2000000009,,
Aerococcus urinae,qualibact-v1.0,Genome_Size,1900000,2200000,1900000,2200000,computed,error,1900000,2200000,1900214.98,2143377.62,1900214.98,2143377.62,1953948.44,2062983.44
Aerococcus urinae,qualibact-v1.0,GC_Content,41.71,42.61,41.72,42.59,computed,error,41.71,42.61,41.7139,42.602,41.713896000000005,42.592517,41.904486,42.601862
Aerococcus urinae,qualibact-v1.0,Total_Coding_Sequences,1700,2000,1700,2000,computed,error,1700,2000,1700,1948,1700,1932,1788.46,1945.5
Aerococcus urinae,qualibact-v1.0,Completeness_Specific,92,,99,99.99,computed,error,92,,92.7,99.99,99.9188,99.99,92.7882,97.86
Aerococcus urinae,qualibact-v1.0,Contamination,,4,0.15,1,computed,error,,4,0.15,3.27,0.1494,0.8173000000000005,2.68,3.2654
Aerococcus urinae,qualibact-v1.0,N50,59000,,75000,553859.09,computed,error,59000,,59405.64,553859.09,59405.64,553859.0900000001,,
Aerococcus urinae,qualibact-v1.0,no_of_contigs,,110,19,90,computed,error,,110,19,109.96,19,109.96000000000004,,
Aerococcus urinae,qualibact-v1.0,longest,,,175144.69,751356.7,computed,error,,,175144.69,751356.7,175144.69,751356.7000000001,,
Aeromonas caviae,qualibact-v1.0,Genome_Size,4200000,5400000,4200000,4900000,computed,warn,4200000,5400000,4251051.32,5317260,4251051.325,4970911.905000001,4372365.5,5314153.2
Aeromonas caviae,qualibact-v1.0,GC_Content,60.36,62.07,60.89,62,computed,warn,60.36,62.07,60.3651,62.0613,60.6914275,62.061265,60.37533,61.82792
Aeromonas caviae,qualibact-v1.0,Total_Coding_Sequences,3800,5200,3800,4700,computed,warn,3800,5200,3877.36,5133,3877.355,4791.515,4069.8,5110.2
Aeromonas caviae,qualibact-v1.0,Completeness_Specific,98,,100,100,computed,warn,98,,98.11,100,100,100,98.209,100
Aeromonas caviae,qualibact-v1.0,Contamination,,6,0,1,computed,warn,,6,0,5.96,0,0.8921500000000003,0.28500000000000003,4.93400000000001
Aeromonas caviae,qualibact-v1.0,N50,27000,,35000,498465.85,computed,warn,27000,,27546.78,498465.85,27546.78,498465.8450000043,,
Aeromonas caviae,qualibact-v1.0,no_of_contigs,,610,44,450,computed,warn,,610,44,609.46,44,609.4600000000014,,
Aeromonas caviae,qualibact-v1.0,longest,,,102344.82,1238102.43,computed,warn,,,102344.82,1238102.43,102344.82,1238102.4300000006,,
Aeromonas dhakensis,qualibact-v1.0,Genome_Size,4600000,5100000,4600000,5000000,computed,warn,4600000,5100000,4630875.38,5043286,4630875.38,4992073.76,4707869.06,5041799.62
Aeromonas dhakensis,qualibact-v1.0,GC_Content,60.97,61.98,61.24,61.96,computed,warn,60.97,61.98,60.9725,61.9708,61.151,61.970775999999994,60.97278,61.798556000000005
Aeromonas dhakensis,qualibact-v1.0,Total_Coding_Sequences,4100,4700,4100,4500,computed,warn,4100,4700,4125.36,4700,4125.36,4558.28,4344.4,4696.355
Aeromonas dhakensis,qualibact-v1.0,Completeness_Specific,97,,100,100,computed,warn,97,,97.12,100,100,100,97.309,99.9944
Aeromonas dhakensis,qualibact-v1.0,Contamination,,1,0.12,1,computed,warn,,1,0.12,0.66,0.1178,0.65,0.13,0.6558
Aeromonas dhakensis,qualibact-v1.0,N50,61000,,63000,917678.94,computed,warn,61000,,61753.36,917678.94,61753.36,917678.9399999998,,
Aeromonas dhakensis,qualibact-v1.0,no_of_contigs,,180,38.9,180,computed,warn,,180,38.9,174.54,38.9,174.54,,
Aeromonas dhakensis,qualibact-v1.0,longest,,,147013.06,1726260.86,computed,warn,,,147013.06,1726260.86,147013.06,1726260.86,,
Aeromonas hydrophila,qualibact-v1.0,Genome_Size,4400000,5700000,4600000,5400000,computed,warn,4400000,5700000,4496339,5633455,4650965.2,5387908.799999999,4508050.98,5564004.149999999
Aeromonas hydrophila,qualibact-v1.0,GC_Content,60.3,62.02,60.73,61.65,computed,warn,60.3,62.02,60.3014,62.0126,60.65124,61.689,60.329816,61.894718
Aeromonas hydrophila,qualibact-v1.0,Total_Coding_Sequences,4000,5400,4100,5000,computed,warn,4000,5400,4093,5341,4184.6,5003.2,4121.49,5268.849999999999
Aeromonas hydrophila,qualibact-v1.0,Completeness_Specific,89,,100,100,computed,warn,89,,89.22,100,100,100,89.7824,99.3756
Aeromonas hydrophila,qualibact-v1.0,Contamination,,8,0.16,2,computed,warn,,8,0.16,7.55,0.16,1.44,0.7596,6.917299999999992
Aeromonas hydrophila,qualibact-v1.0,N50,44000,,52000,763787.4,computed,warn,44000,,44710.4,763787.4,44710.4,763787.3999999994,,
Aeromonas hydrophila,qualibact-v1.0,no_of_contigs,,320,39.8,210,computed,warn,,320,39.8,311.2,39.8,311.1999999999996,,
Aeromonas hydrophila,qualibact-v1.0,longest,,,129008.4,1334946,computed,warn,,,129008.4,1334946,129008.4,1334946,,
Aeromonas salmonicida,qualibact-v1.0,Genome_Size,4300000,5200000,4500000,5100000,computed,warn,4300000,5200000,4395896.55,5191207,4395896.55,5131935.100000001,4624259.4,5183748.2
Aeromonas salmonicida,qualibact-v1.0,GC_Content,58.14,59.04,58.27,58.87,computed,warn,58.14,59.04,58.1425,59.0309,58.23023,58.90388,58.14634,59.006460000000004
Aeromonas salmonicida,qualibact-v1.0,Total_Coding_Sequences,4200,5000,4200,4800,computed,warn,4200,5000,4214.9,4986,4214.9,4882.650000000001,4252,4985.8
Aeromonas salmonicida,qualibact-v1.0,Completeness_Specific,94,,100,100,computed,warn,94,,94.04,100,100,100,94.14800000000001,99.956
Aeromonas salmonicida,qualibact-v1.0,Contamination,,2,0.13,2,computed,warn,,2,0.13,1.74,0.188,1.519500000000001,0.13,1.74
Aeromonas salmonicida,qualibact-v1.0,N50,25000,,39000,160853.9,computed,warn,25000,,25804.25,160853.9,25804.25,160853.9,,
Aeromonas salmonicida,qualibact-v1.0,no_of_contigs,,490,88.9,350,computed,warn,,490,88.9,487,88.9,487,,
Aeromonas salmonicida,qualibact-v1.0,longest,,,116127.95,485582.9,computed,warn,,,116127.95,485582.9,116127.95,485582.90000000084,,
Aeromonas veronii,qualibact-v1.0,Genome_Size,4300000,5300000,4300000,5000000,computed,warn,4300000,5300000,4306227.32,5204591,4306227.32,5004209,4458811.02,5202367.82
Aeromonas veronii,qualibact-v1.0,GC_Content,57.97,61.01,58.17,59.04,computed,warn,57.97,61.01,57.9736,61.001,58.068723999999996,59.0807,57.9792925,60.278225
Aeromonas veronii,qualibact-v1.0,Total_Coding_Sequences,3900,5000,3900,4700,computed,warn,3900,5000,3909.8,4948,3909.8,4739.36,4111.035,4923.505
Aeromonas veronii,qualibact-v1.0,Completeness_Specific,90,,100,100,computed,warn,90,,90.13,100,100,100,91.0891,99.521
Aeromonas veronii,qualibact-v1.0,Contamination,,11,0.04,1,computed,warn,,11,0.04,10.98,0.04,0.9536000000000001,0.20795000000000002,9.241200000000006
Aeromonas veronii,qualibact-v1.0,N50,35000,,65000,704305.08,computed,warn,35000,,35185.56,704305.08,35185.56,704305.0800000001,,
Aeromonas veronii,qualibact-v1.0,no_of_contigs,,330,38,250,computed,warn,,330,38,323.08,38,323.08000000000004,,
Aeromonas veronii,qualibact-v1.0,longest,,,117565.84,1318612.24,computed,warn,,,117565.84,1318612.24,117565.84,1318612.24,,
Agrobacterium fabacearum,qualibact-v1.0,Genome_Size,4600000,6500000,5400000,6400000,computed,warn,4600000,6500000,4675914,6469646,5409170.57,6446688.705000003,4793884.55,6422139.94
Agrobacterium fabacearum,qualibact-v1.0,GC_Content,57.16,60.03,58.31,58.62,computed,warn,57.16,60.03,57.1666,60.0262,58.264793,58.625545,57.479742,59.919683000000006
Agrobacterium fabacearum,qualibact-v1.0,Total_Coding_Sequences,4300,6200,5100,6100,computed,warn,4300,6200,4356,6147.09,5066.145,6147.085000000003,4491.72,6122.35
Agrobacterium fabacearum,qualibact-v1.0,Completeness_Specific,88,,100,100,computed,warn,88,,88.93,100,100,100,89.2055,97.54260000000001
Agrobacterium fabacearum,qualibact-v1.0,Contamination,,16,0.04,4,computed,warn,,16,0.04,15.92,0.044250000000000005,3.8195500000000013,2.7083,15.548800000000002
Agrobacterium fabacearum,qualibact-v1.0,N50,274000,,302000,1088500.93,computed,warn,274000,,274854.09,1088500.93,274854.09,1088500.9300000006,,
Agrobacterium fabacearum,qualibact-v1.0,no_of_contigs,,110,22.88,90,computed,warn,,110,22.88,109.07,22.885,109.07000000000016,,
Agrobacterium fabacearum,qualibact-v1.0,longest,,,615651.87,2489026.86,computed,warn,,,615651.87,2489026.86,615651.87,2489026.8550000004,,
Agrobacterium pusense,qualibact-v1.0,Genome_Size,4900000,6400000,5200000,6400000,computed,warn,4900000,6400000,4957912,6388230.28,5185082.48,6388230.28,4963191.01,6118380.965
Agrobacterium pusense,qualibact-v1.0,GC_Content,59.09,59.32,59.1,59.29,computed,warn,59.09,59.32,59.0935,59.3116,59.10228,59.303048,59.093874,59.3113525
Agrobacterium pusense,qualibact-v1.0,Total_Coding_Sequences,4600,6300,4900,6300,computed,warn,4600,6300,4689,6290.88,4885.24,6290.88,4692.19,5897.145
Agrobacterium pusense,qualibact-v1.0,Completeness_Specific,98,,100,100,computed,warn,98,,98.65,100,100,100,98.67035,99.59835
Agrobacterium pusense,qualibact-v1.0,Contamination,,6,0.03,5,computed,warn,,6,0.03,5.39,0.030400000000000003,5.3944,0.29109999999999997,2.77615
Agrobacterium pusense,qualibact-v1.0,N50,177000,,217000,1030346.36,computed,warn,177000,,177806.96,1030346.36,177806.96,1030346.36,,
Agrobacterium pusense,qualibact-v1.0,no_of_contigs,,230,25.52,180,computed,warn,,230,25.52,227.44,25.52,227.44000000000023,,
Agrobacterium pusense,qualibact-v1.0,longest,,,463062.56,2001629.88,computed,warn,,,463062.56,2001629.88,463062.56,2001629.880000001,,
Agrobacterium tumefaciens,qualibact-v1.0,Genome_Size,4600000,6500000,4900000,6100000,computed,warn,4600000,6500000,4675914,6469646,4915776.52,6192817.52,4793884.55,6422139.94
Agrobacterium tumefaciens,qualibact-v1.0,GC_Content,57.16,60.03,59.08,59.66,computed,warn,57.16,60.03,57.1666,60.0262,59.045228,59.713072000000004,57.479742,59.919683000000006
Agrobacterium tumefaciens,qualibact-v1.0,Total_Coding_Sequences,4300,6200,4500,5800,computed,warn,4300,6200,4356,6147,4565.52,5918.2,4491.72,6122.35
Agrobacterium tumefaciens,qualibact-v1.0,Completeness_Specific,88,,99,100,computed,warn,88,,88.93,100,99.8112,100,89.2055,97.54260000000001
Agrobacterium tumefaciens,qualibact-v1.0,Contamination,,16,0.05,2,computed,warn,,16,0.05,15.92,0.0548,2.3331999999999993,2.7083,15.548800000000002
Agrobacterium tumefaciens,qualibact-v1.0,N50,119000,,170000,1106683.48,computed,warn,119000,,119638.72,1106683.48,119638.72,1106683.48,,
Agrobacterium tumefaciens,qualibact-v1.0,no_of_contigs,,130,18,120,computed,warn,,130,18,125.44,18,125.44,,
Agrobacterium tumefaciens,qualibact-v1.0,longest,,,339379.64,2603148,computed,warn,,,339379.64,2603148,339379.64,2603148,,
Aliarcobacter butzleri,qualibact-v1.0,Genome_Size,2000000,2700000,2000000,2500000,computed,warn,2000000,2700000,2032910.85,2629648,2032910.85,2513129.3999999994,2087824.52,2624108.62
Aliarcobacter butzleri,qualibact-v1.0,GC_Content,26.73,27.27,26.75,27.09,computed,warn,26.73,27.27,26.7318,27.2608,26.73182,27.227445,26.952607999999998,27.254398
Aliarcobacter butzleri,qualibact-v1.0,Total_Coding_Sequences,2000,2700,2000,2500,computed,warn,2000,2700,2087.15,2668,2087.15,2619,2159.62,2663.38
Aliarcobacter butzleri,qualibact-v1.0,Completeness_Specific,93,,100,100,computed,warn,93,,93.69,100,100,100,93.7516,99.67
Aliarcobacter butzleri,qualibact-v1.0,Contamination,,30,0.07,1,computed,warn,,30,0.07,29.81,0.07150000000000001,1.2064999999999984,0.35,25.79060000000002
Aliarcobacter butzleri,qualibact-v1.0,N50,27000,,39000,293291.65,computed,warn,27000,,27684.9,293291.65,27684.9,293291.64999999997,,
Aliarcobacter butzleri,qualibact-v1.0,no_of_contigs,,200,18.15,160,computed,warn,,200,18.15,190.85,18.15,190.85,,
Aliarcobacter butzleri,qualibact-v1.0,longest,,,107719.2,559267.95,computed,warn,,,107719.2,559267.95,107719.2,559267.95,,
Aliivibrio fischeri,qualibact-v1.0,Genome_Size,4000000,4600000,4100000,4500000,computed,warn,4000000,4600000,4072964.24,4503206,4072964.245,4471672.635000001,4274865.44,4502058.56
Aliivibrio fischeri,qualibact-v1.0,GC_Content,38.08,38.6,38.09,38.54,computed,warn,38.08,38.6,38.0885,38.5947,38.088481,38.594663000000004,38.3210275,38.346272500000005
Aliivibrio fischeri,qualibact-v1.0,Total_Coding_Sequences,3600,4300,3700,4200,computed,warn,3600,4300,3674.83,4206.16,3674.83,4206.155000000002,3953.67,4086.33
Aliivibrio fischeri,qualibact-v1.0,Completeness_Specific,93,,100,100,computed,warn,93,,93.39,100,100,100,93.4165,98.6635
Aliivibrio fischeri,qualibact-v1.0,Contamination,,12,0.01,1,computed,warn,,12,0.01,11.62,0.00915,0.39255000000000023,0.34664999999999996,11.56335
Aliivibrio fischeri,qualibact-v1.0,N50,9000,,10000,550890.58,computed,warn,9000,,9362.46,550890.58,9362.455,550890.5800000004,,
Aliivibrio fischeri,qualibact-v1.0,no_of_contigs,,800,52.92,710,computed,warn,,800,52.92,797.08,52.915,797.085,,
Aliivibrio fischeri,qualibact-v1.0,longest,,,43826.56,1123082.3,computed,warn,,,43826.56,1123082.3,43826.555,1123082.305,,
Alistipes onderdonkii,qualibact-v1.0,Genome_Size,3300000,4000000,3400000,4000000,computed,warn,3300000,4000000,3312673,3981512.34,3400028.265,3981512.345,3312673.225,3868107.925
Alistipes onderdonkii,qualibact-v1.0,GC_Content,57.36,58.54,57.47,58.15,computed,warn,57.36,58.54,57.3656,58.5341,57.365643000000006,58.534099499999996,57.8000675,58.249475000000004
Alistipes onderdonkii,qualibact-v1.0,Total_Coding_Sequences,2700,3500,2700,3500,computed,warn,2700,3500,2785.77,3493.62,2785.77,3493.615,2827.05,3198.4
Alistipes onderdonkii,qualibact-v1.0,Completeness_Specific,98,,100,100,computed,warn,98,,98.26,100,99.99,100,98.26375,98.8525
Alistipes onderdonkii,qualibact-v1.0,Contamination,,2,0.19,1,computed,warn,,2,0.19,1.44,0.1877,1.4446000000000003,0.3,1.0967500000000001
Alistipes onderdonkii,qualibact-v1.0,N50,82000,,102000,494013.91,computed,warn,82000,,82065.96,494013.91,82065.96,494013.9100000005,,
Alistipes onderdonkii,qualibact-v1.0,no_of_contigs,,240,30.38,180,computed,warn,,240,30.38,234,30.385,234,,
Alistipes onderdonkii,qualibact-v1.0,longest,,,231264.03,821336.79,computed,warn,,,231264.03,821336.79,231264.03,821336.7900000006,,
Bacillus altitudinis,qualibact-v1.0,Genome_Size,3600000,4000000,3600000,3900000,computed,error,3600000,4000000,3639950.2,3955013,3639950.2,3878867.6,3680119.175,3953877.775
Bacillus altitudinis,qualibact-v1.0,GC_Content,40.94,41.55,41.14,41.35,computed,error,40.94,41.55,40.9485,41.5445,41.12698,41.40246,40.9654975,41.53761
Bacillus altitudinis,qualibact-v1.0,Total_Coding_Sequences,3600,4300,3600,4000,computed,error,3600,4300,3681.2,4205,3681.2,3993.6,3793,4185.5
Bacillus altitudinis,qualibact-v1.0,Completeness_Specific,90,,100,100,computed,error,90,,90.59,100,100,100,92.66025,99.12
Bacillus altitudinis,qualibact-v1.0,Contamination,,1,0,1,computed,error,,1,0,0.59,0,0.27,0.022150000000000003,0.59
Bacillus altitudinis,qualibact-v1.0,N50,153000,,160000,979907.2,computed,error,153000,,153327.2,979907.2,153327.2,979907.2,,
Bacillus altitudinis,qualibact-v1.0,no_of_contigs,,80,18.4,80,computed,error,,80,18.4,77.8,18.4,77.79999999999998,,
Bacillus altitudinis,qualibact-v1.0,longest,,,338210.6,1072627.2,computed,error,,,338210.6,1072627.2,338210.6,1072627.1999999997,,
Bacillus anthracis,qualibact-v1.0,Genome_Size,5100000,5800000,5100000,5700000,computed,info,5100000,5800000,5131633.08,5796785.84,5131633.08,5796785.84,5211222.4,5668226.074999999
Bacillus anthracis,qualibact-v1.0,GC_Content,35.04,35.49,35.08,35.32,computed,info,35.04,35.49,35.0439,35.484,35.0438585,35.372758,35.2213475,35.46024
Bacillus anthracis,qualibact-v1.0,Total_Coding_Sequences,5200,6100,5300,6000,computed,info,5200,6100,5240,6062.88,5240,6062.884999999999,5462.3,5922.75
Bacillus anthracis,qualibact-v1.0,Completeness_Specific,94,,99,100,computed,info,94,,94.84,100,99.99,100,94.88050000000001,98.76
Bacillus anthracis,qualibact-v1.0,Contamination,,5,0.01,1,computed,info,,5,0.01,4.94,0.01,1.0642999999999985,0.37,3.6574999999999784
Bacillus anthracis,qualibact-v1.0,N50,15000,,26000,1198335.39,computed,info,15000,,15652.72,1198335.39,15652.715,1198335.39,,
Bacillus anthracis,qualibact-v1.0,no_of_contigs,,740,30.6,580,computed,info,,740,30.6,735.62,30.595,735.6199999999999,,
Bacillus anthracis,qualibact-v1.0,longest,,,90050.19,1772429.22,computed,info,,,90050.19,1772429.22,90050.19,1772429.225,,
Bacillus bombysepticus,qualibact-v1.0,Genome_Size,5200000,6700000,5300000,6600000,computed,info,5200000,6700000,5225804.95,6666120.4,5225804.95,6666120.4,5870790.08,5873577.92
Bacillus bombysepticus,qualibact-v1.0,GC_Content,34.68,35.19,34.69,35.12,computed,info,34.68,35.19,34.68,35.188,34.67997,35.188045,34.9340165,34.9372835
Bacillus bombysepticus,qualibact-v1.0,Total_Coding_Sequences,5200,7300,5400,7100,computed,info,5200,7300,5236.65,7214,5236.65,7214,5942.29,5999.71
Bacillus bombysepticus,qualibact-v1.0,Completeness_Specific,99,,100,100,computed,info,99,,99.12,100,100,100,99.12145000000001,99.40854999999999
Bacillus bombysepticus,qualibact-v1.0,Contamination,,1,0,1,computed,info,,1,0,0.73,0,0.7270000000000004,0.050100000000000006,0.0699
Bacillus bombysepticus,qualibact-v1.0,N50,15000,,24000,668132.6,computed,info,15000,,15924.05,668132.6,15924.05,668132.6000000001,,
Bacillus bombysepticus,qualibact-v1.0,no_of_contigs,,1400,50.65,1000,computed,info,,1400,50.65,1392.7,50.65,1392.700000000001,,
Bacillus bombysepticus,qualibact-v1.0,longest,,,82468.3,1505859.4,computed,info,,,82468.3,1505859.4,82468.3,1505859.4000000004,,
Bacillus cereus,qualibact-v1.0,Genome_Size,4900000,6800000,5200000,6700000,computed,warn,4900000,6800000,4981897.38,6734937.54,4981897.375,6734937.544999999,5224113.965,6544649.91
Bacillus cereus,qualibact-v1.0,GC_Content,34.68,35.64,34.74,35.42,computed,warn,34.68,35.64,34.683,35.6308,34.682998,35.56745,34.8186765,35.5519595
Bacillus cereus,qualibact-v1.0,Total_Coding_Sequences,5000,7100,5200,6900,computed,warn,5000,7100,5055.23,7065.12,5055.23,7065.12,5360.165,6640.075
Bacillus cereus,qualibact-v1.0,Completeness_Specific,95,,100,100,computed,warn,95,,95.97,100,99.99,100,96.23055,99.22
Bacillus cereus,qualibact-v1.0,Contamination,,6,0,3,computed,warn,,6,0,5.24,0,5.24,0.06,1.3215999999999997
Bacillus cereus,qualibact-v1.0,N50,8000,,16000,749011.19,computed,warn,8000,,8535.66,749011.19,8535.664999999999,749011.1949999989,,
Bacillus cereus,qualibact-v1.0,no_of_contigs,,1130,39,840,computed,warn,,1130,39,1130,39,1130.0049999999997,,
Bacillus cereus,qualibact-v1.0,longest,,,63686.9,1956351.21,computed,warn,,,63686.9,1956351.21,63686.895,1956351.21,,
Bacillus licheniformis,qualibact-v1.0,Genome_Size,4000000,4900000,4000000,4600000,computed,warn,4000000,4900000,4087498.44,4824459,4087498.44,4575192.6,4138715.925,4784476.55
Bacillus licheniformis,qualibact-v1.0,GC_Content,45.57,46.36,45.59,46.25,computed,warn,45.57,46.36,45.5731,46.3539,45.57948,46.254516,45.574594499999996,46.33203150000001
Bacillus licheniformis,qualibact-v1.0,Total_Coding_Sequences,4100,5100,4100,4800,computed,warn,4100,5100,4139.66,5063,4139.66,4857.199999999999,4249.365,5041.345
Bacillus licheniformis,qualibact-v1.0,Completeness_Specific,92,,99,100,computed,warn,92,,92.16,100,99.98,100,92.30945,98.7524
Bacillus licheniformis,qualibact-v1.0,Contamination,,6,0.01,1,computed,warn,,6,0.01,5.88,0.01,0.8841999999999984,0.83,5.819
Bacillus licheniformis,qualibact-v1.0,N50,84000,,130000,2162561.32,computed,warn,84000,,84658.78,2162561.32,84658.78,2162561.32,,
Bacillus licheniformis,qualibact-v1.0,no_of_contigs,,170,19.74,120,computed,warn,,170,19.74,166.46,19.74,166.4599999999998,,
Bacillus licheniformis,qualibact-v1.0,longest,,,215470.96,2162561.32,computed,warn,,,215470.96,2162561.32,215470.96,2162561.32,,
Bacillus mobilis,qualibact-v1.0,Genome_Size,5200000,6100000,5300000,6100000,computed,warn,5200000,6100000,5285748.47,6018778.5,5285748.47,6018778.505,5401772.445,5731530.555
Bacillus mobilis,qualibact-v1.0,GC_Content,35.15,35.63,35.18,35.52,computed,warn,35.15,35.63,35.1575,35.6273,35.1574565,35.5424905,35.567003,35.626996999999996
Bacillus mobilis,qualibact-v1.0,Total_Coding_Sequences,5300,6300,5300,6300,computed,warn,5300,6300,5347.29,6240.3,5347.29,6240.295,5629.61,5948.39
Bacillus mobilis,qualibact-v1.0,Completeness_Specific,99,,100,100,computed,warn,99,,99.41,100,100,100,99.41,99.41
Bacillus mobilis,qualibact-v1.0,Contamination,,2,0,2,computed,warn,,2,0,1.6,0,1.6,0.11005,0.11995
Bacillus mobilis,qualibact-v1.0,N50,17000,,19000,275465.01,computed,warn,17000,,17819.83,275465.01,17819.83,275465.01499999966,,
Bacillus mobilis,qualibact-v1.0,no_of_contigs,,790,75.64,720,computed,warn,,790,75.64,786.31,75.645,786.3099999999988,,
Bacillus mobilis,qualibact-v1.0,longest,,,113467.26,782806.03,computed,warn,,,113467.26,782806.03,113467.265,782806.0299999998,,
Bacillus mycoides,qualibact-v1.0,Genome_Size,5100000,6600000,5200000,6100000,computed,warn,5100000,6600000,5177188.48,6558090,5177188.48,6229993.64,5339587.86,6498078.2700000005
Bacillus mycoides,qualibact-v1.0,GC_Content,35.03,35.78,35.08,35.64,computed,warn,35.03,35.78,35.032,35.7729,35.03202,35.772892,35.207453,35.563723
Bacillus mycoides,qualibact-v1.0,Total_Coding_Sequences,5200,7000,5300,6300,computed,warn,5200,7000,5265.28,6955,5265.28,6432.24,5482.01,6847.990000000001
Bacillus mycoides,qualibact-v1.0,Completeness_Specific,98,,99,100,computed,warn,98,,98.74,100,99.99,100,98.7545,99.41
Bacillus mycoides,qualibact-v1.0,Contamination,,3,0,2,computed,warn,,3,0,2.21,0,1.4180000000000001,0.2,2.21
Bacillus mycoides,qualibact-v1.0,N50,7000,,10000,453503.36,computed,warn,7000,,7533.64,453503.36,7533.64,453503.36,,
Bacillus mycoides,qualibact-v1.0,no_of_contigs,,1220,53.6,1070,computed,warn,,1220,53.6,1212.6,53.6,1212.6000000000001,,
Bacillus mycoides,qualibact-v1.0,longest,,,58065.72,1232275.8,computed,warn,,,58065.72,1232275.8,58065.72,1232275.8000000003,,
Bacillus paralicheniformis,qualibact-v1.0,Genome_Size,4200000,5000000,4200000,4600000,computed,error,4200000,5000000,4261318.79,4926202,4261318.79,4542706.23,4278110.24,4865923.015
Bacillus paralicheniformis,qualibact-v1.0,GC_Content,45.5,46.11,45.58,45.94,computed,error,45.5,46.11,45.5043,46.1065,45.5659355,45.960456,45.5132505,46.086161499999996
Bacillus paralicheniformis,qualibact-v1.0,Total_Coding_Sequences,4100,5200,4200,4700,computed,error,4100,5200,4198.38,5194,4198.375,4703.635,4321.095,5109.175
Bacillus paralicheniformis,qualibact-v1.0,Completeness_Specific,95,,99,100,computed,error,95,,95.35,100,99.98,100,95.48845,98.78
Bacillus paralicheniformis,qualibact-v1.0,Contamination,,1,0,1,computed,error,,1,0,0.35,0,0.15090000000000003,0.05,0.3236000000000001
Bacillus paralicheniformis,qualibact-v1.0,N50,130000,,158000,1099388.38,computed,error,130000,,130390.73,1099388.38,130390.73,1099388.375,,
Bacillus paralicheniformis,qualibact-v1.0,no_of_contigs,,150,19.91,130,computed,error,,150,19.91,146.82,19.91,146.815,,
Bacillus paralicheniformis,qualibact-v1.0,longest,,,332619.8,1837346.72,computed,error,,,332619.8,1837346.72,332619.8,1837346.7150000005,,
Bacillus paranthracis,qualibact-v1.0,Genome_Size,5100000,6100000,5200000,5900000,computed,info,5100000,6100000,5149464,6055697,5165415.68,5947090.680000001,5153760.6,6053890.91
Bacillus paranthracis,qualibact-v1.0,GC_Content,35.08,35.6,35.14,35.45,computed,info,35.08,35.6,35.0888,35.5962,35.088844,35.47855,35.2776025,35.589732000000005
Bacillus paranthracis,qualibact-v1.0,Total_Coding_Sequences,5200,6400,5300,6100,computed,info,5200,6400,5274.66,6308,5274.66,6147.960000000001,5319.56,6306.845
Bacillus paranthracis,qualibact-v1.0,Completeness_Specific,94,,100,100,computed,info,94,,94.32,100,100,100,94.49324999999999,99.41
Bacillus paranthracis,qualibact-v1.0,Contamination,,2,0,2,computed,info,,2,0,1.87,0,1.8672000000000026,0.29,0.97
Bacillus paranthracis,qualibact-v1.0,N50,14000,,19000,486323.42,computed,info,14000,,14885.14,486323.42,14885.14,486323.4200000015,,
Bacillus paranthracis,qualibact-v1.0,no_of_contigs,,770,52.66,620,computed,info,,770,52.66,761.82,52.66,761.8200000000007,,
Bacillus paranthracis,qualibact-v1.0,longest,,,77728.7,1349223.76,computed,info,,,77728.7,1349223.76,77728.7,1349223.7600000016,,
Bacillus pumilus,qualibact-v1.0,Genome_Size,3500000,4100000,3600000,3900000,computed,warn,3500000,4100000,3599976.64,4059420,3599976.64,3906434.4,3611081.71,4038569.81
Bacillus pumilus,qualibact-v1.0,GC_Content,41.1,41.99,41.18,41.64,computed,warn,41.1,41.99,41.1046,41.981,41.104632,41.783635999999994,41.18591,41.975825
Bacillus pumilus,qualibact-v1.0,Total_Coding_Sequences,3600,4300,3600,3900,computed,warn,3600,4300,3609.92,4258,3609.92,4046.72,3686.15,4235
Bacillus pumilus,qualibact-v1.0,Completeness_Specific,91,,100,100,computed,warn,91,,91.57,100,100,100,91.64129999999999,97.6816
Bacillus pumilus,qualibact-v1.0,Contamination,,6,0,1,computed,warn,,6,0,5.31,0,0.3475999999999999,0.2544,5.31
Bacillus pumilus,qualibact-v1.0,N50,135000,,147000,934904.8,computed,warn,135000,,135282.88,934904.8,135282.88,934904.8,,
Bacillus pumilus,qualibact-v1.0,no_of_contigs,,90,26.56,90,computed,warn,,90,26.56,89.2,26.56,89.19999999999999,,
Bacillus pumilus,qualibact-v1.0,longest,,,319752.68,994544.44,computed,warn,,,319752.68,994544.44,319752.68,994544.4399999998,,
Bacillus safensis,qualibact-v1.0,Genome_Size,3600000,4200000,3600000,3900000,computed,warn,3600000,4200000,3615194.27,4151325,3615194.27,3900033.775,3663455,4115572.7999999993
Bacillus safensis,qualibact-v1.0,GC_Content,41.31,41.9,41.32,41.69,computed,warn,41.31,41.9,41.3145,41.8947,41.31449,41.691271,41.400240000000004,41.87034
Bacillus safensis,qualibact-v1.0,Total_Coding_Sequences,3600,4400,3600,4000,computed,warn,3600,4400,3660.5,4351,3660.495,4041.06,3767.6,4300.599999999999
Bacillus safensis,qualibact-v1.0,Completeness_Specific,96,,100,100,computed,warn,96,,96.08,100,100,100,96.08,99.12
Bacillus safensis,qualibact-v1.0,Contamination,,1,0,1,computed,warn,,1,0,0.59,0,0.45039999999999963,0.29,0.59
Bacillus safensis,qualibact-v1.0,N50,175000,,241000,1895003.26,computed,warn,175000,,175800.14,1895003.26,175800.14,1895003.255,,
Bacillus safensis,qualibact-v1.0,no_of_contigs,,100,17.5,70,computed,warn,,100,17.5,97.29,17.495,97.28999999999974,,
Bacillus safensis,qualibact-v1.0,longest,,,401347.5,1895003.26,computed,warn,,,401347.5,1895003.26,401347.495,1895003.255,,
Bacillus spizizenii,qualibact-v1.0,Genome_Size,3900000,4300000,3900000,4200000,computed,warn,3900000,4300000,3952729,4222511,3952729,4175672.8,4027939.315,4221517.215
Bacillus spizizenii,qualibact-v1.0,GC_Content,43.49,43.98,43.6,43.86,computed,warn,43.49,43.98,43.4988,43.9747,43.49884,43.885220000000004,43.827868,43.974478999999995
Bacillus spizizenii,qualibact-v1.0,Total_Coding_Sequences,3900,4400,3900,4300,computed,warn,3900,4400,3942.2,4301,3942.2,4216.8,4129.065,4300.35
Bacillus spizizenii,qualibact-v1.0,Completeness_Specific,95,,100,100,computed,warn,95,,95.76,100,100,100,95.92445000000001,99.41
Bacillus spizizenii,qualibact-v1.0,Contamination,,6,0.01,1,computed,warn,,6,0.01,5.88,0.006,0.44800000000000073,0.29,5.684349999999999
Bacillus spizizenii,qualibact-v1.0,N50,145000,,237000,740380.2,computed,warn,145000,,145590.4,740380.2,145590.4,740380.2000000004,,
Bacillus spizizenii,qualibact-v1.0,no_of_contigs,,100,28,80,computed,warn,,100,28,91.2,28,91.20000000000019,,
Bacillus spizizenii,qualibact-v1.0,longest,,,386839.2,1310037.6,computed,warn,,,386839.2,1310037.6,386839.2,1310037.6,,
Bacillus subtilis,qualibact-v1.0,Genome_Size,3600000,4800000,3800000,4300000,computed,warn,3600000,4800000,3684279,4703957,3831226.425,4292397.050000001,3855675.445,4585243.925000001
Bacillus subtilis,qualibact-v1.0,GC_Content,42.87,44.1,43.23,43.81,computed,warn,42.87,44.1,42.8789,44.0963,43.164030000000004,43.83370000000001,43.0185025,43.932503
Bacillus subtilis,qualibact-v1.0,Total_Coding_Sequences,3800,5000,3800,4400,computed,warn,3800,5000,3810,4985,3810,4514.275,3978.48,4876.92
Bacillus subtilis,qualibact-v1.0,Completeness_Specific,92,,100,100,computed,warn,92,,92.64,100,99.97725,100,93.36,98.62
Bacillus subtilis,qualibact-v1.0,Contamination,,16,0,1,computed,warn,,16,0,15.55,0,1.72,0.51,11.866300000000026
Bacillus subtilis,qualibact-v1.0,N50,49000,,66000,2232014.62,computed,warn,49000,,49659.95,2232014.62,49659.95,2232014.625,,
Bacillus subtilis,qualibact-v1.0,no_of_contigs,,200,18,170,computed,warn,,200,18,199,18,199,,
Bacillus subtilis,qualibact-v1.0,longest,,,149678.75,2232014.62,computed,warn,,,149678.75,2232014.62,149678.75,2232014.625,,
Bacillus thuringiensis,qualibact-v1.0,Genome_Size,5000000,7000000,5300000,6700000,computed,warn,5000000,7000000,5049730.86,6919428.96,5049730.86,6919428.96,5129844.115,6865275.07
Bacillus thuringiensis,qualibact-v1.0,GC_Content,34.56,35.72,34.61,35.25,computed,warn,34.56,35.72,34.5675,35.7116,34.567485,35.398189,34.8264635,35.608922
Bacillus thuringiensis,qualibact-v1.0,Total_Coding_Sequences,5100,7300,5400,7100,computed,warn,5100,7300,5157.41,7245.81,5157.41,7245.81,5329.865,7143.73
Bacillus thuringiensis,qualibact-v1.0,Completeness_Specific,91,,100,100,computed,warn,91,,91.61,100,100,100,92.40025,99.58
Bacillus thuringiensis,qualibact-v1.0,Contamination,,5,0,3,computed,warn,,5,0,4.28,0,2.887600000000002,0.21175000000000002,3.8003999999999984
Bacillus thuringiensis,qualibact-v1.0,N50,16000,,26000,602041.47,computed,warn,16000,,16994.09,602041.47,16994.09,602041.4700000001,,
Bacillus thuringiensis,qualibact-v1.0,no_of_contigs,,930,51.39,720,computed,warn,,930,51.39,923.49,51.39,923.4900000000001,,
Bacillus thuringiensis,qualibact-v1.0,longest,,,118886.9,1458535.71,computed,warn,,,118886.9,1458535.71,118886.9,1458535.710000001,,
Bacillus toyonensis,qualibact-v1.0,Genome_Size,5000000,6700000,5500000,6300000,computed,warn,5000000,6700000,5025419,6694533,5329982.83,6436404.57,5074366.925,6667879.95
Bacillus toyonensis,qualibact-v1.0,GC_Content,34.84,35.56,34.89,35.26,computed,warn,34.84,35.56,34.8478,35.5558,34.8478055,35.2947235,34.9448925,35.5337275
Bacillus toyonensis,qualibact-v1.0,Total_Coding_Sequences,5100,6900,5500,6500,computed,warn,5100,6900,5194,6848,5452.555,6541.68,5239.9,6824.6
Bacillus toyonensis,qualibact-v1.0,Completeness_Specific,96,,100,100,computed,warn,96,,96.69,100,100,100,96.80624999999999,99.41
Bacillus toyonensis,qualibact-v1.0,Contamination,,2,0,2,computed,warn,,2,0,1.81,0,1.81,0.1,0.28595
Bacillus toyonensis,qualibact-v1.0,N50,19000,,26000,580182.74,computed,warn,19000,,19206.7,580182.74,19206.7,580182.74,,
Bacillus toyonensis,qualibact-v1.0,no_of_contigs,,720,49.52,650,computed,warn,,720,49.52,716.74,49.515,716.7449999999998,,
Bacillus toyonensis,qualibact-v1.0,longest,,,108988.76,1528888.38,computed,warn,,,108988.76,1528888.38,108988.765,1528888.3799999985,,
Bacillus velezensis,qualibact-v1.0,Genome_Size,3700000,4400000,3800000,4300000,computed,warn,3700000,4400000,3713516,4385679,3828109.835,4372452.48,3850032.25,4371975.25
Bacillus velezensis,qualibact-v1.0,GC_Content,45.21,46.98,45.74,46.62,computed,warn,45.21,46.98,45.2107,46.9792,45.6398495,46.652561,45.624900000000004,46.746975
Bacillus velezensis,qualibact-v1.0,Total_Coding_Sequences,3600,4500,3700,4300,computed,warn,3600,4500,3683,4481,3696.35,4397,3805.25,4471.25
Bacillus velezensis,qualibact-v1.0,Completeness_Specific,96,,100,100,computed,warn,96,,96.67,100,100,100,96.815,100
Bacillus velezensis,qualibact-v1.0,Contamination,,2,0,1,computed,warn,,2,0,1.76,0,0.7233000000000004,0.01,1.5337999999999996
Bacillus velezensis,qualibact-v1.0,N50,145000,,207000,2150254.71,computed,warn,145000,,145225.78,2150254.71,145225.78,2150254.71,,
Bacillus velezensis,qualibact-v1.0,no_of_contigs,,120,18.67,90,computed,warn,,120,18.67,114.99,18.67,114.98500000000018,,
Bacillus velezensis,qualibact-v1.0,longest,,,324225.44,2150254.71,computed,warn,,,324225.44,2150254.71,324225.435,2150254.71,,
Bacillus wiedmannii,qualibact-v1.0,Genome_Size,5200000,6300000,5300000,6100000,computed,warn,5200000,6300000,5261642.32,6211130,5261642.32,6119768.76,5394826.37,6204808.01
Bacillus wiedmannii,qualibact-v1.0,GC_Content,34.91,35.47,34.94,35.35,computed,warn,34.91,35.47,34.9122,35.4669,34.912172,35.377057,35.109519999999996,35.4666
Bacillus wiedmannii,qualibact-v1.0,Total_Coding_Sequences,5300,6500,5400,6400,computed,warn,5300,6500,5348.86,6425.07,5348.86,6425.07,5627.13,6316.91
Bacillus wiedmannii,qualibact-v1.0,Completeness_Specific,98,,100,100,computed,warn,98,,98.82,100,99.9987,100,98.82,99.41
Bacillus wiedmannii,qualibact-v1.0,Contamination,,2,0,1,computed,warn,,2,0,1.76,0,1.0087999999999966,0.0321,1.7188999999999997
Bacillus wiedmannii,qualibact-v1.0,N50,29000,,52000,571822.47,computed,warn,29000,,29449.84,571822.47,29449.84,571822.47,,
Bacillus wiedmannii,qualibact-v1.0,no_of_contigs,,510,46.74,360,computed,warn,,510,46.74,500.04,46.74,500.0399999999995,,
Bacillus wiedmannii,qualibact-v1.0,longest,,,202298.74,1474879.27,computed,warn,,,202298.74,1474879.27,202298.74,1474879.2699999998,,
Bacteroides caccae,qualibact-v1.0,Genome_Size,4500000,5900000,4600000,5700000,computed,warn,4500000,5900000,4570799,5846745.36,4591572.18,5846745.359999999,4570799.1,5487802.375
Bacteroides caccae,qualibact-v1.0,GC_Content,41.88,42.98,42,42.9,computed,warn,41.88,42.98,41.8835,42.9703,41.883466,42.970332,41.9047075,42.825565
Bacteroides caccae,qualibact-v1.0,Total_Coding_Sequences,3600,5100,3800,4900,computed,warn,3600,5100,3683.92,5092.68,3683.92,5092.679999999998,3699.05,4583.45
Bacteroides caccae,qualibact-v1.0,Completeness_Specific,94,,99,100,computed,warn,94,,94.54,100,98.0484,100,94.58825,96.60775
Bacteroides caccae,qualibact-v1.0,Contamination,,6,0.11,2,computed,warn,,6,0.11,5.19,0.11,2.130999999999999,0.90275,5.085499999999999
Bacteroides caccae,qualibact-v1.0,N50,16000,,82000,611279.88,computed,warn,16000,,16368.04,611279.88,16368.039999999999,611279.879999998,,
Bacteroides caccae,qualibact-v1.0,no_of_contigs,,630,32.98,320,computed,warn,,630,32.98,627.22,32.98,627.2199999999998,,
Bacteroides caccae,qualibact-v1.0,longest,,,66552.08,1243280.26,computed,warn,,,66552.08,1243280.26,66552.08,1243280.2599999988,,
Bacteroides cellulosilyticus,qualibact-v1.0,Genome_Size,6500000,7700000,6600000,7600000,computed,warn,6500000,7700000,6593690.86,7611019.97,6593690.86,7611019.97,6835655.84,7267348.1
Bacteroides cellulosilyticus,qualibact-v1.0,GC_Content,42.44,43.28,42.52,43.25,computed,warn,42.44,43.28,42.4427,43.2754,42.442726,43.275388,42.696096,43.216595999999996
Bacteroides cellulosilyticus,qualibact-v1.0,Total_Coding_Sequences,4900,6100,5000,6100,computed,warn,4900,6100,4981.5,6026.95,4981.5,6026.95,5003.08,5613.38
Bacteroides cellulosilyticus,qualibact-v1.0,Completeness_Specific,99,,99,100,computed,warn,99,,99.68,100,99.6808,100,100,100
Bacteroides cellulosilyticus,qualibact-v1.0,Contamination,,4,0.35,3,computed,warn,,4,0.35,3.14,0.4204,3.1385000000000014,0.3503,0.46909999999999996
Bacteroides cellulosilyticus,qualibact-v1.0,N50,50000,,56000,678982.44,computed,warn,50000,,50135.15,678982.44,50135.15,678982.4400000001,,
Bacteroides cellulosilyticus,qualibact-v1.0,no_of_contigs,,500,36.03,350,computed,warn,,500,36.03,496.85,36.03,496.85000000000105,,
Bacteroides cellulosilyticus,qualibact-v1.0,longest,,,158699.52,1631561.22,computed,warn,,,158699.52,1631561.22,158699.52,1631561.22,,
Bacteroides fragilis,qualibact-v1.0,Genome_Size,4800000,5800000,4800000,5600000,computed,info,4800000,5800000,4865230.86,5734009,4865230.86,5659723.399999999,4907445.575,5711555.625
Bacteroides fragilis,qualibact-v1.0,GC_Content,43.05,43.85,43.13,43.77,computed,info,43.05,43.85,43.0502,43.8456,43.050192,43.812204,43.114217499999995,43.8210475
Bacteroides fragilis,qualibact-v1.0,Total_Coding_Sequences,3900,5100,4000,4900,computed,info,3900,5100,3961,5011.7,3997.44,5011.7,3975.525,4915.125
Bacteroides fragilis,qualibact-v1.0,Completeness_Specific,95,,99,100,computed,info,95,,95.73,100,99.6584,100,96.01,99.39
Bacteroides fragilis,qualibact-v1.0,Contamination,,6,0.08,4,computed,info,,6,0.08,5.98,0.0846,5.9823999999999975,0.11,1.9147500000000013
Bacteroides fragilis,qualibact-v1.0,N50,23000,,38000,921128.48,computed,info,23000,,23570.34,921128.48,23570.34,921128.48,,
Bacteroides fragilis,qualibact-v1.0,no_of_contigs,,490,26.46,330,computed,info,,490,26.46,487.32,26.46,487.3199999999997,,
Bacteroides fragilis,qualibact-v1.0,longest,,,96517.92,1977046.14,computed,info,,,96517.92,1977046.14,96517.92,1977046.139999999,,
Bacteroides ovatus,qualibact-v1.0,Genome_Size,6200000,7700000,6300000,7700000,computed,info,6200000,7700000,6214252.02,7689550.5,6214252.02,7689550.495,6472390.825,7229048.285
Bacteroides ovatus,qualibact-v1.0,GC_Content,41.49,42.45,41.52,42.29,computed,info,41.49,42.45,41.4918,42.4413,41.4918295,42.441339500000005,41.619820499999996,42.257725
Bacteroides ovatus,qualibact-v1.0,Total_Coding_Sequences,4700,6400,4800,6300,computed,info,4700,6400,4753.77,6335.02,4753.775,6335.015,4925,5907.34
Bacteroides ovatus,qualibact-v1.0,Completeness_Specific,92,,99,100,computed,info,92,,92.77,100,99.63865,100,92.83695,99.5196
Bacteroides ovatus,qualibact-v1.0,Contamination,,4,0.18,3,computed,info,,4,0.18,3.78,0.27985000000000004,3.783899999999996,0.19169999999999998,3.057
Bacteroides ovatus,qualibact-v1.0,N50,46000,,78000,487837.38,computed,info,46000,,46646.58,487837.38,46646.575,487837.38,,
Bacteroides ovatus,qualibact-v1.0,no_of_contigs,,430,60,320,computed,info,,430,60,428.15,60,428.14999999999986,,
Bacteroides ovatus,qualibact-v1.0,longest,,,177476.14,1068996.21,computed,info,,,177476.14,1068996.21,177476.135,1068996.2099999997,,
Bacteroides stercoris,qualibact-v1.0,Genome_Size,3400000,4800000,3600000,4400000,computed,warn,3400000,4800000,3474255.69,4734765,3474255.69,4477804.159999999,3885067.05,4727496.66
Bacteroides stercoris,qualibact-v1.0,GC_Content,45.53,46.41,45.62,46.31,computed,warn,45.53,46.41,45.5382,46.4007,45.538248,46.400718,45.727099,45.855007
Bacteroides stercoris,qualibact-v1.0,Total_Coding_Sequences,2900,4100,3000,4000,computed,warn,2900,4100,2909.29,4096,2909.29,4064.43,3256.41,4089
Bacteroides stercoris,qualibact-v1.0,Completeness_Specific,92,,95,99.99,computed,warn,92,,92.09,99.99,93.402,99.99,92.1268,97.9282
Bacteroides stercoris,qualibact-v1.0,Contamination,,10,0.09,2,computed,warn,,10,0.09,9.66,0.09240000000000001,3.2670999999999975,1.7962,9.6172
Bacteroides stercoris,qualibact-v1.0,N50,24000,,30000,447311.09,computed,warn,24000,,24125.73,447311.09,24125.73,447311.08999999985,,
Bacteroides stercoris,qualibact-v1.0,no_of_contigs,,360,45.91,310,computed,warn,,360,45.91,352.57,45.910000000000004,352.56999999999977,,
Bacteroides stercoris,qualibact-v1.0,longest,,,93068.37,813460.62,computed,warn,,,93068.37,813460.62,93068.37,813460.62,,
Bacteroides thetaiotaomicron,qualibact-v1.0,Genome_Size,5800000,7200000,5900000,7100000,computed,info,5800000,7200000,5830764,7105646.68,5897055.225,7105646.675,5842758.51,6896733.875
Bacteroides thetaiotaomicron,qualibact-v1.0,GC_Content,42.5,43.33,42.62,43.22,computed,info,42.5,43.33,42.5059,43.3218,42.505927500000006,43.321815,42.579204000000004,43.169703000000005
Bacteroides thetaiotaomicron,qualibact-v1.0,Total_Coding_Sequences,4400,6100,4600,6000,computed,info,4400,6100,4420,6081.13,4601.4,6081.125000000002,4436.815,5529.905
Bacteroides thetaiotaomicron,qualibact-v1.0,Completeness_Specific,90,,99,100,computed,info,90,,90.44,100,99.05675,100,90.6908,98.12429999999999
Bacteroides thetaiotaomicron,qualibact-v1.0,Contamination,,4,0.14,3,computed,info,,4,0.14,3.97,0.14,3.9650000000000047,0.41,1.88765
Bacteroides thetaiotaomicron,qualibact-v1.0,N50,28000,,64000,629856.1,computed,info,28000,,28640.42,629856.1,28640.425,629856.1000000003,,
Bacteroides thetaiotaomicron,qualibact-v1.0,no_of_contigs,,500,45,300,computed,info,,500,45,494.85,45,494.85000000000105,,
Bacteroides thetaiotaomicron,qualibact-v1.0,longest,,,100008.55,1310534.53,computed,info,,,100008.55,1310534.53,100008.55,1310534.5250000001,,
Bacteroides uniformis,qualibact-v1.0,Genome_Size,4200000,5500000,4300000,5300000,computed,info,4200000,5500000,4269551.16,5471617,4269551.16,5386805.479999999,4289600.65,5464988.399999999
Bacteroides uniformis,qualibact-v1.0,GC_Content,45.96,46.79,46.06,46.71,computed,info,45.96,46.79,45.963,46.7816,45.963035999999995,46.7816,46.205625,46.620295
Bacteroides uniformis,qualibact-v1.0,Total_Coding_Sequences,3400,4900,3600,4700,computed,info,3400,4900,3454,4809.08,3514.24,4809.079999999998,3460.55,4737.85
Bacteroides uniformis,qualibact-v1.0,Completeness_Specific,91,,99,100,computed,info,91,,91.84,100,99.6948,100,91.85000000000001,98.3725
Bacteroides uniformis,qualibact-v1.0,Contamination,,9,0.07,3,computed,info,,9,0.07,8.92,0.07,4.964399999999985,0.5,8.873999999999999
Bacteroides uniformis,qualibact-v1.0,N50,23000,,50000,593322.12,computed,info,23000,,23695.88,593322.12,23695.88,593322.1199999993,,
Bacteroides uniformis,qualibact-v1.0,no_of_contigs,,470,29,330,computed,info,,470,29,463.64,29,463.63999999999965,,
Bacteroides uniformis,qualibact-v1.0,longest,,,87700.88,1295966.08,computed,info,,,87700.88,1295966.08,87700.88,1295966.08,,
Bacteroides xylanisolvens,qualibact-v1.0,Genome_Size,5600000,7000000,5600000,6900000,computed,warn,5600000,7000000,5682867.12,6943858.57,5682867.12,6943858.57,5876093.85,6824862.63
Bacteroides xylanisolvens,qualibact-v1.0,GC_Content,41.5,42.69,41.61,42.57,computed,warn,41.5,42.69,41.5071,42.689,41.507085,42.689045,41.819194,42.237660500000004
Bacteroides xylanisolvens,qualibact-v1.0,Total_Coding_Sequences,4400,6000,4400,5800,computed,warn,4400,6000,4420.44,5991.03,4420.44,5991.03,4586.405,5545.415
Bacteroides xylanisolvens,qualibact-v1.0,Completeness_Specific,94,,99,100,computed,warn,94,,94.34,100,99.4015,100,94.4768,98.85785
Bacteroides xylanisolvens,qualibact-v1.0,Contamination,,9,0.08,4,computed,warn,,9,0.08,8.27,0.0786,4.607499999999998,0.81255,8.22365
Bacteroides xylanisolvens,qualibact-v1.0,N50,16000,,19000,219158.62,computed,warn,16000,,16145.43,219158.62,16145.43,219158.61999999994,,
Bacteroides xylanisolvens,qualibact-v1.0,no_of_contigs,,980,87.86,790,computed,warn,,980,87.86,975.21,87.86,975.21,,
Bacteroides xylanisolvens,qualibact-v1.0,longest,,,82706.37,734259.74,computed,warn,,,82706.37,734259.74,82706.37,734259.74,,
Bartonella krasnovii,qualibact-v1.0,Genome_Size,2000000,2300000,2100000,2200000,computed,warn,2000000,2300000,2047560,2204146.5,2113790.5,2204146.5,2048684.89,2186463.83
Bartonella krasnovii,qualibact-v1.0,GC_Content,37.86,38.24,38.08,38.14,computed,warn,37.86,38.24,37.8612,38.2307,38.025400000000005,38.1493,37.862460999999996,38.230661
Bartonella krasnovii,qualibact-v1.0,Total_Coding_Sequences,1600,2100,1900,2100,computed,warn,1600,2100,1686,2014,1849,2014,1686.195,1863.61
Bartonella krasnovii,qualibact-v1.0,Completeness_Specific,94,,100,100,computed,warn,94,,94.1,100,100,100,94.4627,99.81
Bartonella krasnovii,qualibact-v1.0,Contamination,,2,0.13,2,computed,warn,,2,0.13,1.58,0.18,1.58,0.13,0.13
Bartonella krasnovii,qualibact-v1.0,N50,60000,,64000,150794.5,computed,warn,60000,,60570.5,150794.5,60570.5,150794.5,,
Bartonella krasnovii,qualibact-v1.0,no_of_contigs,,290,120.5,280,computed,warn,,290,120.5,283,120.5,283,,
Bartonella krasnovii,qualibact-v1.0,longest,,,214251,392277.5,computed,warn,,,214251,392277.5,214251,392277.5,,
Bifidobacterium adolescentis,qualibact-v1.0,Genome_Size,2000000,2500000,2000000,2500000,computed,info,2000000,2500000,2015787,2436461.08,2055395.58,2436461.08,2019249.75,2399208.65
Bifidobacterium adolescentis,qualibact-v1.0,GC_Content,58.86,60.11,59.06,59.94,computed,info,58.86,60.11,58.8608,60.1096,58.860794,60.109592,59.027375,59.8424575
Bifidobacterium adolescentis,qualibact-v1.0,Total_Coding_Sequences,1600,2200,1600,2100,computed,info,1600,2200,1623.54,2124,1623.54,2072,1683,2113.4249999999997
Bifidobacterium adolescentis,qualibact-v1.0,Completeness_Specific,92,,99,100,computed,info,92,,92.26,100,99.92,100,92.50075000000001,99.84
Bifidobacterium adolescentis,qualibact-v1.0,Contamination,,7,0.02,1,computed,info,,7,0.02,6.02,0.02,0.95,0.519,5.9232499999999995
Bifidobacterium adolescentis,qualibact-v1.0,N50,65000,,96000,1335685.86,computed,info,65000,,65511.18,1335685.86,65511.18,1335685.8600000003,,
Bifidobacterium adolescentis,qualibact-v1.0,no_of_contigs,,80,11,70,computed,info,,80,11,75.46,11,75.46000000000004,,
Bifidobacterium adolescentis,qualibact-v1.0,longest,,,200332.1,1335685.86,computed,info,,,200332.1,1335685.86,200332.1,1335685.8600000003,,
Bifidobacterium animalis,qualibact-v1.0,Genome_Size,1900000,2100000,1900000,2000000,computed,warn,1900000,2100000,1915366.2,2027369,1915366.2,1925679.5,1931229.5,2008075.4000000001
Bifidobacterium animalis,qualibact-v1.0,GC_Content,60.21,60.65,60.45,60.49,computed,warn,60.21,60.65,60.2133,60.6437,60.429317499999996,60.4937775,60.29163,60.6398
Bifidobacterium animalis,qualibact-v1.0,Total_Coding_Sequences,1500,1700,1500,1600,computed,warn,1500,1700,1559.82,1684,1559.825,1576.35,1596.3,1673.5
Bifidobacterium animalis,qualibact-v1.0,Completeness_Specific,94,,99,99.9,computed,warn,94,,94.8,99.9,99.75825,99.9,94.896,98.97
Bifidobacterium animalis,qualibact-v1.0,Contamination,,4,0.14,1,computed,warn,,4,0.14,3.15,0.14,0.2417500000000001,0.27,2.6220000000000048
Bifidobacterium animalis,qualibact-v1.0,N50,62000,,105000,1022904.18,computed,warn,62000,,62542.52,1022904.18,62542.525,1022904.175,,
Bifidobacterium animalis,qualibact-v1.0,no_of_contigs,,50,12.82,40,computed,warn,,50,12.82,49.58,12.825,49.5750000000001,,
Bifidobacterium animalis,qualibact-v1.0,longest,,,173559.02,1022904.18,computed,warn,,,173559.02,1022904.18,173559.025,1022904.175,,
Bifidobacterium bifidum,qualibact-v1.0,Genome_Size,2100000,2600000,2100000,2400000,computed,warn,2100000,2600000,2123327.31,2503841,2123327.305,2452480.204999999,2152810.2,2487478
Bifidobacterium bifidum,qualibact-v1.0,GC_Content,62.4,62.9,62.51,62.87,computed,warn,62.4,62.9,62.4082,62.8958,62.4082455,62.895845,62.53166,62.80148
Bifidobacterium bifidum,qualibact-v1.0,Total_Coding_Sequences,1700,2300,1700,2000,computed,warn,1700,2300,1707.58,2215,1707.58,2088.934999999999,1793.6,2198.7
Bifidobacterium bifidum,qualibact-v1.0,Completeness_Specific,92,,99,99.99,computed,warn,92,,92.03,99.99,99.77145,99.99,92.266,97.25
Bifidobacterium bifidum,qualibact-v1.0,Contamination,,5,0.11,1,computed,warn,,5,0.11,4.32,0.11,0.3956499999999997,0.24,4.077999999999997
Bifidobacterium bifidum,qualibact-v1.0,N50,66000,,85000,604522.76,computed,warn,66000,,66462.28,604522.76,66462.285,604522.765,,
Bifidobacterium bifidum,qualibact-v1.0,no_of_contigs,,70,7,60,computed,warn,,70,7,66.71,7,66.70999999999998,,
Bifidobacterium bifidum,qualibact-v1.0,longest,,,167855.74,898847,computed,warn,,,167855.74,898847,167855.735,898847,,
Bifidobacterium breve,qualibact-v1.0,Genome_Size,2200000,2600000,2200000,2600000,computed,error,2200000,2600000,2201029.24,2589602,2201029.24,2567900.91,2252905.51,2574080.91
Bifidobacterium breve,qualibact-v1.0,GC_Content,58.52,59.38,58.57,59,computed,error,58.52,59.38,58.5259,59.3758,58.533170500000004,59.041239,58.531497,59.351614
Bifidobacterium breve,qualibact-v1.0,Total_Coding_Sequences,1800,2400,1800,2300,computed,error,1800,2400,1841.89,2373.14,1841.89,2373.135,1945.32,2367.65
Bifidobacterium breve,qualibact-v1.0,Completeness_Specific,94,,99,99.99,computed,error,94,,94.77,99.99,99.12724999999999,99.99,95.00489999999999,99.61
Bifidobacterium breve,qualibact-v1.0,Contamination,,13,0.01,11,computed,error,,13,0.01,12.52,0.01,12.521650000000013,0.17609999999999998,4.0037
Bifidobacterium breve,qualibact-v1.0,N50,11000,,15000,653201.76,computed,error,11000,,11861.74,653201.76,11861.74,653201.765,,
Bifidobacterium breve,qualibact-v1.0,no_of_contigs,,410,7,320,computed,error,,410,7,403.06,7,403.055,,
Bifidobacterium breve,qualibact-v1.0,longest,,,46725.58,998054.69,computed,error,,,46725.58,998054.69,46725.58,998054.6850000005,,
Bifidobacterium dentium,qualibact-v1.0,Genome_Size,2400000,2800000,2400000,2800000,computed,warn,2400000,2800000,2415656.9,2758140,2415656.9,2709220.805,2536579.875,2757490.35
Bifidobacterium dentium,qualibact-v1.0,GC_Content,58.16,58.88,58.19,58.7,computed,warn,58.16,58.88,58.1655,58.8791,58.165544499999996,58.733960499999995,58.299285,58.860155
Bifidobacterium dentium,qualibact-v1.0,Total_Coding_Sequences,1900,2500,2000,2300,computed,warn,1900,2500,1937.24,2403,1937.24,2304.935,2109.45,2400.225
Bifidobacterium dentium,qualibact-v1.0,Completeness_Specific,88,,99,99.99,computed,warn,88,,88.19,99.99,99.83,99.99,88.22075,96.91
Bifidobacterium dentium,qualibact-v1.0,Contamination,,6,0.14,2,computed,warn,,6,0.14,5.58,0.15,1.71,0.14,5.5335
Bifidobacterium dentium,qualibact-v1.0,N50,101000,,110000,436649.16,computed,warn,101000,,101656.38,436649.16,101656.385,436649.1599999999,,
Bifidobacterium dentium,qualibact-v1.0,no_of_contigs,,60,11.27,50,computed,warn,,60,11.27,51.36,11.27,51.364999999999995,,
Bifidobacterium dentium,qualibact-v1.0,longest,,,211246.89,772404.78,computed,warn,,,211246.89,772404.78,211246.89,772404.7849999998,,
Bifidobacterium longum,qualibact-v1.0,Genome_Size,2200000,2900000,2200000,2600000,computed,info,2200000,2900000,2206926.28,2832850,2206926.275,2683191.55,2250184.5,2832792.37
Bifidobacterium longum,qualibact-v1.0,GC_Content,59.13,60.42,59.65,60.32,computed,info,59.13,60.42,59.1311,60.4123,59.5360925,60.4123075,59.178786,60.3819085
Bifidobacterium longum,qualibact-v1.0,Total_Coding_Sequences,1700,2700,1800,2300,computed,info,1700,2700,1797,2672,1797,2361.5749999999994,1893.13,2671.435
Bifidobacterium longum,qualibact-v1.0,Completeness_Specific,93,,99,99.99,computed,info,93,,93.46,99.99,99.7055,99.99,94.8838,99.85
Bifidobacterium longum,qualibact-v1.0,Contamination,,3,0,1,computed,info,,3,0,2.58,0,1.2112499999999955,0.16,2.4175999999999993
Bifidobacterium longum,qualibact-v1.0,N50,55000,,67000,448763,computed,info,55000,,55516.3,448763,55516.3,448763,,
Bifidobacterium longum,qualibact-v1.0,no_of_contigs,,150,17,130,computed,info,,150,17,143.9,17,143.89999999999964,,
Bifidobacterium longum,qualibact-v1.0,longest,,,122953,949227.12,computed,info,,,122953,949227.12,122953,949227.125,,
Bifidobacterium pseudocatenulatum,qualibact-v1.0,Genome_Size,2100000,2600000,2100000,2500000,computed,info,2100000,2600000,2104196.65,2556908,2104196.65,2478286.96,2192450.2,2545610.32
Bifidobacterium pseudocatenulatum,qualibact-v1.0,GC_Content,56.1,56.89,56.17,56.78,computed,info,56.1,56.89,56.1033,56.8836,56.103288,56.883626,56.325131999999996,56.821032
Bifidobacterium pseudocatenulatum,qualibact-v1.0,Total_Coding_Sequences,1600,2300,1700,2100,computed,info,1600,2300,1697,2238,1697,2107.63,1801.72,2224.32
Bifidobacterium pseudocatenulatum,qualibact-v1.0,Completeness_Specific,93,,99,100,computed,info,93,,93.55,100,99.9079,100,93.89959999999999,98.82
Bifidobacterium pseudocatenulatum,qualibact-v1.0,Contamination,,2,0.16,1,computed,info,,2,0.16,1.63,0.28,1.4373000000000047,0.16,1.5565000000000007
Bifidobacterium pseudocatenulatum,qualibact-v1.0,N50,58000,,89000,1504678.69,computed,info,58000,,58668.73,1504678.69,58668.73,1504678.6900000004,,
Bifidobacterium pseudocatenulatum,qualibact-v1.0,no_of_contigs,,90,12,80,computed,info,,90,12,85.42,12,85.42000000000007,,
Bifidobacterium pseudocatenulatum,qualibact-v1.0,longest,,,160281.97,1504678.69,computed,info,,,160281.97,1504678.69,160281.97,1504678.6900000004,,
Bordetella pertussis,qualibact-v1.0,Genome_Size,3700000,4400000,3800000,3900000,computed,info,3700000,4400000,3780197.02,4386396,3780197.025,3907948.525000001,4082556.22,4279075.744999999
Bordetella pertussis,qualibact-v1.0,GC_Content,67.61,67.93,67.72,67.9,computed,info,67.61,67.93,67.6134,67.927,67.61335,67.92698999999999,67.688074,67.75359350000001
Bordetella pertussis,qualibact-v1.0,Total_Coding_Sequences,3600,4300,3600,4000,computed,info,3600,4300,3662,4249,3662,4008.4500000000007,3922.435,4122.344999999999
Bordetella pertussis,qualibact-v1.0,Completeness_Specific,91,,99,99.98,computed,info,91,,91.86,99.98,96.12825000000001,99.98,93.8596,98.35
Bordetella pertussis,qualibact-v1.0,Contamination,,8,0.31,2,computed,info,,8,0.31,7.67,0.67,1.57,0.33,4.055649999999999
Bordetella pertussis,qualibact-v1.0,N50,12000,,15000,23245,computed,info,12000,,12188.9,23245,12188.9,23245,,
Bordetella pertussis,qualibact-v1.0,no_of_contigs,,530,269,410,computed,info,,530,269,524.73,269,524.7250000000004,,
Bordetella pertussis,qualibact-v1.0,longest,,,47055.68,76384.73,computed,info,,,47055.68,76384.73,47055.674999999996,76384.725,,
Borreliella afzelii,qualibact-v1.0,Genome_Size,900000,1500000,1200000,1500000,computed,warn,900000,1500000,918834,1440562.6,1228694.295,1440562.595,920210.36,1402383.8
Borreliella afzelii,qualibact-v1.0,GC_Content,27.59,28.3,27.66,28.13,computed,warn,27.59,28.3,27.5965,28.2922,27.596525500000002,28.1469925,27.902728000000003,28.28999
Borreliella afzelii,qualibact-v1.0,Total_Coding_Sequences,800,1700,1300,1700,computed,warn,800,1700,866,1674.3,1224.14,1674.305,867.66,1443.26
Borreliella afzelii,qualibact-v1.0,Completeness_Specific,95,,96,99.52,computed,warn,95,,95.58,99.52,95.58085,99.4944,98.9704,99.5176
Borreliella afzelii,qualibact-v1.0,Contamination,,2,0.09,2,computed,warn,,2,0.09,1.95,0.28035,1.9513500000000004,0.09,0.2566
Borreliella afzelii,qualibact-v1.0,N50,15000,,19000,436252.19,computed,warn,15000,,15515.3,436252.19,15515.3,436252.19,,
Borreliella afzelii,qualibact-v1.0,no_of_contigs,,430,113.68,410,computed,warn,,430,113.68,422.92,113.68,422.915,,
Borreliella afzelii,qualibact-v1.0,longest,,,49971.73,515994.51,computed,warn,,,49971.73,515994.51,49971.73,515994.50500000117,,
Borreliella burgdorferi,qualibact-v1.0,Genome_Size,900000,1600000,1100000,1500000,computed,warn,900000,1600000,906733,1540680.21,1088946.59,1540680.2050000005,907873.855,1528274.345
Borreliella burgdorferi,qualibact-v1.0,GC_Content,27.93,31.06,27.96,30.08,computed,warn,27.93,31.06,27.933,31.0516,27.932965,31.051614,28.010577,28.61437
Borreliella burgdorferi,qualibact-v1.0,Total_Coding_Sequences,800,1900,1200,1800,computed,warn,800,1900,855,1804.14,1104.325,1804.140000000003,855.855,1581.585
Borreliella burgdorferi,qualibact-v1.0,Completeness_Specific,88,,93,99.87,computed,warn,88,,88.72,99.87,88.71645000000001,99.25355,97.8198,99.87
Borreliella burgdorferi,qualibact-v1.0,Contamination,,9,0.14,2,computed,warn,,9,0.14,8.33,0.14,1.9771500000000104,2.78,8.33
Borreliella burgdorferi,qualibact-v1.0,N50,3000,,6000,909750.39,computed,warn,3000,,3825.04,909750.39,3825.035,909750.39,,
Borreliella burgdorferi,qualibact-v1.0,no_of_contigs,,750,75.66,590,computed,warn,,750,75.66,744.36,75.66,744.3550000000005,,
Borreliella burgdorferi,qualibact-v1.0,longest,,,23810.56,909750.39,computed,warn,,,23810.56,909750.39,23810.565,909750.39,,
Borreliella garinii,qualibact-v1.0,Genome_Size,900000,1500000,1100000,1500000,computed,error,900000,1500000,902487,1462438.82,1082343.86,1462438.82,902497.57,1229072.615
Borreliella garinii,qualibact-v1.0,GC_Content,27.57,28.56,27.59,28.26,computed,error,27.57,28.56,27.5778,28.5525,27.5777995,28.552535999999996,28.009619999999998,28.386881
Borreliella garinii,qualibact-v1.0,Total_Coding_Sequences,800,1800,1000,1700,computed,error,800,1800,854,1730.37,1027.895,1730.3699999999997,854.035,1210.65
Borreliella garinii,qualibact-v1.0,Completeness_Specific,93,,94,99.56,computed,error,93,,93.42,99.56,93.42360000000001,99.46069999999999,98.77120000000001,99.55825
Borreliella garinii,qualibact-v1.0,Contamination,,3,0.03,1,computed,error,,3,0.03,2.71,0.3197,2.710749999999999,0.03085,0.19915000000000002
Borreliella garinii,qualibact-v1.0,N50,12000,,25000,692791.48,computed,error,12000,,12341.45,692791.48,12341.45,692791.485,,
Borreliella garinii,qualibact-v1.0,no_of_contigs,,450,22,310,computed,error,,450,22,445.4,21.995,445.40499999999963,,
Borreliella garinii,qualibact-v1.0,longest,,,44912.78,692791.48,computed,error,,,44912.78,692791.48,44912.785,692791.485,,
Brachyspira hyodysenteriae,qualibact-v1.0,Genome_Size,2900000,3300000,3000000,3200000,computed,warn,2900000,3300000,2988879.33,3277544,2988879.33,3166779.6,3023162.5,3264077.26
Brachyspira hyodysenteriae,qualibact-v1.0,GC_Content,26.98,27.41,26.99,27.25,computed,warn,26.98,27.41,26.982,27.4012,26.984506,27.401243,26.982077,27.102953000000003
Brachyspira hyodysenteriae,qualibact-v1.0,Total_Coding_Sequences,2500,3000,2500,3000,computed,warn,2500,3000,2595.46,2987,2595.46,2960.59,2635.14,2967.47
Brachyspira hyodysenteriae,qualibact-v1.0,Completeness_Specific,93,,100,100,computed,warn,93,,93.89,100,100,100,93.9166,97.902
Brachyspira hyodysenteriae,qualibact-v1.0,Contamination,,2,0.31,1,computed,warn,,2,0.31,1.45,0.36,0.9135000000000005,0.3149,1.4458
Brachyspira hyodysenteriae,qualibact-v1.0,N50,11000,,15000,558084.81,computed,warn,11000,,11271.46,558084.81,11271.46,558084.81,,
Brachyspira hyodysenteriae,qualibact-v1.0,no_of_contigs,,460,27.46,390,computed,warn,,460,27.46,454.32,27.46,454.32000000000016,,
Brachyspira hyodysenteriae,qualibact-v1.0,longest,,,47344.13,1223654.67,computed,warn,,,47344.13,1223654.67,47344.13,1223654.6700000013,,
Bradyrhizobium diazoefficiens,qualibact-v1.0,Genome_Size,7100000,9800000,7100000,9300000,computed,warn,7100000,9800000,7134258.54,9796986,7134258.54,9371680.01,7908141.575,9704649.625
Bradyrhizobium diazoefficiens,qualibact-v1.0,GC_Content,63.36,64.17,63.88,64.15,computed,warn,63.36,64.17,63.3646,64.1601,63.8684,64.160134,63.571197500000004,64.119415
Bradyrhizobium diazoefficiens,qualibact-v1.0,Total_Coding_Sequences,6600,9400,6600,8800,computed,warn,6600,9400,6634,9305,6634,8833.6,7475.675,9215.3
Bradyrhizobium diazoefficiens,qualibact-v1.0,Completeness_Specific,97,,100,100,computed,warn,97,,97.54,100,99.99,100,97.5745,99.99
Bradyrhizobium diazoefficiens,qualibact-v1.0,Contamination,,2,0.04,1,computed,warn,,2,0.04,1.34,0.08,0.7204000000000002,0.1882,1.2544999999999988
Bradyrhizobium diazoefficiens,qualibact-v1.0,N50,55000,,73000,524908.17,computed,warn,55000,,55670.64,524908.17,55670.64,524908.17,,
Bradyrhizobium diazoefficiens,qualibact-v1.0,no_of_contigs,,370,77,320,computed,warn,,370,77,360.14,77,360.14,,
Bradyrhizobium diazoefficiens,qualibact-v1.0,longest,,,185639.04,1743347.87,computed,warn,,,185639.04,1743347.87,185639.04,1743347.87,,
Brucella melitensis,qualibact-v1.0,Genome_Size,3200000,3400000,3200000,3400000,computed,info,3200000,3400000,3245859.6,3317103,3245859.6,3308696.33,3274830.54,3316382.14
Brucella melitensis,qualibact-v1.0,GC_Content,57.21,57.29,57.22,57.28,computed,info,57.21,57.29,57.2132,57.2837,57.213236,57.2837,57.213352,57.247893999999995
Brucella melitensis,qualibact-v1.0,Total_Coding_Sequences,3000,3300,3000,3200,computed,info,3000,3300,3068,3252,3068,3169.985,3212.14,3252
Brucella melitensis,qualibact-v1.0,Completeness_Specific,95,,99,100,computed,info,95,,95.6,100,99.99,100,95.9078,98.56
Brucella melitensis,qualibact-v1.0,Contamination,,1,0.06,1,computed,info,,1,0.06,0.89,0.06,0.66,0.34,0.8444000000000006
Brucella melitensis,qualibact-v1.0,N50,83000,,122000,531416,computed,info,83000,,83581.2,531416,83581.195,531416,,
Brucella melitensis,qualibact-v1.0,no_of_contigs,,80,21,70,computed,info,,80,21,79,21,79,,
Brucella melitensis,qualibact-v1.0,longest,,,230908.08,1101508.13,computed,info,,,230908.08,1101508.13,230908.085,1101508.1300000001,,
Burkholderia cenocepacia,qualibact-v1.0,Genome_Size,6600000,8800000,7400000,8400000,computed,warn,6600000,8800000,6654975.55,8731481,6654975.55,8696069.68,7104685.4,8676171.44
Burkholderia cenocepacia,qualibact-v1.0,GC_Content,66.38,67.55,66.62,67.49,computed,warn,66.38,67.55,66.3876,67.5417,66.387591,67.54168800000001,66.553008,67.3831
Burkholderia cenocepacia,qualibact-v1.0,Total_Coding_Sequences,6100,8200,6600,7800,computed,warn,6100,8200,6102.39,8115,6102.39,8005.785,6512.12,8065.08
Burkholderia cenocepacia,qualibact-v1.0,Completeness_Specific,92,,100,100,computed,warn,92,,92.44,100,99.99,100,92.5252,99.3064
Burkholderia cenocepacia,qualibact-v1.0,Contamination,,5,0,3,computed,warn,,5,0,4.88,0,2.3618999999999994,0.6796,4.773199999999999
Burkholderia cenocepacia,qualibact-v1.0,N50,23000,,33000,405057,computed,warn,23000,,23141.74,405057,23141.74,405057,,
Burkholderia cenocepacia,qualibact-v1.0,no_of_contigs,,730,71.62,550,computed,warn,,730,71.62,726.19,71.62,726.1899999999999,,
Burkholderia cenocepacia,qualibact-v1.0,longest,,,94233.9,1069487.88,computed,warn,,,94233.9,1069487.88,94233.905,1069487.88,,
Burkholderia cepacia,qualibact-v1.0,Genome_Size,6400000,9500000,7300000,9400000,computed,warn,6400000,9500000,6467321,9452125.95,7095302.07,9452125.95,6576078.625,8943021.25
Burkholderia cepacia,qualibact-v1.0,GC_Content,65.86,67.03,65.91,66.96,computed,warn,65.86,67.03,65.8623,67.0285,65.862349,67.028533,66.38876250000001,66.8985
Burkholderia cepacia,qualibact-v1.0,Total_Coding_Sequences,5900,8800,6600,8700,computed,warn,5900,8800,5979,8770.19,6433.89,8770.19,6063,8183.875
Burkholderia cepacia,qualibact-v1.0,Completeness_Specific,94,,100,100,computed,warn,94,,94.42,100,99.99,100,94.7125,99.97
Burkholderia cepacia,qualibact-v1.0,Contamination,,5,0,2,computed,warn,,5,0,4.35,0,1.9772999999999998,0.6900000000000001,4.2225
Burkholderia cepacia,qualibact-v1.0,N50,78000,,94000,664593.86,computed,warn,78000,,78993.84,664593.86,78993.84,664593.86,,
Burkholderia cepacia,qualibact-v1.0,no_of_contigs,,350,51.08,250,computed,warn,,350,51.08,347.62,51.08,347.61999999999904,,
Burkholderia cepacia,qualibact-v1.0,longest,,,253743.81,1616765.07,computed,warn,,,253743.81,1616765.07,253743.81,1616765.07,,
Burkholderia contaminans,qualibact-v1.0,Genome_Size,7000000,9900000,7300000,9400000,computed,warn,7000000,9900000,7026270,9832642.07,7053374.78,9832642.069999998,7090835.49,9419683.69
Burkholderia contaminans,qualibact-v1.0,GC_Content,65.75,72.02,65.79,69.97,computed,warn,65.75,72.02,65.7592,72.0124,65.759207,72.012416,65.811145,66.82830100000001
Burkholderia contaminans,qualibact-v1.0,Total_Coding_Sequences,6300,9100,6600,8700,computed,warn,6300,9100,6377.03,9028.39,6377.03,9028.389999999998,6502.98,8709.07
Burkholderia contaminans,qualibact-v1.0,Completeness_Specific,93,,99,100,computed,warn,93,,93.76,100,99.9389,100,93.7842,100
Burkholderia contaminans,qualibact-v1.0,Contamination,,3,0,3,computed,warn,,3,0,2.62,0,2.623499999999997,0.09,0.56
Burkholderia contaminans,qualibact-v1.0,N50,27000,,34000,634732.2,computed,warn,27000,,27782.91,634732.2,27782.91,634732.1999999996,,
Burkholderia contaminans,qualibact-v1.0,no_of_contigs,,630,50.87,520,computed,warn,,630,50.87,628.19,50.87,628.1899999999998,,
Burkholderia contaminans,qualibact-v1.0,longest,,,109629.02,1780049.38,computed,warn,,,109629.02,1780049.38,109629.02,1780049.3799999973,,
Burkholderia dolosa,qualibact-v1.0,Genome_Size,6100000,6600000,6200000,6400000,computed,info,6100000,6600000,6195642,6506221,6258785.78,6360157.58,6200978.325,6503851.875
Burkholderia dolosa,qualibact-v1.0,GC_Content,66.93,67.12,67.02,67.12,computed,info,66.93,67.12,66.9313,67.1125,67.00557,67.11250199999999,66.932925,67.0080975
Burkholderia dolosa,qualibact-v1.0,Total_Coding_Sequences,5500,6100,5500,6100,computed,info,5500,6100,5563.98,6073.08,5563.98,6073.08,5647.175,5882.2
Burkholderia dolosa,qualibact-v1.0,Completeness_Specific,100,,100,100,computed,info,100,,100,100,100,100,100,100
Burkholderia dolosa,qualibact-v1.0,Contamination,,3,0.14,2,computed,info,,3,0.14,2.11,0.48,2.1102,0.14,0.14
Burkholderia dolosa,qualibact-v1.0,N50,19000,,23000,225676,computed,info,19000,,19400.04,225676,19400.04,225676,,
Burkholderia dolosa,qualibact-v1.0,no_of_contigs,,700,76.96,610,computed,info,,700,76.96,698.54,76.96,698.5399999999995,,
Burkholderia dolosa,qualibact-v1.0,longest,,,90383.74,581183,computed,info,,,90383.74,581183,90383.74,581183,,
Burkholderia gladioli,qualibact-v1.0,Genome_Size,7600000,9100000,7800000,8700000,computed,warn,7600000,9100000,7699784.33,9052299,7699784.33,8774562.98,8050350.86,9032429.8
Burkholderia gladioli,qualibact-v1.0,GC_Content,67.39,68.31,67.8,68.3,computed,warn,67.39,68.31,67.3975,68.3084,67.7128305,68.3083585,67.410682,68.258926
Burkholderia gladioli,qualibact-v1.0,Total_Coding_Sequences,6600,8100,6700,7600,computed,warn,6600,8100,6666.84,8037,6666.835,7615.62,6960.37,8024.39
Burkholderia gladioli,qualibact-v1.0,Completeness_Specific,91,,100,100,computed,warn,91,,91.1,100,100,100,91.4887,100
Burkholderia gladioli,qualibact-v1.0,Contamination,,5,1.08,4,computed,warn,,5,1.08,4.18,1.0814,4.178249999999996,1.9626,2.9932000000000003
Burkholderia gladioli,qualibact-v1.0,N50,58000,,75000,450869.71,computed,warn,58000,,58206.06,450869.71,58206.055,450869.7099999993,,
Burkholderia gladioli,qualibact-v1.0,no_of_contigs,,390,63.38,300,computed,warn,,390,63.38,388.5,63.38,388.50499999999806,,
Burkholderia gladioli,qualibact-v1.0,longest,,,203484.11,1209208.09,computed,warn,,,203484.11,1209208.09,203484.11,1209208.0899999999,,
Burkholderia mallei,qualibact-v1.0,Genome_Size,5200000,7400000,6900000,7400000,computed,info,5200000,7400000,5232401,7396386.17,6927613.305,7396386.169999999,5262450.37,5906639.32
Burkholderia mallei,qualibact-v1.0,GC_Content,67.89,68.52,67.95,68.31,computed,info,67.89,68.52,67.8935,68.5138,67.893474,68.328139,68.355907,68.511641
Burkholderia mallei,qualibact-v1.0,Total_Coding_Sequences,4700,6400,5800,6300,computed,info,4700,6400,4755,6391.69,5797.435,6391.694999999999,4789.17,5358.24
Burkholderia mallei,qualibact-v1.0,Completeness_Specific,94,,100,100,computed,info,94,,94.02,100,100,100,94.15429999999999,98.09
Burkholderia mallei,qualibact-v1.0,Contamination,,6,0.53,3,computed,info,,6,0.53,5.37,0.5343500000000001,3.22,0.71,5.3513
Burkholderia mallei,qualibact-v1.0,N50,26000,,36000,244486.26,computed,info,26000,,26154.85,244486.26,26154.85,244486.25999999943,,
Burkholderia mallei,qualibact-v1.0,no_of_contigs,,620,128.44,480,computed,info,,620,128.44,616.56,128.435,616.5649999999996,,
Burkholderia mallei,qualibact-v1.0,longest,,,108972.44,828259.16,computed,info,,,108972.44,828259.16,108972.435,828259.1649999979,,
Burkholderia multivorans,qualibact-v1.0,Genome_Size,6000000,7300000,6100000,6900000,computed,info,6000000,7300000,6062703.65,7281867,6062703.65,7062494.65,6220055.925,7212237.464999999
Burkholderia multivorans,qualibact-v1.0,GC_Content,66.54,67.47,66.77,67.45,computed,info,66.54,67.47,66.5427,67.4687,66.54269500000001,67.468735,66.619795,67.2988165
Burkholderia multivorans,qualibact-v1.0,Total_Coding_Sequences,5300,6700,5500,6500,computed,info,5300,6700,5371.95,6695,5371.95,6618.950000000001,5678.63,6647.825
Burkholderia multivorans,qualibact-v1.0,Completeness_Specific,96,,99,100,computed,info,96,,96.62,100,99.9465,100,96.7883,99.33
Burkholderia multivorans,qualibact-v1.0,Contamination,,4,0,1,computed,info,,4,0,3.54,0,0.7850000000000023,0.49019999999999997,3.448199999999999
Burkholderia multivorans,qualibact-v1.0,N50,22000,,31000,637145.45,computed,info,22000,,22984.45,637145.45,22984.45,637145.45,,
Burkholderia multivorans,qualibact-v1.0,no_of_contigs,,710,42.25,620,computed,info,,710,42.25,703.35,42.25,703.35,,
Burkholderia multivorans,qualibact-v1.0,longest,,,106995.05,1406411,computed,info,,,106995.05,1406411,106995.05,1406411.0000000016,,
Burkholderia orbicola,qualibact-v1.0,Genome_Size,6400000,8100000,6700000,8000000,computed,warn,6400000,8100000,6428668.4,8075815.2,6428668.4,8075815.2,7971389,7971389
Burkholderia orbicola,qualibact-v1.0,GC_Content,66.48,67.19,66.58,67.14,computed,warn,66.48,67.19,66.4849,67.1832,66.48488,67.18322,66.5951,66.5951
Burkholderia orbicola,qualibact-v1.0,Total_Coding_Sequences,5700,8100,6200,7900,computed,warn,5700,8100,5784.8,8027.6,5784.8,8027.6,7287,7287
Burkholderia orbicola,qualibact-v1.0,Completeness_Specific,99,,99,100,computed,warn,99,,99.75,100,99.754,100,100,100
Burkholderia orbicola,qualibact-v1.0,Contamination,,3,0.01,3,computed,warn,,3,0.01,2.79,0.01,2.792000000000001,,
Burkholderia orbicola,qualibact-v1.0,N50,8000,,10000,1039725.2,computed,warn,8000,,8215.4,1039725.2,8215.4,1039725.2000000005,,
Burkholderia orbicola,qualibact-v1.0,no_of_contigs,,1800,18,1520,computed,warn,,1800,18,1794.6,18,1794.6000000000013,,
Burkholderia orbicola,qualibact-v1.0,longest,,,67952.2,2087166.4,computed,warn,,,67952.2,2087166.4,67952.2,2087166.4000000006,,
Burkholderia seminalis,REFSEQ-QC-v1,Genome_Size,7600000,8000000,7600000,8000000,computed,error,7600000,8000000,7615815,7983246,7615815,7983246,7648944,8022336
Burkholderia seminalis,REFSEQ-QC-v1,GC_Content,67.07,67.35,67.07,67.35,computed,error,67.07,67.35,67.0755,67.3458,67.07548533516317,67.34580586582,67.0304,67.2978
Burkholderia seminalis,REFSEQ-QC-v1,Total_Coding_Sequences,6800,7200,6800,7200,computed,error,6800,7200,6826,7153,6826,7153,6819.28,7290.565
Burkholderia seminalis,REFSEQ-QC-v1,Completeness_Specific,100,,100,100,computed,error,100,,100,100,100,100,99.83,99.89
Burkholderia seminalis,REFSEQ-QC-v1,Contamination,,1,0.01,1,computed,error,,1,0.01,0.02,0.01,0.02,0.03,0.03
Burkholderia seminalis,REFSEQ-QC-v1,N50,403000,,403000,558339,computed,error,403000,,403602,558339,403602,558339,,
Burkholderia seminalis,REFSEQ-QC-v1,no_of_contigs,,50,34,50,computed,error,,50,34,48,34,48,,
Burkholderia seminalis,REFSEQ-QC-v1,longest,,,662914,896441,computed,error,,,662914,896441,662914,896441,,
Burkholderia stagnalis,qualibact-v1.0,Genome_Size,7400000,8200000,7500000,8100000,computed,error,7400000,8200000,7451221.2,8179586,7451221.2,8179586,7584414.74,7704747.26
Burkholderia stagnalis,qualibact-v1.0,GC_Content,67.21,67.76,67.33,67.75,computed,error,67.21,67.76,67.2172,67.7591,67.217176,67.75906,67.63001000000001,67.65178999999999
Burkholderia stagnalis,qualibact-v1.0,Total_Coding_Sequences,6600,7300,6600,7200,computed,error,6600,7300,6647.44,7298.08,6647.44,7298.08,6852.43,6937.57
Burkholderia stagnalis,qualibact-v1.0,Completeness_Specific,99,,99,100,computed,error,99,,99.89,100,99.99,100,99.89,99.89
Burkholderia stagnalis,qualibact-v1.0,Contamination,,2,0.11,2,computed,error,,2,0.11,1.35,0.11,1.3456000000000001,0.64065,0.76935
Burkholderia stagnalis,qualibact-v1.0,N50,129000,,153000,356798.72,computed,error,129000,,129110.56,356798.72,129110.56,356798.7200000001,,
Burkholderia stagnalis,qualibact-v1.0,no_of_contigs,,240,87.64,220,computed,error,,240,87.64,231,87.64,231.00000000000006,,
Burkholderia stagnalis,qualibact-v1.0,longest,,,360558.44,1038485.24,computed,error,,,360558.44,1038485.24,360558.44,1038485.2400000002,,
Burkholderia ubonensis,qualibact-v1.0,Genome_Size,6300000,8300000,7000000,8100000,computed,warn,6300000,8300000,6383779.16,8219642.28,6383779.16,8219642.279999998,6699971.78,8026744.17
Burkholderia ubonensis,qualibact-v1.0,GC_Content,66.78,67.55,66.84,67.52,computed,warn,66.78,67.55,66.7805,67.5465,66.780548,67.546532,66.793732,67.35869100000001
Burkholderia ubonensis,qualibact-v1.0,Total_Coding_Sequences,5700,7600,6200,7400,computed,warn,5700,7600,5773.2,7543.4,5773.2,7543.399999999999,6053.77,7287.66
Burkholderia ubonensis,qualibact-v1.0,Completeness_Specific,98,,99,100,computed,warn,98,,98.14,100,99.99,100,98.1799,100
Burkholderia ubonensis,qualibact-v1.0,Contamination,,3,0.04,2,computed,warn,,3,0.04,2.64,0.0372,2.1087999999999987,0.585,2.6136
Burkholderia ubonensis,qualibact-v1.0,N50,97000,,128000,358671.32,computed,warn,97000,,97319.6,358671.32,97319.6,358671.3199999999,,
Burkholderia ubonensis,qualibact-v1.0,no_of_contigs,,330,68.72,260,computed,warn,,330,68.72,326.56,68.72,326.55999999999995,,
Burkholderia ubonensis,qualibact-v1.0,longest,,,313090.52,929939.84,computed,warn,,,313090.52,929939.84,313090.52,929939.84,,
Burkholderia vietnamiensis,qualibact-v1.0,Genome_Size,6100000,7700000,6200000,7600000,computed,warn,6100000,7700000,6194601.2,7659722.8,6194601.2,7659722.8,6613025.3,7083730.75
Burkholderia vietnamiensis,qualibact-v1.0,GC_Content,66.28,67.44,66.4,67.35,computed,warn,66.28,67.44,66.2883,67.4397,66.28827,67.43974,66.76845,67.23052
Burkholderia vietnamiensis,qualibact-v1.0,Total_Coding_Sequences,5500,7100,5600,7000,computed,warn,5500,7100,5576,7060.6,5576,7060.6,5909,6421.2
Burkholderia vietnamiensis,qualibact-v1.0,Completeness_Specific,98,,100,100,computed,warn,98,,98.62,100,100,100,98.6465,100
Burkholderia vietnamiensis,qualibact-v1.0,Contamination,,3,0,2,computed,warn,,3,0,2.07,0,2.071999999999999,0.09,0.43
Burkholderia vietnamiensis,qualibact-v1.0,N50,52000,,66000,292460.7,computed,warn,52000,,52965,292460.7,52965,292460.6999999999,,
Burkholderia vietnamiensis,qualibact-v1.0,no_of_contigs,,350,82.7,280,computed,warn,,350,82.7,348.8,82.7,348.7999999999997,,
Burkholderia vietnamiensis,qualibact-v1.0,longest,,,180911.6,871756.2,computed,warn,,,180911.6,871756.2,180911.6,871756.1999999995,,
Campylobacter coli,qualibact-v1.0,Genome_Size,1600000,2200000,1600000,1900000,computed,warn,1600000,2200000,1635329.25,2127266,1635329.25,1926082.5,1664488.365,2084793.1150000002
Campylobacter coli,qualibact-v1.0,GC_Content,30.66,31.51,30.96,31.43,computed,warn,30.66,31.51,30.6691,31.5028,30.907645,31.47281,30.7418545,31.4993875
Campylobacter coli,qualibact-v1.0,Total_Coding_Sequences,1600,2400,1600,2100,computed,warn,1600,2400,1680,2301,1680,2106,1722.55,2248.675
Campylobacter coli,qualibact-v1.0,Completeness_Specific,94,,99,100,computed,warn,94,,94.78,100,99.93,100,95.3078,99.14815
Campylobacter coli,qualibact-v1.0,Contamination,,13,0,1,computed,warn,,13,0,12.51,0,0.27,0.05,12.257699999999998
Campylobacter coli,qualibact-v1.0,N50,25000,,37000,285528.75,computed,warn,25000,,25982.7,285528.75,25982.7,285528.74999999994,,
Campylobacter coli,qualibact-v1.0,no_of_contigs,,180,14,140,computed,warn,,180,14,171,14,171,,
Campylobacter coli,qualibact-v1.0,longest,,,76704.8,600036.6,computed,warn,,,76704.8,600036.6,76704.8,600036.6,,
Campylobacter coli,qualibact-v1.1,Genome_Size,1600000,2200000,1600000,1800000,computed,warn,1600000,2200000,1635530.88,2127266,1635530.875,1818666.32,1664488.365,2084793.1150000002
Campylobacter coli,qualibact-v1.1,GC_Content,30,32,31,31,computed,warn,30,32,30.6691,31.5028,31,31,30.7418545,31.4993875
Campylobacter coli,qualibact-v1.1,Total_Coding_Sequences,1600,2400,1600,2000,computed,warn,1600,2400,1667.82,2301,1667.82,1929.515,1722.55,2248.675
Campylobacter coli,qualibact-v1.1,Completeness_Specific,94,,99,99.99,computed,warn,94,,94.78,99.99,99.91485,99.99,95.3078,99.14815
Campylobacter coli,qualibact-v1.1,Contamination,,13,0.01,1,computed,warn,,13,0.01,12.51,0.01,0.21150000000000008,0.05,12.257699999999998
Campylobacter coli,qualibact-v1.1,N50,31000,,32000,260968.54,computed,warn,31000,,31173.16,260968.54,31173.165,260968.54,,
Campylobacter coli,qualibact-v1.1,no_of_contigs,,120,20,110,computed,warn,,120,20,114.64,20,114.635,,
Campylobacter coli,qualibact-v1.1,longest,,,92578.17,399269.33,computed,warn,,,92578.17,399269.33,92578.17,399269.33,,
Campylobacter concheus,qualibact-v1.0,Genome_Size,1400000,1700000,1400000,1700000,computed,warn,1400000,1700000,1446015.95,1632002.74,1446015.95,1632002.7400000002,,
Campylobacter concheus,qualibact-v1.0,GC_Content,29.34,29.94,29.39,29.89,computed,warn,29.34,29.94,29.34,29.94,29.335075,29.936533,,
Campylobacter concheus,qualibact-v1.0,Total_Coding_Sequences,1400,1800,1400,1700,computed,warn,1400,1800,1477.65,1713.63,1477.65,1713.6300000000008,,
Campylobacter concheus,qualibact-v1.0,Completeness_Specific,99,,100,100,computed,warn,99,,99.99,100,99.99,100,,
Campylobacter concheus,qualibact-v1.0,Contamination,,1,0.01,1,computed,warn,,1,0.01,0.14,0.0073,0.1427000000000001,,
Campylobacter concheus,qualibact-v1.0,N50,38000,,56000,210671.2,computed,warn,38000,,38043.92,210671.2,38043.92,210671.2000000001,,
Campylobacter concheus,qualibact-v1.0,no_of_contigs,,110,20.73,100,computed,warn,,110,20.73,108.81,20.73,108.81000000000003,,
Campylobacter concheus,qualibact-v1.0,longest,,,113558.85,426845.05,computed,warn,,,113558.85,426845.05,113558.85,426845.05000000005,,
Campylobacter fetus,qualibact-v1.0,Genome_Size,1700000,2200000,1700000,2000000,computed,info,1700000,2200000,1724635.58,2188312,1724635.58,1978578.3399999999,1763779.495,2174773.785
Campylobacter fetus,qualibact-v1.0,GC_Content,32.99,33.46,33.01,33.27,computed,info,32.99,33.46,32.9968,33.4564,32.996834,33.279579,33.0592195,33.438173500000005
Campylobacter fetus,qualibact-v1.0,Total_Coding_Sequences,1700,2400,1700,2100,computed,info,1700,2400,1729.59,2357,1729.59,2111.41,1793.435,2356.855
Campylobacter fetus,qualibact-v1.0,Completeness_Specific,91,,99,99.99,computed,info,91,,91.72,99.99,99.92,99.99,91.72145,98.14375000000001
Campylobacter fetus,qualibact-v1.0,Contamination,,8,0.05,2,computed,info,,8,0.05,7.03,0.05,1.9,0.05,6.9691
Campylobacter fetus,qualibact-v1.0,N50,59000,,82000,319144.82,computed,info,59000,,59666.8,319144.82,59666.8,319144.82,,
Campylobacter fetus,qualibact-v1.0,no_of_contigs,,120,26,110,computed,info,,120,26,117.41,26,117.40999999999997,,
Campylobacter fetus,qualibact-v1.0,longest,,,156291.18,727180.05,computed,info,,,156291.18,727180.05,156291.18,727180.0499999999,,
Campylobacter fetus,qualibact-v1.1,Genome_Size,1700000,2200000,1700000,2000000,computed,info,1700000,2200000,1724635.58,2188312,1724635.58,1978578.3399999999,1763779.495,2174773.785
Campylobacter fetus,qualibact-v1.1,GC_Content,32,33.46,33.01,33.27,pinned,info,32,33.46,32.9968,33.4564,32.996834,33.279579,33.0592195,33.438173500000005
Campylobacter fetus,qualibact-v1.1,Total_Coding_Sequences,1700,2400,1700,2100,computed,info,1700,2400,1729.59,2357,1729.59,2111.41,1793.435,2356.855
Campylobacter fetus,qualibact-v1.1,Completeness_Specific,91,,99,99.99,computed,info,91,,91.72,99.99,99.92,99.99,91.72145,98.14375000000001
Campylobacter fetus,qualibact-v1.1,Contamination,,8,0.05,2,computed,info,,8,0.05,7.03,0.05,1.9,0.05,6.9691
Campylobacter fetus,qualibact-v1.1,N50,59000,,82000,319144.82,computed,info,59000,,59666.8,319144.82,59666.8,319144.82,,
Campylobacter fetus,qualibact-v1.1,no_of_contigs,,120,26,110,computed,info,,120,26,117.41,26,117.40999999999997,,
Campylobacter fetus,qualibact-v1.1,longest,,,156291.18,727180.05,computed,info,,,156291.18,727180.05,156291.18,727180.0499999999,,
Campylobacter hyointestinalis,qualibact-v1.0,Genome_Size,1600000,2000000,1600000,1900000,computed,warn,1600000,2000000,1688797.96,1907711.6,1688797.96,1907711.5999999999,1753279.575,1806919.775
Campylobacter hyointestinalis,qualibact-v1.0,GC_Content,33.32,34.44,33.81,34.42,computed,warn,33.32,34.44,33.3212,34.4386,33.77872,34.43858,33.326882499999996,34.2596875
Campylobacter hyointestinalis,qualibact-v1.0,Total_Coding_Sequences,1700,2100,1700,2100,computed,warn,1700,2100,1726.8,2071.04,1726.8,2071.04,1835.35,1892.475
Campylobacter hyointestinalis,qualibact-v1.0,Completeness_Specific,99,,99,99.99,computed,warn,99,,99.21,99.99,99.94,99.9944,99.21,99.58525
Campylobacter hyointestinalis,qualibact-v1.0,Contamination,,2,0.03,1,computed,warn,,2,0.03,1.08,0.0256,0.6027999999999998,0.41474999999999995,1.08
Campylobacter hyointestinalis,qualibact-v1.0,N50,49000,,56000,553976.28,computed,warn,49000,,49154.68,553976.28,49154.68,553976.2799999999,,
Campylobacter hyointestinalis,qualibact-v1.0,no_of_contigs,,90,10.12,80,computed,warn,,90,10.12,88.32,10.120000000000001,88.32,,
Campylobacter hyointestinalis,qualibact-v1.0,longest,,,106341.36,694479.4,computed,warn,,,106341.36,694479.4,106341.36,694479.4,,
Campylobacter jejuni,qualibact-v1.0,Genome_Size,1500000,2000000,1500000,1900000,computed,warn,1500000,2000000,1567232,1943896,1586698.55,1856845.8999999994,1603827.01,1909256.51
Campylobacter jejuni,qualibact-v1.0,GC_Content,30.06,30.85,30.13,30.53,computed,warn,30.06,30.85,30.0659,30.8493,30.065894999999998,30.5765,30.109175,30.650596
Campylobacter jejuni,qualibact-v1.0,Total_Coding_Sequences,1600,2200,1600,2000,computed,warn,1600,2200,1618,2109,1618,2034,1653,2035.3300000000002
Campylobacter jejuni,qualibact-v1.0,Completeness_Specific,95,,99,100,computed,warn,95,,95.69,100,99.97,100,96.671,99.81
Campylobacter jejuni,qualibact-v1.0,Contamination,,10,0.01,1,computed,warn,,10,0.01,9.65,0.01,0.3,0.16,1.125
Campylobacter jejuni,qualibact-v1.0,N50,23000,,35000,334680.03,computed,warn,23000,,23578.98,334680.03,23578.975,334680.025,,
Campylobacter jejuni,qualibact-v1.0,no_of_contigs,,160,13,130,computed,warn,,160,13,157.02,13,157.02499999999418,,
Campylobacter jejuni,qualibact-v1.0,longest,,,73025.2,632016.67,computed,warn,,,73025.2,632016.67,73025.2,632016.6749999998,,
Campylobacter jejuni,qualibact-v1.1,Genome_Size,1500000,2100000,1600000,1900000,pinned,info,1500000,2100000,1567232,1943896,1596720.285,1840734.135,1603827.01,1909256.51
Campylobacter jejuni,qualibact-v1.1,GC_Content,30,31,30,31,computed,info,30,31,30,31,30,31,30.109175,30.650596
Campylobacter jejuni,qualibact-v1.1,Total_Coding_Sequences,1600,2200,1600,2000,computed,info,1600,2200,1625.8,2109,1625.795,1993.145,1653,2035.3300000000002
Campylobacter jejuni,qualibact-v1.1,Completeness_Specific,95,,99,100,computed,info,95,,95.69,100,99.9153,100,96.671,99.81
Campylobacter jejuni,qualibact-v1.1,Contamination,,10,0.01,4,computed,info,,10,0.01,9.65,0.01,6.646450000000015,0.16,1.125
Campylobacter jejuni,qualibact-v1.1,N50,36000,,46000,284509.93,computed,info,36000,,36062.72,284509.93,36062.72,284509.93000000046,,
Campylobacter jejuni,qualibact-v1.1,no_of_contigs,,120,20,100,computed,info,,120,20,114.41,20,114.41000000000008,,
Campylobacter jejuni,qualibact-v1.1,longest,,,90020.42,559339.73,computed,info,,,90020.42,559339.73,90020.42,559339.73,,
Campylobacter lari,qualibact-v1.0,Genome_Size,1400000,1800000,1400000,1700000,computed,warn,1400000,1800000,1435345.02,1791508,1435345.015,1670606.5250000001,1489700.81,1762456.83
Campylobacter lari,qualibact-v1.0,GC_Content,29.26,30.01,29.3,29.85,computed,warn,29.26,30.01,29.2606,30.0073,29.260626499999997,29.9039085,29.409892499999998,29.996913
Campylobacter lari,qualibact-v1.0,Total_Coding_Sequences,1400,1900,1400,1800,computed,warn,1400,1900,1462.83,1809,1462.83,1746.255,1541.47,1788.085
Campylobacter lari,qualibact-v1.0,Completeness_Specific,95,,99,100,computed,warn,95,,95.36,100,99.99,100,95.9334,98.94
Campylobacter lari,qualibact-v1.0,Contamination,,3,0,1,computed,warn,,3,0,2.38,0,0.22085000000000038,0.1312,2.34
Campylobacter lari,qualibact-v1.0,N50,31000,,46000,281333.26,computed,warn,31000,,31669.8,281333.26,31669.8,281333.26,,
Campylobacter lari,qualibact-v1.0,no_of_contigs,,130,15,110,computed,warn,,130,15,126.09,15,126.08500000000004,,
Campylobacter lari,qualibact-v1.0,longest,,,90335.02,558580.16,computed,warn,,,90335.02,558580.16,90335.02,558580.1550000007,,
Campylobacter upsaliensis,qualibact-v1.0,Genome_Size,1500000,1900000,1500000,1800000,computed,info,1500000,1900000,1560990.08,1819130.32,1560990.08,1819130.32,1629163,1671337
Campylobacter upsaliensis,qualibact-v1.0,GC_Content,34.12,35.11,34.27,35.08,computed,info,34.12,35.11,34.128,35.1084,34.127995999999996,35.102732,35.025616,35.107984
Campylobacter upsaliensis,qualibact-v1.0,Total_Coding_Sequences,1600,2000,1600,2000,computed,info,1600,2000,1612.04,1984.96,1612.04,1984.96,1699.13,1724.87
Campylobacter upsaliensis,qualibact-v1.0,Completeness_Specific,98,,99,100,computed,info,98,,98.19,100,99.98,100,98.19415,99.01585
Campylobacter upsaliensis,qualibact-v1.0,Contamination,,1,0.03,1,computed,info,,1,0.03,0.99,0.03,0.9896000000000004,0.23095000000000002,0.41905
Campylobacter upsaliensis,qualibact-v1.0,N50,26000,,35000,193021.8,computed,info,26000,,26936.56,193021.8,26936.56,193021.80000000002,,
Campylobacter upsaliensis,qualibact-v1.0,no_of_contigs,,180,32,140,computed,info,,180,32,172.92,32,172.92000000000007,,
Campylobacter upsaliensis,qualibact-v1.0,longest,,,81083.36,371761.56,computed,info,,,81083.36,371761.56,81083.36,371761.56000000023,,
Candida auris,REFSEQ-QC-v1,Genome_Size,12000000,12400000,12000000,12400000,computed,error,12000000,12400000,12037629,12374235,12038417.22,12371245.1,12071378.88,12526836.7
Candida auris,REFSEQ-QC-v1,GC_Content,45.14,45.33,45.15,45.32,computed,error,45.14,45.33,45.1499,45.3203,45.15074045189098,45.32034416058017,45.195145000000004,45.3289
Candida auris,REFSEQ-QC-v1,Total_Coding_Sequences,10300,12000,10400,11500,computed,error,10300,12000,10359,11929,10367.12,11815.03,4910.14,5672.87
Candida auris,REFSEQ-QC-v1,Completeness_Specific,100,,100,100,computed,error,100,,100,100,100,100,,
Candida auris,REFSEQ-QC-v1,Contamination,,93,77.7,92,computed,error,,93,77.7,92.17,78.9528,91.92060000000001,,
Candida auris,REFSEQ-QC-v1,N50,435000,,449000,1330311,computed,error,435000,,435929,1330311,437414.67,1330269.82,,
Candida auris,REFSEQ-QC-v1,no_of_contigs,,110,25,100,computed,error,,110,25,101,25.29,100.71000000000001,,
Candida auris,REFSEQ-QC-v1,longest,,,825256,3253709,computed,error,,,825256,3253709,825461.03,2977441.080000001,,
Caulobacter vibrioides,qualibact-v1.0,Genome_Size,3900000,4200000,3900000,4100000,computed,warn,3900000,4200000,3961380.78,4144051,3961380.775,4036686.25,4017639.125,4143814.19
Caulobacter vibrioides,qualibact-v1.0,GC_Content,67.04,67.25,67.1,67.22,computed,warn,67.04,67.25,67.0425,67.2404,67.04253750000001,67.2291625,67.1278565,67.23974199999999
Caulobacter vibrioides,qualibact-v1.0,Total_Coding_Sequences,3600,4300,3600,4300,computed,warn,3600,4300,3670.15,4260.92,3670.15,4260.925,3997.245,4123.055
Caulobacter vibrioides,qualibact-v1.0,Completeness_Specific,88,,99,100,computed,warn,88,,88.98,100,99.49374999999999,100,89.1641,99.42895
Caulobacter vibrioides,qualibact-v1.0,Contamination,,6,0,3,computed,warn,,6,0,5.86,0,3.2835000000000023,1.54,5.8222000000000005
Caulobacter vibrioides,qualibact-v1.0,N50,6000,,7000,308472,computed,warn,6000,,6753.85,308472,6753.85,308472,,
Caulobacter vibrioides,qualibact-v1.0,no_of_contigs,,1000,43,910,computed,warn,,1000,43,996.3,43,996.3000000000004,,
Caulobacter vibrioides,qualibact-v1.0,longest,,,27316.55,456848,computed,warn,,,27316.55,456848,27316.55,456848,,
Chlamydia trachomatis,qualibact-v1.0,Genome_Size,1000000,1300000,1000000,1200000,computed,warn,1000000,1300000,1020151.88,1275137.8,1020151.88,1275137.7999999998,1033299.65,1083861.635
Chlamydia trachomatis,qualibact-v1.0,GC_Content,41.13,42.11,41.17,41.91,computed,warn,41.13,42.11,41.1378,42.1003,41.137819,42.10031,41.251746499999996,41.5182225
Chlamydia trachomatis,qualibact-v1.0,Total_Coding_Sequences,900,1200,900,1100,computed,warn,900,1200,904,1139.62,904,1139.62,936.845,982.385
Chlamydia trachomatis,qualibact-v1.0,Completeness_Specific,90,,94,99.93,computed,warn,90,,90.15,99.93,90.1518,99.93,92.94455,99.02
Chlamydia trachomatis,qualibact-v1.0,Contamination,,8,0.05,1,computed,warn,,8,0.05,7.15,0.05190000000000001,1.5523999999999978,1.73,7.15
Chlamydia trachomatis,qualibact-v1.0,N50,6000,,11000,1048739.4,computed,warn,6000,,6763.53,1048739.4,6763.53,1048739.4,,
Chlamydia trachomatis,qualibact-v1.0,no_of_contigs,,310,2,250,computed,warn,,310,2,304.81,2,304.80999999999995,,
Chlamydia trachomatis,qualibact-v1.0,longest,,,26964.48,1048739.4,computed,warn,,,26964.48,1048739.4,26964.48,1048739.4,,
Citrobacter amalonaticus,qualibact-v1.0,Genome_Size,4600000,5900000,4700000,5500000,computed,warn,4600000,5900000,4689886.01,5875351,4689886.01,5511708.7,4762953.08,5836134.76
Citrobacter amalonaticus,qualibact-v1.0,GC_Content,52.89,53.89,52.94,53.89,computed,warn,52.89,53.89,52.8963,53.885,52.896319,53.884997999999996,53.115327,53.712689999999995
Citrobacter amalonaticus,qualibact-v1.0,Total_Coding_Sequences,4300,5700,4400,5300,computed,warn,4300,5700,4365.08,5658,4365.08,5355.81,4542.35,5627.2
Citrobacter amalonaticus,qualibact-v1.0,Completeness_Specific,98,,100,100,computed,warn,98,,98.42,100,100,100,98.4312,99.2423
Citrobacter amalonaticus,qualibact-v1.0,Contamination,,4,0,1,computed,warn,,4,0,3.84,0,0.6685000000000014,2.3234999999999997,3.7958999999999996
Citrobacter amalonaticus,qualibact-v1.0,N50,65000,,97000,874116.9,computed,warn,65000,,65606.44,874116.9,65606.44,874116.9,,
Citrobacter amalonaticus,qualibact-v1.0,no_of_contigs,,270,27.02,200,computed,warn,,270,27.02,266.41,27.02,266.41000000000054,,
Citrobacter amalonaticus,qualibact-v1.0,longest,,,188113.09,2400246.93,computed,warn,,,188113.09,2400246.93,188113.09,2400246.93,,
Citrobacter braakii,qualibact-v1.0,Genome_Size,4700000,6200000,4800000,5800000,computed,warn,4700000,6200000,4773279.85,6171839,4773279.85,5834668.200000002,4821418.01,6134817.289999999
Citrobacter braakii,qualibact-v1.0,GC_Content,51.13,52.26,51.68,52.24,computed,warn,51.13,52.26,51.138,52.2516,51.634805,52.251615,51.226558499999996,52.243747500000005
Citrobacter braakii,qualibact-v1.0,Total_Coding_Sequences,4400,6200,4400,5600,computed,warn,4400,6200,4436.25,6161,4436.25,5761.4000000000015,4576.815,6135.415
Citrobacter braakii,qualibact-v1.0,Completeness_Specific,97,,100,100,computed,warn,97,,97.75,100,100,100,97.79514999999999,99.83
Citrobacter braakii,qualibact-v1.0,Contamination,,6,0.04,2,computed,warn,,6,0.04,5.62,0.04,1.4975000000000012,1.8058,5.5684
Citrobacter braakii,qualibact-v1.0,N50,77000,,85000,999411.45,computed,warn,77000,,77052.75,999411.45,77052.75,999411.4500000002,,
Citrobacter braakii,qualibact-v1.0,no_of_contigs,,280,25.65,260,computed,warn,,280,25.65,271.6,25.65,271.60000000000036,,
Citrobacter braakii,qualibact-v1.0,longest,,,215144.25,2255340.9,computed,warn,,,215144.25,2255340.9,215144.25,2255340.9000000022,,
Citrobacter farmeri,qualibact-v1.0,Genome_Size,4900000,6000000,4900000,5900000,computed,warn,4900000,6000000,4928830.2,5952118,4928830.2,5952117.995,4964996.29,5710994.63
Citrobacter farmeri,qualibact-v1.0,GC_Content,52.49,53.41,52.66,53.33,computed,warn,52.49,53.41,52.4964,53.4012,52.496393,53.397115,52.797751500000004,53.397427500000006
Citrobacter farmeri,qualibact-v1.0,Total_Coding_Sequences,4500,5900,4600,5900,computed,warn,4500,5900,4548.29,5894.2,4548.29,5894.204999999999,4743.045,5604.14
Citrobacter farmeri,qualibact-v1.0,Completeness_Specific,98,,100,100,computed,warn,98,,98.36,100,100,100,98.366,99.26655
Citrobacter farmeri,qualibact-v1.0,Contamination,,6,0.01,2,computed,warn,,6,0.01,5.68,0.006450000000000001,1.4906499999999996,2.98945,5.6647
Citrobacter farmeri,qualibact-v1.0,N50,54000,,95000,909898.05,computed,warn,54000,,54012.98,909898.05,54012.985,909898.0549999985,,
Citrobacter farmeri,qualibact-v1.0,no_of_contigs,,290,24.64,260,computed,warn,,290,24.64,285.55,24.645,285.5499999999999,,
Citrobacter farmeri,qualibact-v1.0,longest,,,170568.18,2501589.76,computed,warn,,,170568.18,2501589.76,170568.18,2501589.7649999997,,
Citrobacter freundii,qualibact-v1.0,Genome_Size,4800000,6100000,4900000,5800000,computed,info,4800000,6100000,4809559,6062955,4837813.44,5879250.6049999995,4874414.05,6043141.05
Citrobacter freundii,qualibact-v1.0,GC_Content,51.2,52.05,51.39,51.98,computed,info,51.2,52.05,51.2081,52.0479,51.314041499999995,52.043929999999996,51.2700125,52.020405000000004
Citrobacter freundii,qualibact-v1.0,Total_Coding_Sequences,4500,6200,4600,5800,computed,info,4500,6200,4514,6110,4514,5839,4660.2,6056.375
Citrobacter freundii,qualibact-v1.0,Completeness_Specific,94,,100,100,computed,info,94,,94,100,100,100,94.06824999999999,99.32
Citrobacter freundii,qualibact-v1.0,Contamination,,11,0.01,2,computed,info,,11,0.01,10.02,0.01,1.5442999999999985,0.71,10.0005
Citrobacter freundii,qualibact-v1.0,N50,58000,,81000,730637.26,computed,info,58000,,58755.26,730637.26,58755.26,730637.2599999983,,
Citrobacter freundii,qualibact-v1.0,no_of_contigs,,320,36.28,250,computed,info,,320,36.28,318.72,36.285,318.71999999999935,,
Citrobacter freundii,qualibact-v1.0,longest,,,187442.96,1622426.52,computed,info,,,187442.96,1622426.52,187442.96,1622426.5199999993,,
Citrobacter koseri,qualibact-v1.0,Genome_Size,4500000,5300000,4500000,5000000,computed,warn,4500000,5300000,4538294,5270494,4538294,5082498.125,4581003.975,5245077.7
Citrobacter koseri,qualibact-v1.0,GC_Content,53.23,53.98,53.51,53.94,computed,warn,53.23,53.98,53.2365,53.9702,53.384625,53.970237499999996,53.2536675,53.933234999999996
Citrobacter koseri,qualibact-v1.0,Total_Coding_Sequences,4100,5200,4100,4800,computed,warn,4100,5200,4170.75,5119,4170.75,4799.875,4321.175,5106.225
Citrobacter koseri,qualibact-v1.0,Completeness_Specific,98,,100,100,computed,warn,98,,98.05,100,100,100,98.13925,99.86
Citrobacter koseri,qualibact-v1.0,Contamination,,2,0,1,computed,warn,,2,0,1.47,0,0.56,0.094,1.4612500000000002
Citrobacter koseri,qualibact-v1.0,N50,80000,,135000,2039393.25,computed,warn,80000,,80914.75,2039393.25,80914.75,2039393.25,,
Citrobacter koseri,qualibact-v1.0,no_of_contigs,,180,23,140,computed,warn,,180,23,172.75,23,172.75,,
Citrobacter koseri,qualibact-v1.0,longest,,,265980.75,2447942.62,computed,warn,,,265980.75,2447942.62,265980.75,2447942.625,,
Citrobacter portucalensis,qualibact-v1.0,Genome_Size,4600000,5800000,4700000,5600000,computed,warn,4600000,5800000,4694654,5779133,4728667.44,5716285.239999999,4731355.28,5762174.24
Citrobacter portucalensis,qualibact-v1.0,GC_Content,51.34,52.12,51.54,52.1,computed,warn,51.34,52.12,51.3472,52.1132,51.45986,52.113224,51.361844000000005,52.101756
Citrobacter portucalensis,qualibact-v1.0,Total_Coding_Sequences,4300,5700,4400,5500,computed,warn,4300,5700,4366.52,5669,4366.52,5608.36,4524.92,5663.68
Citrobacter portucalensis,qualibact-v1.0,Completeness_Specific,96,,100,100,computed,warn,96,,96.46,100,100,100,96.8156,99.882
Citrobacter portucalensis,qualibact-v1.0,Contamination,,4,0.01,1,computed,warn,,4,0.01,3.72,0.01,1.1067999999999985,0.18,3.6835999999999998
Citrobacter portucalensis,qualibact-v1.0,N50,59000,,74000,1024522.72,computed,warn,59000,,59764.56,1024522.72,59764.56,1024522.7199999992,,
Citrobacter portucalensis,qualibact-v1.0,no_of_contigs,,360,28,280,computed,warn,,360,28,355.2,28,355.1999999999996,,
Citrobacter portucalensis,qualibact-v1.0,longest,,,176413.6,1981392.36,computed,warn,,,176413.6,1981392.36,176413.6,1981392.3599999987,,
Citrobacter rodentium,qualibact-v1.0,Genome_Size,5100000,5500000,5200000,5300000,computed,warn,5100000,5500000,5188342.28,5444283,5188342.28,5288842.32,5347170.1,5443651.54
Citrobacter rodentium,qualibact-v1.0,GC_Content,54.53,54.73,54.54,54.66,computed,warn,54.53,54.73,54.5338,54.7221,54.533812,54.691272,54.551170000000006,54.721153
Citrobacter rodentium,qualibact-v1.0,Total_Coding_Sequences,4900,5300,4900,5100,computed,warn,4900,5300,4910.28,5227,4910.28,5040.72,5115.69,5226.57
Citrobacter rodentium,qualibact-v1.0,Completeness_Specific,99,,100,100,computed,warn,99,,99.04,100,100,100,99.04010000000001,99.3668
Citrobacter rodentium,qualibact-v1.0,Contamination,,1,0.01,1,computed,warn,,1,0.01,0.21,0.01,0.02,0.21,0.21
Citrobacter rodentium,qualibact-v1.0,N50,58000,,75000,95115,computed,warn,58000,,58268.44,95115,58268.44,95115,,
Citrobacter rodentium,qualibact-v1.0,no_of_contigs,,250,176.28,230,computed,warn,,250,176.28,248.2,176.28,248.2,,
Citrobacter rodentium,qualibact-v1.0,longest,,,236691.4,287296,computed,warn,,,236691.4,287296,236691.4,287296,,
Citrobacter sedlakii,qualibact-v1.0,Genome_Size,4500000,5200000,4500000,5100000,computed,warn,4500000,5200000,4501994.11,5159942.6,4501994.11,5159942.595,4967243,4967243
Citrobacter sedlakii,qualibact-v1.0,GC_Content,54.17,54.86,54.25,54.84,computed,warn,54.17,54.86,54.1792,54.8548,54.1791775,54.854801,54.347,54.347
Citrobacter sedlakii,qualibact-v1.0,Total_Coding_Sequences,4100,5100,4100,4900,computed,warn,4100,5100,4128.48,5026.6,4128.475,5026.605,4771,4771
Citrobacter sedlakii,qualibact-v1.0,Completeness_Specific,98,,100,100,computed,warn,98,,98.81,100,100,100,98.81,98.81
Citrobacter sedlakii,qualibact-v1.0,Contamination,,2,0,1,computed,warn,,2,0,1.44,0,0.10039999999999964,1.44,1.44
Citrobacter sedlakii,qualibact-v1.0,N50,196000,,214000,1037991.99,computed,warn,196000,,196643.33,1037991.99,196643.33,1037991.9899999999,,
Citrobacter sedlakii,qualibact-v1.0,no_of_contigs,,150,29.46,130,computed,warn,,150,29.46,148.08,29.465,148.07999999999993,,
Citrobacter sedlakii,qualibact-v1.0,longest,,,477121.36,1722480.91,computed,warn,,,477121.36,1722480.91,477121.365,1722480.91,,
Citrobacter werkmanii,qualibact-v1.0,Genome_Size,4700000,6000000,4800000,6000000,computed,warn,4700000,6000000,4780187.62,5947354.36,4780187.62,5947354.36,5049685.44,5361170.07
Citrobacter werkmanii,qualibact-v1.0,GC_Content,51.73,52.3,51.8,52.25,computed,warn,51.73,52.3,51.7333,52.2947,51.73327,52.294738,51.811592000000005,52.251788
Citrobacter werkmanii,qualibact-v1.0,Total_Coding_Sequences,4400,6000,4400,5900,computed,warn,4400,6000,4421.06,5915.56,4421.06,5915.56,4808.72,5246.08
Citrobacter werkmanii,qualibact-v1.0,Completeness_Specific,99,,100,100,computed,warn,99,,99.17,100,100,100,99.1772,99.7661
Citrobacter werkmanii,qualibact-v1.0,Contamination,,5,0.05,2,computed,warn,,5,0.05,4.09,0.05,1.3878,1.8348,4.0702
Citrobacter werkmanii,qualibact-v1.0,N50,50000,,107000,2706074.22,computed,warn,50000,,50612.24,2706074.22,50612.24,2706074.22,,
Citrobacter werkmanii,qualibact-v1.0,no_of_contigs,,300,25,260,computed,warn,,300,25,294.06,25,294.06000000000006,,
Citrobacter werkmanii,qualibact-v1.0,longest,,,241020.9,2706074.22,computed,warn,,,241020.9,2706074.22,241020.9,2706074.22,,
Citrobacter youngae,qualibact-v1.0,Genome_Size,4600000,6100000,4600000,5700000,computed,warn,4600000,6100000,4607053.21,6000265,4607053.21,5642295.06,4870944.62,5993831.65
Citrobacter youngae,qualibact-v1.0,GC_Content,51.16,51.97,51.4,51.93,computed,warn,51.16,51.97,51.1635,51.9654,51.3855075,51.965388499999996,51.169356,51.796211
Citrobacter youngae,qualibact-v1.0,Total_Coding_Sequences,4200,6100,4300,5600,computed,warn,4200,6100,4293.5,6032,4293.495,5559.315,4772.33,6023.075
Citrobacter youngae,qualibact-v1.0,Completeness_Specific,96,,100,100,computed,warn,96,,96.05,100,100,100,96.09425,99.3694
Citrobacter youngae,qualibact-v1.0,Contamination,,3,0.05,1,computed,warn,,3,0.05,2.93,0.04685,0.7657499999999999,1.3461500000000002,2.9216
Citrobacter youngae,qualibact-v1.0,N50,122000,,136000,1115083,computed,warn,122000,,122490.7,1115083,122490.695,1115083,,
Citrobacter youngae,qualibact-v1.0,no_of_contigs,,230,30.42,210,computed,warn,,230,30.42,220.26,30.425,220.26,,
Citrobacter youngae,qualibact-v1.0,longest,,,336110.5,1893594.33,computed,warn,,,336110.5,1893594.33,336110.5,1893594.3299999996,,
Clostridium beijerinckii,qualibact-v1.0,Genome_Size,5500000,6500000,5900000,6200000,computed,warn,5500000,6500000,5552291,6485394,5891143.915,6194038.18,5565528.4,6484101.225
Clostridium beijerinckii,qualibact-v1.0,GC_Content,29.6,30.01,29.61,29.71,computed,warn,29.6,30.01,29.6059,30.0022,29.605929,29.7444715,29.7892855,29.9968045
Clostridium beijerinckii,qualibact-v1.0,Total_Coding_Sequences,4900,5900,5300,5700,computed,warn,4900,5900,4986,5896,5271.295,5655.505,4999.53,5892.7
Clostridium beijerinckii,qualibact-v1.0,Completeness_Specific,88,,100,100,computed,warn,88,,88.17,100,100,100,88.21455,97.26
Clostridium beijerinckii,qualibact-v1.0,Contamination,,9,0.21,2,computed,warn,,9,0.21,8.99,0.21495,1.42505,2.68,8.93445
Clostridium beijerinckii,qualibact-v1.0,N50,92000,,101000,205240.56,computed,warn,92000,,92060.97,205240.56,92060.97,205240.5649999999,,
Clostridium beijerinckii,qualibact-v1.0,no_of_contigs,,290,120.4,260,computed,warn,,290,120.4,281.1,120.405,281.0999999999999,,
Clostridium beijerinckii,qualibact-v1.0,longest,,,304052,754722,computed,warn,,,304052,754722,304052,754722,,
Clostridium botulinum,qualibact-v1.0,Genome_Size,2700000,4500000,3600000,4400000,computed,info,2700000,4500000,2702994,4432564,3572778.855,4342791.06,2852900.985,4426278.79
Clostridium botulinum,qualibact-v1.0,GC_Content,27,28.35,27.06,28.19,computed,info,27,28.35,27.0034,28.3435,27.0033785,28.277482,27.353734499999998,28.330459
Clostridium botulinum,qualibact-v1.0,Total_Coding_Sequences,2600,4400,3300,4200,computed,info,2600,4400,2683,4385,3202,4245.65,2805.13,4373.615
Clostridium botulinum,qualibact-v1.0,Completeness_Specific,94,,99,100,computed,info,94,,94.54,100,99.96634999999999,100,94.80565,99.97585000000001
Clostridium botulinum,qualibact-v1.0,Contamination,,3,0.08,3,computed,info,,3,0.08,2.86,0.08,2.5074500000000013,0.17,2.6709999999999976
Clostridium botulinum,qualibact-v1.0,N50,11000,,18000,968504,computed,info,11000,,11751.84,968504,11751.845,968504,,
Clostridium botulinum,qualibact-v1.0,no_of_contigs,,600,32.64,420,computed,info,,600,32.64,597.94,32.635,597.9350000000002,,
Clostridium botulinum,qualibact-v1.0,longest,,,57195.74,1832008.74,computed,info,,,57195.74,1832008.74,57195.735,1832008.7400000002,,
Clostridium cagae,qualibact-v1.0,Genome_Size,3600000,4100000,3700000,4100000,computed,error,3600000,4100000,3688085.69,4048570.19,3688085.69,4048570.19,,
Clostridium cagae,qualibact-v1.0,GC_Content,27.11,27.34,27.13,27.31,computed,error,27.11,27.34,27.11,27.34,27.114492000000002,27.336828,,
Clostridium cagae,qualibact-v1.0,Total_Coding_Sequences,3300,4000,3300,3900,computed,error,3300,4000,3307.35,3924.43,3307.35,3924.43,,
Clostridium cagae,qualibact-v1.0,Completeness_Specific,99,,99,100,computed,error,99,,99.96,100,99.96,100,,
Clostridium cagae,qualibact-v1.0,Contamination,,1,0,1,computed,error,,1,0,0.48,0.0047,0.48360000000000014,,
Clostridium cagae,qualibact-v1.0,N50,26000,,40000,869079.83,computed,error,26000,,26482.69,869079.83,26482.690000000002,869079.83,,
Clostridium cagae,qualibact-v1.0,no_of_contigs,,300,30.94,200,computed,error,,300,30.94,299.01,30.94,299.0100000000001,,
Clostridium cagae,qualibact-v1.0,longest,,,98089.29,1570393.98,computed,error,,,98089.29,1570393.98,98089.29000000001,1570393.9800000002,,
Clostridium difficile,qualibact-v1.0,Genome_Size,3800000,4600000,3900000,4500000,computed,info,3800000,4600000,3866334.79,4508706.07,3866334.79,4508706.07,3939257.62,4461088.63
Clostridium difficile,qualibact-v1.0,GC_Content,28.15,29.6,28.22,28.98,computed,info,28.15,29.6,28.1587,29.5958,28.158703,29.244843000000003,28.321638,29.282952
Clostridium difficile,qualibact-v1.0,Total_Coding_Sequences,3400,4300,3500,4200,computed,info,3400,4300,3488,4277,3488,4277,3606.1,4189.01
Clostridium difficile,qualibact-v1.0,Completeness_Specific,94,,99,100,computed,info,94,,94.72,100,99.6803,100,94.77,98.96
Clostridium difficile,qualibact-v1.0,Contamination,,4,0.11,2,computed,info,,4,0.11,3.08,0.11,1.33,0.3,2.3448999999999978
Clostridium difficile,qualibact-v1.0,N50,10000,,16000,645926.49,computed,info,10000,,10201,645926.49,10201,645926.49,,
Clostridium difficile,qualibact-v1.0,no_of_contigs,,720,50,510,computed,info,,720,50,717.97,50,717.9700000000012,,
Clostridium difficile,qualibact-v1.0,longest,,,52285.73,1351357.21,computed,info,,,52285.73,1351357.21,52285.73,1351357.2100000002,,
Clostridium innocuum,qualibact-v1.0,Genome_Size,4000000,5100000,4000000,4900000,computed,warn,4000000,5100000,4057677.38,5051129,4057677.375,4923964.125,4125997.55,5044391.649999999
Clostridium innocuum,qualibact-v1.0,GC_Content,43.17,44.33,43.21,44.18,computed,warn,43.17,44.33,43.1712,44.3261,43.17115,44.326074999999996,43.48098,43.923832499999996
Clostridium innocuum,qualibact-v1.0,Total_Coding_Sequences,3900,5100,3900,5000,computed,warn,3900,5100,3941,5040.38,3941,5040.375,4010.9,4946.25
Clostridium innocuum,qualibact-v1.0,Completeness_Specific,87,,100,100,computed,warn,87,,87.92,100,100,100,87.92,87.92
Clostridium innocuum,qualibact-v1.0,Contamination,,6,1.88,5,computed,warn,,6,1.88,5.01,1.88,5.01,2.8,4.64325
Clostridium innocuum,qualibact-v1.0,N50,80000,,88000,302310.75,computed,warn,80000,,80067.25,302310.75,80067.25,302310.75,,
Clostridium innocuum,qualibact-v1.0,no_of_contigs,,310,58.5,230,computed,warn,,310,58.5,309.5,58.5,309.5,,
Clostridium innocuum,qualibact-v1.0,longest,,,182518,614242.5,computed,warn,,,182518,614242.5,182518,614242.5,,
Clostridium tetani,qualibact-v1.0,Genome_Size,2700000,3100000,2700000,3000000,computed,warn,2700000,3100000,2738177.2,3070777,2738177.195,2923260.385,2811843.04,3062587.07
Clostridium tetani,qualibact-v1.0,GC_Content,28.45,28.79,28.47,28.6,computed,warn,28.45,28.79,28.4593,28.7851,28.459266,28.611539,28.537363,28.784358
Clostridium tetani,qualibact-v1.0,Total_Coding_Sequences,2600,3200,2600,2900,computed,warn,2600,3200,2604.66,3157,2604.66,2873.9449999999997,2777.12,3142.72
Clostridium tetani,qualibact-v1.0,Completeness_Specific,97,,99,100,computed,warn,97,,97.08,100,99.97,100,97.1542,99.38
Clostridium tetani,qualibact-v1.0,Contamination,,1,0,1,computed,warn,,1,0,0.78,0,0.10389999999999987,0.16,0.78
Clostridium tetani,qualibact-v1.0,N50,95000,,121000,557250.58,computed,warn,95000,,95470.48,557250.58,95470.475,557250.579999999,,
Clostridium tetani,qualibact-v1.0,no_of_contigs,,110,28.42,100,computed,warn,,110,28.42,103.36,28.415,103.36499999999995,,
Clostridium tetani,qualibact-v1.0,longest,,,251135.2,1258236.01,computed,warn,,,251135.2,1258236.01,251135.2,1258236.015,,
Corynebacterium diphtheriae,qualibact-v1.0,Genome_Size,2300000,2600000,2300000,2600000,computed,info,2300000,2600000,2335628.5,2571916.15,2335628.5,2571916.15,2374145.24,2562311.56
Corynebacterium diphtheriae,qualibact-v1.0,GC_Content,53.31,53.76,53.37,53.71,computed,info,53.31,53.76,53.3162,53.756,53.3563025,53.755989500000005,53.346608,53.736472
Corynebacterium diphtheriae,qualibact-v1.0,Total_Coding_Sequences,2100,2600,2200,2500,computed,info,2100,2600,2188,2535.19,2188,2535.1949999999997,2270.52,2485.36
Corynebacterium diphtheriae,qualibact-v1.0,Completeness_Specific,95,,99,100,computed,info,95,,95.89,100,99.98,100,95.99080000000001,98.5904
Corynebacterium diphtheriae,qualibact-v1.0,Contamination,,2,0.1,2,computed,info,,2,0.1,1.69,0.1,1.69,0.1,0.30439999999999995
Corynebacterium diphtheriae,qualibact-v1.0,N50,63000,,76000,403084,computed,info,63000,,63816.18,403084,63816.175,403084,,
Corynebacterium diphtheriae,qualibact-v1.0,no_of_contigs,,100,25.8,90,computed,info,,100,25.8,100,25.805,100,,
Corynebacterium diphtheriae,qualibact-v1.0,longest,,,160334.11,550459.92,computed,info,,,160334.11,550459.92,160334.105,550459.915,,
Corynebacterium glutamicum,qualibact-v1.0,Genome_Size,2800000,3500000,3200000,3400000,computed,warn,2800000,3500000,2843369,3428365,3232209,3324041.065,2877783.92,3426589.48
Corynebacterium glutamicum,qualibact-v1.0,GC_Content,53.73,54.3,53.8,53.93,computed,warn,53.73,54.3,53.7391,54.2941,53.7772155,53.9261685,53.750494,54.293938
Corynebacterium glutamicum,qualibact-v1.0,Total_Coding_Sequences,2600,3300,3000,3200,computed,warn,2600,3300,2654,3229,3020.385,3114.46,2683.7,3225.4
Corynebacterium glutamicum,qualibact-v1.0,Completeness_Specific,91,,99,100,computed,warn,91,,91.14,100,99.99,100,91.9248,98.69
Corynebacterium glutamicum,qualibact-v1.0,Contamination,,4,0.02,1,computed,warn,,4,0.02,3.57,0.07385,0.46,0.02,3.5280000000000005
Corynebacterium glutamicum,qualibact-v1.0,N50,102000,,113000,285134,computed,warn,102000,,102770,285134,102770,285134,,
Corynebacterium glutamicum,qualibact-v1.0,no_of_contigs,,100,46,100,computed,warn,,100,46,99.23,46,99.23000000000002,,
Corynebacterium glutamicum,qualibact-v1.0,longest,,,305739.02,544324.62,computed,warn,,,305739.02,544324.62,305739.015,544324.615,,
Corynebacterium jeikeium,qualibact-v1.0,Genome_Size,2200000,2600000,2200000,2500000,computed,warn,2200000,2600000,2235510.14,2524840,2235510.14,2454602.14,2415270.73,2524359.82
Corynebacterium jeikeium,qualibact-v1.0,GC_Content,61.35,62.63,61.53,62.6,computed,warn,61.35,62.63,61.3514,62.6242,61.523193,62.624212,61.352131,61.745458
Corynebacterium jeikeium,qualibact-v1.0,Total_Coding_Sequences,1900,2300,1900,2200,computed,warn,1900,2300,1957.63,2269,1957.63,2199.58,2126.69,2268.26
Corynebacterium jeikeium,qualibact-v1.0,Completeness_Specific,95,,99,100,computed,warn,95,,95.93,100,99.88210000000001,100,95.9568,98.61
Corynebacterium jeikeium,qualibact-v1.0,Contamination,,3,0,2,computed,warn,,3,0,2.15,0,1.8053999999999981,0.888,2.1452999999999998
Corynebacterium jeikeium,qualibact-v1.0,N50,77000,,82000,311352.56,computed,warn,77000,,77121.88,311352.56,77121.88,311352.5649999999,,
Corynebacterium jeikeium,qualibact-v1.0,no_of_contigs,,130,31.24,120,computed,warn,,130,31.24,120.13,31.235,120.13499999999995,,
Corynebacterium jeikeium,qualibact-v1.0,longest,,,179665.74,679250.11,computed,warn,,,179665.74,679250.11,179665.745,679250.1149999996,,
Corynebacterium pseudodiphtheriticum,qualibact-v1.0,Genome_Size,2200000,2500000,2200000,2500000,computed,warn,2200000,2500000,2260388,2457991.5,2260388,2457991.5,2305345.3,2401914.96
Corynebacterium pseudodiphtheriticum,qualibact-v1.0,GC_Content,55.13,55.43,55.15,55.38,computed,warn,55.13,55.43,55.1324,55.4244,55.1324,55.424350000000004,55.258522,55.380548
Corynebacterium pseudodiphtheriticum,qualibact-v1.0,Total_Coding_Sequences,2000,2300,2000,2300,computed,warn,2000,2300,2040,2285,2040,2285,2091.4,2173.58
Corynebacterium pseudodiphtheriticum,qualibact-v1.0,Completeness_Specific,98,,99,100,computed,warn,98,,98.66,100,99.99,100,98.6638,98.85
Corynebacterium pseudodiphtheriticum,qualibact-v1.0,Contamination,,1,0,1,computed,warn,,1,0,0.66,0,0.66,0.052250000000000005,0.49775
Corynebacterium pseudodiphtheriticum,qualibact-v1.0,N50,105000,,127000,571703,computed,warn,105000,,105960.5,571703,105960.5,571703,,
Corynebacterium pseudodiphtheriticum,qualibact-v1.0,no_of_contigs,,60,13,50,computed,warn,,60,13,58,13,58,,
Corynebacterium pseudodiphtheriticum,qualibact-v1.0,longest,,,267454.5,1090594,computed,warn,,,267454.5,1090594,267454.5,1090594,,
Corynebacterium striatum,qualibact-v1.0,Genome_Size,2600000,3100000,2700000,3100000,computed,warn,2600000,3100000,2665682,3076875.85,2692383.6,3076875.85,2668982.25,3030819.65
Corynebacterium striatum,qualibact-v1.0,GC_Content,58.98,59.45,59.05,59.38,computed,warn,58.98,59.45,58.9847,59.4456,58.984707500000006,59.403977499999996,59.0173425,59.443104999999996
Corynebacterium striatum,qualibact-v1.0,Total_Coding_Sequences,2400,3200,2500,3100,computed,warn,2400,3200,2489,3110.18,2551.075,3110.175,2493.65,2882.025
Corynebacterium striatum,qualibact-v1.0,Completeness_Specific,98,,99,100,computed,warn,98,,98.59,100,98.59225,100,99.08049999999999,99.9
Corynebacterium striatum,qualibact-v1.0,Contamination,,3,0.02,3,computed,warn,,3,0.02,2.61,0.02,2.61,0.07150000000000001,0.8709999999999998
Corynebacterium striatum,qualibact-v1.0,N50,62000,,73000,190542.52,computed,warn,62000,,62982.3,190542.52,62982.3,190542.525,,
Corynebacterium striatum,qualibact-v1.0,no_of_contigs,,290,89.48,270,computed,warn,,290,89.48,288.18,89.475,288.175,,
Corynebacterium striatum,qualibact-v1.0,longest,,,161773.62,408120.13,computed,warn,,,161773.62,408120.13,161773.625,408120.1250000001,,
Corynebacterium ulcerans,qualibact-v1.0,Genome_Size,2400000,2700000,2400000,2700000,computed,warn,2400000,2700000,2422103.8,2640733.12,2422103.8,2640733.12,2434916.23,2602839.82
Corynebacterium ulcerans,qualibact-v1.0,GC_Content,53.2,53.46,53.25,53.45,computed,warn,53.2,53.46,53.2032,53.4568,53.232791999999996,53.456808,53.205514,53.419275
Corynebacterium ulcerans,qualibact-v1.0,Total_Coding_Sequences,2100,2500,2100,2500,computed,warn,2100,2500,2181.76,2481.48,2181.76,2481.48,2194.04,2406.76
Corynebacterium ulcerans,qualibact-v1.0,Completeness_Specific,93,,99,99.99,computed,warn,93,,93.87,99.99,99.98,99.99,93.8934,98.2509
Corynebacterium ulcerans,qualibact-v1.0,Contamination,,1,0.23,1,computed,warn,,1,0.23,0.92,0.2336,0.9239999999999986,0.26,0.84
Corynebacterium ulcerans,qualibact-v1.0,N50,139000,,155000,578404.92,computed,warn,139000,,139324.88,578404.92,139324.88,578404.9199999998,,
Corynebacterium ulcerans,qualibact-v1.0,no_of_contigs,,40,8.68,40,computed,warn,,40,8.68,39.8,8.68,39.7999999999999,,
Corynebacterium ulcerans,qualibact-v1.0,longest,,,269070.88,866970.96,computed,warn,,,269070.88,866970.96,269070.88,866970.96,,
Cronobacter sakazakii,qualibact-v1.0,Genome_Size,4200000,5000000,4300000,4700000,computed,info,4200000,5000000,4268675,4908057,4316019.725,4775052.12,4275214.12,4901935.08
Cronobacter sakazakii,qualibact-v1.0,GC_Content,56.29,57.13,56.53,57.07,computed,info,56.29,57.13,56.2956,57.1227,56.4602115,57.1227,56.321836,57.097165999999994
Cronobacter sakazakii,qualibact-v1.0,Total_Coding_Sequences,3900,4800,3900,4500,computed,info,3900,4800,3926.27,4714,3926.27,4463,4032.84,4712.18
Cronobacter sakazakii,qualibact-v1.0,Completeness_Specific,95,,100,100,computed,info,95,,95.92,100,100,100,95.9676,99.03659999999999
Cronobacter sakazakii,qualibact-v1.0,Contamination,,4,0,1,computed,info,,4,0,3.3,0,0.69,0.1476,3.2523999999999997
Cronobacter sakazakii,qualibact-v1.0,N50,92000,,102000,1056424,computed,info,92000,,92807.72,1056424,92807.715,1056424,,
Cronobacter sakazakii,qualibact-v1.0,no_of_contigs,,140,25,120,computed,info,,140,25,138.36,25,138.365,,
Cronobacter sakazakii,qualibact-v1.0,longest,,,271581.79,2094942.44,computed,info,,,271581.79,2094942.44,271581.79,2094942.4350000003,,
Cronobacter turicensis,qualibact-v1.0,Genome_Size,4300000,4900000,4300000,4800000,computed,warn,4300000,4900000,4392205.48,4808084.73,4392205.48,4808084.73,4498051.14,4669280.22
Cronobacter turicensis,qualibact-v1.0,GC_Content,56.95,57.66,57.01,57.66,computed,warn,56.95,57.66,56.9576,57.6562,56.957569,57.656249,57.144960000000005,57.581744
Cronobacter turicensis,qualibact-v1.0,Total_Coding_Sequences,3900,4500,3900,4500,computed,warn,3900,4500,3975.51,4462.45,3975.51,4462.45,4197.68,4435.7
Cronobacter turicensis,qualibact-v1.0,Completeness_Specific,98,,100,100,computed,warn,98,,98.33,100,100,100,98.3308,99.00760000000001
Cronobacter turicensis,qualibact-v1.0,Contamination,,2,0,1,computed,warn,,2,0,1.48,0,0.5822999999999986,0.273,1.4782
Cronobacter turicensis,qualibact-v1.0,N50,194000,,217000,1126184.92,computed,warn,194000,,194054.35,1126184.92,194054.35,1126184.9199999997,,
Cronobacter turicensis,qualibact-v1.0,no_of_contigs,,110,18.51,100,computed,warn,,110,18.51,102.43,18.51,102.42999999999996,,
Cronobacter turicensis,qualibact-v1.0,longest,,,477272.07,1920476.22,computed,warn,,,477272.07,1920476.22,477272.07,1920476.2199999997,,
Curtobacterium flaccumfaciens,qualibact-v1.0,Genome_Size,3600000,4000000,3600000,3800000,computed,warn,3600000,4000000,3602627.62,3970624,3602627.62,3851579.62,3674466.12,3967477.2399999998
Curtobacterium flaccumfaciens,qualibact-v1.0,GC_Content,70.36,71.17,70.86,71.09,computed,warn,70.36,71.17,70.3678,71.1668,70.803969,71.16683499999999,70.392628,71.07432
Curtobacterium flaccumfaciens,qualibact-v1.0,Total_Coding_Sequences,3400,3900,3400,3700,computed,warn,3400,3900,3404.22,3815,3404.22,3685.34,3512.56,3810.8
Curtobacterium flaccumfaciens,qualibact-v1.0,Completeness_Specific,89,,99,100,computed,warn,89,,89.8,100,99.9,100,89.8108,93.97160000000001
Curtobacterium flaccumfaciens,qualibact-v1.0,Contamination,,10,0.04,1,computed,warn,,10,0.04,9.47,0.0444,0.899,5.204,9.3896
Curtobacterium flaccumfaciens,qualibact-v1.0,N50,38000,,56000,479035.39,computed,warn,38000,,38483.9,479035.39,38483.9,479035.39,,
Curtobacterium flaccumfaciens,qualibact-v1.0,no_of_contigs,,210,19.83,180,computed,warn,,210,19.83,202.24,19.83,202.24,,
Curtobacterium flaccumfaciens,qualibact-v1.0,longest,,,159190.4,921923.74,computed,warn,,,159190.4,921923.74,159190.4,921923.74,,
Cutibacterium acnes,qualibact-v1.0,Genome_Size,2400000,2700000,2400000,2600000,computed,info,2400000,2700000,2454010.9,2661991.57,2454010.9,2661991.5749999997,2488860.295,2560886.32
Cutibacterium acnes,qualibact-v1.0,GC_Content,59.95,60.24,59.99,60.24,computed,info,59.95,60.24,59.9556,60.2358,59.955575,60.235785,59.991440499999996,60.1609595
Cutibacterium acnes,qualibact-v1.0,Total_Coding_Sequences,2200,2600,2300,2500,computed,info,2200,2600,2296.3,2578.7,2296.3,2578.7,2406.175,2522.59
Cutibacterium acnes,qualibact-v1.0,Completeness_Specific,95,,99,100,computed,info,95,,95.37,100,98.518,100,95.66845,97.83765
Cutibacterium acnes,qualibact-v1.0,Contamination,,2,0.01,2,computed,info,,2,0.01,1.79,0.01,1.7862499999999886,0.37,1.0212500000000002
Cutibacterium acnes,qualibact-v1.0,N50,19000,,40000,893449.12,computed,info,19000,,19709.58,893449.12,19709.575,893449.125,,
Cutibacterium acnes,qualibact-v1.0,no_of_contigs,,240,8,140,computed,info,,240,8,231.22,8,231.22499999999923,,
Cutibacterium acnes,qualibact-v1.0,longest,,,87156.42,1009260.08,computed,info,,,87156.42,1009260.08,87156.425,1009260.075,,
Deinococcus radiodurans,qualibact-v1.0,Genome_Size,3100000,3400000,3200000,3300000,computed,warn,3100000,3400000,3193850,3344765,3201471.08,3266530.52,3194259.76,3340884.89
Deinococcus radiodurans,qualibact-v1.0,GC_Content,66.48,66.89,66.53,66.8,computed,warn,66.48,66.89,66.4844,66.8867,66.484412,66.886684,66.592147,66.6681935
Deinococcus radiodurans,qualibact-v1.0,Total_Coding_Sequences,3000,3500,3100,3500,computed,warn,3000,3500,3092.44,3491.32,3092.44,3491.32,3134.39,3302.83
Deinococcus radiodurans,qualibact-v1.0,Completeness_Specific,91,,95,99.97,computed,warn,91,,91.55,99.97,91.5468,99.97,93.6417,98.96895
Deinococcus radiodurans,qualibact-v1.0,Contamination,,2,0.01,1,computed,warn,,2,0.01,1.12,0.007600000000000001,0.08,0.1613,1.1050500000000003
Deinococcus radiodurans,qualibact-v1.0,N50,14000,,15000,155709,computed,warn,14000,,14399.88,155709,14399.88,155709,,
Deinococcus radiodurans,qualibact-v1.0,no_of_contigs,,470,61,420,computed,warn,,470,61,465.16,61,465.1600000000001,,
Deinococcus radiodurans,qualibact-v1.0,longest,,,52916.12,384750.64,computed,warn,,,52916.12,384750.64,52916.12,384750.64,,
Dichelobacter nodosus,qualibact-v1.0,Genome_Size,1200000,1500000,1200000,1500000,computed,warn,1200000,1500000,1296774.03,1466660,1296774.035,1458286.375,1317681.08,1463332.16
Dichelobacter nodosus,qualibact-v1.0,GC_Content,43.82,44.42,43.86,44.4,computed,warn,43.82,44.42,43.8275,44.4118,43.827453999999996,44.411792999999996,43.967363999999996,44.388176
Dichelobacter nodosus,qualibact-v1.0,Total_Coding_Sequences,1200,1500,1200,1400,computed,warn,1200,1500,1203.49,1422,1203.49,1406.7649999999999,1262.4,1418.4
Dichelobacter nodosus,qualibact-v1.0,Completeness_Specific,97,,100,100,computed,warn,97,,97.09,100,100,100,97.13640000000001,99.14760000000001
Dichelobacter nodosus,qualibact-v1.0,Contamination,,5,0,1,computed,warn,,5,0,4.04,0,4.043199999999997,0.2,0.49
Dichelobacter nodosus,qualibact-v1.0,N50,61000,,72000,381367.66,computed,warn,61000,,61387.58,381367.66,61387.575,381367.65499999997,,
Dichelobacter nodosus,qualibact-v1.0,no_of_contigs,,100,9.74,80,computed,warn,,100,9.74,94.26,9.745,94.255,,
Dichelobacter nodosus,qualibact-v1.0,longest,,,134099.34,458717.14,computed,warn,,,134099.34,458717.14,134099.335,458717.1399999999,,
Elizabethkingia anophelis,qualibact-v1.0,Genome_Size,3800000,4400000,3800000,4300000,computed,info,3800000,4400000,3814988.85,4369828,3814988.85,4334993.6,3861438.13,4339238.949999999
Elizabethkingia anophelis,qualibact-v1.0,GC_Content,35.37,35.98,35.43,35.78,computed,info,35.37,35.98,35.3727,35.9704,35.372699999999995,35.787275,35.3788,35.957974
Elizabethkingia anophelis,qualibact-v1.0,Total_Coding_Sequences,3400,4200,3500,4100,computed,info,3400,4200,3491.55,4128.85,3491.55,4128.85,3538.96,4068.2999999999997
Elizabethkingia anophelis,qualibact-v1.0,Completeness_Specific,94,,99,100,computed,info,94,,94.63,100,99.99,100,94.6927,98.8972
Elizabethkingia anophelis,qualibact-v1.0,Contamination,,6,0,1,computed,info,,6,0,5.72,0,0.86,0.62,5.286799999999994
Elizabethkingia anophelis,qualibact-v1.0,N50,116000,,162000,1035131,computed,info,116000,,116025.55,1035131,116025.55,1035131,,
Elizabethkingia anophelis,qualibact-v1.0,no_of_contigs,,100,9.65,90,computed,info,,100,9.65,96.75,9.65,96.75000000000011,,
Elizabethkingia anophelis,qualibact-v1.0,longest,,,349275.5,1556302.3,computed,info,,,349275.5,1556302.3,349275.5,1556302.3000000003,,
Enterobacter asburiae,qualibact-v1.0,Genome_Size,4400000,5700000,4500000,5500000,computed,warn,4400000,5700000,4462870.38,5615356,4462870.375,5493213.75,4519334.4,5605065.65
Enterobacter asburiae,qualibact-v1.0,GC_Content,54.89,56.2,55.02,56.1,computed,warn,54.89,56.2,54.8988,56.1974,54.8988125,56.197425,54.94525,56.10828
Enterobacter asburiae,qualibact-v1.0,Total_Coding_Sequences,4100,5700,4100,5300,computed,warn,4100,5700,4114.88,5644,4114.875,5340.875,4319.15,5640.85
Enterobacter asburiae,qualibact-v1.0,Completeness_Specific,96,,100,100,computed,warn,96,,96.4,100,100,100,96.58550000000001,99.73949999999999
Enterobacter asburiae,qualibact-v1.0,Contamination,,5,0,1,computed,warn,,5,0,4.97,0,1.0825,0.03,4.140500000000014
Enterobacter asburiae,qualibact-v1.0,N50,29000,,72000,887571.12,computed,warn,29000,,29418.75,887571.12,29418.75,887571.125,,
Enterobacter asburiae,qualibact-v1.0,no_of_contigs,,470,29,270,computed,warn,,470,29,467.12,29,467.125,,
Enterobacter asburiae,qualibact-v1.0,longest,,,111212.88,2232021.62,computed,warn,,,111212.88,2232021.62,111212.875,2232021.625,,
Enterobacter bugandensis,qualibact-v1.0,Genome_Size,4500000,5400000,4500000,5300000,computed,warn,4500000,5400000,4573549.51,5348661,4573549.51,5283804.99,4644060.68,5305124.92
Enterobacter bugandensis,qualibact-v1.0,GC_Content,55.42,56.23,55.44,56.17,computed,warn,55.42,56.23,55.4285,56.2243,55.4284715,56.224319,55.43453,56.146314000000004
Enterobacter bugandensis,qualibact-v1.0,Total_Coding_Sequences,4200,5200,4200,5100,computed,warn,4200,5200,4219.58,5175,4219.585,5110,4424.62,5128.94
Enterobacter bugandensis,qualibact-v1.0,Completeness_Specific,99,,100,100,computed,warn,99,,99.15,100,100,100,99.15140000000001,99.84219999999999
Enterobacter bugandensis,qualibact-v1.0,Contamination,,1,0,1,computed,warn,,1,0,0.88,0,0.3753999999999996,0.03,0.8702
Enterobacter bugandensis,qualibact-v1.0,N50,86000,,125000,1100734.97,computed,warn,86000,,86890.46,1100734.97,86890.465,1100734.9749999985,,
Enterobacter bugandensis,qualibact-v1.0,no_of_contigs,,180,29.1,150,computed,warn,,180,29.1,177.6,29.095,177.6049999999998,,
Enterobacter bugandensis,qualibact-v1.0,longest,,,266575.06,2264961.22,computed,warn,,,266575.06,2264961.22,266575.055,2264961.215,,
Enterobacter cloacae,qualibact-v1.0,Genome_Size,4500000,5800000,4700000,5700000,computed,info,4500000,5800000,4557402,5786228,4662594.595,5656726.755,4610352.375,5767640.975
Enterobacter cloacae,qualibact-v1.0,GC_Content,52.92,56.95,53.17,55.82,computed,info,52.92,56.95,52.9257,56.9467,52.9256605,56.140032000000005,53.2908075,56.5214275
Enterobacter cloacae,qualibact-v1.0,Total_Coding_Sequences,4300,5900,4400,5600,computed,info,4300,5900,4310,5859,4341.855,5579.905,4358.15,5802.299999999999
Enterobacter cloacae,qualibact-v1.0,Completeness_Specific,90,,100,100,computed,info,90,,90.4,100,100,100,90.652,99.3455
Enterobacter cloacae,qualibact-v1.0,Contamination,,4,0,1,computed,info,,4,0,3.97,0,1.2971499999999991,0.40125,3.94975
Enterobacter cloacae,qualibact-v1.0,N50,41000,,65000,870199.09,computed,info,41000,,41721.52,870199.09,41721.52,870199.09,,
Enterobacter cloacae,qualibact-v1.0,no_of_contigs,,410,32,280,computed,info,,410,32,408.24,32,408.2399999999998,,
Enterobacter cloacae,qualibact-v1.0,longest,,,132319.76,2184531.47,computed,info,,,132319.76,2184531.47,132319.755,2184531.474999999,,
Enterobacter hormaechei,qualibact-v1.0,Genome_Size,4500000,5700000,4600000,5400000,computed,info,4500000,5700000,4514131,5668552,4521965.65,5408157,4550116.5,5627315.15
Enterobacter hormaechei,qualibact-v1.0,GC_Content,54.28,55.77,54.58,55.63,computed,info,54.28,55.77,54.2885,55.7652,54.48115,55.726725,54.3438,55.707235
Enterobacter hormaechei,qualibact-v1.0,Total_Coding_Sequences,4100,5700,4200,5200,computed,info,4100,5700,4189.95,5690,4189.95,5252.35,4312.25,5564.700000000001
Enterobacter hormaechei,qualibact-v1.0,Completeness_Specific,97,,100,100,computed,info,97,,97.18,100,100,100,97.2855,99.76050000000001
Enterobacter hormaechei,qualibact-v1.0,Contamination,,4,0,2,computed,info,,4,0,3.3,0,1.5635000000000037,0.03,3.1405000000000007
Enterobacter hormaechei,qualibact-v1.0,N50,68000,,101000,856531.65,computed,info,68000,,68788.25,856531.65,68788.25,856531.6500000006,,
Enterobacter hormaechei,qualibact-v1.0,no_of_contigs,,260,34,200,computed,info,,260,34,252.35,34,252.35000000000036,,
Enterobacter hormaechei,qualibact-v1.0,longest,,,211446.35,1943672.7,computed,info,,,211446.35,1943672.7,211446.35,1943672.7000000002,,
Enterobacter kobei,qualibact-v1.0,Genome_Size,4600000,5900000,4600000,5500000,computed,info,4600000,5900000,4612464.24,5812923,4612464.24,5527840.92,4664040.96,5800779.68
Enterobacter kobei,qualibact-v1.0,GC_Content,53.84,55.44,54.26,55.11,computed,info,53.84,55.44,53.8408,55.4359,54.15482,55.167272000000004,53.897164000000004,55.3771
Enterobacter kobei,qualibact-v1.0,Total_Coding_Sequences,4200,5800,4300,5300,computed,info,4200,5800,4254.76,5794,4254.76,5458.360000000001,4405.48,5767.96
Enterobacter kobei,qualibact-v1.0,Completeness_Specific,94,,100,100,computed,info,94,,94.44,100,100,100,94.58,99.9044
Enterobacter kobei,qualibact-v1.0,Contamination,,3,0.03,1,computed,info,,3,0.03,2.05,0.03,1.24,0.03,1.9715999999999996
Enterobacter kobei,qualibact-v1.0,N50,67000,,79000,663147.12,computed,info,67000,,67744.56,663147.12,67744.56,663147.1200000003,,
Enterobacter kobei,qualibact-v1.0,no_of_contigs,,330,33.76,290,computed,info,,330,33.76,327.24,33.76,327.24,,
Enterobacter kobei,qualibact-v1.0,longest,,,199897.16,1490538.64,computed,info,,,199897.16,1490538.64,199897.16,1490538.64,,
Enterobacter ludwigii,qualibact-v1.0,Genome_Size,4600000,5800000,4600000,5700000,computed,warn,4600000,5800000,4607358.28,5711988,4607358.28,5630561.82,4640693.75,5632559.5
Enterobacter ludwigii,qualibact-v1.0,GC_Content,53.79,54.79,53.95,54.75,computed,warn,53.79,54.79,53.7961,54.7857,53.920154000000004,54.785742,53.8585,54.778775
Enterobacter ludwigii,qualibact-v1.0,Total_Coding_Sequences,4300,5700,4300,5600,computed,warn,4300,5700,4305.36,5690,4305.36,5518.58,4428,5598
Enterobacter ludwigii,qualibact-v1.0,Completeness_Specific,93,,100,100,computed,warn,93,,93.57,100,100,100,93.78,99.66
Enterobacter ludwigii,qualibact-v1.0,Contamination,,2,0,1,computed,warn,,2,0,1.08,0,0.7121999999999986,0.03,1.045
Enterobacter ludwigii,qualibact-v1.0,N50,80000,,150000,1034745.3,computed,warn,80000,,80737.34,1034745.3,80737.34,1034745.2999999998,,
Enterobacter ludwigii,qualibact-v1.0,no_of_contigs,,200,22,170,computed,warn,,200,22,195.32,22,195.31999999999994,,
Enterobacter ludwigii,qualibact-v1.0,longest,,,251924.9,2395735.32,computed,warn,,,251924.9,2395735.32,251924.9,2395735.32,,
Enterobacter roggenkampii,qualibact-v1.0,Genome_Size,4500000,5700000,4600000,5500000,computed,info,4500000,5700000,4578829.54,5689850,4578829.54,5622804.09,4643075.055,5616174.020000001
Enterobacter roggenkampii,qualibact-v1.0,GC_Content,55.07,56.23,55.19,56.16,computed,info,55.07,56.23,55.0741,56.2274,55.074121000000005,56.227442,55.237643,56.139258999999996
Enterobacter roggenkampii,qualibact-v1.0,Total_Coding_Sequences,4100,5700,4200,5300,computed,info,4100,5700,4195.01,5620,4195.01,5443.84,4376.535,5547.000000000001
Enterobacter roggenkampii,qualibact-v1.0,Completeness_Specific,94,,100,100,computed,info,94,,94.78,100,100,100,95.32385,99.88
Enterobacter roggenkampii,qualibact-v1.0,Contamination,,3,0,1,computed,info,,3,0,2.39,0,1.2392000000000007,0.03,2.3827000000000003
Enterobacter roggenkampii,qualibact-v1.0,N50,46000,,54000,844819.18,computed,info,46000,,46555.75,844819.18,46555.75,844819.1800000014,,
Enterobacter roggenkampii,qualibact-v1.0,no_of_contigs,,490,34,310,computed,info,,490,34,489.23,34,489.23000000000184,,
Enterobacter roggenkampii,qualibact-v1.0,longest,,,145017.22,2137495.06,computed,info,,,145017.22,2137495.06,145017.22,2137495.060000001,,
Enterococcus avium,qualibact-v1.0,Genome_Size,3700000,4900000,4100000,4700000,computed,error,3700000,4900000,3723378,4882096,4124917.82,4610300.81,3733851.945,4877631.625
Enterococcus avium,qualibact-v1.0,GC_Content,38.52,39.27,38.78,39.26,computed,error,38.52,39.27,38.5274,39.2616,38.787223,39.26162,38.5332395,39.0666125
Enterococcus avium,qualibact-v1.0,Total_Coding_Sequences,3700,4900,4100,4700,computed,error,3700,4900,3729,4887,4113.8,4631.06,3738.93,4881.24
Enterococcus avium,qualibact-v1.0,Completeness_Specific,93,,99,100,computed,error,93,,93.73,100,99.8249,100,93.79375,98.37
Enterococcus avium,qualibact-v1.0,Contamination,,11,1.04,4,computed,error,,11,1.04,10.2,1.0396,3.6483000000000017,7.61495,10.1997
Enterococcus avium,qualibact-v1.0,N50,24000,,30000,115100.5,computed,error,24000,,24812.4,115100.5,24812.4,115100.50000000007,,
Enterococcus avium,qualibact-v1.0,no_of_contigs,,390,111.96,340,computed,error,,390,111.96,384.34,111.96,384.34000000000015,,
Enterococcus avium,qualibact-v1.0,longest,,,90666.19,324579.51,computed,error,,,90666.19,324579.51,90666.19,324579.51,,
Enterococcus casseliflavus,qualibact-v1.0,Genome_Size,3300000,3900000,3300000,3900000,computed,warn,3300000,3900000,3319918.07,3864310.92,3319918.07,3864310.92,3342977.05,3777978.1
Enterococcus casseliflavus,qualibact-v1.0,GC_Content,41.97,42.92,42.08,42.89,computed,warn,41.97,42.92,41.9797,42.9153,42.058172,42.91535,42.000392500000004,42.8677325
Enterococcus casseliflavus,qualibact-v1.0,Total_Coding_Sequences,3100,3800,3200,3700,computed,warn,3100,3800,3138,3750,3138,3712.73,3189.6,3737.925
Enterococcus casseliflavus,qualibact-v1.0,Completeness_Specific,95,,99,100,computed,warn,95,,95.52,100,99.9606,100,95.52225,98.756
Enterococcus casseliflavus,qualibact-v1.0,Contamination,,12,0.09,2,computed,warn,,12,0.09,11.22,0.09,1.307,1.7855,11.077500000000002
Enterococcus casseliflavus,qualibact-v1.0,N50,82000,,91000,560527.11,computed,warn,82000,,82899.68,560527.11,82899.68,560527.11,,
Enterococcus casseliflavus,qualibact-v1.0,no_of_contigs,,150,25.65,140,computed,warn,,150,25.65,142.35,25.65,142.35,,
Enterococcus casseliflavus,qualibact-v1.0,longest,,,206778.52,955554.76,computed,warn,,,206778.52,955554.76,206778.52,955554.76,,
Enterococcus cecorum,qualibact-v1.0,Genome_Size,2000000,2800000,2000000,2700000,computed,warn,2000000,2800000,2047231.42,2799887,2047231.42,2733715.975,2243489.55,2793545.3000000003
Enterococcus cecorum,qualibact-v1.0,GC_Content,36.04,36.77,36.09,36.68,computed,warn,36.04,36.77,36.0436,36.765,36.04365,36.7649565,36.168752500000004,36.6887275
Enterococcus cecorum,qualibact-v1.0,Total_Coding_Sequences,1900,2900,2000,2700,computed,warn,1900,2900,1976.32,2818,1976.32,2787.4500000000007,2232.7,2812.975
Enterococcus cecorum,qualibact-v1.0,Completeness_Specific,93,,99,100,computed,warn,93,,93.66,100,98.86,99.99835,93.678,95.85
Enterococcus cecorum,qualibact-v1.0,Contamination,,2,0,1,computed,warn,,2,0,1.62,0,0.52,0.5637500000000001,1.6080000000000003
Enterococcus cecorum,qualibact-v1.0,N50,49000,,50000,193590.5,computed,warn,49000,,49283.37,193590.5,49283.37,193590.49500000008,,
Enterococcus cecorum,qualibact-v1.0,no_of_contigs,,210,38.66,180,computed,warn,,210,38.66,201.67,38.66,201.67000000000002,,
Enterococcus cecorum,qualibact-v1.0,longest,,,133771.84,611723.14,computed,warn,,,133771.84,611723.14,133771.84,611723.1400000001,,
Enterococcus durans,qualibact-v1.0,Genome_Size,2700000,3300000,2700000,3200000,computed,warn,2700000,3300000,2761224.3,3213220.65,2761224.3,3213220.65,2963536.165,3136548.525
Enterococcus durans,qualibact-v1.0,GC_Content,37.29,38.05,37.33,37.91,computed,warn,37.29,38.05,37.299,38.0401,37.299005,37.94248,37.879624,38.0380045
Enterococcus durans,qualibact-v1.0,Total_Coding_Sequences,2600,3200,2600,3000,computed,warn,2600,3200,2623.7,3101.2,2623.7,3101.199999999999,2792.495,3085.82
Enterococcus durans,qualibact-v1.0,Completeness_Specific,97,,99,100,computed,warn,97,,97.98,100,99.99,100,97.98165,98.83285000000001
Enterococcus durans,qualibact-v1.0,Contamination,,2,0.02,2,computed,warn,,2,0.02,1.39,0.02,1.3869999999999958,0.17,0.36
Enterococcus durans,qualibact-v1.0,N50,34000,,37000,230403.9,computed,warn,34000,,34926.7,230403.9,34926.7,230403.89999999982,,
Enterococcus durans,qualibact-v1.0,no_of_contigs,,230,40.35,220,computed,warn,,230,40.35,222.95,40.35,222.94999999999993,,
Enterococcus durans,qualibact-v1.0,longest,,,92926.65,514273.35,computed,warn,,,92926.65,514273.35,92926.65,514273.3499999985,,
Enterococcus faecalis,qualibact-v1.0,Genome_Size,2600000,3600000,2700000,3400000,computed,info,2600000,3600000,2642626,3505610,2665433.07,3394937.0100000002,2672915.78,3456312.5900000003
Enterococcus faecalis,qualibact-v1.0,GC_Content,36.89,37.81,36.98,37.69,computed,info,36.89,37.81,36.896,37.8014,36.896042,37.7156975,37.041826,37.782872
Enterococcus faecalis,qualibact-v1.0,Total_Coding_Sequences,2400,3600,2500,3400,computed,info,2400,3600,2468,3586,2468,3457,2540.35,3506.9600000000005
Enterococcus faecalis,qualibact-v1.0,Completeness_Specific,95,,99,100,computed,info,95,,95.95,100,99.98,100,96.15,99.66
Enterococcus faecalis,qualibact-v1.0,Contamination,,3,0.03,1,computed,info,,3,0.03,2.21,0.03,0.9139500000000044,0.05,1.4584000000000004
Enterococcus faecalis,qualibact-v1.0,N50,51000,,75000,646124.1,computed,info,51000,,51907.51,646124.1,51907.51,646124.095,,
Enterococcus faecalis,qualibact-v1.0,no_of_contigs,,220,17,170,computed,info,,220,17,211,17,211,,
Enterococcus faecalis,qualibact-v1.0,longest,,,149303.17,1217080.84,computed,info,,,149303.17,1217080.84,149303.17,1217080.8400000045,,
Enterococcus faecium,qualibact-v1.0,Genome_Size,2400000,3500000,2700000,3200000,computed,info,2400000,3500000,2432228,3440588,2621129.915,3237774.9850000003,2490081.43,3404576.4499999997
Enterococcus faecium,qualibact-v1.0,GC_Content,37.39,38.56,37.47,38,computed,info,37.39,38.56,37.3948,38.5528,37.394830500000005,38.0911565,37.513311,38.435784
Enterococcus faecium,qualibact-v1.0,Total_Coding_Sequences,2300,3600,2600,3300,computed,info,2300,3600,2353,3512,2550,3288,2409.62,3443.31
Enterococcus faecium,qualibact-v1.0,Completeness_Specific,95,,100,100,computed,info,95,,95.85,100,99.99,100,96.1879,99.61
Enterococcus faecium,qualibact-v1.0,Contamination,,5,0.13,5,computed,info,,5,0.13,4.46,0.22,4.46,0.13,1.5450000000000126
Enterococcus faecium,qualibact-v1.0,N50,18000,,24000,72032,computed,info,18000,,18366.78,72032,18366.785,72032,,
Enterococcus faecium,qualibact-v1.0,no_of_contigs,,540,135,410,computed,info,,540,135,533,135,533,,
Enterococcus faecium,qualibact-v1.0,longest,,,68565.4,243203,computed,info,,,68565.4,243203,68565.395,243203,,
Enterococcus gallinarum,qualibact-v1.0,Genome_Size,3100000,3800000,3100000,3700000,computed,warn,3100000,3800000,3119693.7,3792603,3119693.695,3672241.2800000003,3151534.715,3792124.245
Enterococcus gallinarum,qualibact-v1.0,GC_Content,39.87,40.84,40.12,40.63,computed,warn,39.87,40.84,39.871,40.8364,40.123005,40.698984,39.8719315,40.8295555
Enterococcus gallinarum,qualibact-v1.0,Total_Coding_Sequences,2900,3800,3000,3500,computed,warn,2900,3800,2970.71,3713,2970.71,3487.2950000000005,3021.665,3710.57
Enterococcus gallinarum,qualibact-v1.0,Completeness_Specific,90,,100,100,computed,warn,90,,90.54,100,100,100,90.58590000000001,94.63095000000001
Enterococcus gallinarum,qualibact-v1.0,Contamination,,12,0.1,1,computed,warn,,12,0.1,11.72,0.1,0.6933000000000004,0.5136000000000001,11.653400000000001
Enterococcus gallinarum,qualibact-v1.0,N50,76000,,88000,337489.11,computed,warn,76000,,76601.63,337489.11,76601.63,337489.11000000004,,
Enterococcus gallinarum,qualibact-v1.0,no_of_contigs,,180,35.34,170,computed,warn,,180,35.34,174,35.335,174,,
Enterococcus gallinarum,qualibact-v1.0,longest,,,207133.72,842200.09,computed,warn,,,207133.72,842200.09,207133.72,842200.0900000004,,
Enterococcus hirae,qualibact-v1.0,Genome_Size,2600000,3300000,2600000,3200000,computed,info,2600000,3300000,2669761.72,3233855,2669761.72,3206737.0399999996,2672586.55,3214185.35
Enterococcus hirae,qualibact-v1.0,GC_Content,36.38,37.16,36.49,36.96,computed,info,36.38,37.16,36.3839,37.1576,36.383912,37.038968,36.513274,37.154877500000005
Enterococcus hirae,qualibact-v1.0,Total_Coding_Sequences,2400,3200,2500,3000,computed,info,2400,3200,2469.12,3128,2469.12,3066,2528.495,3108.2000000000003
Enterococcus hirae,qualibact-v1.0,Completeness_Specific,92,,99,100,computed,info,92,,92.62,100,99.99,100,93.45490000000001,98.84
Enterococcus hirae,qualibact-v1.0,Contamination,,2,0.01,2,computed,info,,2,0.01,1.65,0.01,1.6543999999999994,0.08,1.1956
Enterococcus hirae,qualibact-v1.0,N50,38000,,49000,327556.96,computed,info,38000,,38090.76,327556.96,38090.76,327556.9599999999,,
Enterococcus hirae,qualibact-v1.0,no_of_contigs,,210,28,180,computed,info,,210,28,209.44,28,209.43999999999994,,
Enterococcus hirae,qualibact-v1.0,longest,,,108299.32,850437.68,computed,info,,,108299.32,850437.68,108299.32,850437.6799999943,,
Enterococcus lactis,qualibact-v1.0,Genome_Size,2500000,3100000,2500000,3000000,computed,info,2500000,3100000,2533136.65,3073413,2533136.65,2994763.7499999995,2590833.135,3047793.9149999996
Enterococcus lactis,qualibact-v1.0,GC_Content,37.9,38.48,37.95,38.35,computed,info,37.9,38.48,37.9049,38.4702,37.904885,38.40384,38.0488305,38.4701595
Enterococcus lactis,qualibact-v1.0,Total_Coding_Sequences,2400,3100,2400,2900,computed,info,2400,3100,2430,3078,2430,2940.25,2506,3051.1349999999998
Enterococcus lactis,qualibact-v1.0,Completeness_Specific,96,,100,100,computed,info,96,,96.05,100,100,100,96.4145,99.42
Enterococcus lactis,qualibact-v1.0,Contamination,,2,0.03,2,computed,info,,2,0.03,1.52,0.03,1.5204999999999995,0.08,1.2254499999999995
Enterococcus lactis,qualibact-v1.0,N50,36000,,52000,298926.5,computed,info,36000,,36092.65,298926.5,36092.65,298926.4999999999,,
Enterococcus lactis,qualibact-v1.0,no_of_contigs,,230,27,180,computed,info,,230,27,222,27,222,,
Enterococcus lactis,qualibact-v1.0,longest,,,114417.6,892660.25,computed,info,,,114417.6,892660.25,114417.6,892660.2499999998,,
Erwinia amylovora,qualibact-v1.0,Genome_Size,3700000,4000000,3700000,3900000,computed,warn,3700000,4000000,3745555.7,3905604,3745555.695,3898385.065,3799973.08,3903123.52
Erwinia amylovora,qualibact-v1.0,GC_Content,53.35,53.73,53.4,53.59,computed,warn,53.35,53.73,53.3554,53.7283,53.355408000000004,53.622416,53.576512,53.710364
Erwinia amylovora,qualibact-v1.0,Total_Coding_Sequences,3400,3600,3400,3600,computed,warn,3400,3600,3417.6,3586,3417.595,3573.7200000000003,3464.8,3582.16
Erwinia amylovora,qualibact-v1.0,Completeness_Specific,95,,100,100,computed,warn,95,,95.4,100,100,100,95.47840000000001,98.23
Erwinia amylovora,qualibact-v1.0,Contamination,,1,0.12,1,computed,warn,,1,0.12,0.89,0.12,0.5410000000000003,0.1832,0.8692
Erwinia amylovora,qualibact-v1.0,N50,45000,,129000,435581.72,computed,warn,45000,,45923.22,435581.72,45923.225,435581.72,,
Erwinia amylovora,qualibact-v1.0,no_of_contigs,,200,50.98,140,computed,warn,,200,50.98,192,50.975,191.9950000000001,,
Erwinia amylovora,qualibact-v1.0,longest,,,128920.14,990376.37,computed,warn,,,128920.14,990376.37,128920.135,990376.3650000001,,
Erysipelothrix rhusiopathiae,qualibact-v1.0,Genome_Size,1700000,2000000,1700000,1900000,computed,info,1700000,2000000,1705705.24,1945689,1705705.24,1899476.1,1754835.11,1944131.18
Erysipelothrix rhusiopathiae,qualibact-v1.0,GC_Content,36.15,36.64,36.19,36.49,computed,info,36.15,36.64,36.1538,36.6356,36.153786,36.503678,36.274553,36.635413
Erysipelothrix rhusiopathiae,qualibact-v1.0,Total_Coding_Sequences,1600,2000,1600,1800,computed,info,1600,2000,1618.32,1919,1618.32,1819.68,1708.66,1916.3600000000001
Erysipelothrix rhusiopathiae,qualibact-v1.0,Completeness_Specific,89,,99,100,computed,info,89,,89.71,100,99.89,100,89.9498,96.99
Erysipelothrix rhusiopathiae,qualibact-v1.0,Contamination,,4,0.72,2,computed,info,,4,0.72,3.63,0.8766,1.76,0.7546499999999999,3.5858999999999996
Erysipelothrix rhusiopathiae,qualibact-v1.0,N50,22000,,34000,311976.76,computed,info,22000,,22351.22,311976.76,22351.22,311976.76,,
Erysipelothrix rhusiopathiae,qualibact-v1.0,no_of_contigs,,140,18.66,120,computed,info,,140,18.66,137.74,18.66,137.74000000000035,,
Erysipelothrix rhusiopathiae,qualibact-v1.0,longest,,,72074.8,587570.6,computed,info,,,72074.8,587570.6,72074.8,587570.6000000006,,
Escherichia albertii,qualibact-v1.0,Genome_Size,4400000,5400000,4400000,5400000,computed,info,4400000,5400000,4400527.36,5366623.12,4400527.36,5366623.12,4572867,5342690.2
Escherichia albertii,qualibact-v1.0,GC_Content,49.3,50.17,49.37,49.92,computed,info,49.3,50.17,49.3089,50.1667,49.308895,49.9595465,49.428979999999996,50.10722
Escherichia albertii,qualibact-v1.0,Total_Coding_Sequences,4100,5500,4200,5400,computed,info,4100,5500,4178.92,5461.66,4178.92,5461.665,4403.4,5353.4
Escherichia albertii,qualibact-v1.0,Completeness_Specific,97,,100,100,computed,info,97,,97.42,100,99.99,100,97.428,99.66
Escherichia albertii,qualibact-v1.0,Contamination,,2,0.05,2,computed,info,,2,0.05,1.49,0.05,1.4901999999999997,0.26,1.3399999999999994
Escherichia albertii,qualibact-v1.0,N50,27000,,33000,439536.62,computed,info,27000,,27733.76,439536.62,27733.76,439536.62,,
Escherichia albertii,qualibact-v1.0,no_of_contigs,,470,53.47,410,computed,info,,470,53.47,467.04,53.47,467.03999999999996,,
Escherichia albertii,qualibact-v1.0,longest,,,111016.63,744038.88,computed,info,,,111016.63,744038.88,111016.63,744038.875,,
Escherichia coli,qualibact-v1.0,Genome_Size,4100000,6300000,4400000,5700000,computed,warn,4100000,6300000,4165587,6250413,4343917.55,5735294.76,4524299.92,6007186.36
Escherichia coli,qualibact-v1.0,GC_Content,50.09,51.13,50.25,50.88,computed,warn,50.09,51.13,50.0941,51.1241,50.1916,50.958186999999995,50.24376,50.995488
Escherichia coli,qualibact-v1.0,Total_Coding_Sequences,3900,6500,4200,5800,computed,warn,3900,6500,3998,6496,4190,5967,4409.155,6159.535000000001
Escherichia coli,qualibact-v1.0,Completeness_Specific,95,,100,100,computed,warn,95,,95.93,100,100,100,96.3,99.56
Escherichia coli,qualibact-v1.0,Contamination,,16,0,2,computed,warn,,16,0,15.57,0,1.68,0.15,3.4
Escherichia coli,qualibact-v1.0,N50,20000,,23000,370002.96,computed,warn,20000,,20626,370002.96,20626,370002.95999999996,,
Escherichia coli,qualibact-v1.0,no_of_contigs,,670,68,600,computed,warn,,670,68,669,68,669,,
Escherichia coli,qualibact-v1.0,longest,,,76416.13,842642.61,computed,warn,,,76416.13,842642.61,76416.13,842642.61,,
Escherichia fergusonii,qualibact-v1.0,Genome_Size,4300000,5300000,4400000,5200000,computed,warn,4300000,5300000,4373190.17,5228048,4373190.17,5166035.715,4457616,5211839.36
Escherichia fergusonii,qualibact-v1.0,GC_Content,49.49,50.13,49.6,50.07,computed,warn,49.49,50.13,49.497,50.1238,49.49696,50.0949715,49.614462,50.1238
Escherichia fergusonii,qualibact-v1.0,Total_Coding_Sequences,4000,5200,4100,5000,computed,warn,4000,5200,4098.76,5130,4098.76,5021.24,4289.335,5128.66
Escherichia fergusonii,qualibact-v1.0,Completeness_Specific,89,,100,100,computed,warn,89,,89.94,100,100,100,90.1879,98.49
Escherichia fergusonii,qualibact-v1.0,Contamination,,9,0.05,1,computed,warn,,9,0.05,8.29,0.0519,0.92905,1.2669,7.70710000000001
Escherichia fergusonii,qualibact-v1.0,N50,70000,,102000,1107179.86,computed,warn,70000,,70614.57,1107179.86,70614.56999999999,1107179.86,,
Escherichia fergusonii,qualibact-v1.0,no_of_contigs,,210,27.38,190,computed,warn,,210,27.38,209.1,27.38,209.10000000000002,,
Escherichia fergusonii,qualibact-v1.0,longest,,,230908.78,1528193.87,computed,warn,,,230908.78,1528193.87,230908.78,1528193.87,,
Escherichia marmotae,qualibact-v1.0,Genome_Size,4400000,5300000,4400000,5300000,computed,warn,4400000,5300000,4417623.6,5271453.55,4417623.6,5271453.55,4463446.18,5192770.52
Escherichia marmotae,qualibact-v1.0,GC_Content,50.16,50.58,50.2,50.53,computed,warn,50.16,50.58,50.1694,50.5778,50.18219,50.556278999999996,50.173691000000005,50.575357000000004
Escherichia marmotae,qualibact-v1.0,Total_Coding_Sequences,4000,5200,4100,5100,computed,warn,4000,5200,4073.75,5159.07,4073.75,5159.07,4289.09,5128.07
Escherichia marmotae,qualibact-v1.0,Completeness_Specific,98,,100,100,computed,warn,98,,98.07,100,100,100,98.1113,99.66
Escherichia marmotae,qualibact-v1.0,Contamination,,2,0.03,1,computed,warn,,2,0.03,1.72,0.03,0.9758999999999998,0.1926,1.6905999999999999
Escherichia marmotae,qualibact-v1.0,N50,54000,,68000,313940.87,computed,warn,54000,,54729,313940.87,54729,313940.87,,
Escherichia marmotae,qualibact-v1.0,no_of_contigs,,340,58.86,310,computed,warn,,340,58.86,334.59,58.86,334.59,,
Escherichia marmotae,qualibact-v1.0,longest,,,167076,706094.41,computed,warn,,,167076,706094.41,167076,706094.41,,
Escherichia ruysiae,qualibact-v1.0,Genome_Size,4300000,5100000,4300000,4900000,computed,warn,4300000,5100000,4356238,5005625,4356238,5005625.000000001,4501754,4501754
Escherichia ruysiae,qualibact-v1.0,GC_Content,50.36,50.85,50.39,50.79,computed,warn,50.36,50.85,50.3657,50.8474,50.36566,50.847359999999995,50.6989,50.6989
Escherichia ruysiae,qualibact-v1.0,Total_Coding_Sequences,4000,5000,4000,4800,computed,warn,4000,5000,4000.4,4925.4,4000.4,4925.400000000001,4313,4313
Escherichia ruysiae,qualibact-v1.0,Completeness_Specific,99,,100,100,computed,warn,99,,99.53,100,100,100,99.53,99.53
Escherichia ruysiae,qualibact-v1.0,Contamination,,2,0.01,1,computed,warn,,2,0.01,1.06,0.006,1.0580000000000007,0.21,0.21
Escherichia ruysiae,qualibact-v1.0,N50,60000,,84000,899627,computed,warn,60000,,60489.6,899627,60489.6,899627,,
Escherichia ruysiae,qualibact-v1.0,no_of_contigs,,240,33.6,220,computed,warn,,240,33.6,236.6,33.6,236.60000000000005,,
Escherichia ruysiae,qualibact-v1.0,longest,,,165870.2,1475265.6,computed,warn,,,165870.2,1475265.6,165870.2,1475265.6000000008,,
Flavobacterium psychrophilum,qualibact-v1.0,Genome_Size,2600000,3300000,2600000,3000000,computed,warn,2600000,3300000,2663246.8,3208574,2663246.795,2950444.885,2687272,3147484.7999999993
Flavobacterium psychrophilum,qualibact-v1.0,GC_Content,32.32,32.82,32.33,32.57,computed,warn,32.32,32.82,32.3272,32.8182,32.3272065,32.582571,32.35448,32.81078
Flavobacterium psychrophilum,qualibact-v1.0,Total_Coding_Sequences,2300,2900,2400,2800,computed,warn,2300,2900,2388.06,2890,2388.06,2799.5249999999996,2403.2,2833.999999999999
Flavobacterium psychrophilum,qualibact-v1.0,Completeness_Specific,92,,100,100,computed,warn,92,,92.33,100,100,100,92.522,99.53
Flavobacterium psychrophilum,qualibact-v1.0,Contamination,,1,0,1,computed,warn,,1,0,0.62,0,0.07469999999999971,0.16,0.5899999999999995
Flavobacterium psychrophilum,qualibact-v1.0,N50,49000,,58000,191764.44,computed,warn,49000,,49501.76,191764.44,49501.765,191764.44499999998,,
Flavobacterium psychrophilum,qualibact-v1.0,no_of_contigs,,460,83.82,340,computed,warn,,460,83.82,457.41,83.825,457.4099999999999,,
Flavobacterium psychrophilum,qualibact-v1.0,longest,,,152912.1,488644.5,computed,warn,,,152912.1,488644.5,152912.1,488644.505,,
Francisella tularensis,qualibact-v1.0,Genome_Size,1700000,2100000,1700000,1900000,computed,info,1700000,2100000,1766601.94,2047033,1766601.94,1813799.56,1858000.505,2032245.01
Francisella tularensis,qualibact-v1.0,GC_Content,32.14,32.54,32.16,32.32,computed,info,32.14,32.54,32.1465,32.5368,32.159022,32.345589999999994,32.1474765,32.5183725
Francisella tularensis,qualibact-v1.0,Total_Coding_Sequences,1800,2100,1900,2100,computed,info,1800,2100,1814,2043,1894.06,2029.98,1822.505,2032.92
Francisella tularensis,qualibact-v1.0,Completeness_Specific,92,,99,100,computed,info,92,,92.53,100,99.98,100,92.59615,99.5081
Francisella tularensis,qualibact-v1.0,Contamination,,4,0.08,1,computed,info,,4,0.08,3.77,0.46,1.0498000000000003,0.08,3.7073000000000005
Francisella tularensis,qualibact-v1.0,N50,20000,,22000,38285,computed,info,20000,,20615.42,38285,20615.42,38285,,
Francisella tularensis,qualibact-v1.0,no_of_contigs,,170,69,140,computed,info,,170,69,160.94,69,160.94000000000005,,
Francisella tularensis,qualibact-v1.0,longest,,,56126,148635.1,computed,info,,,56126,148635.1,56126,148635.1000000001,,
Fusobacterium necrophorum,qualibact-v1.0,Genome_Size,1900000,2400000,2000000,2400000,computed,warn,1900000,2400000,1980036.11,2369897.28,1980036.11,2369897.275,2136270.1,2288418.45
Fusobacterium necrophorum,qualibact-v1.0,GC_Content,34.51,35.53,34.66,35.35,computed,warn,34.51,35.53,34.5189,35.5222,34.5189485,35.4248165,34.6816575,35.517385
Fusobacterium necrophorum,qualibact-v1.0,Total_Coding_Sequences,1800,2500,1800,2400,computed,warn,1800,2500,1844.9,2415.59,1844.9,2415.59,2021.525,2310.025
Fusobacterium necrophorum,qualibact-v1.0,Completeness_Specific,91,,99,100,computed,warn,91,,91.5,100,99.98,100,91.51975,98.553
Fusobacterium necrophorum,qualibact-v1.0,Contamination,,5,0.02,1,computed,warn,,5,0.02,4.13,0.024900000000000002,0.5025499999999999,0.206,4.1
Fusobacterium necrophorum,qualibact-v1.0,N50,38000,,47000,305700.7,computed,warn,38000,,38824.54,305700.7,38824.545,305700.70499999955,,
Fusobacterium necrophorum,qualibact-v1.0,no_of_contigs,,150,34.24,120,computed,warn,,150,34.24,143.53,34.235,143.52999999999997,,
Fusobacterium necrophorum,qualibact-v1.0,longest,,,114092.82,731596.5,computed,warn,,,114092.82,731596.5,114092.815,731596.495,,
Glaesserella parasuis,qualibact-v1.0,Genome_Size,2100000,2600000,2100000,2400000,computed,warn,2100000,2600000,2142500.4,2570730,2142500.4,2423398.645,2252205.24,2570725.6
Glaesserella parasuis,qualibact-v1.0,GC_Content,39.49,40.13,39.56,40.08,computed,warn,39.49,40.13,39.4984,40.1218,39.4984185,40.121777,39.5543,40.071752000000004
Glaesserella parasuis,qualibact-v1.0,Total_Coding_Sequences,2000,2600,2100,2500,computed,warn,2000,2600,2079.74,2579,2079.735,2494.1899999999996,2225.32,2574.6
Glaesserella parasuis,qualibact-v1.0,Completeness_Specific,85,,100,100,computed,warn,85,,85.06,100,100,100,85.8806,97.77
Glaesserella parasuis,qualibact-v1.0,Contamination,,7,0.01,2,computed,warn,,7,0.01,6.93,0.01,1.5433999999999992,1.7766,6.853
Glaesserella parasuis,qualibact-v1.0,N50,16000,,21000,71324.15,computed,warn,16000,,16770.25,71324.15,16770.25,71324.14999999992,,
Glaesserella parasuis,qualibact-v1.0,no_of_contigs,,330,136.42,310,computed,warn,,330,136.42,327.75,136.415,327.75499999999994,,
Glaesserella parasuis,qualibact-v1.0,longest,,,59703.48,254296.62,computed,warn,,,59703.48,254296.62,59703.48,254296.61999999994,,
Haemophilus haemolyticus,qualibact-v1.0,Genome_Size,1800000,2100000,1800000,2100000,computed,warn,1800000,2100000,1804755.31,2048873.41,1804755.31,2048873.4099999997,1824387.525,1972100.575
Haemophilus haemolyticus,qualibact-v1.0,GC_Content,38.28,38.74,38.3,38.63,computed,warn,38.28,38.74,38.289,38.7312,38.289038999999995,38.731187999999996,38.490015,38.591719999999995
Haemophilus haemolyticus,qualibact-v1.0,Total_Coding_Sequences,1700,2000,1700,2000,computed,warn,1700,2000,1701.13,1989.93,1701.13,1989.9299999999998,1767.1,1905.075
Haemophilus haemolyticus,qualibact-v1.0,Completeness_Specific,94,,100,100,computed,warn,94,,94.18,100,100,100,94.18775000000001,97.298
Haemophilus haemolyticus,qualibact-v1.0,Contamination,,2,0,1,computed,warn,,2,0,1.62,0,0.33739999999999953,0.4235,1.6187500000000001
Haemophilus haemolyticus,qualibact-v1.0,N50,46000,,50000,377348.44,computed,warn,46000,,46476.36,377348.44,46476.36,377348.44,,
Haemophilus haemolyticus,qualibact-v1.0,no_of_contigs,,110,18.71,100,computed,warn,,110,18.71,100.22,18.71,100.21999999999986,,
Haemophilus haemolyticus,qualibact-v1.0,longest,,,114925.07,603463.62,computed,warn,,,114925.07,603463.62,114925.07,603463.6199999996,,
Haemophilus haemolyticus,qualibact-v1.1,Genome_Size,1800000,1750000,1800000,1750000,pinned,warn,1800000,1750000,1804755.31,2048873.41,1804755.31,2048873.4099999997,1824387.525,1972100.575
Haemophilus haemolyticus,qualibact-v1.1,GC_Content,38.28,38.74,38.3,38.63,computed,warn,38.28,38.74,38.289,38.7312,38.289038999999995,38.731187999999996,38.490015,38.591719999999995
Haemophilus haemolyticus,qualibact-v1.1,Total_Coding_Sequences,1700,2000,1700,2000,computed,warn,1700,2000,1701.13,1989.93,1701.13,1989.9299999999998,1767.1,1905.075
Haemophilus haemolyticus,qualibact-v1.1,Completeness_Specific,94,,100,100,computed,warn,94,,94.18,100,100,100,94.18775000000001,97.298
Haemophilus haemolyticus,qualibact-v1.1,Contamination,,2,0,1,computed,warn,,2,0,1.62,0,0.33739999999999953,0.4235,1.6187500000000001
Haemophilus haemolyticus,qualibact-v1.1,N50,46000,,50000,377348.44,computed,warn,46000,,46476.36,377348.44,46476.36,377348.44,,
Haemophilus haemolyticus,qualibact-v1.1,no_of_contigs,,100,18.71,100,pinned,warn,,100,18.71,100.22,18.71,100.21999999999986,,
Haemophilus haemolyticus,qualibact-v1.1,longest,,,114925.07,603463.62,computed,warn,,,114925.07,603463.62,114925.07,603463.6199999996,,
Haemophilus influenzae,qualibact-v1.0,Genome_Size,1700000,2200000,1700000,2000000,computed,info,1700000,2200000,1753596,2103303,1760698.48,1988387.1199999994,1786223.33,2102044.64
Haemophilus influenzae,qualibact-v1.0,GC_Content,37.77,38.47,37.81,38.21,computed,info,37.77,38.47,37.7719,38.4638,37.77188,38.282948,37.863326,38.446119
Haemophilus influenzae,qualibact-v1.0,Total_Coding_Sequences,1600,2200,1600,2000,computed,info,1600,2200,1669,2157,1669,1997,1746.45,2132.3399999999997
Haemophilus influenzae,qualibact-v1.0,Completeness_Specific,93,,100,100,computed,info,93,,93.62,100,99.99,100,94.4194,99.7651
Haemophilus influenzae,qualibact-v1.0,Contamination,,6,0,1,computed,info,,6,0,5.13,0,1.3827999999999883,0.02,4.508
Haemophilus influenzae,qualibact-v1.0,N50,30000,,52000,1150431.76,computed,info,30000,,30065.36,1150431.76,30065.36,1150431.76,,
Haemophilus influenzae,qualibact-v1.0,no_of_contigs,,140,16,100,computed,info,,140,16,132,16,132,,
Haemophilus influenzae,qualibact-v1.0,longest,,,90974,1150431.76,computed,info,,,90974,1150431.76,90974,1150431.76,,
Haemophilus influenzae,qualibact-v1.1,Genome_Size,1700000,2000000,1700000,2000000,pinned,info,1700000,2000000,1753596,2103303,1760698.48,1988387.1199999994,1786223.33,2102044.64
Haemophilus influenzae,qualibact-v1.1,GC_Content,37.77,38.47,37.81,38.21,computed,info,37.77,38.47,37.7719,38.4638,37.77188,38.282948,37.863326,38.446119
Haemophilus influenzae,qualibact-v1.1,Total_Coding_Sequences,1600,2200,1600,2000,computed,info,1600,2200,1669,2157,1669,1997,1746.45,2132.3399999999997
Haemophilus influenzae,qualibact-v1.1,Completeness_Specific,93,,100,100,computed,info,93,,93.62,100,99.99,100,94.4194,99.7651
Haemophilus influenzae,qualibact-v1.1,Contamination,,6,0,1,computed,info,,6,0,5.13,0,1.3827999999999883,0.02,4.508
Haemophilus influenzae,qualibact-v1.1,N50,30000,,52000,1150431.76,computed,info,30000,,30065.36,1150431.76,30065.36,1150431.76,,
Haemophilus influenzae,qualibact-v1.1,no_of_contigs,,100,16,100,pinned,info,,100,16,132,16,132,,
Haemophilus influenzae,qualibact-v1.1,longest,,,90974,1150431.76,computed,info,,,90974,1150431.76,90974,1150431.76,,
Haemophilus parainfluenzae,qualibact-v1.0,Genome_Size,1800000,2300000,1800000,2200000,computed,warn,1800000,2300000,1855648.03,2228071,1855648.03,2212501.55,1911576.5,2222969.3
Haemophilus parainfluenzae,qualibact-v1.0,GC_Content,39.1,39.83,39.2,39.66,computed,warn,39.1,39.83,39.108,39.821,39.108039,39.821041,39.3072,39.706160000000004
Haemophilus parainfluenzae,qualibact-v1.0,Total_Coding_Sequences,1700,2300,1800,2200,computed,warn,1700,2300,1791.67,2244,1791.67,2204.79,1856,2236.1
Haemophilus parainfluenzae,qualibact-v1.0,Completeness_Specific,98,,100,100,computed,warn,98,,98.23,100,100,100,98.254,99.726
Haemophilus parainfluenzae,qualibact-v1.0,Contamination,,2,0,2,computed,warn,,2,0,1.5,0,1.4986000000000002,0.19,1.3867500000000004
Haemophilus parainfluenzae,qualibact-v1.0,N50,11000,,12000,441357.23,computed,warn,11000,,11078.4,441357.23,11078.4,441357.23000000004,,
Haemophilus parainfluenzae,qualibact-v1.0,no_of_contigs,,330,19.38,310,computed,warn,,330,19.38,323.03,19.38,323.03000000000003,,
Haemophilus parainfluenzae,qualibact-v1.0,longest,,,32857.55,590376.7,computed,warn,,,32857.55,590376.7,32857.55,590376.7000000001,,
Hafnia paralvei,qualibact-v1.0,Genome_Size,4400000,5100000,4500000,5100000,computed,warn,4400000,5100000,4470800.24,5057347.9,4470800.24,5057347.8950000005,4520871.12,4969870.96
Hafnia paralvei,qualibact-v1.0,GC_Content,47.87,48.37,47.92,48.31,computed,warn,47.87,48.37,47.8761,48.3636,47.876118,48.3316685,47.988792000000004,48.357195999999995
Hafnia paralvei,qualibact-v1.0,Total_Coding_Sequences,3900,4800,4000,4700,computed,warn,3900,4800,3979.38,4742.69,3979.375,4742.685,4103.08,4604.68
Hafnia paralvei,qualibact-v1.0,Completeness_Specific,99,,100,100,computed,warn,99,,99.59,100,100,100,99.59,99.59
Hafnia paralvei,qualibact-v1.0,Contamination,,1,0.02,1,computed,warn,,1,0.02,0.92,0.02,0.9186500000000004,,
Hafnia paralvei,qualibact-v1.0,N50,79000,,115000,946699.28,computed,warn,79000,,79747.98,946699.28,79747.985,946699.275,,
Hafnia paralvei,qualibact-v1.0,no_of_contigs,,180,37,160,computed,warn,,180,37,170.78,37,170.77500000000006,,
Hafnia paralvei,qualibact-v1.0,longest,,,272350.58,2244623.23,computed,warn,,,272350.58,2244623.23,272350.58,2244623.23,,
Helicobacter pylori,qualibact-v1.0,Genome_Size,1500000,1800000,1500000,1700000,computed,info,1500000,1800000,1507930,1745797,1540143.38,1692593.07,1514160.25,1729143.5
Helicobacter pylori,qualibact-v1.0,GC_Content,38.42,39.31,38.65,39.2,computed,info,38.42,39.31,38.4248,39.3011,38.536024,39.268856,38.539812500000004,39.259462500000005
Helicobacter pylori,qualibact-v1.0,Total_Coding_Sequences,1400,1700,1400,1700,computed,info,1400,1700,1456,1677,1477,1658.69,1474.625,1670.375
Helicobacter pylori,qualibact-v1.0,Completeness_Specific,95,,99,100,computed,info,95,,95.98,100,99.97,100,96.16,99.5425
Helicobacter pylori,qualibact-v1.0,Contamination,,2,0,1,computed,info,,2,0,1.06,0,1.0597000000000072,0.04,0.7510000000000001
Helicobacter pylori,qualibact-v1.0,N50,31000,,39000,193268.07,computed,info,31000,,31379.83,193268.07,31379.83,193268.07000000012,,
Helicobacter pylori,qualibact-v1.0,no_of_contigs,,140,22,110,computed,info,,140,22,132.38,22,132.3800000000001,,
Helicobacter pylori,qualibact-v1.0,longest,,,84234.86,501880.69,computed,info,,,84234.86,501880.69,84234.86,501880.69,,
Hungateiclostridium thermocellum,qualibact-v1.0,Genome_Size,3400000,4000000,3400000,3600000,computed,warn,3400000,4000000,3465419.78,3971483,3465419.78,3502850.025,3555023.125,3968278.45
Hungateiclostridium thermocellum,qualibact-v1.0,GC_Content,38.89,39.18,39.07,39.11,computed,warn,38.89,39.18,38.8963,39.1703,39.0721455,39.114103,38.898557499999995,39.169797499999994
Hungateiclostridium thermocellum,qualibact-v1.0,Total_Coding_Sequences,3000,3500,3000,3200,computed,warn,3000,3500,3034.48,3495,3034.485,3129.515,3102.175,3492.75
Hungateiclostridium thermocellum,qualibact-v1.0,Completeness_Specific,97,,99,100,computed,warn,97,,97.48,100,99.98,100,97.48725,98.75475
Hungateiclostridium thermocellum,qualibact-v1.0,Contamination,,4,0.34,1,computed,warn,,4,0.34,3.06,0.34485,0.6363499999999987,0.969,3.0197499999999993
Hungateiclostridium thermocellum,qualibact-v1.0,N50,77000,,80000,127100,computed,warn,77000,,77884.24,127100,77884.245,127100,,
Hungateiclostridium thermocellum,qualibact-v1.0,no_of_contigs,,210,116.97,210,computed,warn,,210,116.97,208.54,116.97,208.54499999999996,,
Hungateiclostridium thermocellum,qualibact-v1.0,longest,,,206414.14,347109.25,computed,warn,,,206414.14,347109.25,206414.145,347109.2499999996,,
Janthinobacterium lividum,qualibact-v1.0,Genome_Size,6000000,6800000,6000000,6600000,computed,warn,6000000,6800000,6042276.6,6762807,6042276.6,6671668.46,6374807.6,6762641.6
Janthinobacterium lividum,qualibact-v1.0,GC_Content,62.36,62.85,62.45,62.8,computed,warn,62.36,62.85,62.3616,62.8441,62.3616,62.844128,62.3837725,62.733700000000006
Janthinobacterium lividum,qualibact-v1.0,Total_Coding_Sequences,5300,6100,5300,6000,computed,warn,5300,6100,5348.78,6077,5348.785,6038.06,5706.1,6075.6
Janthinobacterium lividum,qualibact-v1.0,Completeness_Specific,99,,100,100,computed,warn,99,,99.03,100,100,100,99.037,99.59275
Janthinobacterium lividum,qualibact-v1.0,Contamination,,9,0.01,1,computed,warn,,9,0.01,8.14,0.011899999999999999,0.41860000000000014,6.85725,8.1305
Janthinobacterium lividum,qualibact-v1.0,N50,14000,,18000,808657.81,computed,warn,14000,,14631.13,808657.81,14631.13,808657.8050000003,,
Janthinobacterium lividum,qualibact-v1.0,no_of_contigs,,860,51.6,730,computed,warn,,860,51.6,850.32,51.595,850.325,,
Janthinobacterium lividum,qualibact-v1.0,longest,,,70230.15,1542324.52,computed,warn,,,70230.15,1542324.52,70230.15,1542324.5200000003,,
Klebsiella aerogenes,qualibact-v1.0,Genome_Size,4900000,6000000,5000000,5600000,computed,info,4900000,6000000,4959710.18,5977734,4959710.175,5621231.75,5027366.225,5924745.8100000005
Klebsiella aerogenes,qualibact-v1.0,GC_Content,54.23,55.25,54.6,55.21,computed,info,54.23,55.25,54.2393,55.2455,54.468305,55.24554,54.279264,55.1949315
Klebsiella aerogenes,qualibact-v1.0,Total_Coding_Sequences,4500,6000,4600,5300,computed,info,4500,6000,4597.73,5906,4597.725,5334.25,4777.76,5826.945
Klebsiella aerogenes,qualibact-v1.0,Completeness_Specific,90,,100,100,computed,info,90,,90.9,100,100,100,92.43260000000001,98.02
Klebsiella aerogenes,qualibact-v1.0,Contamination,,10,0.05,2,computed,info,,10,0.05,9.34,0.05,2.1369999999999982,0.56335,8.394250000000001
Klebsiella aerogenes,qualibact-v1.0,N50,78000,,132000,1120751.72,computed,info,78000,,78974.95,1120751.72,78974.95,1120751.7249999987,,
Klebsiella aerogenes,qualibact-v1.0,no_of_contigs,,200,31.58,140,computed,info,,200,31.58,191.85,31.575,191.8499999999999,,
Klebsiella aerogenes,qualibact-v1.0,longest,,,234374.02,2322445.62,computed,info,,,234374.02,2322445.62,234374.025,2322445.624999997,,
Klebsiella africana,REFSEQ-QC-v1,Genome_Size,5200000,5400000,5200000,5400000,computed,error,5200000,5400000,5217793,5398309,5217793,5398309,5268423,5443802
Klebsiella africana,REFSEQ-QC-v1,GC_Content,56.72,57.24,56.72,57.24,computed,error,56.72,57.24,56.7216,57.2322,56.72157707163484,57.23218609860529,56.697,57.2147
Klebsiella africana,REFSEQ-QC-v1,Total_Coding_Sequences,4800,5100,4800,5100,computed,error,4800,5100,4821,5018,4821,5018,5025.625,5250.775
Klebsiella africana,REFSEQ-QC-v1,Completeness_Specific,100,,100,100,computed,error,100,,100,100,100,100,98.77,99.06
Klebsiella africana,REFSEQ-QC-v1,Contamination,,1,0.04,1,computed,error,,1,0.04,0.09,0.04,0.09,0.68,1.02
Klebsiella africana,REFSEQ-QC-v1,N50,281000,,281000,291469,computed,error,281000,,281432,291469,281432,291469,,
Klebsiella africana,REFSEQ-QC-v1,no_of_contigs,,60,44,60,computed,error,,60,44,58,44,58,,
Klebsiella africana,REFSEQ-QC-v1,longest,,,551773,903172,computed,error,,,551773,903172,551773,903172,,
Klebsiella grimontii,qualibact-v1.0,Genome_Size,5500000,6800000,5600000,6600000,computed,info,5500000,6800000,5592035,6778239,5615495.905,6667353.895,5592035.34,6767861.86
Klebsiella grimontii,qualibact-v1.0,GC_Content,54.77,56.13,55.04,56.06,computed,info,54.77,56.13,54.7721,56.1297,54.7720815,56.129667000000005,55.087338,56.053509
Klebsiella grimontii,qualibact-v1.0,Total_Coding_Sequences,5100,6700,5200,6400,computed,info,5100,6700,5138.92,6621,5138.925,6443.1,5263.17,6616.41
Klebsiella grimontii,qualibact-v1.0,Completeness_Specific,97,,100,100,computed,info,97,,97.99,100,100,100,98.00189999999999,99.64
Klebsiella grimontii,qualibact-v1.0,Contamination,,2,0.06,2,computed,info,,2,0.06,1.77,0.06,1.58005,0.4219,1.7172999999999994
Klebsiella grimontii,qualibact-v1.0,N50,93000,,110000,934424.98,computed,info,93000,,93108.73,934424.98,93108.73,934424.98,,
Klebsiella grimontii,qualibact-v1.0,no_of_contigs,,320,39,250,computed,info,,320,39,312.02,39,312.015,,
Klebsiella grimontii,qualibact-v1.0,longest,,,289854.5,2395092.32,computed,info,,,289854.5,2395092.32,289854.505,2395092.319999999,,
Klebsiella huaxiensis,REFSEQ-QC-v1,Genome_Size,6200000,6400000,6200000,6400000,computed,error,6200000,6400000,6230971,6316409,6230971.3,6316407.98,6300829,6361207
Klebsiella huaxiensis,REFSEQ-QC-v1,GC_Content,53.26,53.34,53.26,53.34,computed,error,53.26,53.34,53.2651,53.3355,53.26513420146541,53.33546527934018,53.2789,53.3318
Klebsiella huaxiensis,REFSEQ-QC-v1,Total_Coding_Sequences,5700,6000,5700,6000,computed,error,5700,6000,5780,5947,5780.015,5947,5951.47,6069.85
Klebsiella huaxiensis,REFSEQ-QC-v1,Completeness_Specific,100,,100,100,computed,error,100,,100,100,100,100,98.2,98.25
Klebsiella huaxiensis,REFSEQ-QC-v1,Contamination,,2,0.89,2,computed,error,,2,0.89,1.67,0.89,1.67,2.61,2.96
Klebsiella huaxiensis,REFSEQ-QC-v1,N50,176000,,176000,434410,computed,error,176000,,176185,434410,176185,434410,,
Klebsiella huaxiensis,REFSEQ-QC-v1,no_of_contigs,,80,33,80,computed,error,,80,33,77,33.015,77,,
Klebsiella huaxiensis,REFSEQ-QC-v1,longest,,,461578,812983,computed,error,,,461578,812983,461578,812983,,
Klebsiella michiganensis,qualibact-v1.0,Genome_Size,5700000,7000000,5800000,6700000,computed,info,5700000,7000000,5770975.34,6977354,5770975.34,6847666.500000001,5822436.38,6947778.9799999995
Klebsiella michiganensis,qualibact-v1.0,GC_Content,55.04,56.19,55.21,56.08,computed,info,55.04,56.19,55.04,56.183,55.060531999999995,56.1396,55.078817,56.148002
Klebsiella michiganensis,qualibact-v1.0,Total_Coding_Sequences,5300,6900,5400,6500,computed,info,5300,6900,5333.58,6827,5333.58,6613.620000000001,5503.98,6779.119999999999
Klebsiella michiganensis,qualibact-v1.0,Completeness_Specific,95,,100,100,computed,info,95,,95.74,100,100,100,96.0991,99.80189999999999
Klebsiella michiganensis,qualibact-v1.0,Contamination,,4,0.06,3,computed,info,,4,0.06,3.41,0.1058,3.41,0.11130000000000001,2.136299999999997
Klebsiella michiganensis,qualibact-v1.0,N50,53000,,72000,421915,computed,info,53000,,53190.12,421915,53190.12,421915,,
Klebsiella michiganensis,qualibact-v1.0,no_of_contigs,,380,61,320,computed,info,,380,61,374.42,61,374.4200000000001,,
Klebsiella michiganensis,qualibact-v1.0,longest,,,192116.04,1164230,computed,info,,,192116.04,1164230,192116.04,1164230,,
Klebsiella ornithinolytica,qualibact-v1.0,Genome_Size,5300000,6700000,5300000,6300000,computed,info,5300000,6700000,5337752.7,6679661,5337752.7,6434289.6,5398190.93,6632193.8
Klebsiella ornithinolytica,qualibact-v1.0,GC_Content,54.71,57.47,54.92,55.94,computed,info,54.71,57.47,54.713,57.4667,54.713005,55.98642,54.771186,56.950646000000006
Klebsiella ornithinolytica,qualibact-v1.0,Total_Coding_Sequences,4800,6600,4900,6200,computed,info,4800,6600,4874.8,6562,4874.8,6262.05,5068.97,6470.26
Klebsiella ornithinolytica,qualibact-v1.0,Completeness_Specific,95,,100,100,computed,info,95,,95.94,100,100,100,96.2304,99.51
Klebsiella ornithinolytica,qualibact-v1.0,Contamination,,4,0.06,4,computed,info,,4,0.06,3.75,0.6375000000000001,3.7459999999999947,0.0765,2.0667
Klebsiella ornithinolytica,qualibact-v1.0,N50,84000,,107000,822604.75,computed,info,84000,,84892.6,822604.75,84892.6,822604.7499999983,,
Klebsiella ornithinolytica,qualibact-v1.0,no_of_contigs,,330,41.8,290,computed,info,,330,41.8,324.6,41.8,324.59999999999945,,
Klebsiella ornithinolytica,qualibact-v1.0,longest,,,249535.95,2147008.6,computed,info,,,249535.95,2147008.6,249535.95,2147008.5999999964,,
Klebsiella oxytoca,qualibact-v1.0,Genome_Size,5300000,6800000,5700000,6600000,computed,info,5300000,6800000,5394761,6736859,5663940.375,6600876.225000001,5503816.01,6718055.11
Klebsiella oxytoca,qualibact-v1.0,GC_Content,54.11,55.33,54.57,55.29,computed,info,54.11,55.33,54.115,55.3252,54.4535025,55.3252,54.128216,55.256861
Klebsiella oxytoca,qualibact-v1.0,Total_Coding_Sequences,5000,6600,5200,6300,computed,info,5000,6600,5071,6504,5180.275,6312.3,5159.5,6491.61
Klebsiella oxytoca,qualibact-v1.0,Completeness_Specific,96,,100,100,computed,info,96,,96.13,100,100,100,96.2421,99.5823
Klebsiella oxytoca,qualibact-v1.0,Contamination,,8,0.15,2,computed,info,,8,0.15,7.61,0.1485,2.4,0.3377,6.376899999999994
Klebsiella oxytoca,qualibact-v1.0,N50,64000,,106000,597994.33,computed,info,64000,,64912.3,597994.33,64912.299999999996,597994.3250000003,,
Klebsiella oxytoca,qualibact-v1.0,no_of_contigs,,360,53.85,260,computed,info,,360,53.85,350.28,53.85,350.2750000000017,,
Klebsiella oxytoca,qualibact-v1.0,longest,,,184914.05,1703932.78,computed,info,,,184914.05,1703932.78,184914.05,1703932.775000001,,
Klebsiella pasteurii,REFSEQ-QC-v1,Genome_Size,5800000,6500000,5800000,6500000,computed,error,5800000,6500000,5845210,6497593,5845210,6497593,5897538,6650500
Klebsiella pasteurii,REFSEQ-QC-v1,GC_Content,54.95,55.46,54.95,55.46,computed,error,54.95,55.46,54.9505,55.4514,54.95051783021805,55.45136958295767,54.9089,55.44
Klebsiella pasteurii,REFSEQ-QC-v1,Total_Coding_Sequences,5300,6200,5300,6200,computed,error,5300,6200,5388,6196,5388,6195.915,5521.36,6509.575
Klebsiella pasteurii,REFSEQ-QC-v1,Completeness_Specific,100,,100,100,computed,error,100,,100,100,100,100,98.52,99.99
Klebsiella pasteurii,REFSEQ-QC-v1,Contamination,,2,0.23,2,computed,error,,2,0.23,1.85,0.23,1.85,0.42,0.93
Klebsiella pasteurii,REFSEQ-QC-v1,N50,216000,,216000,489082,computed,error,216000,,216678,489082,216678,489082,,
Klebsiella pasteurii,REFSEQ-QC-v1,no_of_contigs,,110,42,110,computed,error,,110,42,109,42,109,,
Klebsiella pasteurii,REFSEQ-QC-v1,longest,,,474932,1456430,computed,error,,,474932,1456430,474932,1456430,,
Klebsiella planticola,qualibact-v1.0,Genome_Size,5200000,6800000,5400000,6400000,computed,warn,5200000,6800000,5229639,6745406,5410183.05,6398601.625,5270331.34,6703338.5200000005
Klebsiella planticola,qualibact-v1.0,GC_Content,54.77,55.94,54.98,55.92,computed,warn,54.77,55.94,54.7763,55.9323,54.91819,55.93226,54.798985,55.873971
Klebsiella planticola,qualibact-v1.0,Total_Coding_Sequences,4900,6700,4900,6200,computed,warn,4900,6700,4921,6628,4958.5,6274.5,4961.95,6574.05
Klebsiella planticola,qualibact-v1.0,Completeness_Specific,97,,100,100,computed,warn,97,,97.77,100,100,100,97.8779,99.6314
Klebsiella planticola,qualibact-v1.0,Contamination,,4,0.22,3,computed,warn,,4,0.22,3.01,0.2185,2.7504999999999984,1.0529,2.9619
Klebsiella planticola,qualibact-v1.0,N50,70000,,93000,618195.7,computed,warn,70000,,70996.48,618195.7,70996.475,618195.6999999993,,
Klebsiella planticola,qualibact-v1.0,no_of_contigs,,410,45.7,330,computed,warn,,410,45.7,401.22,45.7,401.22499999999974,,
Klebsiella planticola,qualibact-v1.0,longest,,,225949.92,1871269.65,computed,warn,,,225949.92,1871269.65,225949.925,1871269.649999999,,
Klebsiella pneumoniae,qualibact-v1.0,Genome_Size,4900000,6400000,5200000,6000000,computed,info,4900000,6400000,4996433,6374553,5166485.825,5997932.225,5184714.85,6178907.99
Klebsiella pneumoniae,qualibact-v1.0,GC_Content,55.89,58.02,56.6,57.52,computed,info,55.89,58.02,55.8906,58.0198,56.520692499999996,57.6170225,56.247400999999996,57.6260475
Klebsiella pneumoniae,qualibact-v1.0,Total_Coding_Sequences,4800,6500,4800,5700,computed,info,4800,6500,4801,6490,4801,5780,5035.785,6215.13
Klebsiella pneumoniae,qualibact-v1.0,Completeness_Specific,95,,100,100,computed,info,95,,95.57,100,100,100,96.37435,99.08
Klebsiella pneumoniae,qualibact-v1.0,Contamination,,5,0.02,2,computed,info,,5,0.02,4.14,0.02,1.830749999999971,0.19,2.6256500000000007
Klebsiella pneumoniae,qualibact-v1.0,N50,58000,,97000,550083.8,computed,info,58000,,58735.08,550083.8,58735.075,550083.799999999,,
Klebsiella pneumoniae,qualibact-v1.0,no_of_contigs,,350,53,270,computed,info,,350,53,349,53,349,,
Klebsiella pneumoniae,qualibact-v1.0,longest,,,195153.1,1526463.2,computed,info,,,195153.1,1526463.2,195153.1,1526463.1999999979,,
Klebsiella quasipneumoniae,qualibact-v1.0,Genome_Size,4500000,6300000,5000000,6000000,computed,info,4500000,6300000,4579303,6212153,5029523.96,6039108.88,5021842.125,6209976
Klebsiella quasipneumoniae,qualibact-v1.0,GC_Content,56.49,58.64,57,58.26,computed,info,56.49,58.64,56.4969,58.6333,56.874576,58.385304,56.5900875,58.2783125
Klebsiella quasipneumoniae,qualibact-v1.0,Total_Coding_Sequences,4400,6300,4600,5700,computed,info,4400,6300,4470,6246,4644.96,5828,4831.05,6200.76
Klebsiella quasipneumoniae,qualibact-v1.0,Completeness_Specific,97,,100,100,computed,info,97,,97.07,100,99.99,100,97.14874999999999,99.37625
Klebsiella quasipneumoniae,qualibact-v1.0,Contamination,,3,0,1,computed,info,,3,0,2.94,0,1.17,0.31,2.3975
Klebsiella quasipneumoniae,qualibact-v1.0,N50,51000,,92000,1234605.68,computed,info,51000,,51385.72,1234605.68,51385.72,1234605.68,,
Klebsiella quasipneumoniae,qualibact-v1.0,no_of_contigs,,390,35,310,computed,info,,390,35,380.56,35,380.5599999999995,,
Klebsiella quasipneumoniae,qualibact-v1.0,longest,,,180468,2515582.4,computed,info,,,180468,2515582.4,180468,2515582.4,,
Klebsiella quasipneumoniae,qualibact-v1.1,Genome_Size,4500000,6300000,5000000,6000000,computed,info,4500000,6300000,4579303,6212153,5035959.595,6048719.31,5021842.125,6209976
Klebsiella quasipneumoniae,qualibact-v1.1,GC_Content,56.49,58.64,56.98,58.25,computed,info,56.49,58.64,56.4969,58.6333,56.8116605,58.3161105,56.5900875,58.2783125
Klebsiella quasipneumoniae,qualibact-v1.1,Total_Coding_Sequences,4400,6300,4700,5700,computed,info,4400,6300,4470,6246,4664.895,5779.47,4833.125,6200.5
Klebsiella quasipneumoniae,qualibact-v1.1,Completeness_Specific,97,,99,100,computed,info,97,,97.07,100,99.98895,100,97.14874999999999,99.37625
Klebsiella quasipneumoniae,qualibact-v1.1,Contamination,,3,0,1,computed,info,,3,0,2.94,0,1.5421000000000005,0.31,2.3975
Klebsiella quasipneumoniae,qualibact-v1.1,N50,33000,,60000,1231691.2,computed,info,33000,,33680,1231691.2,33680,1231691.205,,
Klebsiella quasipneumoniae,qualibact-v1.1,no_of_contigs,,390,18,230,computed,info,,390,18,387.32,18,387.31500000000005,,
Klebsiella quasipneumoniae,qualibact-v1.1,longest,,,117364.58,2443736.94,computed,info,,,117364.58,2443736.94,117364.58,2443736.9400000004,,
Klebsiella quasivariicola,REFSEQ-QC-v1,Genome_Size,5700000,5800000,5700000,5800000,computed,error,5700000,5800000,5751340,5794997,5751340,5794993.67,5876846,5946706
Klebsiella quasivariicola,REFSEQ-QC-v1,GC_Content,56.68,56.7,56.68,56.7,computed,error,56.68,56.7,56.6841,56.6921,56.684139656830155,56.692057850866064,56.6582,56.6776
Klebsiella quasivariicola,REFSEQ-QC-v1,Total_Coding_Sequences,5400,5600,5400,5600,computed,error,5400,5600,5444,5560,5444,5559.97,5760.12,6061.855
Klebsiella quasivariicola,REFSEQ-QC-v1,Completeness_Specific,100,,100,100,computed,error,100,,100,100,100,100,97.92,98.67
Klebsiella quasivariicola,REFSEQ-QC-v1,Contamination,,1,0.31,1,computed,error,,1,0.31,0.39,0.31,0.39,0.97,1.4
Klebsiella quasivariicola,REFSEQ-QC-v1,N50,152000,,152000,157050,computed,error,152000,,152835,157050,152835,157050,,
Klebsiella quasivariicola,REFSEQ-QC-v1,no_of_contigs,,120,106,120,computed,error,,120,106,118,106.03,118,,
Klebsiella quasivariicola,REFSEQ-QC-v1,longest,,,413438,514832,computed,error,,,413438,514832,413438,514832,,
Klebsiella spallanzanii,REFSEQ-QC-v1,Genome_Size,5800000,6300000,5800000,6300000,computed,error,5800000,6300000,5831599,6238369,5837254.6,6238018.3,5837254.6,6238018.3
Klebsiella spallanzanii,REFSEQ-QC-v1,GC_Content,53.19,53.53,53.2,53.52,computed,error,53.19,53.53,53.1908,53.5278,53.19405176180906,53.52562233946744,53.194073,53.52561
Klebsiella spallanzanii,REFSEQ-QC-v1,Total_Coding_Sequences,5500,5900,5500,5900,computed,error,5500,5900,5549,5900,5552.24,5897.69,5681.22,6025.38
Klebsiella spallanzanii,REFSEQ-QC-v1,Completeness_Specific,100,,100,100,computed,error,100,,100,100,100,100,97.121,98.16
Klebsiella spallanzanii,REFSEQ-QC-v1,Contamination,,3,1.37,3,computed,error,,3,1.37,2.47,1.3712000000000002,2.4538,1.7021,2.1496999999999997
Klebsiella spallanzanii,REFSEQ-QC-v1,N50,103000,,110000,541680,computed,error,103000,,103978,541680,105320.17,537537.99,,
Klebsiella spallanzanii,REFSEQ-QC-v1,no_of_contigs,,170,40,160,computed,error,,170,40,168,40.21,166.14,,
Klebsiella spallanzanii,REFSEQ-QC-v1,longest,,,325022,1223321,computed,error,,,325022,1223321,326578.34,1211897,,
Klebsiella variicola,qualibact-v1.0,Genome_Size,5200000,6500000,5300000,6200000,computed,info,5200000,6500000,5279245,6498364,5335982.815,6171778.45,5279256.28,6235354.82
Klebsiella variicola,qualibact-v1.0,GC_Content,55.5,58,56.59,57.62,pinned,info,55.5,58,56.26,57.6735,56.447317500000004,57.673462,56.40053,57.636946
Klebsiella variicola,qualibact-v1.0,Total_Coding_Sequences,4900,6500,4900,6000,computed,info,4900,6500,4951,6440,4951,5981.66,5097,6226.620000000001
Klebsiella variicola,qualibact-v1.0,Completeness_Specific,98,,100,100,computed,info,98,,98.06,100,100,100,98.201,99.66
Klebsiella variicola,qualibact-v1.0,Contamination,,3,0.03,2,computed,info,,3,0.03,2.64,0.03,1.6565999999999985,0.298,2.1418000000000013
Klebsiella variicola,qualibact-v1.0,N50,62000,,98000,855291.87,computed,info,62000,,62956.54,855291.87,62956.545,855291.8699999993,,
Klebsiella variicola,qualibact-v1.0,no_of_contigs,,350,39,280,computed,info,,350,39,349.16,39,349.16499999999996,,
Klebsiella variicola,qualibact-v1.0,longest,,,205087.28,2217914.25,computed,info,,,205087.28,2217914.25,205087.285,2217914.2499999995,,
Klebsiella variicola,qualibact-v1.1,Genome_Size,5200000,6500000,5300000,6200000,computed,info,5200000,6500000,5279245,6498364,5318016.495,6257647.184999996,5279256.28,6235354.82
Klebsiella variicola,qualibact-v1.1,GC_Content,55.5,58,56.45,57.62,pinned,info,55.5,58,56.26,57.6812,56.418499499999996,57.6811715,56.40053,57.636946
Klebsiella variicola,qualibact-v1.1,Total_Coding_Sequences,4900,6500,4900,6000,computed,info,4900,6500,4948.02,6440,4948.02,6053.49,5097,6226.620000000001
Klebsiella variicola,qualibact-v1.1,Completeness_Specific,98,,99,100,computed,info,98,,98.06,100,99.98,100,98.201,99.66
Klebsiella variicola,qualibact-v1.1,Contamination,,3,0.03,2,computed,info,,3,0.03,2.64,0.03,2.14,0.298,2.1418000000000013
Klebsiella variicola,qualibact-v1.1,N50,35000,,68000,996645.68,computed,info,35000,,35683.48,996645.68,35683.485,996645.6849999989,,
Klebsiella variicola,qualibact-v1.1,no_of_contigs,,320,17,230,computed,info,,320,17,315.49,17,315.4899999999998,,
Klebsiella variicola,qualibact-v1.1,longest,,,133650.12,2627437.49,computed,info,,,133650.12,2627437.49,133650.115,2627437.4899999993,,
Lacticaseibacillus paracasei,qualibact-v1.0,Genome_Size,2600000,3500000,2600000,3300000,computed,warn,2600000,3500000,2651542.35,3434047,2651542.35,3268537.5000000005,2852624.12,3364547.87
Lacticaseibacillus paracasei,qualibact-v1.0,GC_Content,45.96,46.65,46.1,46.52,computed,warn,45.96,46.65,45.9646,46.6405,46.055040000000005,46.568085,45.9646,46.613416
Lacticaseibacillus paracasei,qualibact-v1.0,Total_Coding_Sequences,2500,3400,2600,3200,computed,warn,2500,3400,2587.05,3355,2587.05,3244.95,2774.1,3311.08
Lacticaseibacillus paracasei,qualibact-v1.0,Completeness_Specific,85,,99,100,computed,warn,85,,85.06,100,99.316,100,85.1271,98.0957
Lacticaseibacillus paracasei,qualibact-v1.0,Contamination,,14,0,1,computed,warn,,14,0,13.09,0,0.95,1.7831000000000001,13.0656
Lacticaseibacillus paracasei,qualibact-v1.0,N50,29000,,39000,266150,computed,warn,29000,,29856.2,266150,29856.2,266150,,
Lacticaseibacillus paracasei,qualibact-v1.0,no_of_contigs,,310,49,250,computed,warn,,310,49,306.2,49,306.2000000000007,,
Lacticaseibacillus paracasei,qualibact-v1.0,longest,,,94854.1,640737.75,computed,warn,,,94854.1,640737.75,94854.1,640737.7500000001,,
Lacticaseibacillus rhamnosus,qualibact-v1.0,Genome_Size,2800000,3300000,2800000,3100000,computed,info,2800000,3300000,2822309.89,3251532,2822309.89,3105598.145,2875037.12,3191444.865
Lacticaseibacillus rhamnosus,qualibact-v1.0,GC_Content,46.51,46.9,46.58,46.75,computed,info,46.51,46.9,46.5197,46.8913,46.519658,46.7506195,46.595329,46.880193500000004
Lacticaseibacillus rhamnosus,qualibact-v1.0,Total_Coding_Sequences,2600,3100,2600,3000,computed,info,2600,3100,2652.7,3081,2652.7,3000.18,2682.91,3031.53
Lacticaseibacillus rhamnosus,qualibact-v1.0,Completeness_Specific,96,,99,100,computed,info,96,,96.44,100,99.93,100,96.51275,99.33
Lacticaseibacillus rhamnosus,qualibact-v1.0,Contamination,,3,0.04,1,computed,info,,3,0.04,2.21,0.04,0.9011999999999989,0.24,2.0208500000000003
Lacticaseibacillus rhamnosus,qualibact-v1.0,N50,50000,,67000,722224,computed,info,50000,,50872.7,722224,50872.7,722224,,
Lacticaseibacillus rhamnosus,qualibact-v1.0,no_of_contigs,,180,19,130,computed,info,,180,19,177.13,19,177.13499999999988,,
Lacticaseibacillus rhamnosus,qualibact-v1.0,longest,,,166730.3,1064218,computed,info,,,166730.3,1064218,166730.305,1064218,,
Lactiplantibacillus plantarum,qualibact-v1.0,Genome_Size,2800000,3700000,3000000,3600000,computed,info,2800000,3700000,2839103,3697306,2946669.93,3535010.75,2977328.02,3656093.504999999
Lactiplantibacillus plantarum,qualibact-v1.0,GC_Content,44.04,45.13,44.13,45.06,computed,info,44.04,45.13,44.043,45.1255,44.043002,45.125505000000004,44.110666,44.942783
Lactiplantibacillus plantarum,qualibact-v1.0,Total_Coding_Sequences,2700,3700,2900,3500,computed,info,2700,3700,2707,3619,2797.34,3495.59,2832.195,3542.074999999998
Lactiplantibacillus plantarum,qualibact-v1.0,Completeness_Specific,97,,99,100,computed,info,97,,97.49,100,99.2811,100,97.56224999999999,99.35
Lactiplantibacillus plantarum,qualibact-v1.0,Contamination,,4,0.3,2,computed,info,,4,0.3,3.02,0.3,2.0561000000000003,1.2216500000000001,2.7
Lactiplantibacillus plantarum,qualibact-v1.0,N50,54000,,77000,549233.71,computed,info,54000,,54515.25,549233.71,54515.25,549233.71,,
Lactiplantibacillus plantarum,qualibact-v1.0,no_of_contigs,,250,23,190,computed,info,,250,23,247.44,23,247.44000000000005,,
Lactiplantibacillus plantarum,qualibact-v1.0,longest,,,173703.96,853499.22,computed,info,,,173703.96,853499.22,173703.96,853499.22,,
Lactobacillus acidophilus,qualibact-v1.0,Genome_Size,1900000,2100000,1900000,2000000,computed,warn,1900000,2100000,1954687.35,2092540,1954687.35,2015769.75,1978857.665,2085525.4
Lactobacillus acidophilus,qualibact-v1.0,GC_Content,34.57,34.76,34.57,34.62,computed,warn,34.57,34.76,34.5709,34.7594,34.570895,34.62035,34.676593,34.759022
Lactobacillus acidophilus,qualibact-v1.0,Total_Coding_Sequences,1800,2100,1800,2000,computed,warn,1800,2100,1857,2048,1857,1919,1921,2037.6049999999998
Lactobacillus acidophilus,qualibact-v1.0,Completeness_Specific,92,,99,99.99,computed,warn,92,,92.64,99.99,99.95949999999999,99.99,92.883,96.81625
Lactobacillus acidophilus,qualibact-v1.0,Contamination,,2,0.24,1,computed,warn,,2,0.24,1.51,0.273,0.512999999999999,0.24,1.4100999999999988
Lactobacillus acidophilus,qualibact-v1.0,N50,115000,,121000,237694.4,computed,warn,115000,,115477.8,237694.4,115477.8,237694.39999999997,,
Lactobacillus acidophilus,qualibact-v1.0,no_of_contigs,,60,20,50,computed,warn,,60,20,55.7,20,55.69999999999999,,
Lactobacillus acidophilus,qualibact-v1.0,longest,,,203867.55,718866,computed,warn,,,203867.55,718866,203867.55,718866,,
Lactobacillus crispatus,qualibact-v1.0,Genome_Size,1900000,2900000,1900000,2500000,computed,warn,1900000,2900000,1918453.88,2882143,1918453.88,2581713.695,2039435.62,2871402.57
Lactobacillus crispatus,qualibact-v1.0,GC_Content,36.39,37.33,36.44,37.01,computed,warn,36.39,37.33,36.3995,37.3254,36.399482,37.065077,36.611382,37.322884
Lactobacillus crispatus,qualibact-v1.0,Total_Coding_Sequences,1800,2900,1900,2700,computed,warn,1800,2900,1898.6,2868,1898.605,2749.255,2037,2864.2599999999998
Lactobacillus crispatus,qualibact-v1.0,Completeness_Specific,93,,99,100,computed,warn,93,,93.05,100,98.9054,100,93.18769999999999,98.28259999999999
Lactobacillus crispatus,qualibact-v1.0,Contamination,,9,0.02,2,computed,warn,,9,0.02,8.2,0.01535,1.3,0.28700000000000003,7.652599999999994
Lactobacillus crispatus,qualibact-v1.0,N50,10000,,17000,127151.54,computed,warn,10000,,10152.24,127151.54,10152.235,127151.54000000001,,
Lactobacillus crispatus,qualibact-v1.0,no_of_contigs,,450,52.14,430,computed,warn,,450,52.14,442.23,52.14,442.2300000000001,,
Lactobacillus crispatus,qualibact-v1.0,longest,,,49942.3,375579,computed,warn,,,49942.3,375579,49942.3,375579,,
Lactobacillus gasseri,qualibact-v1.0,Genome_Size,1700000,2200000,1700000,2100000,computed,warn,1700000,2200000,1790691.2,2176460,1790691.2,2080962.94,1815580.04,2171280.1
Lactobacillus gasseri,qualibact-v1.0,GC_Content,34.66,35.34,34.67,35.14,computed,warn,34.66,35.34,34.6639,35.3332,34.663907,35.208967,34.685672,35.32517
Lactobacillus gasseri,qualibact-v1.0,Total_Coding_Sequences,1600,2300,1600,2100,computed,warn,1600,2300,1690.22,2262,1690.22,2042.12,1771.33,2253.64
Lactobacillus gasseri,qualibact-v1.0,Completeness_Specific,91,,99,99.99,computed,warn,91,,91,99.99,99.7893,99.9939,91.3553,99.6156
Lactobacillus gasseri,qualibact-v1.0,Contamination,,5,0,1,computed,warn,,5,0,4.94,0,0.47,0.27,4.8256000000000006
Lactobacillus gasseri,qualibact-v1.0,N50,44000,,47000,1042476.71,computed,warn,44000,,44632.69,1042476.71,44632.69,1042476.71,,
Lactobacillus gasseri,qualibact-v1.0,no_of_contigs,,150,12.61,100,computed,warn,,150,12.61,140.78,12.61,140.78,,
Lactobacillus gasseri,qualibact-v1.0,longest,,,108224.59,1042476.71,computed,warn,,,108224.59,1042476.71,108224.59,1042476.71,,
Lactobacillus johnsonii,qualibact-v1.0,Genome_Size,1700000,2300000,1700000,2000000,computed,warn,1700000,2300000,1715385.23,2215438,1715385.23,1988377.3649999998,1765761.11,2213228.52
Lactobacillus johnsonii,qualibact-v1.0,GC_Content,34.28,35.18,34.29,34.66,computed,warn,34.28,35.18,34.2892,35.1749,34.28924,34.655906,34.412147999999995,35.163837
Lactobacillus johnsonii,qualibact-v1.0,Total_Coding_Sequences,1700,2300,1700,2100,computed,warn,1700,2300,1725.86,2265,1725.865,2054.015,1764.56,2251.48
Lactobacillus johnsonii,qualibact-v1.0,Completeness_Specific,90,,99,100,computed,warn,90,,90.34,100,99.98,100,90.678,97.7031
Lactobacillus johnsonii,qualibact-v1.0,Contamination,,7,0,1,computed,warn,,7,0,6.88,0,0.4802999999999997,0.37,6.6941000000000015
Lactobacillus johnsonii,qualibact-v1.0,N50,31000,,36000,133632.96,computed,warn,31000,,31976.9,133632.96,31976.895,133632.96499999985,,
Lactobacillus johnsonii,qualibact-v1.0,no_of_contigs,,160,38,160,computed,warn,,160,38,158.36,38,158.35999999999967,,
Lactobacillus johnsonii,qualibact-v1.0,longest,,,70478,335966.28,computed,warn,,,70478,335966.28,70478,335966.284999999,,
Lactobacillus paragasseri,qualibact-v1.0,Genome_Size,1800000,2200000,1800000,2200000,computed,warn,1800000,2200000,1862133.42,2130665.45,1862133.415,2130665.45,1938527.72,2032921.115
Lactobacillus paragasseri,qualibact-v1.0,GC_Content,34.55,35.07,34.61,34.99,computed,warn,34.55,35.07,34.5547,35.0611,34.554672499999995,35.038818,34.764627,35.059707
Lactobacillus paragasseri,qualibact-v1.0,Total_Coding_Sequences,1700,2200,1700,2200,computed,warn,1700,2200,1773.66,2179.32,1773.66,2179.324999999999,1884.21,2043.635
Lactobacillus paragasseri,qualibact-v1.0,Completeness_Specific,97,,99,100,computed,warn,97,,97.9,100,99.75075,100,97.92835000000001,99.35
Lactobacillus paragasseri,qualibact-v1.0,Contamination,,1,0.01,1,computed,warn,,1,0.01,0.78,0.01,0.7811499999999961,0.16,0.16
Lactobacillus paragasseri,qualibact-v1.0,N50,41000,,45000,1131722.48,computed,warn,41000,,41646.13,1131722.48,41646.13,1131722.4849999999,,
Lactobacillus paragasseri,qualibact-v1.0,no_of_contigs,,160,11.42,100,computed,warn,,160,11.42,152.4,11.415,152.39999999999918,,
Lactobacillus paragasseri,qualibact-v1.0,longest,,,119258.84,1131722.48,computed,warn,,,119258.84,1131722.48,119258.84,1131722.4849999999,,
Lactococcus lactis,qualibact-v1.0,Genome_Size,2200000,3000000,2200000,2800000,computed,warn,2200000,3000000,2208218,2987858,2243617.39,2818029.9000000004,2284362.75,2903409.9000000004
Lactococcus lactis,qualibact-v1.0,GC_Content,34.67,35.48,34.72,35.3,computed,warn,34.67,35.48,34.6739,35.4764,34.673854,35.385871,34.843035,35.462869999999995
Lactococcus lactis,qualibact-v1.0,Total_Coding_Sequences,2100,3100,2200,2900,computed,warn,2100,3100,2173,3087,2192.455,2918.03,2243.4,3012.7500000000005
Lactococcus lactis,qualibact-v1.0,Completeness_Specific,94,,100,100,computed,warn,94,,94.77,100,99.99,100,95.078,99.809
Lactococcus lactis,qualibact-v1.0,Contamination,,5,0.08,2,computed,warn,,5,0.08,4.76,0.09,1.8492000000000008,0.08,4.171399999999993
Lactococcus lactis,qualibact-v1.0,N50,15000,,42000,432517,computed,warn,15000,,15207.88,432517,15207.885,432517,,
Lactococcus lactis,qualibact-v1.0,no_of_contigs,,280,21.68,250,computed,warn,,280,21.68,273.92,21.675,273.9200000000001,,
Lactococcus lactis,qualibact-v1.0,longest,,,79295.23,706409.98,computed,warn,,,79295.23,706409.98,79295.23,706409.9800000001,,
Legionella fraseri,qualibact-v1.0,Genome_Size,3300000,3900000,3300000,3800000,computed,info,3300000,3900000,3339012.78,3819940.65,3339012.78,3819940.65,,
Legionella fraseri,qualibact-v1.0,GC_Content,38.07,38.29,38.13,38.26,computed,info,38.07,38.29,38.07,38.29,38.074633,38.285225000000004,,
Legionella fraseri,qualibact-v1.0,Total_Coding_Sequences,2900,3600,3000,3500,computed,info,2900,3600,2981.14,3500.27,2981.14,3500.27,,
Legionella fraseri,qualibact-v1.0,Completeness_Specific,99,,99,100,computed,info,99,,99.99,100,99.99,100,,
Legionella fraseri,qualibact-v1.0,Contamination,,2,0.1,1,computed,info,,2,0.1,1.09,0.1,1.0927,,
Legionella fraseri,qualibact-v1.0,N50,46000,,76000,504526.49,computed,info,46000,,46178.31,504526.49,46178.31,504526.49,,
Legionella fraseri,qualibact-v1.0,no_of_contigs,,190,33,170,computed,info,,190,33,181.35,33,181.3499999999999,,
Legionella fraseri,qualibact-v1.0,longest,,,144728,1040517.37,computed,info,,,144728,1040517.37,144728,1040517.3699999994,,
Legionella longbeachae,qualibact-v1.0,Genome_Size,3900000,4400000,4000000,4300000,computed,warn,3900000,4400000,3977100,4349858,3977100,4275913.46,4079404.33,4346896.7
Legionella longbeachae,qualibact-v1.0,GC_Content,37.04,37.21,37.04,37.17,computed,warn,37.04,37.21,37.0437,37.202,37.0437,37.185339,37.064117,37.201313
Legionella longbeachae,qualibact-v1.0,Total_Coding_Sequences,3400,3900,3400,3800,computed,warn,3400,3900,3437,3830,3437,3805.195,3578.53,3827.39
Legionella longbeachae,qualibact-v1.0,Completeness_Specific,95,,100,100,computed,warn,95,,95.49,100,100,100,95.49,98.1987
Legionella longbeachae,qualibact-v1.0,Contamination,,8,0.12,1,computed,warn,,8,0.12,7.69,0.12,1.28,1.0006,7.6003
Legionella longbeachae,qualibact-v1.0,N50,32000,,39000,263288.4,computed,warn,32000,,32482.01,263288.4,32482.01,263288.40499999997,,
Legionella longbeachae,qualibact-v1.0,no_of_contigs,,260,46.61,240,computed,warn,,260,46.61,252.53,46.61,252.5349999999999,,
Legionella longbeachae,qualibact-v1.0,longest,,,118555.34,655737,computed,warn,,,118555.34,655737,118555.34,655737,,
Legionella pneumophila,qualibact-v1.0,Genome_Size,3200000,3800000,3200000,3800000,computed,info,3200000,3800000,3226377.97,3772720.91,3226377.97,3772720.909999999,3332986.59,3711132.48
Legionella pneumophila,qualibact-v1.0,GC_Content,38.11,38.48,38.15,38.37,computed,info,38.11,38.48,38.1144,38.4785,38.1143725,38.393459500000006,38.152905999999994,38.461184
Legionella pneumophila,qualibact-v1.0,Total_Coding_Sequences,2800,3500,2900,3400,computed,info,2800,3500,2878,3450,2878,3450,2969.51,3356.2799999999997
Legionella pneumophila,qualibact-v1.0,Completeness_Specific,95,,100,100,computed,info,95,,95.32,100,100,100,97.143,99.4
Legionella pneumophila,qualibact-v1.0,Contamination,,3,0.04,1,computed,info,,3,0.04,2.38,0.04,0.9,0.25,2.3160999999999996
Legionella pneumophila,qualibact-v1.0,N50,50000,,74000,638015.6,computed,info,50000,,50832.48,638015.6,50832.479999999996,638015.6,,
Legionella pneumophila,qualibact-v1.0,no_of_contigs,,210,20,150,computed,info,,210,20,203.86,20,203.86499999999978,,
Legionella pneumophila,qualibact-v1.0,longest,,,145586.02,1132601,computed,info,,,145586.02,1132601,145586.015,1132601,,
Leptospira borgpetersenii,qualibact-v1.0,Genome_Size,3700000,4100000,3700000,4000000,computed,warn,3700000,4100000,3700183.48,4063410,3700183.48,3980659.66,3868069.18,4063371.65
Leptospira borgpetersenii,qualibact-v1.0,GC_Content,40.01,40.32,40.01,40.3,computed,warn,40.01,40.32,40.0101,40.3126,40.010102,40.31258,40.018405,40.242063
Leptospira borgpetersenii,qualibact-v1.0,Total_Coding_Sequences,3300,3700,3300,3700,computed,warn,3300,3700,3327.16,3680,3327.16,3667.24,3417.17,3675.06
Leptospira borgpetersenii,qualibact-v1.0,Completeness_Specific,69,,99,100,computed,warn,69,,69.64,100,99.9778,100,69.6452,73.13
Leptospira borgpetersenii,qualibact-v1.0,Contamination,,9,0.06,1,computed,warn,,9,0.06,8.7,0.06,1.0129999999999992,3.5546,8.5466
Leptospira borgpetersenii,qualibact-v1.0,N50,32000,,35000,184020.42,computed,warn,32000,,32382.96,184020.42,32382.96,184020.41999999998,,
Leptospira borgpetersenii,qualibact-v1.0,no_of_contigs,,400,98.78,330,computed,warn,,400,98.78,393.82,98.78,393.8199999999998,,
Leptospira borgpetersenii,qualibact-v1.0,longest,,,80220.72,457932.62,computed,warn,,,80220.72,457932.62,80220.72,457932.62,,
Leptospira interrogans,qualibact-v1.0,Genome_Size,4300000,5600000,4500000,5100000,computed,warn,4300000,5600000,4381724.89,5521455,4381724.89,5081758.52,4603214.635,5496641.42
Leptospira interrogans,qualibact-v1.0,GC_Content,34.9,35.6,34.91,35.26,computed,warn,34.9,35.6,34.908,35.5967,34.9080285,35.348587,34.985213,35.542471
Leptospira interrogans,qualibact-v1.0,Total_Coding_Sequences,3600,4800,3600,4400,computed,warn,3600,4800,3647,4721,3647,4519.339999999999,3772.44,4707.275
Leptospira interrogans,qualibact-v1.0,Completeness_Specific,73,,99,100,computed,warn,73,,73.36,100,99.07900000000001,100,73.3905,75.42035
Leptospira interrogans,qualibact-v1.0,Contamination,,13,0.04,1,computed,warn,,13,0.04,12.19,0.04,1.4929999999999837,8.4522,11.63795
Leptospira interrogans,qualibact-v1.0,N50,11000,,14000,203924.09,computed,warn,11000,,11135.58,203924.09,11135.575,203924.0949999994,,
Leptospira interrogans,qualibact-v1.0,no_of_contigs,,830,108,680,computed,warn,,830,108,824.57,108,824.5749999999996,,
Leptospira interrogans,qualibact-v1.0,longest,,,48905.12,525266.12,computed,warn,,,48905.12,525266.12,48905.115,525266.115,,
Ligilactobacillus salivarius,qualibact-v1.0,Genome_Size,1700000,2400000,1800000,2200000,computed,warn,1700000,2400000,1795641.96,2320461,1795641.955,2206261.0300000003,1876009.58,2320032.935
Ligilactobacillus salivarius,qualibact-v1.0,GC_Content,32.46,33.21,32.53,33.05,computed,warn,32.46,33.21,32.4634,33.2063,32.4633805,33.118412,32.796721500000004,33.201054
Ligilactobacillus salivarius,qualibact-v1.0,Total_Coding_Sequences,1700,2400,1700,2300,computed,warn,1700,2400,1738.34,2346,1738.335,2279.9900000000002,1809.25,2342.64
Ligilactobacillus salivarius,qualibact-v1.0,Completeness_Specific,92,,99,99.99,computed,warn,92,,92.47,99.99,99.3367,99.99,92.57535,98.14485
Ligilactobacillus salivarius,qualibact-v1.0,Contamination,,4,0,1,computed,warn,,4,0,3.24,0,0.3466000000000008,0.8264499999999999,3.24
Ligilactobacillus salivarius,qualibact-v1.0,N50,16000,,24000,317736.66,computed,warn,16000,,16784.72,317736.66,16784.72,317736.65500000067,,
Ligilactobacillus salivarius,qualibact-v1.0,no_of_contigs,,260,31.67,210,computed,warn,,260,31.67,251.65,31.67,251.64500000000027,,
Ligilactobacillus salivarius,qualibact-v1.0,longest,,,69351.68,756515.6,computed,warn,,,69351.68,756515.6,69351.68,756515.6000000002,,
Limosilactobacillus fermentum,qualibact-v1.0,Genome_Size,1800000,2400000,1900000,2200000,computed,warn,1800000,2400000,1883287.18,2330492,1883287.175,2192636.3,1906061.45,2329205.1
Limosilactobacillus fermentum,qualibact-v1.0,GC_Content,50.48,52.35,51.23,52.27,computed,warn,50.48,52.35,50.4877,52.3426,51.148312499999996,52.342575000000004,50.538104999999995,52.295519999999996
Limosilactobacillus fermentum,qualibact-v1.0,Total_Coding_Sequences,1900,2500,1900,2300,computed,warn,1900,2500,1902.55,2421,1902.55,2311.0750000000003,1921.975,2415.475
Limosilactobacillus fermentum,qualibact-v1.0,Completeness_Specific,85,,99,100,computed,warn,85,,85.17,100,99.14275,100,85.34,97.611
Limosilactobacillus fermentum,qualibact-v1.0,Contamination,,11,0,1,computed,warn,,11,0,10.1,0,1.2272500000000002,0.92,9.815250000000002
Limosilactobacillus fermentum,qualibact-v1.0,N50,27000,,30000,76056.55,computed,warn,27000,,27099.98,76056.55,27099.975,76056.55,,
Limosilactobacillus fermentum,qualibact-v1.0,no_of_contigs,,330,113.38,310,computed,warn,,330,113.38,326.53,113.375,326.5250000000002,,
Limosilactobacillus fermentum,qualibact-v1.0,longest,,,78480.77,255886.48,computed,warn,,,78480.77,255886.48,78480.775,255886.47500000062,,
Limosilactobacillus mucosae,qualibact-v1.0,Genome_Size,1800000,2500000,1900000,2300000,computed,error,1800000,2500000,1883073.35,2434610,1883073.35,2318063.7250000006,2007834.79,2427075.7399999998
Limosilactobacillus mucosae,qualibact-v1.0,GC_Content,46.1,46.92,46.34,46.87,computed,error,46.1,46.92,46.1033,46.9137,46.28271,46.913665,46.120354999999996,46.834702
Limosilactobacillus mucosae,qualibact-v1.0,Total_Coding_Sequences,1700,2400,1700,2200,computed,error,1700,2400,1772,2336,1772,2173.8,1947.93,2331.95
Limosilactobacillus mucosae,qualibact-v1.0,Completeness_Specific,97,,99,100,computed,error,97,,97.66,100,99.82,100,97.6813,99.02
Limosilactobacillus mucosae,qualibact-v1.0,Contamination,,1,0.03,1,computed,error,,1,0.03,0.84,0.03,0.7320000000000004,0.4616,0.8361999999999999
Limosilactobacillus mucosae,qualibact-v1.0,N50,70000,,75000,299166.83,computed,error,70000,,70877.55,299166.83,70877.55,299166.82500000007,,
Limosilactobacillus mucosae,qualibact-v1.0,no_of_contigs,,110,32.9,110,computed,error,,110,32.9,106.05,32.9,106.05000000000001,,
Limosilactobacillus mucosae,qualibact-v1.0,longest,,,184709.3,550746.05,computed,error,,,184709.3,550746.05,184709.3,550746.0500000002,,
Limosilactobacillus reuteri,qualibact-v1.0,Genome_Size,1800000,2700000,1800000,2300000,computed,warn,1800000,2700000,1816608.88,2695904,1816608.88,2342170.44,1945111.465,2644981.0249999994
Limosilactobacillus reuteri,qualibact-v1.0,GC_Content,38.28,39.44,38.35,38.86,computed,warn,38.28,39.44,38.2827,39.4323,38.282704,38.909902,38.337644000000004,39.3403195
Limosilactobacillus reuteri,qualibact-v1.0,Total_Coding_Sequences,1700,2800,1800,2400,computed,warn,1700,2800,1792.86,2744,1792.86,2440.5599999999995,1939.71,2674.774999999999
Limosilactobacillus reuteri,qualibact-v1.0,Completeness_Specific,93,,99,100,computed,warn,93,,93.18,100,99.8636,100,93.5279,99.35
Limosilactobacillus reuteri,qualibact-v1.0,Contamination,,2,0.03,2,computed,warn,,2,0.03,1.49,0.03,1.2019999999999993,0.242,1.4579999999999995
Limosilactobacillus reuteri,qualibact-v1.0,N50,15000,,17000,120037.32,computed,warn,15000,,15954,120037.32,15954,120037.31999999996,,
Limosilactobacillus reuteri,qualibact-v1.0,no_of_contigs,,380,57.18,350,computed,warn,,380,57.18,373.64,57.18,373.64,,
Limosilactobacillus reuteri,qualibact-v1.0,longest,,,54088.98,407339.88,computed,warn,,,54088.98,407339.88,54088.98,407339.87999999983,,
Listeria grayi,qualibact-v1.0,Genome_Size,2500000,2900000,2600000,2900000,computed,warn,2500000,2900000,2577124.28,2860271.13,2577124.28,2860271.13,2751104,2751104
Listeria grayi,qualibact-v1.0,GC_Content,41.22,41.69,41.31,41.66,computed,warn,41.22,41.69,41.2208,41.6832,41.220779,41.683157,41.574,41.574
Listeria grayi,qualibact-v1.0,Total_Coding_Sequences,2500,2900,2500,2900,computed,warn,2500,2900,2576.65,2874.88,2576.65,2874.88,2747,2747
Listeria grayi,qualibact-v1.0,Completeness_Specific,83,,99,99.99,computed,warn,83,,83.76,99.99,99.9353,99.99,83.76,83.76
Listeria grayi,qualibact-v1.0,Contamination,,7,0,1,computed,warn,,7,0,6.25,0,0.18639999999999987,6.25,6.25
Listeria grayi,qualibact-v1.0,N50,144000,,163000,683667.27,computed,warn,144000,,144956,683667.27,144956,683667.27,,
Listeria grayi,qualibact-v1.0,no_of_contigs,,90,22,80,computed,warn,,90,22,88.88,22,88.88,,
Listeria grayi,qualibact-v1.0,longest,,,262261,1124323.3,computed,warn,,,262261,1124323.3,262261,1124323.3,,
Listeria innocua,qualibact-v1.0,Genome_Size,2700000,3100000,2700000,3100000,computed,info,2700000,3100000,2764925.92,3093113,2764925.92,3054957.97,2796963.9,3091158.5
Listeria innocua,qualibact-v1.0,GC_Content,37.19,37.57,37.22,37.48,computed,info,37.19,37.57,37.198,37.5607,37.198001999999995,37.497237,37.28253,37.55836
Listeria innocua,qualibact-v1.0,Total_Coding_Sequences,2700,3300,2700,3100,computed,info,2700,3300,2723,3219,2723,3102,2811.4,3211.6
Listeria innocua,qualibact-v1.0,Completeness_Specific,95,,99,100,computed,info,95,,95.16,100,99.99,100,95.432,99.4
Listeria innocua,qualibact-v1.0,Contamination,,2,0.07,1,computed,info,,2,0.07,1.09,0.2777,1.091500000000001,0.07,0.6649999999999998
Listeria innocua,qualibact-v1.0,N50,48000,,70000,1502609.8,computed,info,48000,,48951.61,1502609.8,48951.61,1502609.8,,
Listeria innocua,qualibact-v1.0,no_of_contigs,,180,12,120,computed,info,,180,12,173.92,12,173.92000000000007,,
Listeria innocua,qualibact-v1.0,longest,,,143726.21,1502609.8,computed,info,,,143726.21,1502609.8,143726.21,1502609.8,,
Listeria monocytogenes,qualibact-v1.0,Genome_Size,2800000,3300000,2800000,3200000,computed,info,2800000,3300000,2815543,3243301,2841344.605,3158136.185,2839999.15,3187386.09
Listeria monocytogenes,qualibact-v1.0,GC_Content,37.71,38.3,37.75,37.97,computed,info,37.71,38.3,37.7151,38.2939,37.7151,38.078637,37.790907,38.261972
Listeria monocytogenes,qualibact-v1.0,Total_Coding_Sequences,2700,3400,2700,3200,computed,info,2700,3400,2773,3322,2773,3189,2816,3290.290000000001
Listeria monocytogenes,qualibact-v1.0,Completeness_Specific,96,,99,100,computed,info,96,,96.29,100,99.98,100,97.174,99.27
Listeria monocytogenes,qualibact-v1.0,Contamination,,5,0.17,2,computed,info,,5,0.17,4.14,0.49,1.13,0.3082,1.0149000000000035
Listeria monocytogenes,qualibact-v1.0,N50,66000,,101000,1501621.59,computed,info,66000,,66076.23,1501621.59,66076.225,1501621.5899999999,,
Listeria monocytogenes,qualibact-v1.0,no_of_contigs,,120,14,90,computed,info,,120,14,110.18,14,110.18499999999767,,
Listeria monocytogenes,qualibact-v1.0,longest,,,193149.72,1503531.2,computed,info,,,193149.72,1503531.2,193149.72,1503531.2049999998,,
Listeria seeligeri,qualibact-v1.0,Genome_Size,2700000,3100000,2700000,3000000,computed,warn,2700000,3100000,2766247.36,3030698.69,2766247.355,3030698.69,2798985.36,2926986.98
Listeria seeligeri,qualibact-v1.0,GC_Content,37.11,37.47,37.15,37.35,computed,warn,37.11,37.47,37.1199,37.4641,37.119915500000005,37.362389,37.287077999999994,37.46247
Listeria seeligeri,qualibact-v1.0,Total_Coding_Sequences,2600,3100,2700,3000,computed,warn,2600,3100,2675.45,3012.36,2675.45,3012.355,2791.18,2929.96
Listeria seeligeri,qualibact-v1.0,Completeness_Specific,98,,99,100,computed,warn,98,,98.86,100,99.96,100,98.8648,99.67720000000001
Listeria seeligeri,qualibact-v1.0,Contamination,,1,0.08,1,computed,warn,,1,0.08,0.95,0.51,0.94785,0.08285000000000001,0.59595
Listeria seeligeri,qualibact-v1.0,N50,109000,,139000,567488.98,computed,warn,109000,,109096.85,567488.98,109096.85,567488.985,,
Listeria seeligeri,qualibact-v1.0,no_of_contigs,,90,20.22,80,computed,warn,,90,20.22,84.35,20.215,84.35499999999999,,
Listeria seeligeri,qualibact-v1.0,longest,,,272690.09,1046021.22,computed,warn,,,272690.09,1046021.22,272690.095,1046021.225,,
Listeria welshimeri,qualibact-v1.0,Genome_Size,2700000,3000000,2700000,3000000,computed,warn,2700000,3000000,2706534.72,2953457.6,2706534.72,2953457.6,2813703.495,2814137
Listeria welshimeri,qualibact-v1.0,GC_Content,36.07,36.39,36.1,36.34,computed,warn,36.07,36.39,36.0741,36.3846,36.074135999999996,36.377548,36.352,36.384111
Listeria welshimeri,qualibact-v1.0,Total_Coding_Sequences,2600,3100,2600,3000,computed,warn,2600,3100,2667.44,3008.96,2667.44,3008.9599999999996,2849.015,2859.88
Listeria welshimeri,qualibact-v1.0,Completeness_Specific,99,,99,100,computed,warn,99,,99.67,100,99.95,100,99.6709,99.73
Listeria welshimeri,qualibact-v1.0,Contamination,,3,0.28,2,computed,warn,,3,0.28,2.15,0.71,2.145999999999999,0.28,0.28
Listeria welshimeri,qualibact-v1.0,N50,79000,,97000,1520615,computed,warn,79000,,79017.6,1520615,79017.6,1520615,,
Listeria welshimeri,qualibact-v1.0,no_of_contigs,,110,16,90,computed,warn,,110,16,108,16,108,,
Listeria welshimeri,qualibact-v1.0,longest,,,169564.4,1520615,computed,warn,,,169564.4,1520615,169564.4,1520615,,
Mammaliicoccus sciuri,qualibact-v1.0,Genome_Size,2500000,3200000,2500000,3100000,computed,warn,2500000,3200000,2571610.92,3178285,2571610.92,3038084.605,2731829.72,3156057.48
Mammaliicoccus sciuri,qualibact-v1.0,GC_Content,32.27,32.83,32.31,32.64,computed,warn,32.27,32.83,32.2787,32.8224,32.2786735,32.6647485,32.423719999999996,32.821824
Mammaliicoccus sciuri,qualibact-v1.0,Total_Coding_Sequences,2600,3300,2600,3100,computed,warn,2600,3300,2615.1,3270,2615.105,3104.5099999999998,2754.8,3239.6
Mammaliicoccus sciuri,qualibact-v1.0,Completeness_Specific,95,,98,99.99,computed,warn,95,,95.99,99.99,98.2342,99.99,96.2012,98.9
Mammaliicoccus sciuri,qualibact-v1.0,Contamination,,5,0.01,1,computed,warn,,5,0.01,4.37,0.01,1.15,2.27,4.37
Mammaliicoccus sciuri,qualibact-v1.0,N50,52000,,62000,677254.78,computed,warn,52000,,52703.02,677254.78,52703.015,677254.7849999993,,
Mammaliicoccus sciuri,qualibact-v1.0,no_of_contigs,,190,21.04,160,computed,warn,,190,21.04,187.75,21.035,187.75499999999982,,
Mammaliicoccus sciuri,qualibact-v1.0,longest,,,140991.86,1397866.34,computed,warn,,,140991.86,1397866.34,140991.855,1397866.3449999995,,
Mannheimia haemolytica,qualibact-v1.0,Genome_Size,2300000,2900000,2400000,2800000,computed,warn,2300000,2900000,2335738,2829372,2448837.105,2706665.1350000002,2467424.98,2828787.675
Mannheimia haemolytica,qualibact-v1.0,GC_Content,40.91,41.34,40.92,41.14,computed,warn,40.91,41.34,40.9101,41.34,40.9100885,41.172600499999994,40.958338499999996,41.2982625
Mannheimia haemolytica,qualibact-v1.0,Total_Coding_Sequences,2200,3000,2400,2900,computed,warn,2200,3000,2252,2967,2423,2858.445,2419.745,2962.23
Mannheimia haemolytica,qualibact-v1.0,Completeness_Specific,87,,100,100,computed,warn,87,,87.44,100,100,100,88.7915,98.37025
Mannheimia haemolytica,qualibact-v1.0,Contamination,,8,0.13,1,computed,warn,,8,0.13,7.3,0.13,0.4444500000000016,0.8436,6.695800000000009
Mannheimia haemolytica,qualibact-v1.0,N50,26000,,33000,135609.01,computed,warn,26000,,26124.85,135609.01,26124.85,135609.00500000047,,
Mannheimia haemolytica,qualibact-v1.0,no_of_contigs,,220,81,200,computed,warn,,220,81,216,81,216,,
Mannheimia haemolytica,qualibact-v1.0,longest,,,87360.95,341158.89,computed,warn,,,87360.95,341158.89,87360.95,341158.89,,
Mesomycoplasma hyopneumoniae,qualibact-v1.0,Genome_Size,800000,1000000,800000,1000000,computed,warn,800000,1000000,869830.11,960532,869830.11,940965.265,887367.015,960069.93
Mesomycoplasma hyopneumoniae,qualibact-v1.0,GC_Content,28.35,28.69,28.44,28.66,computed,warn,28.35,28.69,28.3556,28.6802,28.3990855,28.680208999999998,28.365754499999998,28.616324
Mesomycoplasma hyopneumoniae,qualibact-v1.0,Total_Coding_Sequences,600,800,600,800,computed,warn,600,800,678.44,789,678.44,777.7849999999999,696.92,787.62
Mesomycoplasma hyopneumoniae,qualibact-v1.0,Completeness_Specific,94,,98,99.84,computed,warn,94,,94.43,99.84,98.4388,99.84445,94.4415,99.11
Mesomycoplasma hyopneumoniae,qualibact-v1.0,Contamination,,3,0.03,1,computed,warn,,3,0.03,2.22,0.03,0.13444999999999993,0.07,2.1729999999999996
Mesomycoplasma hyopneumoniae,qualibact-v1.0,N50,40000,,41000,235592.95,computed,warn,40000,,40425.57,235592.95,40425.57,235592.95499999973,,
Mesomycoplasma hyopneumoniae,qualibact-v1.0,no_of_contigs,,100,18.66,90,computed,warn,,100,18.66,90.78,18.665,90.77999999999997,,
Mesomycoplasma hyopneumoniae,qualibact-v1.0,longest,,,78079.06,365746.78,computed,warn,,,78079.06,365746.78,78079.06,365746.78,,
Micrococcus luteus,qualibact-v1.0,Genome_Size,2300000,2800000,2300000,2700000,computed,warn,2300000,2800000,2382742.11,2750189.38,2382742.11,2750189.3850000002,2418074.52,2681599.72
Micrococcus luteus,qualibact-v1.0,GC_Content,72.5,73.32,72.63,73.28,computed,warn,72.5,73.32,72.5082,73.3181,72.5082395,73.3181285,72.7119,73.1427
Micrococcus luteus,qualibact-v1.0,Total_Coding_Sequences,2100,2900,2100,2600,computed,warn,2100,2900,2176.4,2869.24,2176.395,2869.235,2252.6,2545.76
Micrococcus luteus,qualibact-v1.0,Completeness_Specific,92,,99,100,computed,warn,92,,92.37,100,98.19835,100,92.4116,98.89320000000001
Micrococcus luteus,qualibact-v1.0,Contamination,,3,0,2,computed,warn,,3,0,2.3,0,1.8815000000000055,0.23,2.1159999999999997
Micrococcus luteus,qualibact-v1.0,N50,9000,,16000,250341.9,computed,warn,9000,,9357,250341.9,9356.995,250341.9,,
Micrococcus luteus,qualibact-v1.0,no_of_contigs,,530,49.4,350,computed,warn,,530,49.4,520.81,49.395,520.8100000000022,,
Micrococcus luteus,qualibact-v1.0,longest,,,38464.07,452472.47,computed,warn,,,38464.07,452472.47,38464.075,452472.4650000001,,
Moraxella bovoculi,qualibact-v1.0,Genome_Size,1900000,2500000,2000000,2200000,computed,warn,1900000,2500000,1998065.11,2400952,1998065.11,2202979.84,2086719.12,2399440.76
Moraxella bovoculi,qualibact-v1.0,GC_Content,45.11,45.73,45.17,45.72,computed,warn,45.11,45.73,45.1132,45.7277,45.113158999999996,45.727692000000005,45.248152,45.684476000000004
Moraxella bovoculi,qualibact-v1.0,Total_Coding_Sequences,1800,2500,1900,2100,computed,warn,1800,2500,1894.21,2433,1894.21,2126.46,2028.84,2431.72
Moraxella bovoculi,qualibact-v1.0,Completeness_Specific,95,,100,100,computed,warn,95,,95.49,100,99.99,100,95.5052,97.8184
Moraxella bovoculi,qualibact-v1.0,Contamination,,2,0,1,computed,warn,,2,0,1.8,0,1.1079,0.7952,1.8
Moraxella bovoculi,qualibact-v1.0,N50,65000,,88000,535696.06,computed,warn,65000,,65682.71,535696.06,65682.71,535696.0599999999,,
Moraxella bovoculi,qualibact-v1.0,no_of_contigs,,80,13.03,70,computed,warn,,80,13.03,75.76,13.03,75.75999999999999,,
Moraxella bovoculi,qualibact-v1.0,longest,,,199228.28,918528.11,computed,warn,,,199228.28,918528.11,199228.28,918528.11,,
Moraxella catarrhalis,qualibact-v1.0,Genome_Size,1800000,2100000,1800000,2100000,computed,info,1800000,2100000,1821553.09,2054814.14,1821553.09,2054814.1400000001,1832145.5,2042267.72
Moraxella catarrhalis,qualibact-v1.0,GC_Content,41.22,41.76,41.31,41.7,computed,info,41.22,41.76,41.2273,41.7535,41.2273435,41.733169499999995,41.486078,41.753482000000005
Moraxella catarrhalis,qualibact-v1.0,Total_Coding_Sequences,1600,2000,1600,2000,computed,info,1600,2000,1643,1949.56,1643,1949.565,1691.06,1946.48
Moraxella catarrhalis,qualibact-v1.0,Completeness_Specific,98,,99,100,computed,info,98,,98.18,100,99.99,100,98.183,99.0394
Moraxella catarrhalis,qualibact-v1.0,Contamination,,1,0,1,computed,info,,1,0,0.44,0,0.20565000000000055,0.21,0.4352
Moraxella catarrhalis,qualibact-v1.0,N50,134000,,170000,478760.91,computed,info,134000,,134696.9,478760.91,134696.9,478760.91,,
Moraxella catarrhalis,qualibact-v1.0,no_of_contigs,,70,8,50,computed,info,,70,8,64.57,8,64.56500000000005,,
Moraxella catarrhalis,qualibact-v1.0,longest,,,288673.41,829454.41,computed,info,,,288673.41,829454.41,288673.405,829454.4100000001,,
Morganella morganii,qualibact-v1.0,Genome_Size,3600000,4500000,3700000,4400000,computed,warn,3600000,4500000,3687100.84,4451109.35,3687100.835,4451109.35,3763910.46,4398592.835
Morganella morganii,qualibact-v1.0,GC_Content,50.1,51.38,50.3,51.26,computed,warn,50.1,51.38,50.1004,51.3706,50.100411,51.310348,50.1648415,51.3542785
Morganella morganii,qualibact-v1.0,Total_Coding_Sequences,3400,4400,3400,4300,computed,warn,3400,4400,3402.63,4315,3402.63,4308.69,3570.77,4305.28
Morganella morganii,qualibact-v1.0,Completeness_Specific,84,,100,100,computed,warn,84,,84.69,100,100,100,85.17195,98.12785
Morganella morganii,qualibact-v1.0,Contamination,,21,0.13,1,computed,warn,,21,0.13,20.99,0.13,0.8852999999999974,2.261,20.459449999999997
Morganella morganii,qualibact-v1.0,N50,44000,,58000,1167315.23,computed,warn,44000,,44370.47,1167315.23,44370.47,1167315.2349999992,,
Morganella morganii,qualibact-v1.0,no_of_contigs,,240,25.21,190,computed,warn,,240,25.21,238,25.21,238,,
Morganella morganii,qualibact-v1.0,longest,,,150903,1836626.83,computed,warn,,,150903,1836626.83,150903,1836626.8299999998,,
Mycobacterium abscessus,qualibact-v1.0,Genome_Size,4600000,5600000,4700000,5500000,computed,info,4600000,5600000,4687873,5588117.6,4758499,5588117.599999991,4735136.455,5467031.58
Mycobacterium abscessus,qualibact-v1.0,GC_Content,63.91,64.33,63.98,64.29,computed,info,63.91,64.33,63.9128,64.3238,63.91284,64.30446500000001,63.9403845,64.2994085
Mycobacterium abscessus,qualibact-v1.0,Total_Coding_Sequences,4600,5800,4600,5600,computed,info,4600,5800,4635,5715.65,4644.35,5715.65,4664.795,5509.375
Mycobacterium abscessus,qualibact-v1.0,Completeness_Specific,96,,99,100,computed,info,96,,96.05,100,99.99,100,96.20655,99.2397
Mycobacterium abscessus,qualibact-v1.0,Contamination,,3,0.07,1,computed,info,,3,0.07,2.47,0.07,0.8929999999999927,0.63,2.47
Mycobacterium abscessus,qualibact-v1.0,N50,74000,,109000,1904740,computed,info,74000,,74696.3,1904740,74696.3,1904740,,
Mycobacterium abscessus,qualibact-v1.0,no_of_contigs,,180,8,140,computed,info,,180,8,173.65,8,173.64999999999964,,
Mycobacterium abscessus,qualibact-v1.0,longest,,,216795.3,2467768.95,computed,info,,,216795.3,2467768.95,216795.3,2467768.9499999997,,
Mycobacterium avium,qualibact-v1.0,Genome_Size,4700000,5900000,4700000,5700000,computed,info,4700000,5900000,4747173.68,5896255.62,4747173.68,5896255.625,4778041.58,5851845.74
Mycobacterium avium,qualibact-v1.0,GC_Content,68.55,69.41,68.69,69.38,computed,info,68.55,69.41,68.5523,69.4048,68.55227099999999,69.40481150000001,68.62709,69.321192
Mycobacterium avium,qualibact-v1.0,Total_Coding_Sequences,4500,5700,4500,5500,computed,info,4500,5700,4527,5650.47,4527,5650.47,4554.42,5596.96
Mycobacterium avium,qualibact-v1.0,Completeness_Specific,93,,100,100,computed,info,93,,93.86,100,100,100,93.8942,98.6334
Mycobacterium avium,qualibact-v1.0,Contamination,,8,0,2,computed,info,,8,0,7.01,0,1.7641000000000076,0.31,6.907400000000001
Mycobacterium avium,qualibact-v1.0,N50,19000,,29000,246241.24,computed,info,19000,,19886.69,246241.24,19886.69,246241.24000000008,,
Mycobacterium avium,qualibact-v1.0,no_of_contigs,,510,73,370,computed,info,,510,73,508.47,73,508.47000000000025,,
Mycobacterium avium,qualibact-v1.0,longest,,,96842.36,745555.26,computed,info,,,96842.36,745555.26,96842.36,745555.255,,
Mycobacterium chelonae,qualibact-v1.0,Genome_Size,4800000,5900000,4900000,5700000,computed,warn,4800000,5900000,4855372,5800362.52,4923074.44,5800362.5200000005,4863222.025,5274913.42
Mycobacterium chelonae,qualibact-v1.0,GC_Content,63.7,64.2,63.84,64.17,computed,warn,63.7,64.2,63.7054,64.1917,63.705424,64.191712,63.920204500000004,64.1420215
Mycobacterium chelonae,qualibact-v1.0,Total_Coding_Sequences,4700,6000,4800,5800,computed,warn,4700,6000,4736,5915.88,4771.96,5915.88,4744.595,5154.015
Mycobacterium chelonae,qualibact-v1.0,Completeness_Specific,98,,100,100,computed,warn,98,,98.63,100,100,100,98.63,99.32
Mycobacterium chelonae,qualibact-v1.0,Contamination,,2,0.01,1,computed,warn,,2,0.01,1.65,0.01,1.6512000000000049,0.03,0.36774999999999997
Mycobacterium chelonae,qualibact-v1.0,N50,81000,,107000,1243992.36,computed,warn,81000,,81269.76,1243992.36,81269.76,1243992.3600000022,,
Mycobacterium chelonae,qualibact-v1.0,no_of_contigs,,180,12.92,130,computed,warn,,180,12.92,170.4,12.92,170.40000000000006,,
Mycobacterium chelonae,qualibact-v1.0,longest,,,229895.76,1991547,computed,warn,,,229895.76,1991547,229895.76,1991547.0000000028,,
Mycobacterium intracellulare,qualibact-v1.0,Genome_Size,5200000,7200000,5300000,7000000,computed,info,5200000,7200000,5257760,7117056.85,5290662.1,7117056.849999999,5275482,6581453
Mycobacterium intracellulare,qualibact-v1.0,GC_Content,67.19,68.23,67.25,68.11,computed,info,67.19,68.23,67.1901,68.2225,67.190145,68.185995,67.40742,68.2042
Mycobacterium intracellulare,qualibact-v1.0,Total_Coding_Sequences,4900,7000,5000,6700,computed,info,4900,7000,4941,6931.45,4995.65,6931.45,4958.2,6311.2
Mycobacterium intracellulare,qualibact-v1.0,Completeness_Specific,94,,100,100,computed,info,94,,94.49,100,100,100,94.536,97.83200000000001
Mycobacterium intracellulare,qualibact-v1.0,Contamination,,13,0.07,2,computed,info,,13,0.07,12.23,0.07,2.202499999999998,0.742,12.17
Mycobacterium intracellulare,qualibact-v1.0,N50,35000,,48000,612047,computed,info,35000,,35954.1,612047,35954.1,612047,,
Mycobacterium intracellulare,qualibact-v1.0,no_of_contigs,,390,37.95,330,computed,info,,390,37.95,387.55,37.95,387.5499999999995,,
Mycobacterium intracellulare,qualibact-v1.0,longest,,,135913.6,1282109.35,computed,info,,,135913.6,1282109.35,135913.6,1282109.35,,
Mycobacterium kansasii,qualibact-v1.0,Genome_Size,6300000,6800000,6300000,6800000,computed,info,6300000,6800000,6325156.4,6793567.82,6325156.4,6793567.82,6453885.22,6576007.66
Mycobacterium kansasii,qualibact-v1.0,GC_Content,65.96,66.25,66,66.24,computed,info,65.96,66.25,65.9679,66.2441,65.967948,66.24408,66.22928300000001,66.238292
Mycobacterium kansasii,qualibact-v1.0,Total_Coding_Sequences,5600,6300,5700,6200,computed,info,5600,6300,5685,6252.92,5728.26,6252.92,5685.06,5816.73
Mycobacterium kansasii,qualibact-v1.0,Completeness_Specific,99,,99,100,computed,info,99,,99.26,100,99.97,100,99.26,99.26
Mycobacterium kansasii,qualibact-v1.0,Contamination,,2,0.01,2,computed,info,,2,0.01,1.49,0.01,1.4948000000000001,0.88,0.88
Mycobacterium kansasii,qualibact-v1.0,N50,30000,,35000,247403.22,computed,info,30000,,30324.12,247403.22,30324.12,247403.22000000012,,
Mycobacterium kansasii,qualibact-v1.0,no_of_contigs,,490,142.04,440,computed,info,,490,142.04,482.44,142.04,482.44000000000005,,
Mycobacterium kansasii,qualibact-v1.0,longest,,,120903.74,842927.4,computed,info,,,120903.74,842927.4,120903.74,842927.4,,
Mycobacterium marinum,qualibact-v1.0,Genome_Size,5200000,6700000,5200000,6000000,computed,info,5200000,6700000,5244011.94,6660144,5244011.94,6390622.660000004,6324458.46,6657436.645
Mycobacterium marinum,qualibact-v1.0,GC_Content,65.49,65.8,65.51,65.71,computed,info,65.49,65.8,65.4986,65.7984,65.4986,65.73953,65.67187,65.7976965
Mycobacterium marinum,qualibact-v1.0,Total_Coding_Sequences,5200,6000,5200,6000,computed,info,5200,6000,5242,5959.32,5242,5959.32,5285.365,5588.445
Mycobacterium marinum,qualibact-v1.0,Completeness_Specific,97,,99,100,computed,info,97,,97.19,100,99.9434,100,97.19,98.9972
Mycobacterium marinum,qualibact-v1.0,Contamination,,3,0.09,2,computed,info,,3,0.09,2.25,0.09,1.6664000000000032,0.8407,2.2444
Mycobacterium marinum,qualibact-v1.0,N50,22000,,24000,75661.62,computed,info,22000,,22222.78,75661.62,22222.78,75661.62000000002,,
Mycobacterium marinum,qualibact-v1.0,no_of_contigs,,620,277.7,590,computed,info,,620,277.7,614.32,277.7,614.3200000000002,,
Mycobacterium marinum,qualibact-v1.0,longest,,,77071.08,232675.94,computed,info,,,77071.08,232675.94,77071.08,232675.9400000003,,
Mycobacterium smegmatis,qualibact-v1.0,Genome_Size,6800000,7200000,6800000,7000000,computed,warn,6800000,7200000,6828216.4,7119169,6828216.4,6907835.975,6891657.485,7114288.13
Mycobacterium smegmatis,qualibact-v1.0,GC_Content,67.29,67.46,67.34,67.45,computed,warn,67.29,67.46,67.291,67.4523,67.2909875,67.45232750000001,67.31233,67.403
Mycobacterium smegmatis,qualibact-v1.0,Total_Coding_Sequences,6500,6900,6500,6700,computed,warn,6500,6900,6547.95,6835,6547.95,6705.075,6611.105,6830.07
Mycobacterium smegmatis,qualibact-v1.0,Completeness_Specific,97,,100,100,computed,warn,97,,97.16,100,100,100,97.1889,98.76
Mycobacterium smegmatis,qualibact-v1.0,Contamination,,5,0.18,1,computed,warn,,5,0.18,4.46,0.18,0.9444999999999869,0.90125,4.401349999999999
Mycobacterium smegmatis,qualibact-v1.0,N50,67000,,79000,184305.6,computed,warn,67000,,67750.45,184305.6,67750.45,184305.5999999998,,
Mycobacterium smegmatis,qualibact-v1.0,no_of_contigs,,270,111.98,230,computed,warn,,270,111.98,262.02,111.975,262.025,,
Mycobacterium smegmatis,qualibact-v1.0,longest,,,182990.75,520717.45,computed,warn,,,182990.75,520717.45,182990.75,520717.4499999982,,
Mycobacterium tuberculosis,qualibact-v1.0,Genome_Size,4200000,4600000,4200000,4500000,computed,info,4200000,4600000,4275042,4516435,4275042,4423800,4339525.15,4459269.81
Mycobacterium tuberculosis,qualibact-v1.0,GC_Content,65.21,65.66,65.38,65.63,computed,info,65.21,65.66,65.2152,65.6557,65.328,65.6471,65.399979,65.651718
Mycobacterium tuberculosis,qualibact-v1.0,Total_Coding_Sequences,4000,4600,4000,4300,computed,info,4000,4600,4008,4515,4046,4275,4074.475,4263.555
Mycobacterium tuberculosis,qualibact-v1.0,Completeness_Specific,95,,100,100,computed,info,95,,95.18,100,99.99,100,95.25495000000001,97.95
Mycobacterium tuberculosis,qualibact-v1.0,Contamination,,3,0.1,1,computed,info,,3,0.1,2.84,0.27,1.81,0.31,1.6829999999999972
Mycobacterium tuberculosis,qualibact-v1.0,N50,34000,,45000,180775,computed,info,34000,,34668.18,180775,34668.185,180775,,
Mycobacterium tuberculosis,qualibact-v1.0,no_of_contigs,,310,81,260,computed,info,,310,81,310,81,310,,
Mycobacterium tuberculosis,qualibact-v1.0,longest,,,113882.67,427714.33,computed,info,,,113882.67,427714.33,113882.67,427714.33,,
Mycobacterium xenopi,REFSEQ-QC-v1,Genome_Size,4700000,4800000,4700000,4800000,computed,error,4700000,4800000,4761469,4761611,4761469.71,4761610.29,4917655,4917655
Mycobacterium xenopi,REFSEQ-QC-v1,GC_Content,65.9,65.91,65.9,65.91,computed,error,65.9,65.91,65.9034,65.9035,65.90338017711537,65.9034512251,65.9122,65.9122
Mycobacterium xenopi,REFSEQ-QC-v1,Total_Coding_Sequences,4800,4900,4800,4900,computed,error,4800,4900,4814,4814,4814,4814,4771.905,4951.095
Mycobacterium xenopi,REFSEQ-QC-v1,Completeness_Specific,99,,99,99.93,computed,error,99,,99.92,99.93,99.92005,99.92995,91.41,91.41
Mycobacterium xenopi,REFSEQ-QC-v1,Contamination,,2,1.19,2,computed,error,,2,1.19,1.19,1.19,1.19,0.93,0.93
Mycobacterium xenopi,REFSEQ-QC-v1,N50,88000,,88000,88219,computed,error,88000,,88219,88219,88219,88219,,
Mycobacterium xenopi,REFSEQ-QC-v1,no_of_contigs,,160,156,160,computed,error,,160,156,156,156,156,,
Mycobacterium xenopi,REFSEQ-QC-v1,longest,,,364228,364228,computed,error,,,364228,364228,364228,364228,,
Mycoplasma capri,qualibact-v1.0,Genome_Size,500000,1100000,500000,1100000,computed,error,500000,1100000,538788.64,1082254.32,538788.64,1082254.32,,
Mycoplasma capri,qualibact-v1.0,GC_Content,23.7,24.13,23.71,24.13,computed,error,23.7,24.13,23.7,24.13,23.703436,24.13168,,
Mycoplasma capri,qualibact-v1.0,Total_Coding_Sequences,400,1000,400,1000,computed,error,400,1000,465,951.56,465,951.5600000000001,,
Mycoplasma capri,qualibact-v1.0,Completeness_Specific,85,,85,99.87,computed,error,85,,85.55,99.87,85.546,99.8684,,
Mycoplasma capri,qualibact-v1.0,Contamination,,2,0,1,computed,error,,2,0,1.37,0,1.3736000000000004,,
Mycoplasma capri,qualibact-v1.0,N50,19000,,24000,221770.44,computed,error,19000,,19177.96,221770.44,19177.96,221770.44000000006,,
Mycoplasma capri,qualibact-v1.0,no_of_contigs,,140,6.44,120,computed,error,,140,6.44,137.96,6.4399999999999995,137.96000000000004,,
Mycoplasma capri,qualibact-v1.0,longest,,,44656.92,269082.12,computed,error,,,44656.92,269082.12,44656.92,269082.12,,
Mycoplasmoides pneumoniae,qualibact-v1.0,Genome_Size,700000,900000,800000,900000,computed,warn,700000,900000,799485.53,857799,799485.53,832212.58,808082.425,841277.5500000002
Mycoplasmoides pneumoniae,qualibact-v1.0,GC_Content,39.79,40.2,39.8,40.07,computed,warn,39.79,40.2,39.7932,40.1984,39.793191,40.198392999999996,39.8963275,40.0118675
Mycoplasmoides pneumoniae,qualibact-v1.0,Total_Coding_Sequences,700,900,700,900,computed,warn,700,900,748,822.85,756.92,822.85,752.275,793.1250000000001
Mycoplasmoides pneumoniae,qualibact-v1.0,Completeness_Specific,96,,97,99.65,computed,warn,96,,96.1,99.65,96.73060000000001,99.6477,96.34224999999999,99.64
Mycoplasmoides pneumoniae,qualibact-v1.0,Contamination,,7,0.03,1,computed,warn,,7,0.03,6.35,0.0269,0.26,0.33025,6.31975
Mycoplasmoides pneumoniae,qualibact-v1.0,N50,49000,,55000,543044.77,computed,warn,49000,,49948.66,543044.77,49948.66,543044.7700000001,,
Mycoplasmoides pneumoniae,qualibact-v1.0,no_of_contigs,,100,10.23,90,computed,warn,,100,10.23,91,10.23,91,,
Mycoplasmoides pneumoniae,qualibact-v1.0,longest,,,116919.93,543044.77,computed,warn,,,116919.93,543044.77,116919.93,543044.7700000001,,
Mycoplasmopsis bovis,qualibact-v1.0,Genome_Size,800000,1200000,900000,1100000,computed,info,800000,1200000,895342.72,1165292,895342.725,1037305.25,944753.625,1163499.385
Mycoplasmopsis bovis,qualibact-v1.0,GC_Content,28.99,29.64,29.24,29.58,computed,info,28.99,29.64,28.9983,29.6338,29.233985,29.633815,29.0071935,29.466455
Mycoplasmopsis bovis,qualibact-v1.0,Total_Coding_Sequences,800,1100,800,1100,computed,info,800,1100,804.85,1038.58,804.85,1038.575,827.42,1016.925
Mycoplasmopsis bovis,qualibact-v1.0,Completeness_Specific,91,,99,99.92,computed,info,91,,91.41,99.92,98.91675000000001,99.92,91.90005,98.8395
Mycoplasmopsis bovis,qualibact-v1.0,Contamination,,9,0.07,2,computed,info,,9,0.07,8.11,0.5,1.331500000000001,0.07,7.898249999999998
Mycoplasmopsis bovis,qualibact-v1.0,N50,8000,,10000,36863,computed,info,8000,,8654.83,36863,8654.825,36863,,
Mycoplasmopsis bovis,qualibact-v1.0,no_of_contigs,,270,102.42,250,computed,info,,270,102.42,268.58,102.425,268.57500000000005,,
Mycoplasmopsis bovis,qualibact-v1.0,longest,,,29044.55,107635.18,computed,info,,,29044.55,107635.18,29044.55,107635.17500000015,,
Neisseria bergeri,qualibact-v1.0,Genome_Size,1900000,2300000,2000000,2300000,computed,warn,1900000,2300000,1998511.76,2241652.84,1998511.76,2241652.8449999997,,
Neisseria bergeri,qualibact-v1.0,GC_Content,51.61,52.2,51.68,52.18,computed,warn,51.61,52.2,51.61,52.2,51.610596,52.20114,,
Neisseria bergeri,qualibact-v1.0,Total_Coding_Sequences,1800,2200,1800,2200,computed,warn,1800,2200,1861.64,2169.48,1861.635,2169.475,,
Neisseria bergeri,qualibact-v1.0,Completeness_Specific,99,,99,100,computed,warn,99,,99.98,100,99.97545,100,,
Neisseria bergeri,qualibact-v1.0,Contamination,,1,0.01,1,computed,warn,,1,0.01,0.11,0.01,0.11,,
Neisseria bergeri,qualibact-v1.0,N50,97000,,102000,526586.89,computed,warn,97000,,97518.94,526586.89,97518.945,526586.8949999999,,
Neisseria bergeri,qualibact-v1.0,no_of_contigs,,100,10.54,90,computed,warn,,100,10.54,91,10.545,91,,
Neisseria bergeri,qualibact-v1.0,longest,,,212727.46,1009017.6,computed,warn,,,212727.46,1009017.6,212727.465,1009017.595,,
Neisseria bergeri,qualibact-v1.1,Genome_Size,1900000,2300000,2000000,2300000,computed,warn,1900000,2300000,1998511.76,2241652.84,1998511.76,2241652.8449999997,,
Neisseria bergeri,qualibact-v1.1,GC_Content,51.61,52.2,51.68,52.18,computed,warn,51.61,52.2,51.61,52.2,51.610596,52.20114,,
Neisseria bergeri,qualibact-v1.1,Total_Coding_Sequences,1800,2200,1800,2200,computed,warn,1800,2200,1861.64,2169.48,1861.635,2169.475,,
Neisseria bergeri,qualibact-v1.1,Completeness_Specific,99,,99,100,computed,warn,99,,99.98,100,99.97545,100,,
Neisseria bergeri,qualibact-v1.1,Contamination,,3,0.01,1,pinned,warn,,3,0.01,0.11,0.01,0.11,,
Neisseria bergeri,qualibact-v1.1,N50,97000,,102000,526586.89,computed,warn,97000,,97518.94,526586.89,97518.945,526586.8949999999,,
Neisseria bergeri,qualibact-v1.1,no_of_contigs,,100,10.54,90,computed,warn,,100,10.54,91,10.545,91,,
Neisseria bergeri,qualibact-v1.1,longest,,,212727.46,1009017.6,computed,warn,,,212727.46,1009017.6,212727.465,1009017.595,,
Neisseria flavescens,qualibact-v1.0,Genome_Size,2100000,2500000,2100000,2500000,computed,warn,2100000,2500000,2151221.8,2416431.55,2151221.8,2416431.55,2232591.68,2307605.96
Neisseria flavescens,qualibact-v1.0,GC_Content,48.8,49.43,48.92,49.42,computed,warn,48.8,49.43,48.8043,49.427,48.804275,49.42704,49.049144000000005,49.308821
Neisseria flavescens,qualibact-v1.0,Total_Coding_Sequences,2000,2400,2000,2400,computed,warn,2000,2400,2018.9,2379.9,2018.9,2379.9,2261.49,2327.82
Neisseria flavescens,qualibact-v1.0,Completeness_Specific,94,,100,100,computed,warn,94,,94.92,100,100,100,94.94500000000001,98.20209999999999
Neisseria flavescens,qualibact-v1.0,Contamination,,4,0.01,1,computed,warn,,4,0.01,3.26,0.0055000000000000005,0.7025000000000001,0.48879999999999996,3.2409999999999997
Neisseria flavescens,qualibact-v1.0,N50,48000,,68000,337619.4,computed,warn,48000,,48345.7,337619.4,48345.7,337619.4,,
Neisseria flavescens,qualibact-v1.0,no_of_contigs,,130,24.75,100,computed,warn,,130,24.75,122.65,24.75,122.6500000000001,,
Neisseria flavescens,qualibact-v1.0,longest,,,121994.85,627992.85,computed,warn,,,121994.85,627992.85,121994.85,627992.8500000001,,
Neisseria flavescens,qualibact-v1.1,Genome_Size,2100000,2500000,2100000,2500000,computed,warn,2100000,2500000,2151221.8,2416431.55,2151221.8,2416431.55,2232591.68,2307605.96
Neisseria flavescens,qualibact-v1.1,GC_Content,48.8,49.43,48.92,49.42,computed,warn,48.8,49.43,48.8043,49.427,48.804275,49.42704,49.049144000000005,49.308821
Neisseria flavescens,qualibact-v1.1,Total_Coding_Sequences,2000,2400,2000,2400,computed,warn,2000,2400,2018.9,2379.9,2018.9,2379.9,2261.49,2327.82
Neisseria flavescens,qualibact-v1.1,Completeness_Specific,99,,100,100,pinned,warn,99,,94.92,100,100,100,94.94500000000001,98.20209999999999
Neisseria flavescens,qualibact-v1.1,Contamination,,3,0.01,1,pinned,warn,,3,0.01,3.26,0.0055000000000000005,0.7025000000000001,0.48879999999999996,3.2409999999999997
Neisseria flavescens,qualibact-v1.1,N50,48000,,68000,337619.4,computed,warn,48000,,48345.7,337619.4,48345.7,337619.4,,
Neisseria flavescens,qualibact-v1.1,no_of_contigs,,130,24.75,100,computed,warn,,130,24.75,122.65,24.75,122.6500000000001,,
Neisseria flavescens,qualibact-v1.1,longest,,,121994.85,627992.85,computed,warn,,,121994.85,627992.85,121994.85,627992.8500000001,,
Neisseria gonorrhoeae,qualibact-v1.0,Genome_Size,2000000,2400000,2000000,2300000,computed,warn,2000000,2400000,2076948.29,2309160,2076948.29,2220991.35,2159331.86,2307900.355
Neisseria gonorrhoeae,qualibact-v1.0,GC_Content,52.06,52.75,52.32,52.7,computed,warn,52.06,52.75,52.061,52.7432,52.2802,52.743238000000005,52.1234,52.6994395
Neisseria gonorrhoeae,qualibact-v1.0,Total_Coding_Sequences,2000,2500,2100,2300,computed,warn,2000,2500,2086,2476,2086,2300,2254.355,2463.225
Neisseria gonorrhoeae,qualibact-v1.0,Completeness_Specific,96,,99,100,computed,warn,96,,96.87,100,99.98,100,97.36905,99.35
Neisseria gonorrhoeae,qualibact-v1.0,Contamination,,3,0.05,1,computed,warn,,3,0.05,2.14,0.05,0.26,0.19,1.8547999999999956
Neisseria gonorrhoeae,qualibact-v1.0,N50,29000,,35000,88974.47,computed,warn,29000,,29856.62,88974.47,29856.62,88974.47000000003,,
Neisseria gonorrhoeae,qualibact-v1.0,no_of_contigs,,230,100,200,computed,warn,,230,100,222,100,222,,
Neisseria gonorrhoeae,qualibact-v1.0,longest,,,93045,292983.61,computed,warn,,,93045,292983.61,93045,292983.6100000003,,
Neisseria gonorrhoeae,qualibact-v1.1,Genome_Size,2000000,2400000,2000000,2300000,computed,warn,2000000,2400000,2076948.29,2309160,2076948.29,2220991.35,2159331.86,2307900.355
Neisseria gonorrhoeae,qualibact-v1.1,GC_Content,52.06,52.75,52.32,52.7,computed,warn,52.06,52.75,52.061,52.7432,52.2802,52.743238000000005,52.1234,52.6994395
Neisseria gonorrhoeae,qualibact-v1.1,Total_Coding_Sequences,1900,2500,2100,2300,pinned,warn,1900,2500,2086,2476,2086,2300,2254.355,2463.225
Neisseria gonorrhoeae,qualibact-v1.1,Completeness_Specific,96,,99,100,computed,warn,96,,96.87,100,99.98,100,97.36905,99.35
Neisseria gonorrhoeae,qualibact-v1.1,Contamination,,3,0.05,1,computed,warn,,3,0.05,2.14,0.05,0.26,0.19,1.8547999999999956
Neisseria gonorrhoeae,qualibact-v1.1,N50,25000,,35000,88974.47,pinned,warn,25000,,29856.62,88974.47,29856.62,88974.47000000003,,
Neisseria gonorrhoeae,qualibact-v1.1,no_of_contigs,,230,100,200,computed,warn,,230,100,222,100,222,,
Neisseria gonorrhoeae,qualibact-v1.1,longest,,,93045,292983.61,computed,warn,,,93045,292983.61,93045,292983.6100000003,,
Neisseria lactamica,qualibact-v1.0,Genome_Size,2100000,2300000,2100000,2300000,computed,info,2100000,2300000,2100497.16,2271914.93,2100497.16,2271914.93,2147505.49,2220300.27
Neisseria lactamica,qualibact-v1.0,GC_Content,51.91,52.63,51.98,52.46,computed,info,51.91,52.63,51.9109,52.627,51.910871,52.517855999999995,52.1234085,52.622683
Neisseria lactamica,qualibact-v1.0,Total_Coding_Sequences,1900,2300,1900,2200,computed,info,1900,2300,1931.61,2264,1931.61,2189.3400000000006,2164.33,2263.25
Neisseria lactamica,qualibact-v1.0,Completeness_Specific,99,,100,100,computed,info,99,,99.04,100,100,100,99.04045,99.567
Neisseria lactamica,qualibact-v1.0,Contamination,,1,0.01,1,computed,info,,1,0.01,0.3,0.01,0.21,0.10300000000000001,0.3
Neisseria lactamica,qualibact-v1.0,N50,59000,,66000,328892.73,computed,info,59000,,59668.92,328892.73,59668.92,328892.73,,
Neisseria lactamica,qualibact-v1.0,no_of_contigs,,120,29.61,110,computed,info,,120,29.61,113,29.61,113,,
Neisseria lactamica,qualibact-v1.0,longest,,,127644.06,644317.26,computed,info,,,127644.06,644317.26,127644.06,644317.260000001,,
Neisseria lactamica,qualibact-v1.1,Genome_Size,2100000,2400000,2100000,2300000,pinned,info,2100000,2400000,2100497.16,2271914.93,2100497.16,2271914.93,2147505.49,2220300.27
Neisseria lactamica,qualibact-v1.1,GC_Content,51.91,52.63,51.98,52.46,computed,info,51.91,52.63,51.9109,52.627,51.910871,52.517855999999995,52.1234085,52.622683
Neisseria lactamica,qualibact-v1.1,Total_Coding_Sequences,1800,2800,1900,2200,pinned,info,1800,2800,1931.61,2264,1931.61,2189.3400000000006,2164.33,2263.25
Neisseria lactamica,qualibact-v1.1,Completeness_Specific,99,,100,100,computed,info,99,,99.04,100,100,100,99.04045,99.567
Neisseria lactamica,qualibact-v1.1,Contamination,,3,0.01,1,pinned,info,,3,0.01,0.3,0.01,0.21,0.10300000000000001,0.3
Neisseria lactamica,qualibact-v1.1,N50,59000,,66000,328892.73,computed,info,59000,,59668.92,328892.73,59668.92,328892.73,,
Neisseria lactamica,qualibact-v1.1,no_of_contigs,,120,29.61,110,computed,info,,120,29.61,113,29.61,113,,
Neisseria lactamica,qualibact-v1.1,longest,,,127644.06,644317.26,computed,info,,,127644.06,644317.26,127644.06,644317.260000001,,
Neisseria meningitidis,qualibact-v1.0,Genome_Size,2000000,2400000,2000000,2300000,computed,warn,2000000,2400000,2032579.16,2397461,2032579.16,2248260.44,2139084.46,2347340.0900000003
Neisseria meningitidis,qualibact-v1.0,GC_Content,51.05,52.15,51.42,52.08,computed,warn,51.05,52.15,51.0506,52.143,51.303188,52.143036,51.198398000000005,51.953431
Neisseria meningitidis,qualibact-v1.0,Total_Coding_Sequences,1900,2500,1900,2200,computed,warn,1900,2500,1925,2423,1925,2199,2137.83,2356.07
Neisseria meningitidis,qualibact-v1.0,Completeness_Specific,97,,99,100,computed,warn,97,,97.33,100,99.97,100,97.5094,99.4955
Neisseria meningitidis,qualibact-v1.0,Contamination,,3,0,1,computed,warn,,3,0,2.47,0,0.12,0.15,1.4488000000000034
Neisseria meningitidis,qualibact-v1.0,N50,19000,,23000,79132,computed,warn,19000,,19859.2,79132,19859.2,79132,,
Neisseria meningitidis,qualibact-v1.0,no_of_contigs,,310,99,270,computed,warn,,310,99,302,99,302,,
Neisseria meningitidis,qualibact-v1.0,longest,,,67968,273518.68,computed,warn,,,67968,273518.68,67968,273518.68,,
Neisseria meningitidis,qualibact-v1.1,Genome_Size,1800000,2300000,2033458.67,2397461,computed,,1800000,2300000,2033458.67,2397461,2033458.67,2250575.02,2137882.42,2351698.43
Neisseria meningitidis,qualibact-v1.1,GC_Content,50,54,51.05,52.14,computed,,50,54,51.05,52.14,51.291116,52.1412,51.185546,51.954637000000005
Neisseria meningitidis,qualibact-v1.1,Total_Coding_Sequences,1700,2700,1926,2420,computed,,1700,2700,1926,2420,1926,2201,2136.15,2360.1500000000005
Neisseria meningitidis,qualibact-v1.1,Completeness_Specific,96,,97.12,100,computed,,96,,97.12,100,99.96,100,97.2523,99.4985
Neisseria meningitidis,qualibact-v1.1,Contamination,,4,0,2.47,computed,,,4,0,2.47,0,0.12,0.15,1.537600000000007
Neisseria meningitidis,qualibact-v1.1,N50,16000,,18777.88,78040.42,computed,,16000,,18777.88,78040.42,18777.88,78040.42,,
Neisseria meningitidis,qualibact-v1.1,no_of_contigs,,340,101,306,computed,,,340,101,306,101,306,,
Neisseria meningitidis,qualibact-v1.1,longest,,,67734.74,282981.5,computed,,,,67734.74,282981.5,67734.74,282981.49999999994,,
Neisseria perflava,qualibact-v1.0,Genome_Size,2100000,2500000,2100000,2400000,computed,error,2100000,2500000,2153110.5,2427741.24,2153110.505,2427741.2399999998,2284967.26,2344220.74
Neisseria perflava,qualibact-v1.0,GC_Content,48.71,49.31,48.79,49.31,computed,error,48.71,49.31,48.7158,49.3079,48.7158285,49.307914499999995,48.8429395,49.0487605
Neisseria perflava,qualibact-v1.0,Total_Coding_Sequences,2000,2400,2000,2400,computed,error,2000,2400,2030.51,2349.5,2030.51,2349.495,2199.115,2221.885
Neisseria perflava,qualibact-v1.0,Completeness_Specific,99,,100,100,computed,error,99,,99.37,100,100,100,99.37020000000001,99.40979999999999
Neisseria perflava,qualibact-v1.0,Contamination,,2,0,1,computed,error,,2,0,1.5,0,0.41909999999999914,0.6044999999999999,1.4955
Neisseria perflava,qualibact-v1.0,N50,137000,,149000,546829.39,computed,error,137000,,137838.15,546829.39,137838.15,546829.3899999997,,
Neisseria perflava,qualibact-v1.0,no_of_contigs,,70,16,70,computed,error,,70,16,68.54,16,68.535,,
Neisseria perflava,qualibact-v1.0,longest,,,253654.28,833712.96,computed,error,,,253654.28,833712.96,253654.275,833712.964999999,,
Neisseria perflava,qualibact-v1.1,Genome_Size,2100000,2500000,2100000,2400000,computed,error,2100000,2500000,2153110.5,2427741.24,2153110.505,2427741.2399999998,2284967.26,2344220.74
Neisseria perflava,qualibact-v1.1,GC_Content,48.71,49.31,48.79,49.31,computed,error,48.71,49.31,48.7158,49.3079,48.7158285,49.307914499999995,48.8429395,49.0487605
Neisseria perflava,qualibact-v1.1,Total_Coding_Sequences,2000,2400,2000,2400,computed,error,2000,2400,2030.51,2349.5,2030.51,2349.495,2199.115,2221.885
Neisseria perflava,qualibact-v1.1,Completeness_Specific,99,,100,100,computed,error,99,,99.37,100,100,100,99.37020000000001,99.40979999999999
Neisseria perflava,qualibact-v1.1,Contamination,,3,0,1,pinned,error,,3,0,1.5,0,0.41909999999999914,0.6044999999999999,1.4955
Neisseria perflava,qualibact-v1.1,N50,137000,,149000,546829.39,computed,error,137000,,137838.15,546829.39,137838.15,546829.3899999997,,
Neisseria perflava,qualibact-v1.1,no_of_contigs,,70,16,70,computed,error,,70,16,68.54,16,68.535,,
Neisseria perflava,qualibact-v1.1,longest,,,253654.28,833712.96,computed,error,,,253654.28,833712.96,253654.275,833712.964999999,,
Neisseria polysaccharea,qualibact-v1.0,Genome_Size,1900000,2200000,1900000,2200000,computed,warn,1900000,2200000,1977394.15,2186566.55,1977394.15,2186566.55,2024930,2024930
Neisseria polysaccharea,qualibact-v1.0,GC_Content,51.52,52.35,51.53,52.29,computed,warn,51.52,52.35,51.5214,52.3456,51.52144,52.34561,52.1317,52.1317
Neisseria polysaccharea,qualibact-v1.0,Total_Coding_Sequences,1800,2200,1800,2200,computed,warn,1800,2200,1845.62,2114.7,1845.625,2114.7,2063,2063
Neisseria polysaccharea,qualibact-v1.0,Completeness_Specific,98,,99,100,computed,warn,98,,98.06,100,99.97,100,98.06,98.06
Neisseria polysaccharea,qualibact-v1.0,Contamination,,1,0,1,computed,warn,,1,0,0.2,0,0.15,0.2,0.2
Neisseria polysaccharea,qualibact-v1.0,N50,67000,,78000,305429.87,computed,warn,67000,,67888.88,305429.87,67888.875,305429.8749999999,,
Neisseria polysaccharea,qualibact-v1.0,no_of_contigs,,90,20.52,80,computed,warn,,90,20.52,84.85,20.525,84.84999999999997,,
Neisseria polysaccharea,qualibact-v1.0,longest,,,151296.88,613953.5,computed,warn,,,151296.88,613953.5,151296.875,613953.4999999998,,
Neisseria polysaccharea,qualibact-v1.1,Genome_Size,1900000,2200000,1900000,2200000,computed,warn,1900000,2200000,1977394.15,2186566.55,1977394.15,2186566.55,2024930,2024930
Neisseria polysaccharea,qualibact-v1.1,GC_Content,51.52,52.35,51.53,52.29,computed,warn,51.52,52.35,51.5214,52.3456,51.52144,52.34561,52.1317,52.1317
Neisseria polysaccharea,qualibact-v1.1,Total_Coding_Sequences,1800,2200,1800,2200,computed,warn,1800,2200,1845.62,2114.7,1845.625,2114.7,2063,2063
Neisseria polysaccharea,qualibact-v1.1,Completeness_Specific,99,,99,100,pinned,warn,99,,98.06,100,99.97,100,98.06,98.06
Neisseria polysaccharea,qualibact-v1.1,Contamination,,3,0,1,pinned,warn,,3,0,0.2,0,0.15,0.2,0.2
Neisseria polysaccharea,qualibact-v1.1,N50,67000,,78000,305429.87,computed,warn,67000,,67888.88,305429.87,67888.875,305429.8749999999,,
Neisseria polysaccharea,qualibact-v1.1,no_of_contigs,,90,20.52,80,computed,warn,,90,20.52,84.85,20.525,84.84999999999997,,
Neisseria polysaccharea,qualibact-v1.1,longest,,,151296.88,613953.5,computed,warn,,,151296.88,613953.5,151296.875,613953.4999999998,,
Oenococcus oeni,qualibact-v1.0,Genome_Size,1700000,2000000,1700000,1900000,computed,warn,1700000,2000000,1740923.65,1989703,1740923.65,1888579.1,1782369.28,1985797.84
Oenococcus oeni,qualibact-v1.0,GC_Content,37.71,38.08,37.71,38.06,computed,warn,37.71,38.08,37.7103,38.0747,37.71032,38.060205,37.7336,38.06858
Oenococcus oeni,qualibact-v1.0,Total_Coding_Sequences,1700,2100,1800,2000,computed,warn,1700,2100,1789.55,2070,1789.55,1979.75,1852.08,2066.12
Oenococcus oeni,qualibact-v1.0,Completeness_Specific,96,,99,99.99,computed,warn,96,,96.71,99.99,99.3965,99.99,96.7136,99.0188
Oenococcus oeni,qualibact-v1.0,Contamination,,4,0.26,3,computed,warn,,4,0.26,3.39,0.261,2.5500000000000025,0.89,3.39
Oenococcus oeni,qualibact-v1.0,N50,86000,,93000,241946.7,computed,warn,86000,,86448.85,241946.7,86448.85,241946.7,,
Oenococcus oeni,qualibact-v1.0,no_of_contigs,,70,23.1,60,computed,warn,,70,23.1,60.25,23.1,60.250000000000014,,
Oenococcus oeni,qualibact-v1.0,longest,,,220941,489741.5,computed,warn,,,220941,489741.5,220941,489741.5000000001,,
Ornithobacterium rhinotracheale,qualibact-v1.0,Genome_Size,2200000,2500000,2200000,2400000,computed,warn,2200000,2500000,2265171.46,2418866,2265171.46,2403961.14,2397840.54,2418688.58
Ornithobacterium rhinotracheale,qualibact-v1.0,GC_Content,37.21,37.79,37.25,37.73,computed,warn,37.21,37.79,37.2176,37.7883,37.224298,37.788308,37.221925999999996,37.456084
Ornithobacterium rhinotracheale,qualibact-v1.0,Total_Coding_Sequences,2100,2400,2100,2400,computed,warn,2100,2400,2160.14,2384.66,2160.14,2384.66,2311.1,2341.72
Ornithobacterium rhinotracheale,qualibact-v1.0,Completeness_Specific,95,,99,99.97,computed,warn,95,,95.2,99.97,99.8402,99.97,95.2012,96.28160000000001
Ornithobacterium rhinotracheale,qualibact-v1.0,Contamination,,2,0.01,1,computed,warn,,2,0.01,1.72,0.01,0.41879999999999995,0.48279999999999995,1.7094
Ornithobacterium rhinotracheale,qualibact-v1.0,N50,29000,,33000,151866.8,computed,warn,29000,,29598.06,151866.8,29598.06,151866.8,,
Ornithobacterium rhinotracheale,qualibact-v1.0,no_of_contigs,,210,61.78,180,computed,warn,,210,61.78,204.84,61.78,204.83999999999997,,
Ornithobacterium rhinotracheale,qualibact-v1.0,longest,,,106526.5,422718.66,computed,warn,,,106526.5,422718.66,106526.5,422718.66,,
Paenibacillus larvae,qualibact-v1.0,Genome_Size,3600000,4800000,3700000,4400000,computed,info,3600000,4800000,3682655.14,4794868,3682655.14,4438352.15,4054665.045,4792689.23
Paenibacillus larvae,qualibact-v1.0,GC_Content,43.77,45.01,43.97,44.62,computed,info,43.77,45.01,43.7793,45.0059,43.948910000000005,44.802291,43.791653,45.003567999999994
Paenibacillus larvae,qualibact-v1.0,Total_Coding_Sequences,3800,5300,3800,4900,computed,info,3800,5300,3803,5272,3803,4905.79,4069.1,5261.385
Paenibacillus larvae,qualibact-v1.0,Completeness_Specific,86,,99,100,computed,info,86,,86.23,100,99.92,100,86.3169,99.72
Paenibacillus larvae,qualibact-v1.0,Contamination,,4,0.14,3,computed,info,,4,0.14,3.06,0.6163,3.06,0.14,1.3649999999999998
Paenibacillus larvae,qualibact-v1.0,N50,21000,,24000,84597,computed,info,21000,,21844.04,84597,21844.04,84597,,
Paenibacillus larvae,qualibact-v1.0,no_of_contigs,,790,179,460,computed,info,,790,179,786.32,179,786.3199999999997,,
Paenibacillus larvae,qualibact-v1.0,longest,,,96946.31,239408.04,computed,info,,,96946.31,239408.04,96946.31,239408.03999999998,,
Parabacteroides distasonis,qualibact-v1.0,Genome_Size,4700000,5700000,4700000,5600000,computed,info,4700000,5700000,4734420.53,5602606.84,4734420.525,5602606.84,4779761.52,5552857.99
Parabacteroides distasonis,qualibact-v1.0,GC_Content,44.77,45.58,44.83,45.36,computed,info,44.77,45.58,44.774,45.5766,44.774004999999995,45.4241065,44.794721,45.548547
Parabacteroides distasonis,qualibact-v1.0,Total_Coding_Sequences,3900,5000,4000,4800,computed,info,3900,5000,3961,4990.07,3988.705,4990.0650000000005,3969.505,4758.915
Parabacteroides distasonis,qualibact-v1.0,Completeness_Specific,91,,99,100,computed,info,91,,91.55,100,99.90705,100,91.68635,99.15
Parabacteroides distasonis,qualibact-v1.0,Contamination,,4,0.22,3,computed,info,,4,0.22,3.84,0.22,3.841800000000003,0.27,3.37
Parabacteroides distasonis,qualibact-v1.0,N50,33000,,69000,576622.66,computed,info,33000,,33001.71,576622.66,33001.715,576622.6550000007,,
Parabacteroides distasonis,qualibact-v1.0,no_of_contigs,,340,35,260,computed,info,,340,35,339.48,35,339.47500000000036,,
Parabacteroides distasonis,qualibact-v1.0,longest,,,126268.44,1326847.55,computed,info,,,126268.44,1326847.55,126268.435,1326847.5450000002,,
Parabacteroides goldsteinii,qualibact-v1.0,Genome_Size,6300000,7600000,6300000,7600000,computed,warn,6300000,7600000,6364138.3,7539035.5,6364138.3,7539035.5,6652973.21,7051015.28
Parabacteroides goldsteinii,qualibact-v1.0,GC_Content,43.19,43.79,43.19,43.72,computed,warn,43.19,43.79,43.194,43.7877,43.193976,43.78766,43.4548585,43.6236315
Parabacteroides goldsteinii,qualibact-v1.0,Total_Coding_Sequences,5000,6300,5000,6200,computed,warn,5000,6300,5024.74,6250.9,5024.74,6250.9,5301.465,5714.595
Parabacteroides goldsteinii,qualibact-v1.0,Completeness_Specific,96,,99,100,computed,warn,96,,96.46,100,99.8354,100,96.4831,98.07
Parabacteroides goldsteinii,qualibact-v1.0,Contamination,,5,0.59,3,computed,warn,,5,0.59,4.42,0.5916,2.7759999999999994,3.2883999999999998,4.41505
Parabacteroides goldsteinii,qualibact-v1.0,N50,35000,,70000,378638.38,computed,warn,35000,,35573.7,378638.38,35573.7,378638.37999999995,,
Parabacteroides goldsteinii,qualibact-v1.0,no_of_contigs,,610,61.1,400,computed,warn,,610,61.1,609.86,61.1,609.8599999999982,,
Parabacteroides goldsteinii,qualibact-v1.0,longest,,,141591.74,875543.74,computed,warn,,,141591.74,875543.74,141591.74,875543.7399999999,,
Parabacteroides merdae,qualibact-v1.0,Genome_Size,4200000,5300000,4200000,5100000,computed,warn,4200000,5300000,4267789.72,5201700.48,4267789.72,5201700.48,4375824.705,4795914.89
Parabacteroides merdae,qualibact-v1.0,GC_Content,44.91,45.81,45.02,45.7,computed,warn,44.91,45.81,44.9151,45.8029,44.915108000000004,45.80288,45.3179225,45.4321195
Parabacteroides merdae,qualibact-v1.0,Total_Coding_Sequences,3500,4700,3500,4500,computed,warn,3500,4700,3504,4632.76,3504,4632.76,3570.015,4022.19
Parabacteroides merdae,qualibact-v1.0,Completeness_Specific,94,,99,100,computed,warn,94,,94.62,100,99.94,100,94.6335,97.84
Parabacteroides merdae,qualibact-v1.0,Contamination,,7,0.11,3,computed,warn,,7,0.11,6.64,0.11,4.078800000000002,3.24,6.6187
Parabacteroides merdae,qualibact-v1.0,N50,42000,,77000,576946,computed,warn,42000,,42904.24,576946,42904.24,576946,,
Parabacteroides merdae,qualibact-v1.0,no_of_contigs,,320,25.16,220,computed,warn,,320,25.16,311.56,25.16,311.5600000000003,,
Parabacteroides merdae,qualibact-v1.0,longest,,,161380.8,1138056.2,computed,warn,,,161380.8,1138056.2,161380.8,1138056.2000000002,,
Pasteurella multocida,qualibact-v1.0,Genome_Size,2100000,2800000,2200000,2500000,computed,info,2100000,2800000,2126408,2783224,2194845.54,2477770.8199999994,2169657.66,2624767.66
Pasteurella multocida,qualibact-v1.0,GC_Content,40.08,40.87,40.17,40.48,computed,info,40.08,40.87,40.0858,40.8671,40.1305975,40.5274965,40.1564545,40.754269
Pasteurella multocida,qualibact-v1.0,Total_Coding_Sequences,2000,2900,2000,2400,computed,info,2000,2900,2014.26,2877,2014.265,2439.229999999998,2048.015,2650.895
Pasteurella multocida,qualibact-v1.0,Completeness_Specific,90,,100,100,computed,info,90,,90.1,100,100,100,90.41225,99.21
Pasteurella multocida,qualibact-v1.0,Contamination,,3,0.05,1,computed,info,,3,0.05,2.06,0.07265,0.32734999999999903,0.05,1.8051000000000006
Pasteurella multocida,qualibact-v1.0,N50,26000,,38000,579228.71,computed,info,26000,,26027,579228.71,26027.005,579228.7099999998,,
Pasteurella multocida,qualibact-v1.0,no_of_contigs,,180,16,130,computed,info,,180,16,170.47,16,170.4699999999998,,
Pasteurella multocida,qualibact-v1.0,longest,,,88404.86,770331.36,computed,info,,,88404.86,770331.36,88404.855,770331.3599999996,,
Pectobacterium brasiliense,qualibact-v1.0,Genome_Size,4600000,5300000,4600000,5200000,computed,error,4600000,5300000,4646903.25,5297051,4646903.25,5108429.73,4705934.6,5275461.125
Pectobacterium brasiliense,qualibact-v1.0,GC_Content,51.14,52.24,51.77,52.23,computed,error,51.14,52.24,51.1403,52.2352,51.140305,52.232818,51.7007975,52.2279775
Pectobacterium brasiliense,qualibact-v1.0,Total_Coding_Sequences,4100,4800,4100,4600,computed,error,4100,4800,4160.81,4760,4160.81,4536.9,4191.555,4734.485
Pectobacterium brasiliense,qualibact-v1.0,Completeness_Specific,96,,100,100,computed,error,96,,96.05,100,100,100,96.24034999999999,99.4165
Pectobacterium brasiliense,qualibact-v1.0,Contamination,,2,0.13,1,computed,error,,2,0.13,1.93,0.13,0.74,0.19485,1.9124499999999998
Pectobacterium brasiliense,qualibact-v1.0,N50,131000,,141000,1055264.66,computed,error,131000,,131382.89,1055264.66,131382.89,1055264.66,,
Pectobacterium brasiliense,qualibact-v1.0,no_of_contigs,,130,32.23,120,computed,error,,130,32.23,128.31,32.23,128.31000000000003,,
Pectobacterium brasiliense,qualibact-v1.0,longest,,,336689.88,1561933.06,computed,error,,,336689.88,1561933.06,336689.88,1561933.06,,
Pediococcus acidilactici,qualibact-v1.0,Genome_Size,1700000,2300000,1800000,2100000,computed,warn,1700000,2300000,1779925,2228155,1807077.755,2095298.445,1803673.24,2226018.04
Pediococcus acidilactici,qualibact-v1.0,GC_Content,41.85,42.6,41.95,42.37,computed,warn,41.85,42.6,41.8533,42.5998,41.946841,42.3715865,41.885788999999995,42.5489995
Pediococcus acidilactici,qualibact-v1.0,Total_Coding_Sequences,1700,2300,1700,2100,computed,warn,1700,2300,1741.36,2241,1741.365,2031.295,1770.115,2238.88
Pediococcus acidilactici,qualibact-v1.0,Completeness_Specific,90,,99,100,computed,warn,90,,90.29,100,99.78,100,90.84385,98.0082
Pediococcus acidilactici,qualibact-v1.0,Contamination,,7,0,1,computed,warn,,7,0,6.35,0,1.38,0.18,5.586799999999998
Pediococcus acidilactici,qualibact-v1.0,N50,125000,,140000,496610,computed,warn,125000,,125956.28,496610,125956.275,496610,,
Pediococcus acidilactici,qualibact-v1.0,no_of_contigs,,60,11.41,50,computed,warn,,60,11.41,57.59,11.41,57.589999999999975,,
Pediococcus acidilactici,qualibact-v1.0,longest,,,292928.22,678609,computed,warn,,,292928.22,678609,292928.215,678609,,
Pediococcus pentosaceus,qualibact-v1.0,Genome_Size,1600000,2100000,1700000,2000000,computed,warn,1600000,2100000,1688270,2059009,1708652.75,1953491.375,1691158.46,2042848.9599999997
Pediococcus pentosaceus,qualibact-v1.0,GC_Content,37,37.53,37.03,37.31,computed,warn,37,37.53,37.004,37.5254,37.0040025,37.3171745,37.140075,37.509361999999996
Pediococcus pentosaceus,qualibact-v1.0,Total_Coding_Sequences,1600,2200,1700,2000,computed,warn,1600,2200,1671.17,2111,1671.17,1998.2450000000001,1701.78,2099.66
Pediococcus pentosaceus,qualibact-v1.0,Completeness_Specific,84,,100,100,computed,warn,84,,84.97,100,99.99585,100,85.1239,98.3874
Pediococcus pentosaceus,qualibact-v1.0,Contamination,,9,0.09,1,computed,warn,,9,0.09,8.79,0.09,0.42545000000000144,0.7709,8.633399999999998
Pediococcus pentosaceus,qualibact-v1.0,N50,209000,,233000,468256,computed,warn,209000,,209985.96,468256,209985.955,468256,,
Pediococcus pentosaceus,qualibact-v1.0,no_of_contigs,,50,11,40,computed,warn,,50,11,47.98,11,47.980000000000075,,
Pediococcus pentosaceus,qualibact-v1.0,longest,,,349537.96,540731.24,computed,warn,,,349537.96,540731.24,349537.96,540731.245,,
Phocaeicola dorei,qualibact-v1.0,Genome_Size,4900000,6100000,5000000,5900000,computed,warn,4900000,6100000,4908082.26,6040287.35,4908082.26,6040287.349999999,5316419.615,5801132.555
Phocaeicola dorei,qualibact-v1.0,GC_Content,41.42,42.36,41.5,42.32,computed,warn,41.42,42.36,41.4275,42.3521,41.427471,42.3521,41.590848,42.158164500000005
Phocaeicola dorei,qualibact-v1.0,Total_Coding_Sequences,3900,5300,4000,5200,computed,warn,3900,5300,3926,5272.41,3926,5272.409999999997,4349.885,4856.875
Phocaeicola dorei,qualibact-v1.0,Completeness_Specific,98,,99,100,computed,warn,98,,98.76,100,99.9753,100,98.79195,100
Phocaeicola dorei,qualibact-v1.0,Contamination,,5,0,3,computed,warn,,5,0,4.75,0,4.750299999999985,0.35,0.35
Phocaeicola dorei,qualibact-v1.0,N50,33000,,58000,442114,computed,warn,33000,,33429.93,442114,33429.93,442114,,
Phocaeicola dorei,qualibact-v1.0,no_of_contigs,,410,39.53,280,computed,warn,,410,39.53,404.63,39.53,404.62999999999914,,
Phocaeicola dorei,qualibact-v1.0,longest,,,145122.64,1285259.49,computed,warn,,,145122.64,1285259.49,145122.64,1285259.489999999,,
Phocaeicola vulgatus,qualibact-v1.0,Genome_Size,4500000,5800000,4600000,5700000,computed,info,4500000,5800000,4570898.59,5783567.75,4570898.59,5783567.75,4923185.9,5752626.8
Phocaeicola vulgatus,qualibact-v1.0,GC_Content,41.81,42.87,41.89,42.77,computed,info,41.81,42.87,41.8142,42.8619,41.814237,42.861887,42.2015,42.760694
Phocaeicola vulgatus,qualibact-v1.0,Total_Coding_Sequences,3800,5400,3800,5100,computed,info,3800,5400,3805.84,5315.58,3805.84,5315.58,4126.34,5002.5599999999995
Phocaeicola vulgatus,qualibact-v1.0,Completeness_Specific,97,,100,100,computed,info,97,,97.1,100,99.99,100,97.15339999999999,100
Phocaeicola vulgatus,qualibact-v1.0,Contamination,,3,0,2,computed,info,,3,0,2.19,0,2.19,0.1215,1.06
Phocaeicola vulgatus,qualibact-v1.0,N50,31000,,46000,223980.74,computed,info,31000,,31031.57,223980.74,31031.570000000003,223980.73999999996,,
Phocaeicola vulgatus,qualibact-v1.0,no_of_contigs,,590,78,440,computed,info,,590,78,580.75,78,580.7499999999987,,
Phocaeicola vulgatus,qualibact-v1.0,longest,,,109291.29,635175,computed,info,,,109291.29,635175,109291.29000000001,635175,,
Priestia megaterium,qualibact-v1.0,Genome_Size,5000000,6900000,5200000,6100000,computed,warn,5000000,6900000,5036631,6872701,5053487.63,6136796.630000001,5053062.35,6676999.550000002
Priestia megaterium,qualibact-v1.0,GC_Content,36.86,38.34,37.4,37.96,computed,warn,36.86,38.34,36.8662,38.3321,37.37595,38.103471,37.1220925,38.311105
Priestia megaterium,qualibact-v1.0,Total_Coding_Sequences,5100,7300,5200,6300,computed,warn,5100,7300,5173.57,7227,5173.57,6307.74,5289.425,7030.225000000001
Priestia megaterium,qualibact-v1.0,Completeness_Specific,92,,100,100,computed,warn,92,,92.03,100,100,100,92.62925,97.979
Priestia megaterium,qualibact-v1.0,Contamination,,13,0.12,3,computed,warn,,13,0.12,12.44,0.12,4.571100000000008,0.18,10.506250000000012
Priestia megaterium,qualibact-v1.0,N50,182000,,292000,2127714.76,computed,warn,182000,,182791.05,2127714.76,182791.05,2127714.7600000007,,
Priestia megaterium,qualibact-v1.0,no_of_contigs,,200,33.02,160,computed,warn,,200,33.02,197.95,33.02,197.95000000000005,,
Priestia megaterium,qualibact-v1.0,longest,,,534852.41,2890236.45,computed,warn,,,534852.41,2890236.45,534852.41,2890236.450000003,,
Proteus mirabilis,qualibact-v1.0,Genome_Size,3700000,4600000,3700000,4300000,computed,warn,3700000,4600000,3735018.42,4587183,3735018.42,4321252.970000001,3797570.26,4578874.92
Proteus mirabilis,qualibact-v1.0,GC_Content,38.38,39.74,38.44,39.26,computed,warn,38.38,39.74,38.3854,39.7321,38.385386000000004,39.436138,38.545906,39.728125999999996
Proteus mirabilis,qualibact-v1.0,Total_Coding_Sequences,3300,4500,3300,4100,computed,warn,3300,4500,3314.22,4427,3314.22,4076.26,3482.04,4421.4400000000005
Proteus mirabilis,qualibact-v1.0,Completeness_Specific,86,,100,100,computed,warn,86,,86.83,100,100,100,88.1225,98.3514
Proteus mirabilis,qualibact-v1.0,Contamination,,12,0.13,1,computed,warn,,12,0.13,11.7,0.13,0.8763000000000011,1.4465,11.653200000000002
Proteus mirabilis,qualibact-v1.0,N50,28000,,44000,508923.56,computed,warn,28000,,28333.92,508923.56,28333.92,508923.56,,
Proteus mirabilis,qualibact-v1.0,no_of_contigs,,310,40,230,computed,warn,,310,40,302.52,40,302.52000000000044,,
Proteus mirabilis,qualibact-v1.0,longest,,,87100.89,1205226.49,computed,warn,,,87100.89,1205226.49,87100.89,1205226.4900000005,,
Providencia rettgeri,qualibact-v1.0,Genome_Size,4000000,5100000,4200000,5100000,computed,warn,4000000,5100000,4023756,5073291.28,4165248,5073291.275,4072351,5055394
Providencia rettgeri,qualibact-v1.0,GC_Content,39.99,43.11,40.03,40.99,computed,warn,39.99,43.11,39.9991,43.1068,39.999105,41.06221,40.11996,42.723459999999996
Providencia rettgeri,qualibact-v1.0,Total_Coding_Sequences,3700,4900,3800,4800,computed,warn,3700,4900,3727,4897,3753.625,4837.600000000001,3761.6,4887.8
Providencia rettgeri,qualibact-v1.0,Completeness_Specific,95,,100,100,computed,warn,95,,95.49,100,100,100,95.78399999999999,99.152
Providencia rettgeri,qualibact-v1.0,Contamination,,6,0.06,2,computed,warn,,6,0.06,5.04,0.06,1.5670000000000028,1.266,5.013999999999999
Providencia rettgeri,qualibact-v1.0,N50,15000,,24000,664166.7,computed,warn,15000,,15866.35,664166.7,15866.35,664166.7000000008,,
Providencia rettgeri,qualibact-v1.0,no_of_contigs,,590,40,420,computed,warn,,590,40,587.93,40,587.9250000000003,,
Providencia rettgeri,qualibact-v1.0,longest,,,62729.92,1825617.88,computed,warn,,,62729.92,1825617.88,62729.925,1825617.8750000019,,
Providencia stuartii,qualibact-v1.0,Genome_Size,4100000,4900000,4200000,4800000,computed,warn,4100000,4900000,4148865.64,4860614,4148865.64,4739310.34,4309862.28,4856924.56
Providencia stuartii,qualibact-v1.0,GC_Content,41.16,41.99,41.18,41.91,computed,warn,41.16,41.99,41.1666,41.9837,41.166604,41.975813,41.253992000000004,41.981924
Providencia stuartii,qualibact-v1.0,Total_Coding_Sequences,3800,4700,3800,4600,computed,warn,3800,4700,3808.86,4695,3808.86,4552.84,4016.32,4683.96
Providencia stuartii,qualibact-v1.0,Completeness_Specific,87,,100,100,computed,warn,87,,87.04,100,100,100,87.1088,97.7412
Providencia stuartii,qualibact-v1.0,Contamination,,10,0.05,1,computed,warn,,10,0.05,9.33,0.05,0.9324999999999994,1.4660000000000002,9.2628
Providencia stuartii,qualibact-v1.0,N50,21000,,33000,533105.52,computed,warn,21000,,21817.96,533105.52,21817.96,533105.52,,
Providencia stuartii,qualibact-v1.0,no_of_contigs,,460,54.55,320,computed,warn,,460,54.55,452.12,54.55,452.1199999999999,,
Providencia stuartii,qualibact-v1.0,longest,,,86911.52,1330056.69,computed,warn,,,86911.52,1330056.69,86911.52,1330056.69,,
Pseudoalteromonas nigrifaciens,qualibact-v1.0,Genome_Size,3800000,4300000,3800000,3900000,computed,warn,3800000,4300000,3872287.12,4274777,3872287.12,3877189.88,4274777,4274777
Pseudoalteromonas nigrifaciens,qualibact-v1.0,GC_Content,39.97,40.18,39.97,39.98,computed,warn,39.97,40.18,39.9734,40.173,39.973392,39.979808,40.173,40.173
Pseudoalteromonas nigrifaciens,qualibact-v1.0,Total_Coding_Sequences,3400,4000,3400,3500,computed,warn,3400,4000,3450.92,3984,3450.92,3465,3984,3984
Pseudoalteromonas nigrifaciens,qualibact-v1.0,Completeness_Specific,99,,100,100,computed,warn,99,,99.92,100,100,100,99.92,99.92
Pseudoalteromonas nigrifaciens,qualibact-v1.0,Contamination,,1,0.07,1,computed,warn,,1,0.07,0.54,0.07,0.1,0.54,0.54
Pseudoalteromonas nigrifaciens,qualibact-v1.0,N50,413000,,429000,616042.2,computed,warn,413000,,413476.52,616042.2,413476.52,616042.2,,
Pseudoalteromonas nigrifaciens,qualibact-v1.0,no_of_contigs,,70,35.76,70,computed,warn,,70,35.76,65.4,35.76,65.40000000000006,,
Pseudoalteromonas nigrifaciens,qualibact-v1.0,longest,,,569237.24,926241.16,computed,warn,,,569237.24,926241.16,569237.24,926241.16,,
Pseudomonas aeruginosa,qualibact-v1.0,Genome_Size,6000000,7800000,6200000,7200000,computed,info,6000000,7800000,6020262,7708846,6092598.05,7298192.100000002,6102555.175,7554240.615
Pseudomonas aeruginosa,qualibact-v1.0,GC_Content,65.15,66.69,65.69,66.58,computed,info,65.15,66.69,65.1585,66.6848,65.52514000000001,66.6141,65.217743,66.567837
Pseudomonas aeruginosa,qualibact-v1.0,Total_Coding_Sequences,5600,7600,5700,6800,computed,info,5600,7600,5615,7558,5630.45,6942,5683.78,7257.37
Pseudomonas aeruginosa,qualibact-v1.0,Completeness_Specific,94,,99,100,computed,info,94,,94.98,100,99.99,100,95.6063,99.82
Pseudomonas aeruginosa,qualibact-v1.0,Contamination,,7,0,1,computed,info,,7,0,6.09,0,1.2,0.28,2.993699999999999
Pseudomonas aeruginosa,qualibact-v1.0,N50,42000,,63000,767772.55,computed,info,42000,,42671.25,767772.55,42671.25,767772.550000001,,
Pseudomonas aeruginosa,qualibact-v1.0,no_of_contigs,,430,43,320,computed,info,,430,43,422.1,43,422.1000000000058,,
Pseudomonas aeruginosa,qualibact-v1.0,longest,,,161108.2,1560975.5,computed,info,,,161108.2,1560975.5,161108.2,1560975.5000000058,,
Pseudomonas alloputida,qualibact-v1.0,Genome_Size,5600000,6800000,5800000,6700000,computed,info,5600000,6800000,5699019.75,6784073,5699019.75,6727986.5,5826756.425,6775538.625
Pseudomonas alloputida,qualibact-v1.0,GC_Content,61.19,62.01,61.22,61.91,computed,info,61.19,62.01,61.1964,62.0072,61.196425000000005,62.007225,61.5236175,61.85178
Pseudomonas alloputida,qualibact-v1.0,Total_Coding_Sequences,5100,6400,5300,6300,computed,info,5100,6400,5183.5,6349,5183.5,6346.5,5339.45,6339.625
Pseudomonas alloputida,qualibact-v1.0,Completeness_Specific,99,,100,100,computed,info,99,,99.6,100,100,100,99.6005,99.9375
Pseudomonas alloputida,qualibact-v1.0,Contamination,,2,0.05,2,computed,info,,2,0.05,1.55,0.052500000000000005,1.55,0.18525,0.4995
Pseudomonas alloputida,qualibact-v1.0,N50,51000,,65000,314561.25,computed,info,51000,,51357,314561.25,51357,314561.25,,
Pseudomonas alloputida,qualibact-v1.0,no_of_contigs,,340,110.25,290,computed,info,,340,110.25,331.25,110.25,331.25,,
Pseudomonas alloputida,qualibact-v1.0,longest,,,176662.25,870231.5,computed,info,,,176662.25,870231.5,176662.25,870231.5,,
Pseudomonas asiatica,qualibact-v1.0,Genome_Size,5500000,7000000,5700000,6600000,computed,warn,5500000,7000000,5581518,6916942.96,5673035.815,6916942.960000001,5584053.96,6414710.31
Pseudomonas asiatica,qualibact-v1.0,GC_Content,61.88,63.35,62.14,62.94,computed,warn,61.88,63.35,61.8812,63.3422,61.893097,62.9709075,61.90759,63.326982
Pseudomonas asiatica,qualibact-v1.0,Total_Coding_Sequences,5100,6800,5200,6400,computed,warn,5100,6800,5125,6746.86,5126.895,6746.855000000001,5126.75,6057.16
Pseudomonas asiatica,qualibact-v1.0,Completeness_Specific,96,,100,100,computed,warn,96,,96.24,100,100,100,96.4717,100
Pseudomonas asiatica,qualibact-v1.0,Contamination,,3,0.05,2,computed,warn,,3,0.05,2.19,0.049150000000000006,1.9402000000000008,0.11,2.1508
Pseudomonas asiatica,qualibact-v1.0,N50,31000,,44000,429091.74,computed,warn,31000,,31218.78,429091.74,31218.785,429091.74000000017,,
Pseudomonas asiatica,qualibact-v1.0,no_of_contigs,,360,70.24,320,computed,warn,,360,70.24,359.47,70.235,359.46500000000026,,
Pseudomonas asiatica,qualibact-v1.0,longest,,,130750.78,1014935.25,computed,warn,,,130750.78,1014935.25,130750.785,1014935.25,,
Pseudomonas avellanae,qualibact-v1.0,Genome_Size,5700000,6600000,5800000,6500000,computed,warn,5700000,6600000,5740914.12,6576340,5740914.125,6477148.375,6226286.69,6575398.31
Pseudomonas avellanae,qualibact-v1.0,GC_Content,58.25,58.89,58.32,58.81,computed,warn,58.25,58.89,58.2561,58.8875,58.2561375,58.887525000000004,58.314353000000004,58.585217
Pseudomonas avellanae,qualibact-v1.0,Total_Coding_Sequences,5100,6100,5300,6100,computed,warn,5100,6100,5165.12,6091.88,5165.125,6091.875,5730.87,6031.83
Pseudomonas avellanae,qualibact-v1.0,Completeness_Specific,98,,100,100,computed,warn,98,,98.5,100,99.99,100,98.5011,99.6693
Pseudomonas avellanae,qualibact-v1.0,Contamination,,2,0.06,1,computed,warn,,2,0.06,1.2,0.06125,1.205,0.19,0.2692
Pseudomonas avellanae,qualibact-v1.0,N50,32000,,38000,187759.5,computed,warn,32000,,32057.12,187759.5,32057.125,187759.5,,
Pseudomonas avellanae,qualibact-v1.0,no_of_contigs,,520,169,450,computed,warn,,520,169,514.62,169,514.625,,
Pseudomonas avellanae,qualibact-v1.0,longest,,,111791.62,458732.62,computed,warn,,,111791.62,458732.62,111791.625,458732.625,,
Pseudomonas fluorescens,qualibact-v1.0,Genome_Size,5800000,7500000,5900000,7500000,computed,error,5800000,7500000,5888353.96,7479479.92,5888353.96,7479479.92,5940391.2,7100959.8
Pseudomonas fluorescens,qualibact-v1.0,GC_Content,58.8,65.91,58.83,61.28,computed,error,58.8,65.91,58.8016,65.9034,58.8297,62.27287199999999,58.825975,65.36934000000001
Pseudomonas fluorescens,qualibact-v1.0,Total_Coding_Sequences,5200,6900,5300,6900,computed,error,5200,6900,5218.32,6868.92,5218.32,6868.92,5475.3,6469.5
Pseudomonas fluorescens,qualibact-v1.0,Completeness_Specific,89,,99,100,computed,error,89,,89.76,100,99.98479999999999,100,90.65100000000001,99.8
Pseudomonas fluorescens,qualibact-v1.0,Contamination,,6,0.03,3,computed,error,,6,0.03,5.42,0.0296,2.2159999999999997,0.1105,5.111000000000002
Pseudomonas fluorescens,qualibact-v1.0,N50,44000,,46000,548866.72,computed,error,44000,,44033.16,548866.72,44033.16,548866.72,,
Pseudomonas fluorescens,qualibact-v1.0,no_of_contigs,,330,47.76,310,computed,error,,330,47.76,321.52,47.76,321.52,,
Pseudomonas fluorescens,qualibact-v1.0,longest,,,153918.48,1020798.88,computed,error,,,153918.48,1020798.88,153918.48,1020798.8799999995,,
Pseudomonas fulva,qualibact-v1.0,Genome_Size,4700000,5800000,4700000,5400000,computed,warn,4700000,5800000,4714084.44,5757765,4714084.44,5360064.96,4757063.76,5750747.72
Pseudomonas fulva,qualibact-v1.0,GC_Content,60.64,64.05,61.21,61.87,computed,warn,60.64,64.05,60.6495,64.0418,61.218360000000004,61.9758,60.65574,63.99939199999999
Pseudomonas fulva,qualibact-v1.0,Total_Coding_Sequences,4200,5500,4200,5000,computed,warn,4200,5500,4231.64,5425,4231.64,4981.68,4334.28,5416.84
Pseudomonas fulva,qualibact-v1.0,Completeness_Specific,95,,100,100,computed,warn,95,,95.06,100,100,100,95.0928,98.69
Pseudomonas fulva,qualibact-v1.0,Contamination,,10,0.05,2,computed,warn,,10,0.05,9.47,0.05,1.18,1.1068,9.3412
Pseudomonas fulva,qualibact-v1.0,N50,122000,,125000,394973.64,computed,warn,122000,,122055.52,394973.64,122055.52,394973.64000000013,,
Pseudomonas fulva,qualibact-v1.0,no_of_contigs,,210,53.04,150,computed,warn,,210,53.04,201.2,53.04,201.20000000000005,,
Pseudomonas fulva,qualibact-v1.0,longest,,,303284.44,705493.08,computed,warn,,,303284.44,705493.08,303284.44,705493.08,,
Pseudomonas glycinae,qualibact-v1.0,Genome_Size,6300000,6500000,6300000,6500000,computed,warn,6300000,6500000,6393889.7,6422280.98,6393889.7,6422280.975,6396728,6396728
Pseudomonas glycinae,qualibact-v1.0,GC_Content,60.47,60.58,60.54,60.57,computed,warn,60.47,60.58,60.4786,60.5751,60.54429,60.57506,60.4786,60.4786
Pseudomonas glycinae,qualibact-v1.0,Total_Coding_Sequences,5700,5900,5700,5800,computed,warn,5700,5900,5747.85,5868,5747.85,5804.375,5868,5868
Pseudomonas glycinae,qualibact-v1.0,Completeness_Specific,98,,99,100,computed,warn,98,,98.72,100,99.99,100,98.72,98.72
Pseudomonas glycinae,qualibact-v1.0,Contamination,,5,1.91,3,computed,warn,,5,1.91,4.6,1.91,2.32075,4.6,4.6
Pseudomonas glycinae,qualibact-v1.0,N50,133000,,158000,543970,computed,warn,133000,,133753.8,543970,133753.8,543970,,
Pseudomonas glycinae,qualibact-v1.0,no_of_contigs,,160,53,150,computed,warn,,160,53,151.52,53,151.52499999999947,,
Pseudomonas glycinae,qualibact-v1.0,longest,,,323887.25,1015777.45,computed,warn,,,323887.25,1015777.45,323887.25,1015777.45,,
Pseudomonas juntendi,qualibact-v1.0,Genome_Size,5300000,6200000,5300000,6100000,computed,error,5300000,6200000,5318923.1,6183319.6,5318923.1,6183319.6,5583901.72,6062360.96
Pseudomonas juntendi,qualibact-v1.0,GC_Content,61.83,62.64,61.92,62.57,computed,error,61.83,62.64,61.8377,62.6373,61.845455,62.637265,61.837892,62.41226
Pseudomonas juntendi,qualibact-v1.0,Total_Coding_Sequences,4900,5900,4900,5800,computed,error,4900,5900,4903.6,5829.65,4903.6,5829.65,5231.24,5765.12
Pseudomonas juntendi,qualibact-v1.0,Completeness_Specific,99,,99,100,computed,error,99,,99.68,100,99.92450000000001,100,99.68,100
Pseudomonas juntendi,qualibact-v1.0,Contamination,,3,0.07,2,computed,error,,3,0.07,2.43,0.07450000000000001,1.46,0.23399999999999999,2.4068
Pseudomonas juntendi,qualibact-v1.0,N50,45000,,47000,164030.3,computed,error,45000,,45432.55,164030.3,45432.55,164030.29999999987,,
Pseudomonas juntendi,qualibact-v1.0,no_of_contigs,,360,132.8,330,computed,error,,360,132.8,352.3,132.8,352.29999999999995,,
Pseudomonas juntendi,qualibact-v1.0,longest,,,155276.75,473259,computed,error,,,155276.75,473259,155276.75,473258.99999999994,,
Pseudomonas marginalis,qualibact-v1.0,Genome_Size,6500000,7600000,6600000,7200000,computed,info,6500000,7600000,6576176,7581541,6656245.8,7123484.92,6579831.6,7567304.125
Pseudomonas marginalis,qualibact-v1.0,GC_Content,59.85,61.04,60.08,60.56,computed,info,59.85,61.04,59.8513,61.0316,60.0812,60.557636,59.864265,61.030834999999996
Pseudomonas marginalis,qualibact-v1.0,Total_Coding_Sequences,6000,7100,6000,6600,computed,info,6000,7100,6019,7086,6019,6571.84,6034.15,7070.724999999999
Pseudomonas marginalis,qualibact-v1.0,Completeness_Specific,99,,100,100,computed,info,99,,99.29,100,100,100,99.29975,100
Pseudomonas marginalis,qualibact-v1.0,Contamination,,8,0.01,2,computed,info,,8,0.01,7.13,0.01,1.39,0.72,7.020749999999999
Pseudomonas marginalis,qualibact-v1.0,N50,34000,,54000,386843.52,computed,info,34000,,34593.72,386843.52,34593.72,386843.52,,
Pseudomonas marginalis,qualibact-v1.0,no_of_contigs,,350,52,250,computed,info,,350,52,345.96,52,345.96000000000004,,
Pseudomonas marginalis,qualibact-v1.0,longest,,,149584.88,1281810.48,computed,info,,,149584.88,1281810.48,149584.88,1281810.48,,
Pseudomonas monteilii,qualibact-v1.0,Genome_Size,5500000,6900000,5500000,6800000,computed,warn,5500000,6900000,5587077.6,6834208.4,5587077.6,6834208.4,5643305.08,6352186.2
Pseudomonas monteilii,qualibact-v1.0,GC_Content,61.31,62.5,61.43,62.23,computed,warn,61.31,62.5,61.3115,62.4933,61.3115,62.3677,61.47368,62.490732
Pseudomonas monteilii,qualibact-v1.0,Total_Coding_Sequences,5000,6500,5100,6300,computed,warn,5000,6500,5089.6,6405.8,5089.6,6405.800000000002,5204.16,6005.32
Pseudomonas monteilii,qualibact-v1.0,Completeness_Specific,91,,99,100,computed,warn,91,,91.07,100,99.938,100,91.0732,98.642
Pseudomonas monteilii,qualibact-v1.0,Contamination,,6,0.01,2,computed,warn,,6,0.01,5.65,0.01,2.6300000000000043,1.14,5.65
Pseudomonas monteilii,qualibact-v1.0,N50,42000,,53000,515128.6,computed,warn,42000,,42650.4,515128.6,42650.4,515128.60000000003,,
Pseudomonas monteilii,qualibact-v1.0,no_of_contigs,,360,66,320,computed,warn,,360,66,355.6,66,355.6000000000003,,
Pseudomonas monteilii,qualibact-v1.0,longest,,,137271.8,1022778,computed,warn,,,137271.8,1022778,137271.8,1022778,,
Pseudomonas paracarnis,qualibact-v1.0,Genome_Size,5900000,6600000,5900000,6600000,computed,warn,5900000,6600000,5922361.82,6592594.16,5922361.82,6592594.165,6326461,6326461
Pseudomonas paracarnis,qualibact-v1.0,GC_Content,59.65,60.2,59.73,60.2,computed,warn,59.65,60.2,59.6586,60.1998,59.658646000000005,60.199818,59.8594,59.8594
Pseudomonas paracarnis,qualibact-v1.0,Total_Coding_Sequences,5300,6100,5300,6100,computed,warn,5300,6100,5333.28,6051.04,5333.28,6051.045,5818,5818
Pseudomonas paracarnis,qualibact-v1.0,Completeness_Specific,99,,100,100,computed,warn,99,,99.05,100,100,100,99.05,99.05
Pseudomonas paracarnis,qualibact-v1.0,Contamination,,1,0,1,computed,warn,,1,0,0.8,0,0.8049500000000018,0.8,0.8
Pseudomonas paracarnis,qualibact-v1.0,N50,54000,,64000,369773.91,computed,warn,54000,,54235.9,369773.91,54235.9,369773.9050000002,,
Pseudomonas paracarnis,qualibact-v1.0,no_of_contigs,,260,56.91,230,computed,warn,,260,56.91,258.86,56.91,258.8550000000003,,
Pseudomonas paracarnis,qualibact-v1.0,longest,,,155796.16,804605.44,computed,warn,,,155796.16,804605.44,155796.155,804605.4400000023,,
Pseudomonas protegens,qualibact-v1.0,Genome_Size,6500000,7400000,6600000,7200000,computed,warn,6500000,7400000,6563070.35,7356574.52,6563070.35,7356574.525,6672367.5,7218111.4
Pseudomonas protegens,qualibact-v1.0,GC_Content,61.98,63.54,62.18,63.49,computed,warn,61.98,63.54,61.9863,63.5345,62.1379775,63.5344975,61.99038,63.40148
Pseudomonas protegens,qualibact-v1.0,Total_Coding_Sequences,5900,6800,5900,6500,computed,warn,5900,6800,5912.65,6720,5912.65,6635.399999999999,6032.75,6703.05
Pseudomonas protegens,qualibact-v1.0,Completeness_Specific,97,,99,100,computed,warn,97,,97.24,100,99.9625,100,97.35549999999999,99.68
Pseudomonas protegens,qualibact-v1.0,Contamination,,2,0.13,2,computed,warn,,2,0.13,1.85,0.127,1.85,0.448,1.76
Pseudomonas protegens,qualibact-v1.0,N50,54000,,66000,1234532.45,computed,warn,54000,,54414.92,1234532.45,54414.925,1234532.449999994,,
Pseudomonas protegens,qualibact-v1.0,no_of_contigs,,340,18.92,310,computed,warn,,340,18.92,335.45,18.925,335.44999999999993,,
Pseudomonas protegens,qualibact-v1.0,longest,,,173652.8,2480282.2,computed,warn,,,173652.8,2480282.2,173652.8,2480282.1999999965,,
Pseudomonas putida,qualibact-v1.0,Genome_Size,4900000,7500000,5300000,7100000,computed,warn,4900000,7500000,4941088.18,7467685,4941088.18,7118827.77,5525646.925,7268208.925000001
Pseudomonas putida,qualibact-v1.0,GC_Content,59.22,63.64,60.06,63.35,computed,warn,59.22,63.64,59.2265,63.6372,59.973337,63.637246,59.8204845,63.0772345
Pseudomonas putida,qualibact-v1.0,Total_Coding_Sequences,4400,7100,4800,6700,computed,warn,4400,7100,4439.1,7087,4439.1,6814.45,5101.52,6839.530000000001
Pseudomonas putida,qualibact-v1.0,Completeness_Specific,95,,99,100,computed,warn,95,,95.52,100,99.9824,100,95.96799999999999,99.9
Pseudomonas putida,qualibact-v1.0,Contamination,,10,0.01,2,computed,warn,,10,0.01,9.85,0.008100000000000001,2.0536999999999948,0.14,6.937999999999988
Pseudomonas putida,qualibact-v1.0,N50,32000,,40000,599470.51,computed,warn,32000,,32809.16,599470.51,32809.16,599470.5099999999,,
Pseudomonas putida,qualibact-v1.0,no_of_contigs,,460,29,390,computed,warn,,460,29,455.46,29,455.45999999999947,,
Pseudomonas putida,qualibact-v1.0,longest,,,136726.91,1807266.57,computed,warn,,,136726.91,1807266.57,136726.91,1807266.5699999994,,
Pseudomonas syringae,qualibact-v1.0,Genome_Size,5400000,6800000,5800000,6300000,computed,warn,5400000,6800000,5448011,6747342,5804534.8,6362512.6,5463785.405,6744634.995
Pseudomonas syringae,qualibact-v1.0,GC_Content,58.02,61.07,58.79,59.39,computed,warn,58.02,61.07,58.0207,61.0607,58.48574,61.060700000000004,58.0300525,60.1022695
Pseudomonas syringae,qualibact-v1.0,Total_Coding_Sequences,4800,6200,4900,5600,computed,warn,4800,6200,4828,6122,4959.2,5657.799999999998,4843.66,6118.955
Pseudomonas syringae,qualibact-v1.0,Completeness_Specific,89,,99,100,computed,warn,89,,89.61,100,99.964,100,91.77195,99.73
Pseudomonas syringae,qualibact-v1.0,Contamination,,11,0,1,computed,warn,,11,0,10.79,0,0.7639999999999998,0.2487,8.310499999999987
Pseudomonas syringae,qualibact-v1.0,N50,37000,,60000,409791.4,computed,warn,37000,,37053.2,409791.4,37053.2,409791.39999999956,,
Pseudomonas syringae,qualibact-v1.0,no_of_contigs,,410,48.2,280,computed,warn,,410,48.2,408,48.2,407.9999999999975,,
Pseudomonas syringae,qualibact-v1.0,longest,,,141898.8,1279805.8,computed,warn,,,141898.8,1279805.8,141898.8,1279805.7999999993,,
Ralstonia pseudosolanacearum,qualibact-v1.0,Genome_Size,5300000,6200000,5400000,6200000,computed,warn,5300000,6200000,5382515.7,6171365,5382515.7,6170239.58,5521640.525,6168578.975
Ralstonia pseudosolanacearum,qualibact-v1.0,GC_Content,66.43,67.16,66.44,67.08,computed,warn,66.43,67.16,66.4399,67.1506,66.439866,67.15060799999999,66.5586575,67.07136249999999
Ralstonia pseudosolanacearum,qualibact-v1.0,Total_Coding_Sequences,4700,5600,4800,5600,computed,warn,4700,5600,4715.02,5529,4715.02,5528.34,4937.975,5521.575
Ralstonia pseudosolanacearum,qualibact-v1.0,Completeness_Specific,96,,100,100,computed,warn,96,,96.24,100,100,100,97.63425000000001,99.97
Ralstonia pseudosolanacearum,qualibact-v1.0,Contamination,,3,0.01,1,computed,warn,,3,0.01,2.36,0.006600000000000002,0.623599999999999,0.0743,2.3357
Ralstonia pseudosolanacearum,qualibact-v1.0,N50,33000,,43000,160932.14,computed,warn,33000,,33656.74,160932.14,33656.74,160932.1399999998,,
Ralstonia pseudosolanacearum,qualibact-v1.0,no_of_contigs,,470,111.92,410,computed,warn,,470,111.92,468.68,111.92,468.67999999999995,,
Ralstonia pseudosolanacearum,qualibact-v1.0,longest,,,126708.66,604051,computed,warn,,,126708.66,604051,126708.66,604051,,
Ralstonia solanacearum,qualibact-v1.0,Genome_Size,5000000,5900000,5100000,5600000,computed,warn,5000000,5900000,5036094.64,5872605,5036094.64,5705056.09,5391571.375,5851108.005
Ralstonia solanacearum,qualibact-v1.0,GC_Content,66.31,66.81,66.56,66.78,computed,warn,66.31,66.81,66.3181,66.8043,66.515148,66.804328,66.319036,66.690984
Ralstonia solanacearum,qualibact-v1.0,Total_Coding_Sequences,4300,5300,4500,5000,computed,warn,4300,5300,4388.5,5257,4388.505,5048.805,4813.535,5232.43
Ralstonia solanacearum,qualibact-v1.0,Completeness_Specific,90,,100,100,computed,warn,90,,90.04,100,100,100,90.6991,98.8188
Ralstonia solanacearum,qualibact-v1.0,Contamination,,5,0,1,computed,warn,,5,0,4.08,0,0.1723000000000002,0.6285,4.08
Ralstonia solanacearum,qualibact-v1.0,N50,52000,,60000,143422.2,computed,warn,52000,,52809.94,143422.2,52809.935,143422.19500000012,,
Ralstonia solanacearum,qualibact-v1.0,no_of_contigs,,330,104.66,240,computed,warn,,330,104.66,323.5,104.655,323.4950000000001,,
Ralstonia solanacearum,qualibact-v1.0,longest,,,183458.86,574707.1,computed,warn,,,183458.86,574707.1,183458.86,574707.1000000003,,
Renibacterium salmoninarum,REFSEQ-QC-v1,Genome_Size,3000000,3100000,3000000,3100000,computed,error,3000000,3100000,3060847,3061134,3060847.025,3061134,3155228,3155332
Renibacterium salmoninarum,REFSEQ-QC-v1,GC_Content,56.25,56.26,56.25,56.26,computed,error,56.25,56.26,56.2573,56.2581,56.257319608105114,56.258069301857326,56.2706,56.2713
Renibacterium salmoninarum,REFSEQ-QC-v1,Total_Coding_Sequences,3400,3500,3400,3500,computed,error,3400,3500,3401,3413,3401.075,3412.975,3327.03,3554.58
Renibacterium salmoninarum,REFSEQ-QC-v1,Completeness_Specific,99,,99,99.97,computed,error,99,,99.95,99.97,99.95,99.97,96.85,96.85
Renibacterium salmoninarum,REFSEQ-QC-v1,Contamination,,2,1.2,2,computed,error,,2,1.2,1.24,1.2,1.24,0.46,0.46
Renibacterium salmoninarum,REFSEQ-QC-v1,N50,68000,,68000,68762,computed,error,68000,,68762,68762,68762,68762,,
Renibacterium salmoninarum,REFSEQ-QC-v1,no_of_contigs,,90,86,90,computed,error,,90,86,88,86,88,,
Renibacterium salmoninarum,REFSEQ-QC-v1,longest,,,203861,203869,computed,error,,,203861,203869,203861,203869,,
Rhizobium leguminosarum,qualibact-v1.0,Genome_Size,6700000,8800000,6900000,7900000,computed,error,6700000,8800000,6739448.1,8799320,6739448.105,7991791.9399999995,6885126.185,8705562.094999999
Rhizobium leguminosarum,qualibact-v1.0,GC_Content,60.45,61.18,60.52,60.96,computed,error,60.45,61.18,60.4571,61.1779,60.506031,60.9664535,60.462405499999996,61.1159755
Rhizobium leguminosarum,qualibact-v1.0,Total_Coding_Sequences,6500,8900,6500,7800,computed,error,6500,8900,6531.38,8842,6531.375,7784.374999999999,6654.885,8686.885
Rhizobium leguminosarum,qualibact-v1.0,Completeness_Specific,95,,99,100,computed,error,95,,95.78,100,99.96445,100,96.07565,99.84975
Rhizobium leguminosarum,qualibact-v1.0,Contamination,,7,0.01,3,computed,error,,7,0.01,6.93,0.17895,3.03,0.04510000000000001,5.057999999999997
Rhizobium leguminosarum,qualibact-v1.0,N50,170000,,180000,534092.66,computed,error,170000,,170917.74,534092.66,170917.735,534092.6599999997,,
Rhizobium leguminosarum,qualibact-v1.0,no_of_contigs,,250,57.44,220,computed,error,,250,57.44,244.99,57.445,244.98999999999987,,
Rhizobium leguminosarum,qualibact-v1.0,longest,,,439759.18,1576092,computed,error,,,439759.18,1576092,439759.175,1576092,,
Salmonella arizonae,qualibact-v1.0,Genome_Size,4400000,5600000,4400000,4800000,computed,warn,4400000,5600000,4413848.34,5542871,4413848.34,4809811.17,5542871,5542871
Salmonella arizonae,qualibact-v1.0,GC_Content,51.16,51.57,51.25,51.53,computed,warn,51.16,51.57,51.1634,51.5617,51.181850000000004,51.561661,51.1634,51.1634
Salmonella arizonae,qualibact-v1.0,Total_Coding_Sequences,4100,5500,4100,4600,computed,warn,4100,5500,4125.35,5479,4125.35,4637.66,5479,5479
Salmonella arizonae,qualibact-v1.0,Completeness_Specific,97,,100,100,computed,warn,97,,97.05,100,100,100,97.05,97.05
Salmonella arizonae,qualibact-v1.0,Contamination,,7,0,1,computed,warn,,7,0,6.28,0,0.2898999999999978,6.28,6.28
Salmonella arizonae,qualibact-v1.0,N50,69000,,91000,398355.89,computed,warn,69000,,69050.01,398355.89,69050.01,398355.88999999955,,
Salmonella arizonae,qualibact-v1.0,no_of_contigs,,200,61,170,computed,warn,,200,61,199.66,61,199.65999999999985,,
Salmonella arizonae,qualibact-v1.0,longest,,,203040.11,1560084,computed,warn,,,203040.11,1560084,203040.11,1560084,,
Salmonella bongori,qualibact-v1.0,Genome_Size,4300000,4900000,4300000,4800000,computed,warn,4300000,4900000,4304810.76,4861501.04,4304810.76,4861501.045,4397026.645,4759217.75
Salmonella bongori,qualibact-v1.0,GC_Content,51.04,51.47,51.11,51.45,computed,warn,51.04,51.47,51.0419,51.4696,51.041857,51.469566,51.256206500000005,51.394152999999996
Salmonella bongori,qualibact-v1.0,Total_Coding_Sequences,3900,4700,3900,4600,computed,warn,3900,4700,3942.74,4650.04,3942.745,4650.04,4154.18,4619.54
Salmonella bongori,qualibact-v1.0,Completeness_Specific,97,,100,100,computed,warn,97,,97.26,100,99.99,100,97.29355000000001,99.66
Salmonella bongori,qualibact-v1.0,Contamination,,2,0.03,1,computed,warn,,2,0.03,1.05,0.03,0.6650999999999999,0.71,1.0434
Salmonella bongori,qualibact-v1.0,N50,33000,,40000,519529.26,computed,warn,33000,,33371.38,519529.26,33371.385,519529.25999999983,,
Salmonella bongori,qualibact-v1.0,no_of_contigs,,270,48.98,250,computed,warn,,270,48.98,263.53,48.98,263.53,,
Salmonella bongori,qualibact-v1.0,longest,,,122448.88,1528609.46,computed,warn,,,122448.88,1528609.46,122448.875,1528609.455,,
Salmonella enterica,qualibact-v1.0,Genome_Size,4400000,5900000,4500000,5100000,computed,warn,4400000,5900000,4484627,5868736,4516299.58,5146484.864999998,4556006.065,5376064.415
Salmonella enterica,qualibact-v1.0,GC_Content,51.12,52.38,51.94,52.3,computed,warn,51.12,52.38,51.1235,52.3776,51.8448,52.3357,51.446341,52.3440785
Salmonella enterica,qualibact-v1.0,Total_Coding_Sequences,4100,6000,4200,4900,computed,warn,4100,6000,4197,5926,4197,4965,4415.275,5361.29
Salmonella enterica,qualibact-v1.0,Completeness_Specific,96,,100,100,computed,warn,96,,96.43,100,100,100,96.82565,99.75
Salmonella enterica,qualibact-v1.0,Contamination,,8,0.01,1,computed,warn,,8,0.01,7.42,0.01,0.37,0.29565,5.48
Salmonella enterica,qualibact-v1.0,N50,64000,,90000,728825,computed,warn,64000,,64851,728825,64851,728825,,
Salmonella enterica,qualibact-v1.0,no_of_contigs,,190,32,160,computed,warn,,190,32,186,32,186,,
Salmonella enterica,qualibact-v1.0,longest,,,203949.88,1602083,computed,warn,,,203949.88,1602083,203949.885,1602083,,
Serratia bockelmannii,qualibact-v1.0,Genome_Size,4900000,5600000,5000000,5500000,computed,warn,4900000,5600000,4996239.18,5515074.02,4996239.175,5515074.025,5135921.575,5319086.675
Serratia bockelmannii,qualibact-v1.0,GC_Content,58.71,59.69,58.92,59.61,computed,warn,58.71,59.69,58.7165,59.6859,58.7165095,59.685863000000005,59.1918225,59.464887499999996
Serratia bockelmannii,qualibact-v1.0,Total_Coding_Sequences,4500,5200,4600,5100,computed,warn,4500,5200,4575.85,5137.62,4575.85,5137.615,4854.25,5116.475
Serratia bockelmannii,qualibact-v1.0,Completeness_Specific,97,,100,100,computed,warn,97,,97.42,100,100,100,97.48175,100
Serratia bockelmannii,qualibact-v1.0,Contamination,,2,0.01,1,computed,warn,,2,0.01,1.19,0.013850000000000001,1.19,0.36224999999999996,0.7072499999999999
Serratia bockelmannii,qualibact-v1.0,N50,35000,,92000,1425108.73,computed,warn,35000,,35809.93,1425108.73,35809.93,1425108.7300000004,,
Serratia bockelmannii,qualibact-v1.0,no_of_contigs,,320,24,170,computed,warn,,320,24,311.53,24,311.5250000000003,,
Serratia bockelmannii,qualibact-v1.0,longest,,,121181.59,2403859.57,computed,warn,,,121181.59,2403859.57,121181.59,2403859.565000002,,
Serratia marcescens,qualibact-v1.0,Genome_Size,4800000,5900000,4900000,5500000,computed,warn,4800000,5900000,4883373.1,5896859,4883373.1,5546258.4799999995,4947304.41,5875905.06
Serratia marcescens,qualibact-v1.0,GC_Content,58.47,60.22,59.46,60.18,computed,warn,58.47,60.22,58.4741,60.219,59.395722,60.21905,58.548305000000006,60.147114
Serratia marcescens,qualibact-v1.0,Total_Coding_Sequences,4500,5800,4500,5100,computed,warn,4500,5800,4502.26,5749,4502.26,5151.379999999999,4713.28,5732.51
Serratia marcescens,qualibact-v1.0,Completeness_Specific,90,,100,100,computed,warn,90,,90.72,100,100,100,91.70939999999999,97.9911
Serratia marcescens,qualibact-v1.0,Contamination,,9,0,1,computed,warn,,9,0,8.86,0,0.41739999999999783,1.3358,7.987000000000001
Serratia marcescens,qualibact-v1.0,N50,69000,,111000,3106961.64,computed,warn,69000,,69457.8,3106961.64,69457.8,3106961.6399999997,,
Serratia marcescens,qualibact-v1.0,no_of_contigs,,200,23,150,computed,warn,,200,23,192.16,23,192.15999999999985,,
Serratia marcescens,qualibact-v1.0,longest,,,202537.24,3106961.64,computed,warn,,,202537.24,3106961.64,202537.24,3106961.6399999997,,
Serratia nematodiphila,qualibact-v1.0,Genome_Size,4900000,5400000,5000000,5400000,computed,warn,4900000,5400000,4955452.4,5372929.5,4955452.4,5372929.5,5256558,5256558
Serratia nematodiphila,qualibact-v1.0,GC_Content,59.23,59.84,59.39,59.82,computed,warn,59.23,59.84,59.2306,59.8324,59.23059,59.83241,59.531312,59.533688000000005
Serratia nematodiphila,qualibact-v1.0,Total_Coding_Sequences,4600,5400,4600,5300,computed,warn,4600,5400,4602.9,5336.3,4602.9,5336.3,4999.03,5004.97
Serratia nematodiphila,qualibact-v1.0,Completeness_Specific,96,,100,100,computed,warn,96,,96.78,100,100,100,96.7948,99.7252
Serratia nematodiphila,qualibact-v1.0,Contamination,,1,0.01,1,computed,warn,,1,0.01,0.56,0.013000000000000001,0.5569999999999999,0.5,0.5
Serratia nematodiphila,qualibact-v1.0,N50,20000,,28000,1287990.8,computed,warn,20000,,20041,1287990.8,20041,1287990.7999999993,,
Serratia nematodiphila,qualibact-v1.0,no_of_contigs,,560,27.3,440,computed,warn,,560,27.3,555.9,27.3,555.8999999999999,,
Serratia nematodiphila,qualibact-v1.0,longest,,,92936.8,2069951.7,computed,warn,,,92936.8,2069951.7,92936.8,2069951.7,,
Serratia nevei,qualibact-v1.0,Genome_Size,4900000,6000000,4900000,5900000,computed,info,4900000,6000000,4932138.28,5979326.4,4932138.275,5979326.4,5318269.335,5887278.885
Serratia nevei,qualibact-v1.0,GC_Content,58.23,60.1,58.41,59.95,computed,info,58.23,60.1,58.2393,60.0992,58.2392675,60.0991925,58.47982,60.0419125
Serratia nevei,qualibact-v1.0,Total_Coding_Sequences,4500,5900,4600,5700,computed,info,4500,5900,4581.85,5817,4581.85,5728.725,5099.09,5811.375
Serratia nevei,qualibact-v1.0,Completeness_Specific,99,,100,100,computed,info,99,,99.49,100,100,100,99.49135,99.99505
Serratia nevei,qualibact-v1.0,Contamination,,3,0,1,computed,info,,3,0,2.09,0,0.79,0.32630000000000003,2.06975
Serratia nevei,qualibact-v1.0,N50,50000,,62000,684235.35,computed,info,50000,,50865.42,684235.35,50865.425,684235.3500000004,,
Serratia nevei,qualibact-v1.0,no_of_contigs,,420,35,370,computed,info,,420,35,419.75,35,419.75000000000045,,
Serratia nevei,qualibact-v1.0,longest,,,157302.17,1965476.1,computed,info,,,157302.17,1965476.1,157302.175,1965476.1000000022,,
Serratia sarumannii,REFSEQ-QC-v1,Genome_Size,5000000,5400000,5000000,5400000,computed,error,5000000,5400000,5055011,5339266,5055011,5339266,5088864,5383144
Serratia sarumannii,REFSEQ-QC-v1,GC_Content,59.64,60.08,59.64,60.08,computed,error,59.64,60.08,59.6436,60.0703,59.64374384172092,60.07031438705079,59.6084,60.027
Serratia sarumannii,REFSEQ-QC-v1,Total_Coding_Sequences,4600,5300,4600,5200,computed,error,4600,5300,4609,5263,4609,5235.01,4822.085,5186.65
Serratia sarumannii,REFSEQ-QC-v1,Completeness_Specific,95,,97,100,computed,error,95,,95.87,100,96.24170000000001,100,85.5,100
Serratia sarumannii,REFSEQ-QC-v1,Contamination,,2,0.01,1,computed,error,,2,0.01,1.54,0.01,1.4050000000000002,0.18,1.1
Serratia sarumannii,REFSEQ-QC-v1,N50,191000,,263000,1372682,computed,error,191000,,191170,1372682,205646.41,1372682,,
Serratia sarumannii,REFSEQ-QC-v1,no_of_contigs,,50,22,50,computed,error,,50,22,48,22,47.370000000000005,,
Serratia sarumannii,REFSEQ-QC-v1,longest,,,534075,2122422,computed,error,,,534075,2122422,564538.29,2122422,,
Serratia ureilytica,qualibact-v1.0,Genome_Size,4600000,5500000,5000000,5400000,computed,warn,4600000,5500000,4602415,5444664,4987949.77,5396501.164999999,4618808.8,5438810.04
Serratia ureilytica,qualibact-v1.0,GC_Content,59.11,59.78,59.25,59.77,computed,warn,59.11,59.78,59.1198,59.7793,59.1879335,59.779329,59.133924,59.755444000000004
Serratia ureilytica,qualibact-v1.0,Total_Coding_Sequences,4500,5300,4600,5000,computed,warn,4500,5300,4582.42,5265,4582.42,5050.494999999999,4614.6,5255.5199999999995
Serratia ureilytica,qualibact-v1.0,Completeness_Specific,96,,100,100,computed,warn,96,,96.68,100,100,100,96.7064,99.83
Serratia ureilytica,qualibact-v1.0,Contamination,,2,0,1,computed,warn,,2,0,1.41,0,0.32,0.1121,1.40265
Serratia ureilytica,qualibact-v1.0,N50,99000,,141000,3127715,computed,warn,99000,,99745.2,3127715,99745.205,3127714.9999999995,,
Serratia ureilytica,qualibact-v1.0,no_of_contigs,,150,22.86,120,computed,warn,,150,22.86,141.88,22.855,141.88499999999976,,
Serratia ureilytica,qualibact-v1.0,longest,,,247105.1,3127715,computed,warn,,,247105.1,3127715,247105.105,3127714.9999999995,,
Sinorhizobium medicae,qualibact-v1.0,Genome_Size,6400000,7800000,6400000,7100000,computed,warn,6400000,7800000,6425204.22,7768883,6425204.22,7109957.885000001,6747949.345,7767020.425
Sinorhizobium medicae,qualibact-v1.0,GC_Content,60.95,61.27,61.02,61.25,computed,warn,60.95,61.27,60.9512,61.2694,60.970820499999995,61.2693595,60.9523935,61.212548
Sinorhizobium medicae,qualibact-v1.0,Total_Coding_Sequences,6100,7700,6200,7000,computed,warn,6100,7700,6191.96,7652,6191.96,7151.34,6483.805,7650.735
Sinorhizobium medicae,qualibact-v1.0,Completeness_Specific,87,,99,100,computed,warn,87,,87.99,100,99.96,100,88.1011,97.76315
Sinorhizobium medicae,qualibact-v1.0,Contamination,,6,0.03,2,computed,warn,,6,0.03,5.36,0.0283,1.3459500000000006,1.03,5.26925
Sinorhizobium medicae,qualibact-v1.0,N50,31000,,52000,251991.59,computed,warn,31000,,31580.79,251991.59,31580.79,251991.58500000005,,
Sinorhizobium medicae,qualibact-v1.0,no_of_contigs,,490,91.32,470,computed,warn,,490,91.32,484.17,91.32,484.17,,
Sinorhizobium medicae,qualibact-v1.0,longest,,,166665.46,923973.95,computed,warn,,,166665.46,923973.95,166665.46,923973.9500000007,,
Sinorhizobium meliloti,qualibact-v1.0,Genome_Size,6100000,8100000,6500000,7400000,computed,info,6100000,8100000,6140999,8078272,6450896.72,7494793.519999999,6243785.39,8051479.01
Sinorhizobium meliloti,qualibact-v1.0,GC_Content,61.71,62.41,61.87,62.25,computed,info,61.71,62.41,61.7102,62.4007,61.835457,62.275464,61.744114,62.391927
Sinorhizobium meliloti,qualibact-v1.0,Total_Coding_Sequences,5800,8000,6100,7400,computed,info,5800,8000,5869,7914,6053.06,7497.089999999998,5975.02,7875.5599999999995
Sinorhizobium meliloti,qualibact-v1.0,Completeness_Specific,90,,99,100,computed,info,90,,90.06,100,99.8753,100,90.6397,99.55
Sinorhizobium meliloti,qualibact-v1.0,Contamination,,8,0,2,computed,info,,8,0,7.66,0,1.7634999999999985,0.4024,6.088299999999989
Sinorhizobium meliloti,qualibact-v1.0,N50,36000,,43000,278500.5,computed,info,36000,,36547.37,278500.5,36547.37,278500.4999999994,,
Sinorhizobium meliloti,qualibact-v1.0,no_of_contigs,,490,81.36,420,computed,info,,490,81.36,482.41,81.36,482.4099999999999,,
Sinorhizobium meliloti,qualibact-v1.0,longest,,,147217.41,910063.35,computed,info,,,147217.41,910063.35,147217.41,910063.3499999989,,
Staphylococcus argenteus,qualibact-v1.0,Genome_Size,2600000,2900000,2600000,2900000,computed,info,2600000,2900000,2656468.02,2872664,2656468.02,2868496.8850000002,2698609.52,2869785.28
Staphylococcus argenteus,qualibact-v1.0,GC_Content,32.18,32.49,32.19,32.34,computed,info,32.18,32.49,32.1825,32.4896,32.182544,32.372837,32.330776,32.487112
Staphylococcus argenteus,qualibact-v1.0,Total_Coding_Sequences,2400,2900,2400,2700,computed,info,2400,2900,2423,2808,2423,2758.5600000000004,2584.08,2804.8
Staphylococcus argenteus,qualibact-v1.0,Completeness_Specific,98,,99,100,computed,info,98,,98.52,100,99.99,100,98.5312,99.22
Staphylococcus argenteus,qualibact-v1.0,Contamination,,1,0.06,1,computed,info,,1,0.06,0.75,0.06,0.746700000000003,0.08,0.4664
Staphylococcus argenteus,qualibact-v1.0,N50,31000,,59000,932448.15,computed,info,31000,,31451.57,932448.15,31451.57,932448.1450000004,,
Staphylococcus argenteus,qualibact-v1.0,no_of_contigs,,230,16.06,120,computed,info,,230,16.06,227.73,16.055,227.72500000000025,,
Staphylococcus argenteus,qualibact-v1.0,longest,,,101312.7,1396449.01,computed,info,,,101312.7,1396449.01,101312.705,1396449.01,,
Staphylococcus aureus,qualibact-v1.0,Genome_Size,2600000,3300000,2600000,3000000,computed,info,2600000,3300000,2661557,3218685,2661557,3001910.91,2695921.77,3096060.78
Staphylococcus aureus,qualibact-v1.0,GC_Content,32.58,33.1,32.6,32.86,computed,info,32.58,33.1,32.5845,33.0933,32.5845,32.8934,32.702818,33.0692935
Staphylococcus aureus,qualibact-v1.0,Total_Coding_Sequences,2400,3400,2400,2900,computed,info,2400,3400,2437,3331,2437,2879,2645,3161.41
Staphylococcus aureus,qualibact-v1.0,Completeness_Specific,95,,100,100,computed,info,95,,95.5,100,100,100,95.9718,98.9
Staphylococcus aureus,qualibact-v1.0,Contamination,,4,0.03,1,computed,info,,4,0.03,3.33,0.03,1.04,0.3,2.0040999999999984
Staphylococcus aureus,qualibact-v1.0,N50,28000,,45000,738989.17,computed,info,28000,,28675.21,738989.17,28675.21,738989.17,,
Staphylococcus aureus,qualibact-v1.0,no_of_contigs,,260,23,170,computed,info,,260,23,252,23,252,,
Staphylococcus aureus,qualibact-v1.0,longest,,,94820.29,1223964.47,computed,info,,,94820.29,1223964.47,94820.29,1223964.4650000003,,
Staphylococcus capitis,qualibact-v1.0,Genome_Size,2300000,2800000,2400000,2700000,computed,info,2300000,2800000,2363587,2701315,2376235.67,2653054.255,2378115.43,2696089.15
Staphylococcus capitis,qualibact-v1.0,GC_Content,32.66,33.06,32.69,32.88,computed,info,32.66,33.06,32.667,33.0549,32.666984,32.9104935,32.788815,33.053115000000005
Staphylococcus capitis,qualibact-v1.0,Total_Coding_Sequences,2200,2700,2200,2600,computed,info,2200,2700,2254,2671,2254,2593.645,2316.02,2667.22
Staphylococcus capitis,qualibact-v1.0,Completeness_Specific,97,,99,100,computed,info,97,,97.13,100,99.97,100,97.2329,99.63
Staphylococcus capitis,qualibact-v1.0,Contamination,,1,0.01,1,computed,info,,1,0.01,0.85,0.01,0.8528999999999997,0.06,0.64
Staphylococcus capitis,qualibact-v1.0,N50,31000,,55000,850498.85,computed,info,31000,,31039.86,850498.85,31039.855,850498.85,,
Staphylococcus capitis,qualibact-v1.0,no_of_contigs,,190,25,120,computed,info,,190,25,188.35,25,188.34999999999945,,
Staphylococcus capitis,qualibact-v1.0,longest,,,94778.72,932860.89,computed,info,,,94778.72,932860.89,94778.715,932860.89,,
Staphylococcus chromogenes,qualibact-v1.0,Genome_Size,2200000,2500000,2200000,2400000,computed,warn,2200000,2500000,2222318.72,2478658,2222318.725,2400171.41,2257203.19,2474033.38
Staphylococcus chromogenes,qualibact-v1.0,GC_Content,36.43,36.9,36.48,36.83,computed,warn,36.43,36.9,36.4355,36.8958,36.435457,36.849056499999996,36.635325,36.8946945
Staphylococcus chromogenes,qualibact-v1.0,Total_Coding_Sequences,2100,2500,2100,2400,computed,warn,2100,2500,2123.5,2472,2123.495,2361.01,2229.035,2469.25
Staphylococcus chromogenes,qualibact-v1.0,Completeness_Specific,97,,99,99.99,computed,warn,97,,97.32,99.99,99.82,99.98505,97.34309999999999,98.83415
Staphylococcus chromogenes,qualibact-v1.0,Contamination,,2,0,1,computed,warn,,2,0,1.98,0,0.5252499999999998,0.7474999999999999,1.97285
Staphylococcus chromogenes,qualibact-v1.0,N50,101000,,142000,1261914.44,computed,warn,101000,,101152.06,1261914.44,101152.05500000001,1261914.445,,
Staphylococcus chromogenes,qualibact-v1.0,no_of_contigs,,90,15.5,70,computed,warn,,90,15.5,89,15.495000000000001,89,,
Staphylococcus chromogenes,qualibact-v1.0,longest,,,239516.74,1261914.44,computed,warn,,,239516.74,1261914.44,239516.73500000002,1261914.445,,
Staphylococcus coagulans,qualibact-v1.0,Genome_Size,2200000,2600000,2200000,2600000,computed,error,2200000,2600000,2200250.6,2536387.08,2200250.6,2536387.075,,
Staphylococcus coagulans,qualibact-v1.0,GC_Content,35.69,35.89,35.69,35.87,computed,error,35.69,35.89,35.69,35.89,35.6905825,35.894529999999996,,
Staphylococcus coagulans,qualibact-v1.0,Total_Coding_Sequences,2000,2500,2000,2400,computed,error,2000,2500,2051.12,2417.08,2051.125,2417.0750000000003,,
Staphylococcus coagulans,qualibact-v1.0,Completeness_Specific,99,,99,100,computed,error,99,,99.97,100,99.97,100,,
Staphylococcus coagulans,qualibact-v1.0,Contamination,,1,0,1,computed,error,,1,0,0.12,0,0.12,,
Staphylococcus coagulans,qualibact-v1.0,N50,71000,,82000,470853.95,computed,error,71000,,71873.68,470853.95,71873.675,470853.95000000024,,
Staphylococcus coagulans,qualibact-v1.0,no_of_contigs,,120,19.42,100,computed,error,,120,19.42,116.23,19.425,116.22500000000007,,
Staphylococcus coagulans,qualibact-v1.0,longest,,,162966.3,1242948.15,computed,error,,,162966.3,1242948.15,162966.3,1242948.1500000001,,
Staphylococcus epidermidis,qualibact-v1.0,Genome_Size,2300000,2900000,2400000,2800000,computed,info,2300000,2900000,2323375,2854742,2369019.44,2781912.3599999994,2402223.96,2827232.6
Staphylococcus epidermidis,qualibact-v1.0,GC_Content,31.74,32.36,31.77,32.24,computed,info,31.74,32.36,31.7461,32.3545,31.746066,32.354524,31.874156,32.304748000000004
Staphylococcus epidermidis,qualibact-v1.0,Total_Coding_Sequences,2100,2900,2200,2700,computed,info,2100,2900,2190.44,2808,2190.44,2747.7799999999997,2273.8,2795.8
Staphylococcus epidermidis,qualibact-v1.0,Completeness_Specific,96,,99,100,computed,info,96,,96.23,100,99.98,100,96.46600000000001,99.76
Staphylococcus epidermidis,qualibact-v1.0,Contamination,,2,0.01,1,computed,info,,2,0.01,1.32,0.02,1.32,0.01,0.9165999999999996
Staphylococcus epidermidis,qualibact-v1.0,N50,13000,,22000,287429.18,computed,info,13000,,13216.82,287429.18,13216.82,287429.17999999895,,
Staphylococcus epidermidis,qualibact-v1.0,no_of_contigs,,380,41,280,computed,info,,380,41,378,41,378,,
Staphylococcus epidermidis,qualibact-v1.0,longest,,,52951,713238.9,computed,info,,,52951,713238.9,52951,713238.8999999998,,
Staphylococcus equorum,qualibact-v1.0,Genome_Size,2600000,3000000,2600000,2900000,computed,warn,2600000,3000000,2674612.72,2992544,2674612.72,2899111.32,2726905.875,2987519.875
Staphylococcus equorum,qualibact-v1.0,GC_Content,32.84,33.24,32.87,33.12,computed,warn,32.84,33.24,32.8438,33.233,32.843776,33.130148,32.872225,33.225537499999994
Staphylococcus equorum,qualibact-v1.0,Total_Coding_Sequences,2500,3000,2500,2900,computed,warn,2500,3000,2538.12,2956,2538.12,2816,2641.125,2955.5
Staphylococcus equorum,qualibact-v1.0,Completeness_Specific,96,,99,100,computed,warn,96,,96.86,100,99.9652,100,96.87875,99.81
Staphylococcus equorum,qualibact-v1.0,Contamination,,2,0.02,1,computed,warn,,2,0.02,1.53,0.02,0.25920000000000015,0.09,1.5050000000000001
Staphylococcus equorum,qualibact-v1.0,N50,239000,,329000,808486,computed,warn,239000,,239791.36,808486,239791.36,808486,,
Staphylococcus equorum,qualibact-v1.0,no_of_contigs,,60,18.52,50,computed,warn,,60,18.52,54.44,18.52,54.44000000000001,,
Staphylococcus equorum,qualibact-v1.0,longest,,,418607.84,1251325.48,computed,warn,,,418607.84,1251325.48,418607.84,1251325.48,,
Staphylococcus haemolyticus,qualibact-v1.0,Genome_Size,2300000,2700000,2300000,2700000,computed,info,2300000,2700000,2322835,2699292,2346981.46,2660840.24,2323156.825,2699277.65
Staphylococcus haemolyticus,qualibact-v1.0,GC_Content,32.51,33.07,32.56,32.81,computed,info,32.51,33.07,32.5145,33.0648,32.514533,32.864194,32.6847575,33.06445
Staphylococcus haemolyticus,qualibact-v1.0,Total_Coding_Sequences,2300,2800,2300,2700,computed,info,2300,2800,2308.37,2739,2308.37,2726.6800000000003,2315,2733.925
Staphylococcus haemolyticus,qualibact-v1.0,Completeness_Specific,95,,99,100,computed,info,95,,95.98,100,99.94,100,96.0395,99.75225
Staphylococcus haemolyticus,qualibact-v1.0,Contamination,,2,0,2,computed,info,,2,0,1.4,0,1.396300000000001,0.0617,0.9680999999999998
Staphylococcus haemolyticus,qualibact-v1.0,N50,19000,,32000,137590.67,computed,info,19000,,19100.42,137590.67,19100.42,137590.6700000002,,
Staphylococcus haemolyticus,qualibact-v1.0,no_of_contigs,,330,62,220,computed,info,,330,62,322.68,62,322.6800000000003,,
Staphylococcus haemolyticus,qualibact-v1.0,longest,,,80539.87,392848.93,computed,info,,,80539.87,392848.93,80539.87,392848.9300000001,,
Staphylococcus hominis,qualibact-v1.0,Genome_Size,2100000,2500000,2100000,2500000,computed,warn,2100000,2500000,2117467.63,2454595.46,2117467.63,2454595.455,2226885.08,2446733.36
Staphylococcus hominis,qualibact-v1.0,GC_Content,31.18,32.81,31.22,32.08,computed,warn,31.18,32.81,31.1879,32.8024,31.1879035,32.80244750000001,31.367896000000002,31.778388
Staphylococcus hominis,qualibact-v1.0,Total_Coding_Sequences,2000,2600,2000,2500,computed,warn,2000,2600,2063.12,2563.17,2063.125,2563.17,2207.12,2484.68
Staphylococcus hominis,qualibact-v1.0,Completeness_Specific,86,,99,100,computed,warn,86,,86.44,100,92.64425,100,86.6644,95.05720000000001
Staphylococcus hominis,qualibact-v1.0,Contamination,,7,0,1,computed,warn,,7,0,6.44,0,1.1946500000000024,0.5996,6.276799999999999
Staphylococcus hominis,qualibact-v1.0,N50,7000,,10000,804997.53,computed,warn,7000,,7111.18,804997.53,7111.18,804997.5250000001,,
Staphylococcus hominis,qualibact-v1.0,no_of_contigs,,700,26.3,470,computed,warn,,700,26.3,692.11,26.295,692.1100000000004,,
Staphylococcus hominis,qualibact-v1.0,longest,,,32991.9,1097208.32,computed,warn,,,32991.9,1097208.32,32991.9,1097208.315,,
Staphylococcus lugdunensis,qualibact-v1.0,Genome_Size,2400000,2900000,2500000,2700000,computed,warn,2400000,2900000,2492619.48,2813336,2492619.48,2695617.2,2540323.31,2811810.025
Staphylococcus lugdunensis,qualibact-v1.0,GC_Content,33.59,33.95,33.6,33.82,computed,warn,33.59,33.95,33.5901,33.949,33.590124,33.820488,33.694912,33.9460085
Staphylococcus lugdunensis,qualibact-v1.0,Total_Coding_Sequences,2300,2800,2300,2600,computed,warn,2300,2800,2344.28,2750,2344.28,2586.36,2415.62,2746.59
Staphylococcus lugdunensis,qualibact-v1.0,Completeness_Specific,95,,100,100,computed,warn,95,,95.86,100,100,100,95.88015,99.14225
Staphylococcus lugdunensis,qualibact-v1.0,Contamination,,3,0.05,1,computed,warn,,3,0.05,2.26,0.046400000000000004,0.21439999999999998,0.32,2.2491499999999998
Staphylococcus lugdunensis,qualibact-v1.0,N50,69000,,93000,764645.4,computed,warn,69000,,69757.16,764645.4,69757.16,764645.3999999998,,
Staphylococcus lugdunensis,qualibact-v1.0,no_of_contigs,,100,20.64,90,computed,warn,,100,20.64,92.72,20.64,92.72,,
Staphylococcus lugdunensis,qualibact-v1.0,longest,,,218634.36,1266317.8,computed,warn,,,218634.36,1266317.8,218634.36,1266317.8,,
Staphylococcus pseudintermedius,qualibact-v1.0,Genome_Size,2400000,2900000,2400000,2800000,computed,warn,2400000,2900000,2440997.1,2897277,2440997.105,2787435.58,2511805.595,2895736.185
Staphylococcus pseudintermedius,qualibact-v1.0,GC_Content,37.1,37.81,37.24,37.75,computed,warn,37.1,37.81,37.1068,37.8099,37.1868,37.809939,37.186308000000004,37.7763775
Staphylococcus pseudintermedius,qualibact-v1.0,Total_Coding_Sequences,2200,2900,2200,2700,computed,warn,2200,2900,2257,2875,2257,2724.785,2371.39,2854.15
Staphylococcus pseudintermedius,qualibact-v1.0,Completeness_Specific,91,,99,100,computed,warn,91,,91.08,100,99.92,100,91.6221,98.9993
Staphylococcus pseudintermedius,qualibact-v1.0,Contamination,,6,0,1,computed,warn,,6,0,5.36,0,0.5878499999999985,0.21695,5.0194500000000035
Staphylococcus pseudintermedius,qualibact-v1.0,N50,31000,,40000,369406.23,computed,warn,31000,,31884,369406.23,31883.995,369406.2349999991,,
Staphylococcus pseudintermedius,qualibact-v1.0,no_of_contigs,,220,37,180,computed,warn,,220,37,217.78,37,217.78499999999985,,
Staphylococcus pseudintermedius,qualibact-v1.0,longest,,,92389.88,751405.04,computed,warn,,,92389.88,751405.04,92389.88,751405.0449999998,,
Staphylococcus saprophyticus,qualibact-v1.0,Genome_Size,2400000,2900000,2500000,2800000,computed,info,2400000,2900000,2488173,2866743,2506631.925,2761508.7499999995,2497145.6,2854491.4
Staphylococcus saprophyticus,qualibact-v1.0,GC_Content,32.82,33.25,32.9,33.12,computed,info,32.82,33.25,32.8298,33.2472,32.82985,33.153394999999996,33.02308,33.24686
Staphylococcus saprophyticus,qualibact-v1.0,Total_Coding_Sequences,2400,3000,2400,2800,computed,info,2400,3000,2452,2925,2462.575,2752.9749999999995,2461.3,2907.3999999999996
Staphylococcus saprophyticus,qualibact-v1.0,Completeness_Specific,96,,99,100,computed,info,96,,96.69,100,99.98,100,96.89,99.81
Staphylococcus saprophyticus,qualibact-v1.0,Contamination,,1,0,1,computed,info,,1,0,0.78,0,0.7812499999999978,0.09,0.56
Staphylococcus saprophyticus,qualibact-v1.0,N50,60000,,113000,1370519.48,computed,info,60000,,60515.95,1370519.48,60515.95,1370519.4749999999,,
Staphylococcus saprophyticus,qualibact-v1.0,no_of_contigs,,120,20,80,computed,info,,120,20,117.27,20,117.27499999999986,,
Staphylococcus saprophyticus,qualibact-v1.0,longest,,,168745.98,1370519.48,computed,info,,,168745.98,1370519.48,168745.975,1370519.4749999999,,
Staphylococcus simulans,qualibact-v1.0,Genome_Size,2500000,2900000,2500000,2800000,computed,warn,2500000,2900000,2533922.26,2871975,2533922.26,2822889.12,2632001.795,2867832.015
Staphylococcus simulans,qualibact-v1.0,GC_Content,35.67,36.52,35.72,36.15,computed,warn,35.67,36.52,35.6738,36.5106,35.673778,36.193152,35.7429745,36.477073499999996
Staphylococcus simulans,qualibact-v1.0,Total_Coding_Sequences,2300,2800,2300,2700,computed,warn,2300,2800,2378.16,2789,2378.16,2729.46,2489.67,2788.265
Staphylococcus simulans,qualibact-v1.0,Completeness_Specific,98,,99,100,computed,warn,98,,98.44,100,99.9658,100,98.4736,99.75
Staphylococcus simulans,qualibact-v1.0,Contamination,,2,0.01,1,computed,warn,,2,0.01,1.99,0.01,0.9420000000000016,0.78,1.9816
Staphylococcus simulans,qualibact-v1.0,N50,14000,,24000,648101.16,computed,warn,14000,,14866.5,648101.16,14866.5,648101.1600000005,,
Staphylococcus simulans,qualibact-v1.0,no_of_contigs,,370,21,260,computed,warn,,370,21,365,21,365.0000000000008,,
Staphylococcus simulans,qualibact-v1.0,longest,,,61536.86,1090817.36,computed,warn,,,61536.86,1090817.36,61536.86,1090817.3600000024,,
Staphylococcus warneri,qualibact-v1.0,Genome_Size,2300000,2800000,2300000,2700000,computed,warn,2300000,2800000,2333559.12,2780266,2333559.125,2656107.575,2427637.65,2771780.2
Staphylococcus warneri,qualibact-v1.0,GC_Content,32.42,32.84,32.43,32.72,computed,warn,32.42,32.84,32.4259,32.8394,32.4259425,32.791305,32.548975000000006,32.8390175
Staphylococcus warneri,qualibact-v1.0,Total_Coding_Sequences,2200,2800,2300,2600,computed,warn,2200,2800,2246.72,2728,2246.725,2642.1000000000004,2348.94,2723.73
Staphylococcus warneri,qualibact-v1.0,Completeness_Specific,97,,99,100,computed,warn,97,,97.35,100,99.98825,100,97.386,99.73
Staphylococcus warneri,qualibact-v1.0,Contamination,,1,0.01,1,computed,warn,,1,0.01,0.97,0.01,0.9717500000000001,0.1,0.1994
Staphylococcus warneri,qualibact-v1.0,N50,25000,,31000,1277193,computed,warn,25000,,25906.72,1277193,25906.725,1277193,,
Staphylococcus warneri,qualibact-v1.0,no_of_contigs,,200,20.65,180,computed,warn,,200,20.65,198.58,20.65,198.57500000000056,,
Staphylococcus warneri,qualibact-v1.0,longest,,,91053.7,1277193,computed,warn,,,91053.7,1277193,91053.7,1277193,,
Staphylococcus xylosus,qualibact-v1.0,Genome_Size,2700000,3000000,2700000,3000000,computed,warn,2700000,3000000,2730639,2983043,2730639,2962521.4000000004,2761198.125,2982012.25
Staphylococcus xylosus,qualibact-v1.0,GC_Content,32.43,32.98,32.5,32.74,computed,warn,32.43,32.98,32.4399,32.9743,32.43988,32.75528,32.6493,32.9648875
Staphylococcus xylosus,qualibact-v1.0,Total_Coding_Sequences,2500,2900,2500,2800,computed,warn,2500,2900,2531.6,2884,2531.6,2838.600000000001,2599.125,2883.375
Staphylococcus xylosus,qualibact-v1.0,Completeness_Specific,97,,99,100,computed,warn,97,,97.82,100,99.95,100,97.92625,99.81
Staphylococcus xylosus,qualibact-v1.0,Contamination,,2,0,1,computed,warn,,2,0,1.81,0,0.35,0.47,1.76125
Staphylococcus xylosus,qualibact-v1.0,N50,72000,,117000,637878.6,computed,warn,72000,,72015.2,637878.6,72015.2,637878.6000000003,,
Staphylococcus xylosus,qualibact-v1.0,no_of_contigs,,120,19,100,computed,warn,,120,19,118.8,19,118.80000000000052,,
Staphylococcus xylosus,qualibact-v1.0,longest,,,194744.8,1377571,computed,warn,,,194744.8,1377571,194744.80000000002,1377571,,
Stenotrophomonas geniculata,qualibact-v1.0,Genome_Size,4400000,5300000,4400000,5300000,computed,warn,4400000,5300000,4430698.12,5291737.4,4430698.12,5291737.4,4487246.475,4961823.32
Stenotrophomonas geniculata,qualibact-v1.0,GC_Content,65.7,66.69,65.7,66.64,computed,warn,65.7,66.69,65.7045,66.6805,65.7045495,66.6805365,66.061951,66.56271149999999
Stenotrophomonas geniculata,qualibact-v1.0,Total_Coding_Sequences,3900,5000,3900,4900,computed,warn,3900,5000,3968.78,4907.65,3968.785,4907.645,4118.495,4690.33
Stenotrophomonas geniculata,qualibact-v1.0,Completeness_Specific,95,,100,100,computed,warn,95,,95.41,100,100,100,95.6699,99.46929999999999
Stenotrophomonas geniculata,qualibact-v1.0,Contamination,,3,0,3,computed,warn,,3,0,2.61,0,2.61,0.06,0.93655
Stenotrophomonas geniculata,qualibact-v1.0,N50,31000,,49000,1168706.19,computed,warn,31000,,31606.84,1168706.19,31606.845,1168706.19,,
Stenotrophomonas geniculata,qualibact-v1.0,no_of_contigs,,260,16.78,200,computed,warn,,260,16.78,255.58,16.785,255.58000000000004,,
Stenotrophomonas geniculata,qualibact-v1.0,longest,,,119486.63,1726589.45,computed,warn,,,119486.63,1726589.45,119486.63,1726589.4500000002,,
Stenotrophomonas maltophilia,qualibact-v1.0,Genome_Size,4100000,5200000,4400000,5200000,computed,info,4100000,5200000,4111737,5197836.48,4178062.8,5197836.4799999995,4115556.735,5039769.015
Stenotrophomonas maltophilia,qualibact-v1.0,GC_Content,65.62,67.63,65.87,66.9,computed,info,65.62,67.63,65.6296,67.6255,65.778204,67.05247200000001,65.78345949999999,67.5180115
Stenotrophomonas maltophilia,qualibact-v1.0,Total_Coding_Sequences,3700,4900,3900,4800,computed,info,3700,4900,3718,4811.08,3727.76,4811.08,3726.265,4715.43
Stenotrophomonas maltophilia,qualibact-v1.0,Completeness_Specific,93,,100,100,computed,info,93,,93.1,100,100,100,93.5611,99.41345
Stenotrophomonas maltophilia,qualibact-v1.0,Contamination,,5,0,2,computed,info,,5,0,4.69,0,2.432399999999998,0.12,4.415949999999999
Stenotrophomonas maltophilia,qualibact-v1.0,N50,23000,,31000,611681.44,computed,info,23000,,23976.84,611681.44,23976.84,611681.4399999996,,
Stenotrophomonas maltophilia,qualibact-v1.0,no_of_contigs,,380,26,290,computed,info,,380,26,377.96,26,377.9599999999982,,
Stenotrophomonas maltophilia,qualibact-v1.0,longest,,,98899.44,1165643,computed,info,,,98899.44,1165643,98899.44,1165642.9999999988,,
Stenotrophomonas pavanii,qualibact-v1.0,Genome_Size,4300000,4900000,4300000,4900000,computed,error,4300000,4900000,4303610.4,4855832.2,4303610.4,4855832.2,4331536.56,4828760.36
Stenotrophomonas pavanii,qualibact-v1.0,GC_Content,66.77,67.51,66.81,67.49,computed,error,66.77,67.51,66.773,67.5039,66.772988,67.503924,66.802068,67.408596
Stenotrophomonas pavanii,qualibact-v1.0,Total_Coding_Sequences,3800,4600,3800,4500,computed,error,3800,4600,3857.48,4580.16,3857.48,4580.16,3937.16,4528.52
Stenotrophomonas pavanii,qualibact-v1.0,Completeness_Specific,93,,100,100,computed,error,93,,93.81,100,100,100,94.1196,99.51
Stenotrophomonas pavanii,qualibact-v1.0,Contamination,,2,0,1,computed,error,,2,0,1.45,0,0.8015999999999996,0.18,1.4391999999999998
Stenotrophomonas pavanii,qualibact-v1.0,N50,38000,,43000,497070.64,computed,error,38000,,38503.16,497070.64,38503.16,497070.6399999999,,
Stenotrophomonas pavanii,qualibact-v1.0,no_of_contigs,,210,31.96,200,computed,error,,210,31.96,207.68,31.96,207.67999999999995,,
Stenotrophomonas pavanii,qualibact-v1.0,longest,,,150196.08,961066.6,computed,error,,,150196.08,961066.6,150196.08,961066.6,,
Stenotrophomonas sepilia,qualibact-v1.0,Genome_Size,4200000,4800000,4200000,4800000,computed,warn,4200000,4800000,4261093.05,4744180.7,4261093.05,4744180.7,4326354.47,4682866.03
Stenotrophomonas sepilia,qualibact-v1.0,GC_Content,66.1,66.96,66.29,66.86,computed,warn,66.1,66.96,66.1064,66.9565,66.28621,66.956505,66.12691699999999,66.785985
Stenotrophomonas sepilia,qualibact-v1.0,Total_Coding_Sequences,3800,4500,3800,4400,computed,warn,3800,4500,3827.5,4417,3827.5,4360.9,3977.96,4406.78
Stenotrophomonas sepilia,qualibact-v1.0,Completeness_Specific,70,,100,100,computed,warn,70,,70.38,100,100,100,71.9641,99.6379
Stenotrophomonas sepilia,qualibact-v1.0,Contamination,,2,0.04,2,computed,warn,,2,0.04,1.24,0.08549999999999999,1.2385000000000004,0.04,0.9987999999999999
Stenotrophomonas sepilia,qualibact-v1.0,N50,45000,,52000,386384.35,computed,warn,45000,,45182.9,386384.35,45182.9,386384.35000000015,,
Stenotrophomonas sepilia,qualibact-v1.0,no_of_contigs,,200,34.65,170,computed,warn,,200,34.65,195.15,34.65,195.15000000000003,,
Stenotrophomonas sepilia,qualibact-v1.0,longest,,,152873.65,1018580.3,computed,warn,,,152873.65,1018580.3,152873.65,1018580.3000000006,,
Streptococcus agalactiae,qualibact-v1.0,Genome_Size,1900000,2500000,1900000,2300000,computed,info,1900000,2500000,1951859,2486601,1952246.32,2256534.59,1966548.05,2376345.1499999994
Streptococcus agalactiae,qualibact-v1.0,GC_Content,35.05,36.02,35.12,35.53,computed,info,35.05,36.02,35.0572,36.0181,35.057211,35.613668,35.347705000000005,35.989595
Streptococcus agalactiae,qualibact-v1.0,Total_Coding_Sequences,1900,2600,1900,2300,computed,info,1900,2600,1903,2533,1903,2271,1978.3,2415.65
Streptococcus agalactiae,qualibact-v1.0,Completeness_Specific,95,,99,100,computed,info,95,,95.09,100,99.99,100,95.641,99.55
Streptococcus agalactiae,qualibact-v1.0,Contamination,,3,0.03,1,computed,info,,3,0.03,2.17,0.03,0.48,0.08,1.644800000000007
Streptococcus agalactiae,qualibact-v1.0,N50,37000,,42000,622338.48,computed,info,37000,,37322,622338.48,37322,622338.48,,
Streptococcus agalactiae,qualibact-v1.0,no_of_contigs,,130,17,110,computed,info,,130,17,124,17,124,,
Streptococcus agalactiae,qualibact-v1.0,longest,,,94900.11,846733,computed,info,,,94900.11,846733,94900.11,846733,,
Streptococcus anginosus,qualibact-v1.0,Genome_Size,1800000,2300000,1800000,2200000,computed,warn,1800000,2300000,1820579.24,2284041,1820579.24,2233362.7600000002,1854295.73,2278244.8850000002
Streptococcus anginosus,qualibact-v1.0,GC_Content,38.04,39.22,38.34,39.1,computed,warn,38.04,39.22,38.0408,39.2121,38.209344,39.212108,38.063064,39.1347185
Streptococcus anginosus,qualibact-v1.0,Total_Coding_Sequences,1700,2400,1700,2300,computed,warn,1700,2400,1758.52,2328.96,1758.52,2328.96,1838.69,2262.86
Streptococcus anginosus,qualibact-v1.0,Completeness_Specific,89,,99,100,computed,warn,89,,89.11,100,99.96,100,89.2089,99.27
Streptococcus anginosus,qualibact-v1.0,Contamination,,3,0.04,2,computed,warn,,3,0.04,2.24,0.04,1.07,0.08,2.2181500000000005
Streptococcus anginosus,qualibact-v1.0,N50,70000,,81000,536511.88,computed,warn,70000,,70495.24,536511.88,70495.24,536511.8800000001,,
Streptococcus anginosus,qualibact-v1.0,no_of_contigs,,110,13.04,100,computed,warn,,110,13.04,105,13.04,105,,
Streptococcus anginosus,qualibact-v1.0,longest,,,135674.88,821824.64,computed,warn,,,135674.88,821824.64,135674.88,821824.64,,
Streptococcus canis,qualibact-v1.0,Genome_Size,1800000,2300000,1900000,2300000,computed,warn,1800000,2300000,1874633.2,2265274,1874633.2,2264286.88,2085290.75,2263098.1
Streptococcus canis,qualibact-v1.0,GC_Content,39.44,39.87,39.47,39.78,computed,warn,39.44,39.87,39.4413,39.8602,39.441328,39.7777,39.6055075,39.8571875
Streptococcus canis,qualibact-v1.0,Total_Coding_Sequences,1700,2300,1800,2300,computed,warn,1700,2300,1788,2247,1788,2238.84,2064.375,2245.075
Streptococcus canis,qualibact-v1.0,Completeness_Specific,99,,100,100,computed,warn,99,,99.43,100,100,100,99.43275000000001,99.54
Streptococcus canis,qualibact-v1.0,Contamination,,2,0.13,1,computed,warn,,2,0.13,1.05,0.13,1.05,0.1313,0.3887
Streptococcus canis,qualibact-v1.0,N50,45000,,55000,230759,computed,warn,45000,,45211.44,230759,45211.44,230759,,
Streptococcus canis,qualibact-v1.0,no_of_contigs,,150,42,130,computed,warn,,150,42,144,42,144,,
Streptococcus canis,qualibact-v1.0,longest,,,122547,447153.72,computed,warn,,,122547,447153.72,122547,447153.72,,
Streptococcus dysgalactiae,qualibact-v1.0,Genome_Size,1900000,2400000,1900000,2300000,computed,info,1900000,2400000,1961974,2338762,1961974,2277880.2,2025792.35,2338582.925
Streptococcus dysgalactiae,qualibact-v1.0,GC_Content,38.99,39.92,39.09,39.57,computed,info,38.99,39.92,38.9992,39.9191,38.99922,39.62014,39.16213,39.9160775
Streptococcus dysgalactiae,qualibact-v1.0,Total_Coding_Sequences,1900,2500,1900,2300,computed,info,1900,2500,1929.6,2418,1929.6,2329.0000000000005,2006.975,2395.8999999999996
Streptococcus dysgalactiae,qualibact-v1.0,Completeness_Specific,91,,100,100,computed,info,91,,91.2,100,100,100,91.2975,98.60175
Streptococcus dysgalactiae,qualibact-v1.0,Contamination,,4,0.1,1,computed,info,,4,0.1,3.98,0.1,0.6280000000000018,0.12,3.5737499999999964
Streptococcus dysgalactiae,qualibact-v1.0,N50,33000,,45000,122706.8,computed,info,33000,,33205.4,122706.8,33205.4,122706.80000000018,,
Streptococcus dysgalactiae,qualibact-v1.0,no_of_contigs,,190,65.6,160,computed,info,,190,65.6,187,65.6,187.00000000000045,,
Streptococcus dysgalactiae,qualibact-v1.0,longest,,,88314.4,301612.4,computed,info,,,88314.4,301612.4,88314.4,301612.4,,
Streptococcus equi,qualibact-v1.0,Genome_Size,1900000,2300000,2000000,2200000,computed,info,1900000,2300000,1980516.54,2284597,1980516.535,2201499.15,2027425.8,2282091.8
Streptococcus equi,qualibact-v1.0,GC_Content,40.95,41.86,41.12,41.72,computed,info,40.95,41.86,40.9515,41.8554,40.9514865,41.791996000000005,41.25698,41.85226
Streptococcus equi,qualibact-v1.0,Total_Coding_Sequences,1800,2300,1800,2200,computed,info,1800,2300,1835.82,2240,1835.82,2200.3150000000005,1915.8,2234
Streptococcus equi,qualibact-v1.0,Completeness_Specific,97,,99,100,computed,info,97,,97.08,100,99.99,100,97.112,99.34
Streptococcus equi,qualibact-v1.0,Contamination,,2,0.05,1,computed,info,,2,0.05,1.72,0.05,0.9104500000000008,0.12,1.6839999999999995
Streptococcus equi,qualibact-v1.0,N50,24000,,29000,124776.03,computed,info,24000,,24412.8,124776.03,24412.795,124776.03000000012,,
Streptococcus equi,qualibact-v1.0,no_of_contigs,,210,44.96,200,computed,info,,210,44.96,203.05,44.955,203.04500000000007,,
Streptococcus equi,qualibact-v1.0,longest,,,65941.57,340481.83,computed,info,,,65941.57,340481.83,65941.57,340481.8250000002,,
Streptococcus gordonii,qualibact-v1.0,Genome_Size,2100000,2400000,2100000,2300000,computed,error,2100000,2400000,2106325.75,2322064.65,2106325.75,2322064.65,2123820.525,2281338.075
Streptococcus gordonii,qualibact-v1.0,GC_Content,40.17,40.69,40.25,40.64,computed,error,40.17,40.69,40.1797,40.6838,40.179735,40.63966,40.3574725,40.676989999999996
Streptococcus gordonii,qualibact-v1.0,Total_Coding_Sequences,2000,2300,2000,2300,computed,error,2000,2300,2010.2,2277.75,2010.2,2277.75,2085.95,2261.4
Streptococcus gordonii,qualibact-v1.0,Completeness_Specific,99,,99,100,computed,error,99,,99.23,100,99.98,100,99.23,99.89325000000001
Streptococcus gordonii,qualibact-v1.0,Contamination,,1,0.01,1,computed,error,,1,0.01,0.49,0.01,0.49149999999999905,0.39,0.39
Streptococcus gordonii,qualibact-v1.0,N50,104000,,148000,687817.55,computed,error,104000,,104257.05,687817.55,104257.05,687817.55,,
Streptococcus gordonii,qualibact-v1.0,no_of_contigs,,70,12,50,computed,error,,70,12,60.05,12,60.04999999999997,,
Streptococcus gordonii,qualibact-v1.0,longest,,,228132.05,1002499.55,computed,error,,,228132.05,1002499.55,228132.05,1002499.5499999999,,
Streptococcus mitis,qualibact-v1.0,Genome_Size,1800000,2300000,1800000,2300000,computed,warn,1800000,2300000,1817526.28,2259601.02,1817526.28,2259601.0199999996,1868857.18,2217255.52
Streptococcus mitis,qualibact-v1.0,GC_Content,39.25,41.19,39.44,40.72,computed,warn,39.25,41.19,39.2525,41.1815,39.252475999999994,41.181454,39.610016,40.513683
Streptococcus mitis,qualibact-v1.0,Total_Coding_Sequences,1700,2300,1700,2200,computed,warn,1700,2300,1731,2225.28,1731,2225.2799999999997,1797.09,2163.57
Streptococcus mitis,qualibact-v1.0,Completeness_Specific,92,,99,100,computed,warn,92,,92.31,100,99.76859999999999,100,92.6898,99.82
Streptococcus mitis,qualibact-v1.0,Contamination,,2,0,1,computed,warn,,2,0,1.11,0,0.6413999999999999,0.2,1.1082
Streptococcus mitis,qualibact-v1.0,N50,41000,,55000,552485.44,computed,warn,41000,,41659.84,552485.44,41659.840000000004,552485.44,,
Streptococcus mitis,qualibact-v1.0,no_of_contigs,,170,14,120,computed,warn,,170,14,165.96,14,165.9599999999998,,
Streptococcus mitis,qualibact-v1.0,longest,,,100454.12,902186,computed,warn,,,100454.12,902186,100454.12,902185.9999999995,,
Streptococcus mutans,qualibact-v1.0,Genome_Size,1900000,2200000,1900000,2100000,computed,warn,1900000,2200000,1929699.19,2115009,1929699.19,2109916.4,1976669.135,2114976.825
Streptococcus mutans,qualibact-v1.0,GC_Content,36.56,37.06,36.59,36.91,computed,warn,36.56,37.06,36.5686,37.0527,36.5686155,36.923511,36.740575500000006,37.050951
Streptococcus mutans,qualibact-v1.0,Total_Coding_Sequences,1800,2100,1800,2000,computed,warn,1800,2100,1825.1,2080,1825.105,2013.4249999999997,1940.99,2079.505
Streptococcus mutans,qualibact-v1.0,Completeness_Specific,94,,100,100,computed,warn,94,,94.29,100,99.99,100,94.30980000000001,99.57
Streptococcus mutans,qualibact-v1.0,Contamination,,3,0.03,1,computed,warn,,3,0.03,2.13,0.03,0.6863499999999976,0.35824999999999996,2.0772000000000004
Streptococcus mutans,qualibact-v1.0,N50,74000,,109000,677526.24,computed,warn,74000,,74722.32,677526.24,74722.32,677526.235,,
Streptococcus mutans,qualibact-v1.0,no_of_contigs,,90,13,60,computed,warn,,90,13,82.05,13,82.05499999999984,,
Streptococcus mutans,qualibact-v1.0,longest,,,208004.27,791977.49,computed,warn,,,208004.27,791977.49,208004.27,791977.4949999996,,
Streptococcus oralis,qualibact-v1.0,Genome_Size,1700000,2200000,1800000,2200000,computed,warn,1700000,2200000,1788851.8,2187268,1788851.805,2177119.6600000006,1873111.105,2172645.61
Streptococcus oralis,qualibact-v1.0,GC_Content,39.39,41.51,39.86,41.39,computed,warn,39.39,41.51,39.3931,41.5089,39.39311,41.435332,40.911239,41.5088535
Streptococcus oralis,qualibact-v1.0,Total_Coding_Sequences,1700,2200,1700,2100,computed,warn,1700,2200,1733.7,2190,1733.695,2139.575000000001,1832.975,2172.02
Streptococcus oralis,qualibact-v1.0,Completeness_Specific,96,,99,100,computed,warn,96,,96.05,100,99.92005,100,96.15075,99.83
Streptococcus oralis,qualibact-v1.0,Contamination,,2,0,1,computed,warn,,2,0,1.97,0,0.5699500000000006,0.09,1.9296999999999997
Streptococcus oralis,qualibact-v1.0,N50,54000,,84000,1387286.01,computed,warn,54000,,54033.9,1387286.01,54033.9,1387286.0050000006,,
Streptococcus oralis,qualibact-v1.0,no_of_contigs,,120,8,80,computed,warn,,120,8,111.97,8,111.97000000000037,,
Streptococcus oralis,qualibact-v1.0,longest,,,175688.98,1387286.01,computed,warn,,,175688.98,1387286.01,175688.98,1387286.0050000006,,
Streptococcus parasanguinis,qualibact-v1.0,Genome_Size,2000000,2300000,2000000,2300000,computed,warn,2000000,2300000,2009054.14,2286952,2009054.135,2271343.49,2122323.375,2284068.425
Streptococcus parasanguinis,qualibact-v1.0,GC_Content,41.29,42.18,41.33,42.08,computed,warn,41.29,42.18,41.2987,42.1714,41.298709,42.171443000000004,41.61542,42.00667
Streptococcus parasanguinis,qualibact-v1.0,Total_Coding_Sequences,1900,2200,1900,2200,computed,warn,1900,2200,1903.6,2180,1903.605,2162.58,2050.025,2177.35
Streptococcus parasanguinis,qualibact-v1.0,Completeness_Specific,97,,99,100,computed,warn,97,,97.21,100,99.99,100,97.21124999999999,99.53999999999999
Streptococcus parasanguinis,qualibact-v1.0,Contamination,,2,0,1,computed,warn,,2,0,1.23,0,0.09,0.25,1.2194999999999998
Streptococcus parasanguinis,qualibact-v1.0,N50,59000,,71000,634473.4,computed,warn,59000,,59674.58,634473.4,59674.585,634473.405,,
Streptococcus parasanguinis,qualibact-v1.0,no_of_contigs,,90,12.07,80,computed,warn,,90,12.07,83.4,12.07,83.39500000000001,,
Streptococcus parasanguinis,qualibact-v1.0,longest,,,169690.47,987845.81,computed,warn,,,169690.47,987845.81,169690.47,987845.8100000002,,
Streptococcus pneumoniae,qualibact-v1.0,Genome_Size,1900000,2400000,1900000,2200000,computed,info,1900000,2400000,1966616.46,2310574,1966616.46,2234856.4700000007,1995021.9,2293398.72
Streptococcus pneumoniae,qualibact-v1.0,GC_Content,39.38,39.95,39.43,39.79,computed,info,39.38,39.95,39.382,39.9407,39.382023,39.8177,39.434705,39.909082
Streptococcus pneumoniae,qualibact-v1.0,Total_Coding_Sequences,1900,2500,1900,2300,computed,info,1900,2500,1961,2415,1961,2343,2054.775,2406.0299999999997
Streptococcus pneumoniae,qualibact-v1.0,Completeness_Specific,97,,100,100,computed,info,97,,97.02,100,100,100,97.724,99.78
Streptococcus pneumoniae,qualibact-v1.0,Contamination,,3,0.02,1,computed,info,,3,0.02,2.73,0.02,0.85,0.31,1.9377999999999997
Streptococcus pneumoniae,qualibact-v1.0,N50,25000,,33000,259422.43,computed,info,25000,,25319.76,259422.43,25319.760000000002,259422.43000000063,,
Streptococcus pneumoniae,qualibact-v1.0,no_of_contigs,,210,29,180,computed,info,,210,29,208,29,208,,
Streptococcus pneumoniae,qualibact-v1.0,longest,,,76973.92,614045,computed,info,,,76973.92,614045,76973.92,614045,,
Streptococcus pseudopneumoniae,qualibact-v1.0,Genome_Size,2000000,2400000,2100000,2400000,computed,info,2000000,2400000,2021588.46,2335725.7,2021588.46,2335725.6950000003,2195458,2195458
Streptococcus pseudopneumoniae,qualibact-v1.0,GC_Content,39.51,39.99,39.6,39.93,computed,info,39.51,39.99,39.5193,39.9845,39.5192665,39.9845305,39.7907,39.7907
Streptococcus pseudopneumoniae,qualibact-v1.0,Total_Coding_Sequences,1900,2500,2100,2500,computed,info,1900,2500,1966.06,2432,1966.06,2432,2299,2299
Streptococcus pseudopneumoniae,qualibact-v1.0,Completeness_Specific,98,,99,100,computed,info,98,,98.16,100,99.98,100,98.16,98.16
Streptococcus pseudopneumoniae,qualibact-v1.0,Contamination,,1,0.01,1,computed,info,,1,0.01,0.74,0.01,0.7385000000000014,0.3,0.3
Streptococcus pseudopneumoniae,qualibact-v1.0,N50,27000,,35000,125390.66,computed,info,27000,,27945.87,125390.66,27945.87,125390.66000000005,,
Streptococcus pseudopneumoniae,qualibact-v1.0,no_of_contigs,,270,59.08,230,computed,info,,270,59.08,263.91,59.074999999999996,263.9100000000001,,
Streptococcus pseudopneumoniae,qualibact-v1.0,longest,,,89148.47,354485.24,computed,info,,,89148.47,354485.24,89148.47,354485.24000000034,,
Streptococcus pyogenes,qualibact-v1.0,Genome_Size,1600000,2100000,1700000,2000000,computed,info,1600000,2100000,1685325.54,2067793,1685325.535,1948555.5900000003,1709487.06,2038025.1299999994
Streptococcus pyogenes,qualibact-v1.0,GC_Content,38.08,38.69,38.14,38.45,computed,info,38.08,38.69,38.0836,38.688,38.0835685,38.471,38.243117500000004,38.651594499999995
Streptococcus pyogenes,qualibact-v1.0,Total_Coding_Sequences,1500,2100,1600,2000,computed,info,1500,2100,1579,2094,1579,1950,1668,2085.06
Streptococcus pyogenes,qualibact-v1.0,Completeness_Specific,97,,99,100,computed,info,97,,97.61,100,99.98,100,97.68235,99.78
Streptococcus pyogenes,qualibact-v1.0,Contamination,,3,0.01,1,computed,info,,3,0.01,2.75,0.01,0.68,0.03,2.7179999999999995
Streptococcus pyogenes,qualibact-v1.0,N50,57000,,77000,289318,computed,info,57000,,57237.74,289318,57237.74,289318,,
Streptococcus pyogenes,qualibact-v1.0,no_of_contigs,,100,18,80,computed,info,,100,18,92,18,92,,
Streptococcus pyogenes,qualibact-v1.0,longest,,,136758.89,751711,computed,info,,,136758.89,751711,136758.895,751711,,
Streptococcus salivarius,qualibact-v1.0,Genome_Size,1900000,2600000,2000000,2500000,computed,warn,1900000,2600000,1999501,2564378,2056384.16,2429848.04,2024365.315,2544503.6
Streptococcus salivarius,qualibact-v1.0,GC_Content,39.3,40.25,39.34,40.06,computed,warn,39.3,40.25,39.3089,40.2441,39.308887999999996,40.101184,39.436953499999994,40.238171
Streptococcus salivarius,qualibact-v1.0,Total_Coding_Sequences,1800,2500,1800,2300,computed,warn,1800,2500,1876.04,2494,1876.04,2262.08,1948.92,2469.9900000000002
Streptococcus salivarius,qualibact-v1.0,Completeness_Specific,93,,99,100,computed,warn,93,,93.91,100,99.97,100,93.98105,99.3814
Streptococcus salivarius,qualibact-v1.0,Contamination,,8,0.01,1,computed,warn,,8,0.01,7.56,0.01,0.8063999999999999,0.55,7.349300000000002
Streptococcus salivarius,qualibact-v1.0,N50,55000,,65000,326360.24,computed,warn,55000,,55166,326360.24,55166,326360.2399999999,,
Streptococcus salivarius,qualibact-v1.0,no_of_contigs,,110,26.88,100,computed,warn,,110,26.88,108.8,26.88,108.79999999999998,,
Streptococcus salivarius,qualibact-v1.0,longest,,,128520.44,665781.52,computed,warn,,,128520.44,665781.52,128520.44,665781.5199999999,,
Streptococcus suis,qualibact-v1.0,Genome_Size,1900000,2700000,1900000,2500000,computed,warn,1900000,2700000,1913862.62,2626999,1913862.625,2513218.0749999997,1979265.695,2575482.7999999993
Streptococcus suis,qualibact-v1.0,GC_Content,39.29,43.69,39.57,42.16,computed,warn,39.29,43.69,39.2996,43.6849,39.2995925,43.679472499999996,40.8435645,41.845585499999984
Streptococcus suis,qualibact-v1.0,Total_Coding_Sequences,1800,2700,1800,2500,computed,warn,1800,2700,1860,2643,1860,2547,1922.895,2539.179999999999
Streptococcus suis,qualibact-v1.0,Completeness_Specific,93,,99,100,computed,warn,93,,93.2,100,99.97,100,93.58485,99.88
Streptococcus suis,qualibact-v1.0,Contamination,,5,0,1,computed,warn,,5,0,4.42,0,0.5,0.09,4.313199999999998
Streptococcus suis,qualibact-v1.0,N50,20000,,28000,222876.12,computed,warn,20000,,20929.78,222876.12,20929.775,222876.125,,
Streptococcus suis,qualibact-v1.0,no_of_contigs,,280,29.22,240,computed,warn,,280,29.22,278,29.225,278,,
Streptococcus suis,qualibact-v1.0,longest,,,65175.98,477161.12,computed,warn,,,65175.98,477161.12,65175.975,477161.1249999999,,
Streptococcus uberis,qualibact-v1.0,Genome_Size,1700000,2100000,1800000,2100000,computed,info,1700000,2100000,1797421.35,2089737.25,1797421.35,2089737.2500000002,1852524.35,2023535.04
Streptococcus uberis,qualibact-v1.0,GC_Content,36.11,36.69,36.17,36.6,computed,info,36.11,36.69,36.116,36.6801,36.115995,36.646205,36.529409,36.679375500000006
Streptococcus uberis,qualibact-v1.0,Total_Coding_Sequences,1700,2100,1700,2100,computed,info,1700,2100,1765.85,2097.6,1765.85,2097.6000000000004,1882.015,2024.52
Streptococcus uberis,qualibact-v1.0,Completeness_Specific,98,,99,100,computed,info,98,,98.1,100,99.97,100,98.11394999999999,99.61
Streptococcus uberis,qualibact-v1.0,Contamination,,2,0,1,computed,info,,2,0,1.16,0,0.3215000000000009,1.16,1.16
Streptococcus uberis,qualibact-v1.0,N50,34000,,95000,1052279.1,computed,info,34000,,34062,1052279.1,34062,1052279.1,,
Streptococcus uberis,qualibact-v1.0,no_of_contigs,,120,10.85,80,computed,info,,120,10.85,119,10.850000000000001,119,,
Streptococcus uberis,qualibact-v1.0,longest,,,102974.9,1052279.1,computed,info,,,102974.9,1052279.1,102974.9,1052279.1,,
Streptomyces albidoflavus,qualibact-v1.0,Genome_Size,6300000,7500000,6700000,7400000,computed,warn,6300000,7500000,6341040,7493909.45,6611095.26,7493909.45,6418490.13,7354725.7
Streptomyces albidoflavus,qualibact-v1.0,GC_Content,73.01,73.56,73.06,73.53,computed,warn,73.01,73.56,73.0128,73.5569,73.012795,73.55687900000001,73.04443,73.501464
Streptomyces albidoflavus,qualibact-v1.0,Total_Coding_Sequences,5700,6900,5800,6700,computed,warn,5700,6900,5789,6814.54,5807.885,6814.54,5815.18,6455.05
Streptomyces albidoflavus,qualibact-v1.0,Completeness_Specific,97,,99,100,computed,warn,97,,97.19,100,99.73355000000001,100,97.4739,99.53
Streptomyces albidoflavus,qualibact-v1.0,Contamination,,2,0,1,computed,warn,,2,0,1.42,0,1.1728500000000006,0.13,1.42
Streptomyces albidoflavus,qualibact-v1.0,N50,10000,,12000,642191.26,computed,warn,10000,,10261.28,642191.26,10261.28,642191.26,,
Streptomyces albidoflavus,qualibact-v1.0,no_of_contigs,,1260,46.22,990,computed,warn,,1260,46.22,1254.84,46.225,1254.835,,
Streptomyces albidoflavus,qualibact-v1.0,longest,,,53791.08,1323353.4,computed,warn,,,53791.08,1323353.4,53791.08,1323353.4000000001,,
Streptomyces anthocyanicus,qualibact-v1.0,Genome_Size,8100000,9100000,8400000,8900000,computed,warn,8100000,9100000,8144841.74,9076858,8144841.735,8901430.8,8508668.725,9076576.675
Streptomyces anthocyanicus,qualibact-v1.0,GC_Content,71.95,72.27,72.07,72.23,computed,warn,71.95,72.27,71.9525,72.2666,72.04413,72.26662900000001,71.9533325,72.1928975
Streptomyces anthocyanicus,qualibact-v1.0,Total_Coding_Sequences,7300,8400,7600,8100,computed,warn,7300,8400,7371.44,8328,7371.435,8078.765,7706.225,8321.3
Streptomyces anthocyanicus,qualibact-v1.0,Completeness_Specific,100,,100,100,computed,warn,100,,100,100,100,100,100,100
Streptomyces anthocyanicus,qualibact-v1.0,Contamination,,1,0,1,computed,warn,,1,0,0.45,0,0.4492499999999994,0.0906,0.4461
Streptomyces anthocyanicus,qualibact-v1.0,N50,32000,,52000,406808.55,computed,warn,32000,,32859.2,406808.55,32859.2,406808.55,,
Streptomyces anthocyanicus,qualibact-v1.0,no_of_contigs,,570,94.6,350,computed,warn,,570,94.6,565,94.605,565.0049999999995,,
Streptomyces anthocyanicus,qualibact-v1.0,longest,,,152651.44,988894.6,computed,warn,,,152651.44,988894.6,152651.435,988894.5999999995,,
Stutzerimonas stutzeri,qualibact-v1.0,Genome_Size,4200000,5100000,4300000,5100000,computed,warn,4200000,5100000,4205356,5066586,4311421,5044852.75,4221908.99,5059813.26
Stutzerimonas stutzeri,qualibact-v1.0,GC_Content,59.67,64.34,62.65,64.18,computed,warn,59.67,64.34,59.6737,64.3314,61.317875,64.238925,59.681737,64.324978
Stutzerimonas stutzeri,qualibact-v1.0,Total_Coding_Sequences,3900,4800,4000,4800,computed,warn,3900,4800,3985.25,4775.5,3985.25,4775.5,3999.85,4690.15
Stutzerimonas stutzeri,qualibact-v1.0,Completeness_Specific,95,,99,100,computed,warn,95,,95.89,100,99.99,100,96.0667,99.81
Stutzerimonas stutzeri,qualibact-v1.0,Contamination,,3,0,2,computed,warn,,3,0,2.53,0,1.3599999999999999,0.02,2.267800000000003
Stutzerimonas stutzeri,qualibact-v1.0,N50,112000,,135000,673405,computed,warn,112000,,112976.5,673405,112976.5,673405,,
Stutzerimonas stutzeri,qualibact-v1.0,no_of_contigs,,240,23.25,170,computed,warn,,240,23.25,230.75,23.25,230.75,,
Stutzerimonas stutzeri,qualibact-v1.0,longest,,,275978.75,1096839.5,computed,warn,,,275978.75,1096839.5,275978.75,1096839.5,,
Taylorella equigenitalis,qualibact-v1.0,Genome_Size,1600000,1800000,1600000,1700000,computed,warn,1600000,1800000,1615015,1739054,1615015,1711338.4,1638835,1737351.25
Taylorella equigenitalis,qualibact-v1.0,GC_Content,37.28,37.59,37.36,37.52,computed,warn,37.28,37.59,37.2883,37.5865,37.28828,37.520812,37.321175,37.58095
Taylorella equigenitalis,qualibact-v1.0,Total_Coding_Sequences,1400,1700,1400,1600,computed,warn,1400,1700,1481.97,1631,1481.97,1607.06,1519,1631
Taylorella equigenitalis,qualibact-v1.0,Completeness_Specific,93,,99,100,computed,warn,93,,93.93,100,99.99,100,93.97,99.29499999999999
Taylorella equigenitalis,qualibact-v1.0,Contamination,,9,0.02,1,computed,warn,,9,0.02,8.41,0.02,0.060300000000000006,4.65,8.1925
Taylorella equigenitalis,qualibact-v1.0,N50,143000,,207000,439476.06,computed,warn,143000,,143340.94,439476.06,143340.94,439476.06,,
Taylorella equigenitalis,qualibact-v1.0,no_of_contigs,,50,12.97,50,computed,warn,,50,12.97,47.09,12.97,47.09,,
Taylorella equigenitalis,qualibact-v1.0,longest,,,309686.62,463237.47,computed,warn,,,309686.62,463237.47,309686.62,463237.47,,
Treponema pallidum,qualibact-v1.0,Genome_Size,1000000,1500000,1100000,1400000,computed,error,1000000,1500000,1020185.72,1438551.44,1020185.72,1438551.4400000002,1138052.31,1141221.49
Treponema pallidum,qualibact-v1.0,GC_Content,51.54,52.91,52.03,52.79,computed,error,51.54,52.91,51.5496,52.9066,51.549636,52.906580000000005,52.77605,52.801953499999996
Treponema pallidum,qualibact-v1.0,Total_Coding_Sequences,900,1500,1000,1400,computed,error,900,1500,994.8,1451.92,994.8,1451.92,1035,1061.065
Treponema pallidum,qualibact-v1.0,Completeness_Specific,79,,87,99.67,computed,error,79,,79.99,99.67,79.9912,99.6724,96.999,99.66
Treponema pallidum,qualibact-v1.0,Contamination,,2,0.03,2,computed,error,,2,0.03,1.9,0.025200000000000004,1.8996000000000002,1.0089,1.44
Treponema pallidum,qualibact-v1.0,N50,6000,,14000,599003.88,computed,error,6000,,6894.72,599003.88,6894.72,599003.88,,
Treponema pallidum,qualibact-v1.0,no_of_contigs,,570,22,360,computed,error,,570,22,563,22,563.0000000000014,,
Treponema pallidum,qualibact-v1.0,longest,,,27662.04,599057.96,computed,error,,,27662.04,599057.96,27662.04,599057.96,,
Turicibacter sanguinis,qualibact-v1.0,Genome_Size,2900000,3300000,2900000,3200000,computed,warn,2900000,3300000,2903405.69,3214385.36,2903405.69,3214385.36,2999687,2999687
Turicibacter sanguinis,qualibact-v1.0,GC_Content,34.03,34.38,34.03,34.27,computed,warn,34.03,34.38,34.038,34.3733,34.038025,34.289123,34.3733,34.3733
Turicibacter sanguinis,qualibact-v1.0,Total_Coding_Sequences,2700,3200,2700,3200,computed,warn,2700,3200,2753.12,3188.22,2753.12,3188.22,2919,2919
Turicibacter sanguinis,qualibact-v1.0,Completeness_Specific,95,,100,100,computed,warn,95,,95.65,100,99.99,100,95.65,95.65
Turicibacter sanguinis,qualibact-v1.0,Contamination,,4,0.13,2,computed,warn,,4,0.13,3.29,0.1278,1.7995999999999948,3.29,3.29
Turicibacter sanguinis,qualibact-v1.0,N50,11000,,16000,134532.38,computed,warn,11000,,11923.69,134532.38,11923.69,134532.37999999977,,
Turicibacter sanguinis,qualibact-v1.0,no_of_contigs,,560,69,400,computed,warn,,560,69,556.76,69,556.7599999999998,,
Turicibacter sanguinis,qualibact-v1.0,longest,,,76638.75,312392.24,computed,warn,,,76638.75,312392.24,76638.75,312392.24,,
Vibrio alginolyticus,qualibact-v1.0,Genome_Size,4800000,5800000,5000000,5500000,computed,warn,4800000,5800000,4895483,5724939,5017631.965,5446324.26,4952184.545,5711972.505
Vibrio alginolyticus,qualibact-v1.0,GC_Content,44.29,44.83,44.43,44.67,computed,warn,44.29,44.83,44.2982,44.8266,44.379248000000004,44.710736000000004,44.2998065,44.820786
Vibrio alginolyticus,qualibact-v1.0,Total_Coding_Sequences,4400,5300,4500,5000,computed,warn,4400,5300,4483,5296,4507.495,4999.605,4522.525,5277.385
Vibrio alginolyticus,qualibact-v1.0,Completeness_Specific,95,,100,100,computed,warn,95,,95.05,100,100,100,95.24889999999999,99.6
Vibrio alginolyticus,qualibact-v1.0,Contamination,,4,0,1,computed,warn,,4,0,3.76,0,0.47,0.6404,3.7497999999999996
Vibrio alginolyticus,qualibact-v1.0,N50,77000,,92000,817478.14,computed,warn,77000,,77168.1,817478.14,77168.1,817478.1399999999,,
Vibrio alginolyticus,qualibact-v1.0,no_of_contigs,,220,67.99,180,computed,warn,,220,67.99,217.5,67.99,217.505,,
Vibrio alginolyticus,qualibact-v1.0,longest,,,235263.64,1858166.12,computed,warn,,,235263.64,1858166.12,235263.645,1858166.12,,
Vibrio anguillarum,qualibact-v1.0,Genome_Size,3800000,4900000,3800000,4400000,computed,warn,3800000,4900000,3815753.9,4897690,3815753.9,4500058.149999999,4018634.15,4871581.075
Vibrio anguillarum,qualibact-v1.0,GC_Content,44.18,44.73,44.23,44.64,computed,warn,44.18,44.73,44.1811,44.725,44.181105,44.724995,44.3596575,44.685355
Vibrio anguillarum,qualibact-v1.0,Total_Coding_Sequences,3400,4600,3500,4100,computed,warn,3400,4600,3415.4,4586,3415.4,4281.5,3603.45,4565.375
Vibrio anguillarum,qualibact-v1.0,Completeness_Specific,96,,99,100,computed,warn,96,,96.89,100,99.99,100,96.995,99.7955
Vibrio anguillarum,qualibact-v1.0,Contamination,,2,0,1,computed,warn,,2,0,1.23,0,0.7004999999999998,0.04,1.22925
Vibrio anguillarum,qualibact-v1.0,N50,33000,,35000,408958.45,computed,warn,33000,,33629.95,408958.45,33629.95,408958.4499999999,,
Vibrio anguillarum,qualibact-v1.0,no_of_contigs,,340,85.2,310,computed,warn,,340,85.2,339.65,85.2,339.64999999999964,,
Vibrio anguillarum,qualibact-v1.0,longest,,,99524,798807.6,computed,warn,,,99524,798807.6,99524,798807.5999999989,,
Vibrio cholerae,qualibact-v1.0,Genome_Size,3800000,4500000,3900000,4200000,computed,warn,3800000,4500000,3853630.26,4476429,3853630.26,4234368.32,3920261.5,4476032.625
Vibrio cholerae,qualibact-v1.0,GC_Content,47.09,47.81,47.36,47.69,computed,warn,47.09,47.81,47.0911,47.806,47.202555999999994,47.752155,47.092325,47.7829875
Vibrio cholerae,qualibact-v1.0,Total_Coding_Sequences,3400,4200,3400,3800,computed,warn,3400,4200,3422,4183,3422,3852,3560.625,4183
Vibrio cholerae,qualibact-v1.0,Completeness_Specific,95,,100,100,computed,warn,95,,95.72,100,100,100,95.77250000000001,99.64
Vibrio cholerae,qualibact-v1.0,Contamination,,5,0,1,computed,warn,,5,0,4.91,0,0.33,0.21875,4.69125
Vibrio cholerae,qualibact-v1.0,N50,81000,,108000,555239.11,computed,warn,81000,,81709.2,555239.11,81709.2,555239.11,,
Vibrio cholerae,qualibact-v1.0,no_of_contigs,,230,62,180,computed,warn,,230,62,221,62,221,,
Vibrio cholerae,qualibact-v1.0,longest,,,244691.85,931391.3,computed,warn,,,244691.85,931391.3,244691.85,931391.3000000002,,
Vibrio diabolicus,qualibact-v1.0,Genome_Size,4900000,5600000,4900000,5400000,computed,warn,4900000,5600000,4984143.5,5502567,4984143.5,5401775.5600000005,5109651.92,5499128.415
Vibrio diabolicus,qualibact-v1.0,GC_Content,44.53,44.95,44.62,44.92,computed,warn,44.53,44.95,44.5343,44.9424,44.606274,44.942438,44.546576,44.903943500000004
Vibrio diabolicus,qualibact-v1.0,Total_Coding_Sequences,4400,5100,4400,4900,computed,warn,4400,5100,4455.92,5012,4455.92,4921.8,4640.63,5011.19
Vibrio diabolicus,qualibact-v1.0,Completeness_Specific,97,,100,100,computed,warn,97,,97.66,100,99.99,100,97.7419,99.99775
Vibrio diabolicus,qualibact-v1.0,Contamination,,3,0,1,computed,warn,,3,0,2.78,0,0.27480000000000077,0.1204,2.6931999999999996
Vibrio diabolicus,qualibact-v1.0,N50,104000,,112000,883789.88,computed,warn,104000,,104967.36,883789.88,104967.36,883789.8800000001,,
Vibrio diabolicus,qualibact-v1.0,no_of_contigs,,150,46.98,140,computed,warn,,150,46.98,146.06,46.98,146.06000000000003,,
Vibrio diabolicus,qualibact-v1.0,longest,,,268226.6,1895565.4,computed,warn,,,268226.6,1895565.4,268226.6,1895565.4000000001,,
Vibrio fluvialis,qualibact-v1.0,Genome_Size,4400000,5400000,4500000,4900000,computed,warn,4400000,5400000,4439266.72,5386988,4439266.72,4912444.24,4644818.36,5353180.56
Vibrio fluvialis,qualibact-v1.0,GC_Content,49.35,50.33,49.77,50.27,computed,warn,49.35,50.33,49.3524,50.321,49.690888,50.321024,49.389232,50.264964000000006
Vibrio fluvialis,qualibact-v1.0,Total_Coding_Sequences,4100,5200,4200,4600,computed,warn,4100,5200,4110.52,5126,4110.52,4643.24,4331.96,5087.36
Vibrio fluvialis,qualibact-v1.0,Completeness_Specific,94,,100,100,computed,warn,94,,94.03,100,100,100,94.2916,99.9944
Vibrio fluvialis,qualibact-v1.0,Contamination,,3,0.09,1,computed,warn,,3,0.09,2.81,0.09,1.2040000000000004,0.97,2.7292
Vibrio fluvialis,qualibact-v1.0,N50,110000,,133000,764088.88,computed,warn,110000,,110954.64,764088.88,110954.64,764088.88,,
Vibrio fluvialis,qualibact-v1.0,no_of_contigs,,150,36.32,140,computed,warn,,150,36.32,142.36,36.32,142.36,,
Vibrio fluvialis,qualibact-v1.0,longest,,,309572.56,1565858.36,computed,warn,,,309572.56,1565858.36,309572.56,1565858.36,,
Vibrio mediterranei,qualibact-v1.0,Genome_Size,5700000,6000000,5700000,5800000,computed,warn,5700000,6000000,5708284.16,5976027,5708284.16,5766395.32,5812995.255,5975207.745
Vibrio mediterranei,qualibact-v1.0,GC_Content,43.99,44.16,43.99,44.01,computed,warn,43.99,44.16,43.9937,44.1559,43.993700999999994,44.005398,44.037694,44.155306
Vibrio mediterranei,qualibact-v1.0,Total_Coding_Sequences,5200,5600,5200,5300,computed,warn,5200,5600,5212,5576,5212.005,5305.925,5368.045,5574.955
Vibrio mediterranei,qualibact-v1.0,Completeness_Specific,99,,100,100,computed,warn,99,,99.53,100,100,100,99.53015,99.55985
Vibrio mediterranei,qualibact-v1.0,Contamination,,3,0.71,1,computed,warn,,3,0.71,2.38,0.71,0.8097000000000003,2.23075,2.37925
Vibrio mediterranei,qualibact-v1.0,N50,412000,,412000,548654,computed,warn,412000,,412645,548654,412645,548654,,
Vibrio mediterranei,qualibact-v1.0,no_of_contigs,,140,49,130,computed,warn,,140,49,132,49.005,131.995,,
Vibrio mediterranei,qualibact-v1.0,longest,,,893491.08,994367,computed,warn,,,893491.08,994367,893491.085,994367,,
Vibrio metschnikovii,qualibact-v1.0,Genome_Size,3600000,4100000,3600000,4100000,computed,warn,3600000,4100000,3620999,4073104.51,3650534.18,4073104.5100000002,3623967.975,4025105.125
Vibrio metschnikovii,qualibact-v1.0,GC_Content,43.93,44.45,43.94,44.37,computed,warn,43.93,44.45,43.935,44.4439,43.935049,44.392882,44.1254075,44.44194
Vibrio metschnikovii,qualibact-v1.0,Total_Coding_Sequences,3200,3800,3200,3800,computed,warn,3200,3800,3224.73,3751.89,3224.73,3751.89,3294.3,3720.025
Vibrio metschnikovii,qualibact-v1.0,Completeness_Specific,95,,99,100,computed,warn,95,,95.2,100,99.99,100,95.2325,97.03
Vibrio metschnikovii,qualibact-v1.0,Contamination,,2,0.01,1,computed,warn,,2,0.01,1.24,0.0073,0.8027000000000002,0.71775,1.2385
Vibrio metschnikovii,qualibact-v1.0,N50,74000,,84000,507943.54,computed,warn,74000,,74990.12,507943.54,74990.12,507943.5400000002,,
Vibrio metschnikovii,qualibact-v1.0,no_of_contigs,,460,100.38,350,computed,warn,,460,100.38,458.24,100.38,458.2400000000001,,
Vibrio metschnikovii,qualibact-v1.0,longest,,,232861.98,1097069.3,computed,warn,,,232861.98,1097069.3,232861.98,1097069.3000000003,,
Vibrio parahaemolyticus,qualibact-v1.0,Genome_Size,4900000,6100000,4900000,5400000,computed,warn,4900000,6100000,4941768.43,6093178,4941768.43,5461798.3,5002004.26,6014084.579999999
Vibrio parahaemolyticus,qualibact-v1.0,GC_Content,44.06,45.54,45.11,45.39,computed,warn,44.06,45.54,44.0662,45.5355,45.029848,45.436141,44.152632,45.532613999999995
Vibrio parahaemolyticus,qualibact-v1.0,Total_Coding_Sequences,4400,5900,4400,5000,computed,warn,4400,5900,4447.02,5897,4447.02,5038,4562.44,5835.579999999999
Vibrio parahaemolyticus,qualibact-v1.0,Completeness_Specific,96,,100,100,computed,warn,96,,96.27,100,100,100,96.3662,99.91
Vibrio parahaemolyticus,qualibact-v1.0,Contamination,,7,0,1,computed,warn,,7,0,6.34,0,0.36,0.5844,5.2595999999999865
Vibrio parahaemolyticus,qualibact-v1.0,N50,94000,,132000,863504.88,computed,warn,94000,,94027.96,863504.88,94027.96,863504.8799999992,,
Vibrio parahaemolyticus,qualibact-v1.0,no_of_contigs,,170,47,150,computed,warn,,170,47,169.98,47,169.97999999999956,,
Vibrio parahaemolyticus,qualibact-v1.0,longest,,,285613.27,1836183.33,computed,warn,,,285613.27,1836183.33,285613.27,1836183.3299999994,,
Vibrio vulnificus,qualibact-v1.0,Genome_Size,4700000,6100000,4700000,5300000,computed,warn,4700000,6100000,4754751,6067960,4754751,5385200.88,4957163.05,6060617.35
Vibrio vulnificus,qualibact-v1.0,GC_Content,45.35,46.95,46.43,46.89,computed,warn,45.35,46.95,45.3513,46.9411,46.366602,46.94108,45.356595,46.92447
Vibrio vulnificus,qualibact-v1.0,Total_Coding_Sequences,4200,5800,4200,4800,computed,warn,4200,5800,4223.26,5770,4223.26,4918.019999999999,4402.3,5765.8
Vibrio vulnificus,qualibact-v1.0,Completeness_Specific,97,,100,100,computed,warn,97,,97.12,100,100,100,97.1215,99.63
Vibrio vulnificus,qualibact-v1.0,Contamination,,6,0,1,computed,warn,,6,0,5.02,0,0.6,0.4335,4.9855
Vibrio vulnificus,qualibact-v1.0,N50,65000,,94000,667407.04,computed,warn,65000,,65487,667407.04,65487,667407.0399999975,,
Vibrio vulnificus,qualibact-v1.0,no_of_contigs,,300,69.84,260,computed,warn,,300,69.84,295.64,69.84,295.6399999999994,,
Vibrio vulnificus,qualibact-v1.0,longest,,,212168.06,1759950.08,computed,warn,,,212168.06,1759950.08,212168.06,1759950.08,,
Wolbachia pipientis,qualibact-v1.0,Genome_Size,1100000,1800000,1100000,1300000,computed,warn,1100000,1800000,1121812,1713404,1169693.1,1330306.1,1140015,1712152.375
Wolbachia pipientis,qualibact-v1.0,GC_Content,33.66,35.51,35.14,35.26,computed,warn,33.66,35.51,33.6673,35.5071,35.028065,35.50714250000001,33.676562499999996,35.3377375
Wolbachia pipientis,qualibact-v1.0,Total_Coding_Sequences,1100,1700,1100,1300,computed,warn,1100,1700,1140.32,1649,1140.325,1314.4,1242.5,1646.875
Wolbachia pipientis,qualibact-v1.0,Completeness_Specific,97,,99,99.86,computed,warn,97,,97.38,99.86,99.519,99.857,97.5025,99.45
Wolbachia pipientis,qualibact-v1.0,Contamination,,2,0.18,2,computed,warn,,2,0.18,1.24,0.52625,1.2435000000000003,0.1863,1.09
Wolbachia pipientis,qualibact-v1.0,N50,13000,,15000,33917,computed,warn,13000,,13524.88,33917,13524.875,33917,,
Wolbachia pipientis,qualibact-v1.0,no_of_contigs,,210,100,160,computed,warn,,210,100,208.53,100,208.52500000000026,,
Wolbachia pipientis,qualibact-v1.0,longest,,,38316.07,108605.7,computed,warn,,,38316.07,108605.7,38316.075,108605.70000000017,,
Xanthomonas arboricola,qualibact-v1.0,Genome_Size,4700000,5400000,4700000,5300000,computed,warn,4700000,5400000,4723539.04,5321041.54,4723539.035,5321041.535,4877096.2,5308017.1
Xanthomonas arboricola,qualibact-v1.0,GC_Content,65.13,65.96,65.27,65.92,computed,warn,65.13,65.96,65.1322,65.9576,65.204847,65.9575875,65.144395,65.825125
Xanthomonas arboricola,qualibact-v1.0,Total_Coding_Sequences,3900,4700,3900,4600,computed,warn,3900,4700,3901.94,4625,3901.94,4578.525,4106.675,4622.975
Xanthomonas arboricola,qualibact-v1.0,Completeness_Specific,97,,100,100,computed,warn,97,,97.59,100,100,100,97.71825,99.76325
Xanthomonas arboricola,qualibact-v1.0,Contamination,,3,0,2,computed,warn,,3,0,2.35,0,1.39505,0.277,2.163249999999999
Xanthomonas arboricola,qualibact-v1.0,N50,53000,,84000,2886222.62,computed,warn,53000,,53687.12,2886222.62,53687.12,2886222.624999998,,
Xanthomonas arboricola,qualibact-v1.0,no_of_contigs,,230,6.99,190,computed,warn,,230,6.99,223.55,6.99,223.55499999999995,,
Xanthomonas arboricola,qualibact-v1.0,longest,,,172321.5,2886222.62,computed,warn,,,172321.5,2886222.62,172321.495,2886222.624999998,,
Xanthomonas campestris,qualibact-v1.0,Genome_Size,4800000,5400000,4900000,5200000,computed,warn,4800000,5400000,4815442,5387684,4882847.06,5252625.62,4868194.48,5292721.97
Xanthomonas campestris,qualibact-v1.0,GC_Content,64.73,65.69,64.97,65.33,computed,warn,64.73,65.69,64.7346,65.6821,64.89035100000001,65.366259,64.84227,65.404971
Xanthomonas campestris,qualibact-v1.0,Total_Coding_Sequences,4100,4800,4100,4500,computed,warn,4100,4800,4106.11,4743,4106.11,4559.45,4189.85,4661.52
Xanthomonas campestris,qualibact-v1.0,Completeness_Specific,94,,100,100,computed,warn,94,,94.13,100,100,100,94.4598,99.64
Xanthomonas campestris,qualibact-v1.0,Contamination,,4,0,1,computed,warn,,4,0,3.46,0,0.3555999999999994,0.5885,3.0429000000000004
Xanthomonas campestris,qualibact-v1.0,N50,59000,,85000,373669.52,computed,warn,59000,,59631.84,373669.52,59631.84,373669.5199999996,,
Xanthomonas campestris,qualibact-v1.0,no_of_contigs,,220,43.11,200,computed,warn,,220,43.11,213,43.11,213,,
Xanthomonas campestris,qualibact-v1.0,longest,,,193436.85,914510,computed,warn,,,193436.85,914510,193436.85,914510,,
Xanthomonas cissicola,qualibact-v1.0,Genome_Size,5000000,5500000,5000000,5500000,computed,info,5000000,5500000,5018511.21,5441271.02,5018511.21,5441271.02,,
Xanthomonas cissicola,qualibact-v1.0,GC_Content,64.5,64.81,64.52,64.8,computed,info,64.5,64.81,64.5,64.81,64.5006,64.8100715,,
Xanthomonas cissicola,qualibact-v1.0,Total_Coding_Sequences,4200,4800,4300,4800,computed,info,4200,4800,4278.44,4760.31,4278.435,4760.314999999998,,
Xanthomonas cissicola,qualibact-v1.0,Completeness_Specific,100,,100,100,computed,info,100,,100,100,100,100,,
Xanthomonas cissicola,qualibact-v1.0,Contamination,,1,0.01,1,computed,info,,1,0.01,0.29,0.01,0.2882999999999993,,
Xanthomonas cissicola,qualibact-v1.0,N50,57000,,79000,425167.42,computed,info,57000,,57325.16,425167.42,57325.16,425167.415,,
Xanthomonas cissicola,qualibact-v1.0,no_of_contigs,,300,69,250,computed,info,,300,69,290.83,69,290.8299999999999,,
Xanthomonas cissicola,qualibact-v1.0,longest,,,170646.12,667416.64,computed,info,,,170646.12,667416.64,170646.125,667416.64,,
Xanthomonas euvesicatoria,qualibact-v1.0,Genome_Size,4800000,5600000,4900000,5400000,computed,info,4800000,5600000,4878028,5500184,4911684.4,5370471.72,4885717.51,5492981.12
Xanthomonas euvesicatoria,qualibact-v1.0,GC_Content,64.43,65.06,64.58,64.98,computed,info,64.43,65.06,64.4365,65.0557,64.528768,65.055652,64.442539,65.032156
Xanthomonas euvesicatoria,qualibact-v1.0,Total_Coding_Sequences,4100,4800,4200,4600,computed,info,4100,4800,4104.8,4794,4104.8,4659.5199999999995,4197.07,4790.22
Xanthomonas euvesicatoria,qualibact-v1.0,Completeness_Specific,96,,100,100,computed,info,96,,96.35,100,100,100,96.5291,99.8891
Xanthomonas euvesicatoria,qualibact-v1.0,Contamination,,3,0.03,2,computed,info,,3,0.03,2.69,0.03,1.2564,0.03,2.6144000000000003
Xanthomonas euvesicatoria,qualibact-v1.0,N50,53000,,104000,641772.6,computed,info,53000,,53165.8,641772.6,53165.8,641772.5999999988,,
Xanthomonas euvesicatoria,qualibact-v1.0,no_of_contigs,,270,35,200,computed,info,,270,35,266.68,35,266.67999999999984,,
Xanthomonas euvesicatoria,qualibact-v1.0,longest,,,193971.12,1324402.28,computed,info,,,193971.12,1324402.28,193971.12,1324402.2799999998,,
Xanthomonas hortorum,qualibact-v1.0,Genome_Size,5000000,6000000,5000000,5700000,computed,warn,5000000,6000000,5066786.59,5974827,5066786.59,5735153.92,5122158.57,5973238.05
Xanthomonas hortorum,qualibact-v1.0,GC_Content,63.22,63.85,63.56,63.79,computed,warn,63.22,63.85,63.2298,63.8468,63.5218135,63.846768,63.241845,63.774471
Xanthomonas hortorum,qualibact-v1.0,Total_Coding_Sequences,4300,5200,4300,5200,computed,warn,4300,5200,4327.06,5196,4327.065,5183.4,4402.95,5195.01
Xanthomonas hortorum,qualibact-v1.0,Completeness_Specific,97,,100,100,computed,warn,97,,97.66,100,99.99065,100,97.7304,99.72
Xanthomonas hortorum,qualibact-v1.0,Contamination,,3,0.01,2,computed,warn,,3,0.01,2.7,0.01,2.101800000000001,0.8566,2.7
Xanthomonas hortorum,qualibact-v1.0,N50,16000,,18000,143438.95,computed,warn,16000,,16687.36,143438.95,16687.355,143438.95,,
Xanthomonas hortorum,qualibact-v1.0,no_of_contigs,,800,121.13,650,computed,warn,,800,121.13,796.14,121.13,796.1400000000001,,
Xanthomonas hortorum,qualibact-v1.0,longest,,,60464.08,349943.06,computed,warn,,,60464.08,349943.06,60464.075,349943.05500000005,,
Xanthomonas oryzae,qualibact-v1.0,Genome_Size,4000000,5300000,4000000,4700000,computed,error,4000000,5300000,4003660.54,5238555,4003660.54,4702285.600000001,4660811.605,5196965.41
Xanthomonas oryzae,qualibact-v1.0,GC_Content,63.12,64.26,63.38,63.86,computed,error,63.12,64.26,63.1239,64.2573,63.327304,63.872738,63.596726000000004,64.13960900000001
Xanthomonas oryzae,qualibact-v1.0,Total_Coding_Sequences,4000,5300,4000,5300,computed,error,4000,5300,4057.6,5295.8,4057.6,5295.8,4252.27,4840.92
Xanthomonas oryzae,qualibact-v1.0,Completeness_Specific,84,,86,100,computed,error,84,,84.61,100,84.6122,100,93.35215000000001,95.97515
Xanthomonas oryzae,qualibact-v1.0,Contamination,,5,0.12,2,computed,error,,5,0.12,4.47,0.12,1.727000000000001,0.17135,3.1822000000000026
Xanthomonas oryzae,qualibact-v1.0,N50,4000,,4000,30523.9,computed,error,4000,,4332.64,30523.9,4332.64,30523.900000000005,,
Xanthomonas oryzae,qualibact-v1.0,no_of_contigs,,1640,478.38,1590,computed,error,,1640,478.38,1632.7,478.38,1632.7,,
Xanthomonas oryzae,qualibact-v1.0,longest,,,28798.14,160691.56,computed,error,,,28798.14,160691.56,28798.14,160691.56,,
Xylella fastidiosa,qualibact-v1.0,Genome_Size,2400000,2900000,2400000,2700000,computed,warn,2400000,2900000,2407487.64,2896312,2407487.645,2697429.735,2439529.17,2887492.92
Xylella fastidiosa,qualibact-v1.0,GC_Content,51.46,52.82,51.46,52.53,computed,warn,51.46,52.82,51.4615,52.8133,51.4615375,52.525864,51.652917,52.80531
Xylella fastidiosa,qualibact-v1.0,Total_Coding_Sequences,2100,2900,2300,2900,computed,warn,2100,2900,2150,2868.92,2351.03,2868.9249999999997,2154.23,2802.53
Xylella fastidiosa,qualibact-v1.0,Completeness_Specific,92,,99,100,computed,warn,92,,92.79,100,99.98,100,93.0579,97.6412
Xylella fastidiosa,qualibact-v1.0,Contamination,,9,0,1,computed,warn,,9,0,8.59,0,1.007899999999998,0.05,6.648900000000005
Xylella fastidiosa,qualibact-v1.0,N50,42000,,54000,259583.25,computed,warn,42000,,42939.45,259583.25,42939.45,259583.2499999996,,
Xylella fastidiosa,qualibact-v1.0,no_of_contigs,,330,71.17,320,computed,warn,,330,71.17,323.94,71.165,323.93999999999994,,
Xylella fastidiosa,qualibact-v1.0,longest,,,118161.64,478954.52,computed,warn,,,118161.64,478954.52,118161.645,478954.52499999956,,
Yersinia enterocolitica,qualibact-v1.0,Genome_Size,4300000,5200000,4400000,5000000,computed,info,4300000,5200000,4392691,5149746,4392691,5046163.875,4516687.3,5137243.02
Yersinia enterocolitica,qualibact-v1.0,GC_Content,46.73,47.44,46.85,47.34,computed,info,46.73,47.44,46.7334,47.432,46.7333875,47.4320125,46.796208,47.298157
Yersinia enterocolitica,qualibact-v1.0,Total_Coding_Sequences,4000,5000,4000,4700,computed,info,4000,5000,4022,4903,4022,4767.75,4132.42,4885.78
Yersinia enterocolitica,qualibact-v1.0,Completeness_Specific,91,,100,100,computed,info,91,,91.5,100,100,100,91.857,99.4538
Yersinia enterocolitica,qualibact-v1.0,Contamination,,5,0,1,computed,info,,5,0,4.75,0,0.61875,0.5484,4.6954
Yersinia enterocolitica,qualibact-v1.0,N50,34000,,47000,572066.12,computed,info,34000,,34672,572066.12,34672,572066.125,,
Yersinia enterocolitica,qualibact-v1.0,no_of_contigs,,330,32,270,computed,info,,330,32,320.88,32,320.875,,
Yersinia enterocolitica,qualibact-v1.0,longest,,,122226.88,1084873.38,computed,info,,,122226.88,1084873.38,122226.875,1084873.375,,
Yersinia intermedia,qualibact-v1.0,Genome_Size,4600000,5400000,4700000,5400000,computed,error,4600000,5400000,4674537.32,5378349.75,4674537.325,5378349.75,4761028.95,4998966.35
Yersinia intermedia,qualibact-v1.0,GC_Content,47.3,47.97,47.31,47.84,computed,error,47.3,47.97,47.3065,47.9605,47.306537500000005,47.9605325,47.451795,47.827749999999995
Yersinia intermedia,qualibact-v1.0,Total_Coding_Sequences,4100,5100,4200,5100,computed,error,4100,5100,4170.7,5093.25,4170.7,5093.25,4295.65,4608.15
Yersinia intermedia,qualibact-v1.0,Completeness_Specific,98,,100,100,computed,error,98,,98.54,100,100,100,98.5445,99.69500000000001
Yersinia intermedia,qualibact-v1.0,Contamination,,3,0.01,1,computed,error,,3,0.01,2.08,0.0085,0.5545000000000001,1.0825,2.0589999999999997
Yersinia intermedia,qualibact-v1.0,N50,52000,,66000,418641.13,computed,error,52000,,52366.38,418641.13,52366.375,418641.1250000002,,
Yersinia intermedia,qualibact-v1.0,no_of_contigs,,310,45.85,220,computed,error,,310,45.85,307.68,45.85,307.67500000000007,,
Yersinia intermedia,qualibact-v1.0,longest,,,156889.9,1359168,computed,error,,,156889.9,1359168,156889.9,1359168,,
Yersinia pestis,qualibact-v1.0,Genome_Size,4400000,5000000,4400000,4900000,computed,info,4400000,5000000,4409977.08,4930959,4409977.08,4908546.34,4499862.22,4922639.01
Yersinia pestis,qualibact-v1.0,GC_Content,47.32,47.77,47.39,47.69,computed,info,47.32,47.77,47.326,47.7663,47.326016,47.766314,47.581351,47.728076
Yersinia pestis,qualibact-v1.0,Total_Coding_Sequences,3900,4600,4000,4400,computed,info,3900,4600,3938.62,4522,3938.62,4444.360000000001,4080.465,4513.11
Yersinia pestis,qualibact-v1.0,Completeness_Specific,94,,100,100,computed,info,94,,94.64,100,100,100,94.94705,99.2097
Yersinia pestis,qualibact-v1.0,Contamination,,2,0.09,1,computed,info,,2,0.09,1.95,0.0866,0.55,0.66,1.7327999999999997
Yersinia pestis,qualibact-v1.0,N50,18000,,22000,151058.68,computed,info,18000,,18099.46,151058.68,18099.46,151058.68,,
Yersinia pestis,qualibact-v1.0,no_of_contigs,,530,112.66,430,computed,info,,530,112.66,526.7,112.66,526.7000000000007,,
Yersinia pestis,qualibact-v1.0,longest,,,60111.64,528038.02,computed,info,,,60111.64,528038.02,60111.64,528038.02,,
Yersinia ruckeri,qualibact-v1.0,Genome_Size,3500000,4100000,3600000,3900000,computed,error,3500000,4100000,3585796,4006131,3632767.33,3900268.74,3590068.4,4005458.46
Yersinia ruckeri,qualibact-v1.0,GC_Content,47.32,47.72,47.37,47.65,computed,error,47.32,47.72,47.3299,47.7168,47.367675999999996,47.641006000000004,47.340108,47.716778
Yersinia ruckeri,qualibact-v1.0,Total_Coding_Sequences,3200,3700,3300,3600,computed,error,3200,3700,3236,3679,3239.33,3578.12,3243.7,3673.7200000000003
Yersinia ruckeri,qualibact-v1.0,Completeness_Specific,93,,100,100,computed,error,93,,93.4,100,100,100,93.4374,95.74
Yersinia ruckeri,qualibact-v1.0,Contamination,,3,0,1,computed,error,,3,0,2.07,0,0.13060000000000002,0.15100000000000002,2.0062
Yersinia ruckeri,qualibact-v1.0,N50,112000,,117000,322209.18,computed,error,112000,,112684.57,322209.18,112684.57,322209.18,,
Yersinia ruckeri,qualibact-v1.0,no_of_contigs,,130,36.41,120,computed,error,,130,36.41,124.65,36.41,124.65,,
Yersinia ruckeri,qualibact-v1.0,longest,,,253761.84,1056069.19,computed,error,,,253761.84,1056069.19,253761.84,1056069.19,,
