metric,median,q1,q3,min,max,upper_bound,lower_bound,MY_LOWER,MY_UPPER
N50,114059.0,50338.0,193355.0,7922.0,458012.0,453879.08,7988.66,7988.66,453879.08
number,210.0,124.0,358.0,50.0,1179.0,1177.02,53.3,53.3,1177.02
longest,394090.0,272039.0,687180.0,58689.0,1372413.0,1206207.1800000009,61070.94,61070.94,1206207.18
GC_Content,0.352665,0.35198999999999997,0.353459,0.35040999999999994,0.357883,0.3574045,0.35066739999999996,0.3507,0.3574
Completeness_Specific,100.0,100.0,100.0,99.99,100.0,100.0,99.99,98.74,100.0
Contamination,0.32,0.19,0.48,0.0,1.39,1.3174000000000003,0.0066,0.01,2.21
Total_Coding_Sequences,5754.0,5699.0,5972.0,5212.0,6474.0,6435.72,5260.84,5260.84,6948.0
Genome_Size,5679167.0,5527416.0,5849875.0,5183547.0,6247445.0,6231447.92,5215615.08,5215615.08,6558090.0
