metric,median,q1,q3,min,max,upper_bound,lower_bound,MY_LOWER,MY_UPPER
N50,205868.0,125671.0,341778.0,21817.0,875289.0,869079.83,26482.690000000002,26482.69,869079.83
number,74.0,54.0,102.0,30.0,354.0,299.0100000000001,30.94,30.94,299.01
longest,621230.0,334248.0,940768.0,70450.0,1699017.0,1570393.9800000002,98089.29000000001,98089.29,1570393.98
GC_Content,0.27193,0.27153499999999997,0.272409,0.271081,0.273404,0.27336828,0.27114492,0.27,0.27
Completeness_Specific,99.99,99.99,100.0,99.96,100.0,100.0,99.96,99.96,100.0
Contamination,0.21,0.15,0.29,0.0,0.54,0.48360000000000014,0.0047,0.0,0.48
Total_Coding_Sequences,3567.0,3513.5,3755.5,3305.0,3939.0,3924.43,3307.35,3307.35,3924.43
Genome_Size,3845163.0,3807016.5,3965514.5,3681070.0,4059015.0,4048570.19,3688085.69,3688085.69,4048570.19
