metric,median,q1,q3,min,max,upper_bound,lower_bound,MY_LOWER,MY_UPPER
N50,318861.0,268265.0,395408.0,132752.0,602974.0,578404.9199999998,139324.88,139324.88,578404.92
number,18.0,14.0,23.0,8.0,50.0,39.7999999999999,8.68,8.68,39.8
longest,525269.0,438347.0,615035.0,268618.0,866973.0,866970.96,269070.88,269070.88,866970.96
GC_Content,0.533287,0.533129,0.533704,0.532077,0.5346150000000001,0.53456808,0.53232792,0.532,0.5346
Completeness_Specific,99.99,99.99,99.99,99.98,99.99,99.99,99.98,93.87,99.99
Contamination,0.44,0.3,0.63,0.22,1.06,0.9239999999999986,0.2336,0.23,0.92
Total_Coding_Sequences,2284.0,2224.0,2335.0,2177.0,2491.0,2481.48,2181.76,2181.76,2481.48
Genome_Size,2501285.0,2456566.0,2539789.0,2421060.0,2645878.0,2640733.12,2422103.8,2422103.8,2640733.12
