metric,median,q1,q3,min,max,upper_bound,lower_bound,MY_LOWER,MY_UPPER
N50,411156.0,309103.0,512607.0,42720.0,1277518.0,1121152.4800000014,75806.8,75806.8,1121152.48
number,63.0,52.0,78.0,27.0,231.0,193.44000000000005,31.560000000000002,31.56,193.44
longest,902628.0,672311.0,1185331.0,140647.0,2429808.0,2282630.4000000013,228583.68,228583.68,2282630.4
GC_Content,0.549948,0.54893,0.550864,0.544191,0.552768,0.55245552,0.54475136,0.5424,0.5525
Completeness_Specific,100.0,100.0,100.0,99.29,100.0,100.0,100.0,90.9,100.0
Contamination,0.27,0.14,0.66,0.03,3.11,2.137600000000002,0.05,0.05,9.34
Total_Coding_Sequences,4855.0,4758.0,4974.0,4499.0,5494.0,5340.88,4597.68,4597.68,5906.0
Genome_Size,5209980.0,5118258.0,5313671.0,4903560.0,5797496.0,5621348.600000001,4959692.04,4959692.04,5977734.0
