metric,median,q1,q3,min,max,upper_bound,lower_bound,MY_LOWER,MY_UPPER
N50,382705.0,337866.75,443340.0,177037.0,468256.0,468256.0,209985.955,209985.96,468256.0
number,16.0,14.0,21.0,11.0,55.0,47.980000000000075,11.0,11.0,47.98
longest,492739.0,444165.0,534677.0,342064.0,542020.0,540731.245,349537.96,349537.96,540731.24
GC_Content,0.37221,0.372148,0.37285175000000004,0.370002,0.373232,0.373171745,0.370040025,0.37,0.3753
Completeness_Specific,100.0,100.0,100.0,99.99,100.0,100.0,99.99585,84.97,100.0
Contamination,0.12,0.11,0.13,0.09,0.56,0.42545000000000144,0.09,0.09,8.79
Total_Coding_Sequences,1779.5,1774.0,1885.5,1670.0,2000.0,1998.2450000000001,1671.17,1671.17,2111.0
Genome_Size,1824600.5,1823697.0,1890114.5,1707044.0,1960760.0,1953491.375,1708652.75,1699331.0,2059009.0
