metric,median,q1,q3,min,max,upper_bound,lower_bound,MY_LOWER,MY_UPPER
N50,226335.0,191165.5,267491.5,20679.0,598878.0,520075.0,27843.21,27843.21,520075.0
number,86.0,71.0,110.0,32.0,579.0,323.33999999999924,39.61,39.61,323.34
longest,512655.0,400266.0,633763.5,58344.0,1596279.0,1228625.0699999996,94787.64,94787.64,1228625.07
GC_Content,0.38746200000000003,0.386385,0.388955,0.378419,0.396256,0.39450868,0.38375821000000004,0.3838,0.3973
Completeness_Specific,100.0,100.0,100.0,100.0,100.0,100.0,100.0,86.39,100.0
Contamination,0.28,0.22,0.355,0.07,1.57,0.9694999999999936,0.13,0.13,11.33
Total_Coding_Sequences,3645.0,3550.5,3758.0,3257.0,4287.0,4082.7799999999997,3310.61,3310.61,4420.0
Genome_Size,3996856.0,3922077.5,4083281.0,3668667.0,4412534.0,4325876.84,3729326.01,3729326.01,4587183.0
