metric,median,q1,q3,min,max,upper_bound,lower_bound,MY_LOWER,MY_UPPER
N50,145830.5,99116.75,376599.5,28453.0,1110653.0,982625.0249999996,33326.775,33326.78,982625.02
number,103.5,60.0,140.75,19.0,612.0,447.22499999999974,21.425,21.42,447.22
longest,460317.0,305395.0,952391.75,136189.0,2835516.0,2708406.8999999966,150075.975,150075.98,2708406.9
GC_Content,0.676141,0.67500275,0.6773560000000001,0.671756,0.680547,0.679619925,0.67214355,0.6578,0.6827
Completeness_Specific,100.0,100.0,100.0,99.99,100.0,100.0,99.99,91.1,100.0
Contamination,0.18,0.1,0.34,0.0,3.06,2.6072499999999996,0.01,0.01,9.24
Total_Coding_Sequences,6079.5,5903.75,6240.75,5682.0,6691.0,6592.374999999999,5698.925,5698.92,6870.0
Genome_Size,6615943.5,6479491.0,6790040.5,6176232.0,7179377.0,7078655.35,6251810.05,6251810.05,7359146.0
