metric,median,q1,q3,min,max,upper_bound,lower_bound,MY_LOWER,MY_UPPER
N50,303404.0,200997.0,426071.0,18470.0,792728.0,792700.0,28249.6,28249.6,792700.0
number,48.0,41.0,62.0,23.0,408.0,278.8000000000007,23.0,23.0,278.8
longest,579491.0,419248.0,790415.0,99136.0,1422396.0,1422396.0,107370.2,107370.2,1422396.0
GC_Content,0.403576,0.403434,0.403732,0.40103099999999997,0.40637700000000004,0.40580160000000004,0.4013612,0.4014,0.4058
Completeness_Specific,99.99,99.99,99.99,99.96,100.0,100.0,99.96,98.88,100.0
Contamination,0.07,0.05,0.11,0.02,1.18,0.9260000000000003,0.02,0.02,0.93
Total_Coding_Sequences,3276.0,3250.0,3304.0,3002.0,3665.0,3602.6000000000013,3002.2,3002.2,3602.6
Genome_Size,3559226.0,3525818.0,3570806.0,3273444.0,3936246.0,3869568.600000002,3273777.6,3273777.6,3869568.6
