metric,median,q1,q3,min,max,upper_bound,lower_bound,MY_LOWER,MY_UPPER
N50,1022929.0,845960.0,1133387.0,132222.0,2893524.0,2127714.7600000007,182791.05,182791.05,2127714.76
number,58.0,55.0,80.0,32.0,207.0,197.95000000000005,33.02,33.02,197.95
longest,2028499.0,1205498.0,2028691.0,441034.0,2996343.0,2890236.450000003,534852.41,534852.41,2890236.45
GC_Content,0.37737499999999996,0.3771185,0.3780055,0.373478,0.38156399999999996,0.38103471,0.3737595,0.3687,0.3833
Completeness_Specific,100.0,100.0,100.0,100.0,100.0,100.0,100.0,92.03,100.0
Contamination,0.24,0.24,1.1,0.12,4.6,4.571100000000008,0.12,0.12,12.44
Total_Coding_Sequences,5629.0,5553.5,5714.0,5159.0,6384.0,6307.74,5173.57,5173.57,7227.0
Genome_Size,5484827.0,5404410.0,5565917.5,5036828.0,6191194.0,6136796.630000001,5053487.63,5036631.0,6872701.0
