metric,median,q1,q3,min,max,upper_bound,lower_bound,MY_LOWER,MY_UPPER
N50,174067.0,85776.5,298289.5,7143.0,1050135.0,1040227.1900000001,8123.76,8123.76,1040227.19
number,123.0,75.0,212.0,16.0,2102.0,1833.39,18.0,18.0,1833.39
longest,472858.0,296989.0,853307.0,46182.0,2136780.0,2087633.9300000002,67793.04,67793.04,2087633.93
GC_Content,0.668758,0.6679200000000001,0.6698985,0.6630029999999999,0.6718959999999999,0.67183229,0.6648465600000001,0.6648,0.6718
Completeness_Specific,100.0,100.0,100.0,99.42,100.0,100.0,99.7538,99.75,100.0
Contamination,0.51,0.26,1.315,0.01,3.18,2.7929000000000004,0.01,0.01,2.79
Total_Coding_Sequences,6818.0,6714.0,6961.5,5658.0,8394.0,8059.35,5784.06,5784.06,8059.35
Genome_Size,7550737.0,7415934.0,7570487.0,6378346.0,8113879.0,8076212.44,6428367.98,6428367.98,8076212.44
