metric,median,q1,q3,min,max,upper_bound,lower_bound,MY_LOWER,MY_UPPER
N50,131678.0,100982.5,149366.5,43682.0,193208.0,191717.27000000002,44031.97,44031.97,191717.27
number,181.0,145.0,202.0,80.0,467.0,463.05000000000007,83.95,83.95,463.05
longest,269896.0,232113.0,334090.0,121899.0,488708.0,488642.43,153925.6,153925.6,488642.43
GC_Content,0.32439100000000004,0.3236795,0.32509600000000005,0.32319899999999996,0.326121,0.32581606,0.32324402999999996,0.3232,0.3271
Completeness_Specific,100.0,100.0,100.0,100.0,100.0,100.0,100.0,92.33,100.0
Contamination,0.02,0.01,0.03,0.0,0.09,0.09,0.0,0.0,0.47
Total_Coding_Sequences,2554.0,2503.0,2613.5,2385.0,2996.0,2988.89,2388.16,2388.16,2988.89
Genome_Size,2791666.0,2746236.0,2823539.5,2662097.0,3042696.0,3035978.63,2663284.37,2663284.37,3208574.0
