metric,median,q1,q3,min,max,upper_bound,lower_bound,MY_LOWER,MY_UPPER
N50,62542.0,49655.75,77048.5,19971.0,85236.0,84597.0,21844.4,21844.4,84597.0
number,289.0,246.0,353.75,172.0,852.0,795.7500000000009,179.0,179.0,795.75
longest,195600.5,163163.5,213857.0,82638.0,320416.0,239405.40000000002,95383.55,95383.55,239405.4
GC_Content,0.4406145,0.44030899999999995,0.44107300000000005,0.437681,0.448692,0.4481592,0.43948079999999995,0.4378,0.4501
Completeness_Specific,99.98,99.97,99.99,99.88,100.0,100.0,99.92,85.67,100.0
Contamination,1.35,0.95,1.64,0.57,4.07,3.057750000000001,0.61225,0.14,3.06
Total_Coding_Sequences,4492.0,4315.0,4632.75,3793.0,4960.0,4905.775,3803.0,3803.0,5275.0
Genome_Size,4177165.0,4055116.5,4253191.5,3662128.0,4468789.0,4438347.875,3681623.85,3681623.85,4794868.0
