metric,median,q1,q3,min,max,upper_bound,lower_bound,MY_LOWER,MY_UPPER
N50,164036.0,79916.0,236562.0,21756.0,653335.0,637148.855,22976.155,22976.16,637148.86
number,128.5,89.0,197.0,32.0,805.0,703.365,42.175000000000004,42.18,703.36
longest,470012.5,272747.75,672602.75,97071.0,1477193.0,1407455.0000000007,106923.395,106923.4,1407455.0
GC_Content,0.6724235000000001,0.67089975,0.67326225,0.665369,0.6749120000000001,0.674688265,0.66660905,0.666,0.6747
Completeness_Specific,100.0,99.99,100.0,99.94,100.0,100.0,99.94635,96.62,100.0
Contamination,0.03,0.0,0.08,0.0,1.07,0.8865000000000008,0.0,0.0,3.54
Total_Coding_Sequences,5848.0,5681.75,6050.75,5313.0,6769.0,6619.505,5371.905,5371.9,6696.0
Genome_Size,6392009.0,6276455.5,6601807.75,5879963.0,7127671.0,6977953.485,6062466.335,6062466.34,7281867.0
