metric,median,q1,q3,min,max,upper_bound,lower_bound,MY_LOWER,MY_UPPER
N50,435964.0,348107.0,611711.0,103122.0,914336.0,883789.8800000001,104967.36,104967.36,883789.88
number,86.0,74.0,103.0,45.0,152.0,146.06000000000003,46.98,46.98,146.06
longest,870922.0,711109.0,1082110.0,218258.0,1905736.0,1895565.4000000001,268226.6,268226.6,1895565.4
GC_Content,0.44809899999999997,0.44758499999999996,0.44853000000000004,0.44577300000000003,0.449495,0.44942438,0.44606274,0.4453,0.4494
Completeness_Specific,100.0,100.0,100.0,99.99,100.0,100.0,99.99,97.66,100.0
Contamination,0.02,0.0,0.06,0.0,0.42,0.27480000000000077,0.0,0.0,2.78
Total_Coding_Sequences,4651.0,4594.0,4725.0,4448.0,4935.0,4921.8,4455.92,4455.92,5011.0
Genome_Size,5129935.0,5086187.0,5206857.0,4972742.0,5428759.0,5401775.5600000005,4984143.5,4984143.5,5502567.0
