metric,median,q1,q3,min,max,upper_bound,lower_bound,MY_LOWER,MY_UPPER
N50,166943.0,125388.0,281911.0,11359.0,886936.0,752547.78,26378.61,26378.61,752547.78
number,60.0,44.0,80.0,14.0,448.0,272.0,23.0,23.0,272.0
longest,418566.0,300428.0,597889.75,41539.0,1409092.0,1274829.2899999998,89955.44,89955.44,1274829.29
GC_Content,0.32713099999999995,0.32678199999999996,0.327541,0.324778,0.33378,0.32898499999999997,0.32582700000000003,0.3258,0.3309
Completeness_Specific,100.0,100.0,100.0,99.27,100.0,100.0,100.0,95.5,100.0
Contamination,0.13,0.09,0.26,0.0,2.43,1.18,0.04,0.04,3.33
Total_Coding_Sequences,2619.0,2561.0,2687.0,2387.0,3072.0,2893.0,2436.0,2436.0,3331.0
Genome_Size,2796753.0,2753741.25,2843905.75,2573304.0,3112305.0,3005982.425,2661494.185,2661494.18,3218685.0
