metric,median,q1,q3,min,max,upper_bound,lower_bound,MY_LOWER,MY_UPPER
N50,127103.0,93008.0,230894.0,31478.0,892477.0,683928.1199999996,48460.0,48460.0,683928.12
number,157.0,88.0,221.0,24.0,451.0,419.39999999999964,35.0,35.0,419.4
longest,398322.0,300345.0,645558.0,107544.0,2312503.0,1963740.5199999982,152483.6,152483.6,1963740.52
GC_Content,0.589677,0.58701,0.594221,0.582002,0.601468,0.60098986,0.5824427,0.5824,0.601
Completeness_Specific,100.0,100.0,100.0,99.97,100.0,100.0,99.99459999999999,99.52,100.0
Contamination,0.02,0.0,0.07,0.0,0.8,0.79,0.0,0.0,2.09
Total_Coding_Sequences,5194.0,4901.0,5380.0,4504.0,5821.0,5728.62,4581.92,4581.92,5817.0
Genome_Size,5518738.0,5276084.0,5709811.0,4867789.0,6119694.0,5988264.64,4932183.18,4932183.18,5988264.64
