metric,median,q1,q3,min,max,upper_bound,lower_bound,MY_LOWER,MY_UPPER
N50,152380.0,111525.0,273649.0,43593.0,554632.0,548626.5,44051.5,44051.5,548626.5
number,108.0,85.0,146.0,42.0,322.0,321.5,48.0,48.0,321.5
longest,410482.0,306215.0,697497.0,153066.0,1074340.0,1018568.0,153954.0,153954.0,1018568.0
GC_Content,0.6025889999999999,0.591758,0.606693,0.5882970000000001,0.637467,0.6346005,0.5882970000000001,0.588,0.6346
Completeness_Specific,100.0,100.0,100.0,99.98,100.0,100.0,99.985,95.8,100.0
Contamination,0.39,0.23,0.55,0.02,2.24,2.215,0.03,0.03,3.36
Total_Coding_Sequences,5924.0,5721.0,6023.0,4890.0,6891.0,6868.0,5046.0,5046.0,6868.0
Genome_Size,6531871.0,6351979.0,6805342.0,5130913.0,7497574.0,7478726.0,5502517.0,5502517.0,7478726.0
