metric,median,q1,q3,min,max,upper_bound,lower_bound,MY_LOWER,MY_UPPER
N50,149502.0,100476.5,187021.5,44903.0,377445.0,377348.44,46476.36,46476.36,377348.44
number,44.0,34.5,57.5,18.0,113.0,100.21999999999986,18.71,18.71,100.22
longest,341965.0,233608.5,406077.0,93684.0,636889.0,603463.6199999996,114925.07,114925.07,603463.62
GC_Content,0.384213,0.38372850000000003,0.38476,0.382742,0.387434,0.38731188,0.38289039,0.3829,0.3873
Completeness_Specific,100.0,100.0,100.0,100.0,100.0,100.0,100.0,94.18,100.0
Contamination,0.0,0.0,0.0,0.0,0.38,0.33739999999999953,0.0,0.0,1.62
Total_Coding_Sequences,1823.0,1789.5,1855.0,1699.0,2002.0,1989.9299999999998,1701.13,1701.13,1989.93
Genome_Size,1946482.0,1910986.0,1961898.0,1795908.0,2069839.0,2048873.4099999997,1804755.31,1804755.31,2048873.41
