metric,median,q1,q3,min,max,upper_bound,lower_bound,MY_LOWER,MY_UPPER
N50,106660.0,87794.0,136993.0,26815.0,354110.0,295591.0499999997,36092.65,36092.65,295591.05
number,91.0,72.0,112.0,24.0,321.0,225.04999999999995,27.0,27.0,225.05
longest,252629.0,207279.0,348887.0,82546.0,996857.0,831717.2,112601.2,112601.2,831717.2
GC_Content,0.38158299999999995,0.3808125,0.38227849999999997,0.378264,0.38445999999999997,0.38410485,0.37904885,0.379,0.3847
Completeness_Specific,100.0,100.0,100.0,100.0,100.0,100.0,100.0,96.05,100.0
Contamination,0.38,0.2,0.61,0.0,1.88,1.5629999999999973,0.03,0.03,1.56
Total_Coding_Sequences,2686.0,2606.0,2758.0,2377.0,3029.0,2943.1,2429.05,2429.05,3077.0
Genome_Size,2765442.0,2704933.5,2832309.0,2490367.0,3042719.0,2995674.499999999,2529543.1,2529543.1,3073413.0
