metric,median,q1,q3,min,max,upper_bound,lower_bound,MY_LOWER,MY_UPPER
N50,149073.0,130857.0,176962.0,102770.0,285134.0,285134.0,102770.0,102770.0,285134.0
number,69.0,63.0,79.0,45.0,100.0,98.0,45.43,45.43,98.0
longest,367616.0,362155.0,467106.5,302531.0,655521.0,544324.57,306019.77,306019.77,544324.57
GC_Content,0.538339,0.5381575000000001,0.5383855,0.537764,0.53927,0.53926083,0.53777229,0.5378,0.5429
Completeness_Specific,100.0,100.0,100.0,99.99,100.0,100.0,99.99,91.14,100.0
Contamination,0.11,0.1,0.12,0.07,0.82,0.6537999999999977,0.0743,0.02,3.57
Total_Coding_Sequences,3058.0,3051.0,3085.0,3017.0,3117.0,3113.14,3020.43,2653.0,3229.0
Genome_Size,3254371.0,3252981.0,3275567.5,3231735.0,3325370.0,3324646.16,3232218.0,2843369.0,3428365.0
