metric,median,q1,q3,min,max,upper_bound,lower_bound,MY_LOWER,MY_UPPER
N50,126065.0,94598.0,205734.0,13757.0,937629.0,800793.3099999978,19897.6,19897.6,800793.31
number,96.0,70.5,128.5,26.0,622.0,433.13999999999965,29.61,29.61,433.14
longest,357429.0,272417.5,514280.0,48346.0,1903184.0,1873802.0,73910.96,73910.96,1873802.0
GC_Content,0.38716700000000004,0.38681200000000004,0.3876665,0.383046,0.39179200000000003,0.39058526000000005,0.38471648,0.3847,0.3906
Completeness_Specific,100.0,100.0,100.0,99.98,100.0,100.0,99.98,89.32,100.0
Contamination,0.07,0.01,0.24,0.0,1.29,1.0233999999999992,0.0,0.0,6.87
Total_Coding_Sequences,3781.0,3676.5,3899.5,3460.0,4283.0,4182.269999999999,3521.15,3521.15,4182.27
Genome_Size,3966030.0,3907186.5,4075281.5,3681961.0,4409017.0,4326383.2,3755974.19,3755974.19,4344035.0
