metric,median,q1,q3,min,max,upper_bound,lower_bound,MY_LOWER,MY_UPPER
N50,117568.5,86296.75,255240.5,19987.0,671112.0,612048.0,35281.5,35281.5,612048.0
number,155.0,109.0,214.75,23.0,640.0,421.5500000000002,33.225,33.22,421.55
longest,377715.5,237290.5,728752.0,77903.0,1426930.0,1282114.425,134543.9,134543.9,1282114.42
GC_Content,0.675881,0.67494875,0.678601,0.6706789999999999,0.6871639999999999,0.682170825,0.6713532249999999,0.6714,0.6822
Completeness_Specific,100.0,100.0,100.0,99.99,100.0,100.0,100.0,94.49,100.0
Contamination,0.39,0.26,0.64,0.02,4.3,2.3610000000000038,0.07,0.07,12.23
Total_Coding_Sequences,5818.5,5402.0,6027.0,4866.0,7318.0,7087.300000000001,4970.45,4941.0,7087.3
Genome_Size,6200101.5,5722405.25,6375893.75,5173525.0,7421920.0,7229137.725000001,5287766.1,5257760.0,7229137.72
