metric,median,q1,q3,min,max,upper_bound,lower_bound,MY_LOWER,MY_UPPER
N50,323643.5,241886.75,432822.75,34778.0,1536104.0,1390410.35,62568.55,62568.55,1390410.35
number,29.0,23.0,38.0,9.0,106.0,82.32500000000005,11.0,11.0,82.33
longest,712985.5,487911.5,866910.75,118048.0,1536104.0,1390410.35,197422.67500000002,197422.68,1390410.35
GC_Content,0.593637,0.5925549999999999,0.5946155,0.586094,0.6029019999999999,0.601097975,0.589002875,0.589,0.6011
Completeness_Specific,99.99,99.98,99.99,99.87,100.0,100.0,99.92,93.51,100.0
Contamination,0.24,0.13,0.3625,0.01,1.69,0.9630000000000017,0.02,0.02,5.95
Total_Coding_Sequences,1803.0,1735.0,1873.25,1599.0,2222.0,2072.65,1623.675,1623.68,2123.0
Genome_Size,2217518.0,2154859.75,2275358.75,1996957.0,2512757.0,2436009.275,2055223.6,2040211.0,2436009.28
