metric,median,q1,q3,min,max,upper_bound,lower_bound,MY_LOWER,MY_UPPER
N50,229246.0,163912.0,320725.5,81810.0,560852.0,560527.11,82899.68,82899.68,560527.11
number,69.0,50.0,86.0,23.0,145.0,142.35,25.65,25.65,142.35
longest,555104.0,397884.0,661852.0,190410.0,967060.0,955554.76,206778.52,206778.52,955554.76
GC_Content,0.426165,0.4243135,0.42759600000000003,0.42046300000000003,0.42918,0.42915349999999997,0.42058172,0.4198,0.4292
Completeness_Specific,100.0,99.99,100.0,99.95,100.0,100.0,99.9606,95.52,100.0
Contamination,0.49,0.335,0.715,0.09,1.36,1.307,0.09,0.09,11.22
Total_Coding_Sequences,3389.0,3299.0,3470.0,3138.0,3744.0,3712.73,3138.0,3138.0,3750.0
Genome_Size,3573606.0,3499248.0,3676943.0,3280794.0,3881343.0,3864310.92,3319918.07,3319918.07,3864310.92
