metric,median,q1,q3,min,max,upper_bound,lower_bound,MY_LOWER,MY_UPPER
N50,325195.0,315158.0,325276.0,135193.0,787302.0,740380.2000000004,145590.4,145590.4,740380.2
number,44.0,38.0,51.0,28.0,111.0,91.20000000000019,28.0,28.0,91.2
longest,553620.0,553130.0,768730.0,373014.0,1317231.0,1310037.6,386839.2,386839.2,1310037.6
GC_Content,0.438414,0.438349,0.438468,0.434983,0.438857,0.4388522,0.43498840000000005,0.435,0.4397
Completeness_Specific,100.0,100.0,100.0,100.0,100.0,100.0,100.0,95.76,100.0
Contamination,0.02,0.02,0.02,0.0,0.52,0.44800000000000073,0.006,0.01,5.88
Total_Coding_Sequences,3990.0,3983.0,3996.0,3926.0,4233.0,4216.8,3942.2,3942.2,4304.0
Genome_Size,3997080.0,3994897.0,3999668.0,3920332.0,4175842.0,4175672.8,3952729.0,3952729.0,4222511.0
