metric,median,q1,q3,min,max,upper_bound,lower_bound,MY_LOWER,MY_UPPER
N50,147102.0,116954.5,176510.5,32482.0,309270.0,291900.3899999999,37628.62,37628.62,291900.39
number,144.0,114.0,177.0,80.0,468.0,397.3199999999995,82.79,82.79,397.32
longest,416873.0,327015.0,520154.5,149066.0,992816.0,953662.0699999997,165420.98,165420.98,953662.07
GC_Content,0.66916,0.6673865,0.6711784999999999,0.661296,0.674824,0.67438318,0.6629355899999999,0.6629,0.6744
Completeness_Specific,100.0,100.0,100.0,99.99,100.0,100.0,99.9993,98.62,100.0
Contamination,0.25,0.09,0.8200000000000001,0.0,2.51,2.4355999999999995,0.0,0.0,2.44
Total_Coding_Sequences,6280.0,6049.5,6491.5,5389.0,7075.0,7060.12,5562.91,5562.91,7060.12
Genome_Size,6970005.0,6787041.5,7147210.0,6053624.0,7705261.0,7658204.859999999,6145780.49,6145780.49,7658204.86
