metric,median,q1,q3,min,max,upper_bound,lower_bound,MY_LOWER,MY_UPPER
N50,285018.5,179173.5,474179.25,50212.0,1001837.0,909898.0549999985,54012.985,54012.98,909898.05
number,94.5,58.25,160.0,24.0,292.0,285.5499999999999,24.645,24.64,285.55
longest,792672.5,479127.5,1259076.0,151551.0,2518452.0,2501589.7649999997,170568.18,170568.18,2501589.76
GC_Content,0.530769,0.528706,0.53212075,0.524942,0.534571,0.5339711500000001,0.52496393,0.525,0.534
Completeness_Specific,100.0,100.0,100.0,100.0,100.0,100.0,100.0,98.36,100.0
Contamination,0.15000000000000002,0.07,0.4375,0.0,1.51,1.4906499999999996,0.006450000000000001,0.01,5.68
Total_Coding_Sequences,5220.0,4843.5,5390.75,4547.0,5940.0,5894.204999999999,4548.29,4548.29,5894.2
Genome_Size,5425550.0,5122505.25,5591658.0,4921761.0,5958290.0,5952117.995,4928830.2,4928830.2,5952118.0
