metric,median,q1,q3,min,max,upper_bound,lower_bound,MY_LOWER,MY_UPPER
N50,95620.0,90699.0,155348.75,29301.0,525286.0,466258.73,30998.55,30998.55,466258.73
number,37.5,29.0,65.75,9.0,92.0,91.0,11.245000000000001,11.24,91.0
longest,317612.0,191367.75,339756.0,68248.0,525286.0,466258.73,86276.71,86276.71,466258.73
GC_Content,0.3998695,0.39900175,0.40017225,0.395488,0.405819,0.40548797,0.396179475,0.3962,0.4055
Completeness_Specific,99.005,98.55,99.3175,96.67,99.69,99.64755000000001,96.7339,96.61,99.65
Contamination,0.11,0.1,0.11,0.02,0.78,0.26,0.027350000000000006,0.03,6.35
Total_Coding_Sequences,785.0,778.0,795.75,716.0,825.0,822.775,734.98,734.98,822.78
Genome_Size,815703.5,809562.5,817386.25,764008.0,832830.0,832190.77,769993.835,769993.84,857799.0
