metric,median,q1,q3,min,max,upper_bound,lower_bound,MY_LOWER,MY_UPPER
N50,192042.0,167225.75,220943.0,90470.0,447156.0,382841.4349999999,97462.3,97462.3,382841.43
number,136.5,117.0,167.75,58.0,343.0,326.53,67.245,67.24,326.53
longest,491627.5,433580.25,604861.0,299948.0,1055783.0,929935.795,313123.01,313123.01,929935.8
GC_Content,0.672432,0.6712052500000001,0.6740122500000001,0.667197,0.675502,0.6754651600000001,0.66780549,0.6678,0.6755
Completeness_Specific,100.0,100.0,100.0,99.99,100.0,100.0,99.99,98.14,100.0
Contamination,0.33,0.22,0.6,0.03,2.14,1.963449999999999,0.03735,0.04,2.64
Total_Coding_Sequences,6739.5,6488.5,6917.25,5691.0,7601.0,7542.825,5771.54,5771.54,7542.82
Genome_Size,7522745.0,7251366.5,7709072.75,6291246.0,8272920.0,8218962.64,6384246.925,6384246.92,8218962.64
