metric,median,q1,q3,min,max,upper_bound,lower_bound,MY_LOWER,MY_UPPER
N50,191819.0,117266.0,257404.5,74447.0,522472.0,507943.5400000002,74990.12,74990.12,507943.54
number,171.0,141.5,216.0,96.0,467.0,458.2400000000001,100.38,100.38,458.24
longest,508449.0,326034.0,683108.0,231748.0,1114217.0,1097069.3000000003,232861.98,232861.98,1097069.3
GC_Content,0.44189,0.44088150000000004,0.44253750000000003,0.439341,0.444707,0.44392882,0.43935049000000004,0.4394,0.4444
Completeness_Specific,100.0,100.0,100.0,99.99,100.0,100.0,99.99,95.07,100.0
Contamination,0.1,0.045,0.28,0.0,0.81,0.8027000000000002,0.0073,0.01,1.18
Total_Coding_Sequences,3467.0,3391.5,3564.0,3224.0,3757.0,3751.89,3224.73,3224.73,3751.89
Genome_Size,3824756.0,3749358.0,3918086.5,3643770.0,4076691.0,4073104.5100000002,3650534.18,3620999.0,4073104.51
