metric,median,q1,q3,min,max,upper_bound,lower_bound,MY_LOWER,MY_UPPER
N50,126545.0,113945.0,225776.5,27247.0,578190.0,571968.8500000001,29399.2,29399.2,571968.85
number,235.0,97.0,296.5,45.0,594.0,502.2000000000006,46.7,46.7,502.2
longest,411791.0,396956.0,706206.5,196990.0,1524538.0,1476020.8500000003,202176.7,202176.7,1476020.85
GC_Content,0.352423,0.351077,0.352648,0.348986,0.35393500000000006,0.35377435,0.3491186,0.3491,0.3547
Completeness_Specific,100.0,100.0,100.0,99.99,100.0,100.0,99.99849999999999,98.82,100.0
Contamination,0.11,0.08,0.17,0.0,1.67,1.0240000000000042,0.0,0.0,1.76
Total_Coding_Sequences,6041.0,5753.5,6126.5,5281.0,6459.0,6425.85,5347.3,5347.3,6425.85
Genome_Size,5793824.0,5618619.5,5848396.5,5256217.0,6136866.0,6120161.8,5261517.6,5261517.6,6211130.0
