metric,median,q1,q3,min,max,upper_bound,lower_bound,MY_LOWER,MY_UPPER
N50,113289.0,73741.5,119171.5,31769.0,420585.0,408958.4499999999,33629.95,33629.95,408958.45
number,157.0,137.0,208.5,80.0,378.0,339.64999999999964,85.2,85.2,339.65
longest,312011.0,250635.0,477739.5,98393.0,918223.0,798807.5999999989,99524.0,99524.0,798807.6
GC_Content,0.443937,0.44374250000000004,0.445289,0.441657,0.448366,0.44724995,0.44181105000000004,0.4418,0.4472
Completeness_Specific,100.0,100.0,100.0,99.99,100.0,100.0,99.99,96.89,100.0
Contamination,0.3,0.07,0.35,0.0,0.72,0.7004999999999998,0.0,0.0,1.23
Total_Coding_Sequences,3765.0,3704.5,3788.5,3353.0,4327.0,4281.5,3415.4,3415.4,4584.0
Genome_Size,4169268.0,4075021.0,4201280.0,3768391.0,4570719.0,4500058.149999999,3815753.9,3815753.9,4897690.0
