species,scheme,metric,distribution,mean,std,median,q1,q3,iqr,min,max,lower_bound,upper_bound,warn_lower,warn_upper,FINAL_LOWER,FINAL_UPPER,WARN_LOWER,WARN_UPPER,species,count,refseq_count,refseq_distribution,refseq_mean,refseq_std,refseq_median,refseq_q1,refseq_q3,refseq_iqr,refseq_min,refseq_max,refseq_lower_bound,refseq_upper_bound,refseq_warn_lower,refseq_warn_upper,KS_statistic,KS_p_value,Wasserstein_Distance
Achromobacter xylosoxidans,qualibact-v1.0,N50,non-normal,243387.5104895105,200292.18335757637,144312.5,98765.5,373712.75,274947.25,28453.0,1110653.0,33326.775,982625.0249999996,39247.75,741204.125,33326.78,982625.02,39247.75,741204.12,Achromobacter xylosoxidans,286,0,,,,,,,,,,,,,,,,
Achromobacter xylosoxidans,qualibact-v1.0,number,non-normal,116.84965034965035,79.99935609367253,104.0,60.0,141.75,81.75,19.0,612.0,21.425,447.22499999999974,32.25,347.25,21.42,447.22,32.25,347.25,Achromobacter xylosoxidans,286,0,,,,,,,,,,,,,,,,
Achromobacter xylosoxidans,qualibact-v1.0,longest,non-normal,665753.8251748251,484258.3082154932,458029.0,303880.5,949279.25,645398.75,136189.0,2835516.0,150075.975,2708406.8999999966,184364.375,2008025.125,150075.98,2708406.9,184364.38,2008025.12,Achromobacter xylosoxidans,286,0,,,,,,,,,,,,,,,,
Achromobacter xylosoxidans,qualibact-v1.0,GC_Content,normal,67.60773671328671,0.16843106041841863,67.61410000000001,67.500275,67.7343,0.2340250000000026,67.1756,68.0547,67.214355,67.9619925,67.246925,67.90705,65.779,68.2657,67.2469,67.907,Achromobacter xylosoxidans,286,28,non-normal,67.46752857142857,0.47719513592984425,67.55335,67.37517500000001,67.67215,0.2969749999999891,65.779,68.2657,65.81153499999999,68.208649,65.94167499999999,67.980445,0.19905094905094906,0.22991866058787117,0.16369785214785174
Achromobacter xylosoxidans,qualibact-v1.0,Completeness_Specific,non-normal,99.99986013986013,0.0011743255680947732,100.0,100.0,100.0,0.0,99.99,100.0,99.99,100.0,100.0,100.0,91.1,100.0,100.0,100.0,Achromobacter xylosoxidans,286,28,non-normal,94.48142857142857,1.3306301253963284,94.215,93.8675,94.885,1.0174999999999983,91.1,99.48,91.33624999999999,99.04935,92.28125,97.32675,1.0,2.5699328026241304e-40,5.518431568431567
Achromobacter xylosoxidans,qualibact-v1.0,Contamination,non-normal,0.31590909090909086,0.44462883726131436,0.18,0.1,0.34,0.24000000000000002,0.0,3.06,0.01,2.6072499999999996,0.02,1.5275,0.01,9.24,0.02,1.53,Achromobacter xylosoxidans,286,28,normal,5.0925,1.8211449008796639,5.029999999999999,3.7925,6.16,2.3675,0.99,9.24,1.1979,9.090149999999998,2.0295,8.49075,0.9502997002997003,1.3586923138541047e-29,4.77659090909091
Achromobacter xylosoxidans,qualibact-v1.0,Total_Coding_Sequences,non-normal,6080.657342657342,201.18712734248965,6079.5,5903.75,6240.75,337.0,5682.0,6691.0,5698.925,6592.374999999999,5756.5,6429.625,5698.92,6870.0,5756.5,6429.62,Achromobacter xylosoxidans,286,28,normal,6194.392857142857,244.04015174406302,6155.5,6069.75,6301.75,232.0,5769.0,6870.0,5778.585,6833.28,5816.925,6686.4,0.28496503496503495,0.025021828076064217,113.7355144855145
Achromobacter xylosoxidans,qualibact-v1.0,Genome_Size,non-normal,6634277.493006993,189645.00026897408,6615943.5,6479491.0,6790040.5,310549.5,6176232.0,7179377.0,6251810.05,7078655.35,6333605.125,6984872.375,6251810.05,7359146.0,6333605.12,6984872.38,Achromobacter xylosoxidans,286,28,normal,6689464.928571428,230996.15753172923,6651424.5,6561282.5,6813182.75,251900.25,6268754.0,7359146.0,6285835.82,7320364.145,6354163.1,7165236.725,0.20104895104895104,0.2203990392357964,60147.85214785214
Achromobacter xylosoxidans,qualibact-v1.1,N50,non-normal,323578.49095607235,320675.6556787789,151927.0,67361.5,503573.5,436212.0,23877.0,1404701.0,24803.75,1345221.7899999998,33274.0,1102358.1499999992,24803.75,1345221.79,33274.0,1102358.15,Achromobacter xylosoxidans,387,0,,,,,,,,,,,,,,,,
Achromobacter xylosoxidans,qualibact-v1.1,number,non-normal,100.95865633074935,85.55541804497763,78.0,31.0,150.0,119.0,13.0,464.0,13.0,422.07,16.0,316.69999999999993,13.0,422.07,16.0,316.7,Achromobacter xylosoxidans,387,0,,,,,,,,,,,,,,,,
Achromobacter xylosoxidans,qualibact-v1.1,longest,non-normal,776029.4470284238,646152.9603201875,478331.0,245602.0,1222824.5,977222.5,84619.0,2918498.0,93312.25,2811238.56,140702.6,2190375.099999999,93312.25,2811238.56,140702.6,2190375.1,Achromobacter xylosoxidans,387,0,,,,,,,,,,,,,,,,
Achromobacter xylosoxidans,qualibact-v1.1,GC_Content,non-normal,67.82170542635659,0.38276052389545767,68.0,68.0,68.0,0.0,67.0,68.0,67.0,68.0,67.0,68.0,65.779,68.2657,67.0,68.0,Achromobacter xylosoxidans,387,28,non-normal,67.46752857142857,0.47719513592984425,67.55335,67.37517500000001,67.67215,0.2969749999999891,65.779,68.2657,65.81153499999999,68.208649,65.94167499999999,67.980445,0.7859911406423035,2.5733627934217368e-17,0.4475418050941308
Achromobacter xylosoxidans,qualibact-v1.1,Completeness_Specific,non-normal,99.96728682170544,0.19151680128690954,100.0,100.0,100.0,0.0,98.04,100.0,98.4383,100.0,99.73,100.0,91.1,100.0,99.73,100.0,Achromobacter xylosoxidans,387,28,non-normal,94.48142857142857,1.3306301253963284,94.215,93.8675,94.885,1.0174999999999983,91.1,99.48,91.33624999999999,99.04935,92.28125,97.32675,0.9844961240310077,1.0306914349605151e-37,5.485858250276852
Achromobacter xylosoxidans,qualibact-v1.1,Contamination,non-normal,0.30025839793281656,0.34939657898471027,0.19,0.07,0.365,0.295,0.0,1.83,0.0,1.6420999999999997,0.006500000000000004,1.2934999999999997,0.0,9.24,0.01,1.29,Achromobacter xylosoxidans,387,28,normal,5.0925,1.8211449008796639,5.029999999999999,3.7925,6.16,2.3675,0.99,9.24,1.1979,9.090149999999998,2.0295,8.49075,0.9642857142857143,1.35034635729248e-33,4.792241602067183
Achromobacter xylosoxidans,qualibact-v1.1,Total_Coding_Sequences,non-normal,5896.6227390180875,243.6888499849102,5860.0,5709.0,6068.0,359.0,5306.0,6633.0,5389.55,6417.84,5455.55,6365.0,5389.55,6870.0,5455.55,6365.0,Achromobacter xylosoxidans,387,28,normal,6194.357142857143,244.0246202868113,6155.5,6069.75,6301.75,232.0,5769.0,6870.0,5778.585,6833.28,5816.925,6686.4,0.5251937984496124,3.292974628472101e-07,297.734403839055
Achromobacter xylosoxidans,qualibact-v1.1,Genome_Size,non-normal,6456923.8630490955,233650.25473087537,6431808.0,6294921.0,6603166.0,308245.0,5869362.0,7048698.0,5940074.3,6968810.03,6005157.05,6936371.35,5940074.3,7359146.0,6005157.05,6936371.35,Achromobacter xylosoxidans,387,28,normal,6689464.928571428,230996.15753172923,6651424.5,6561282.5,6813182.75,251900.25,6268754.0,7359146.0,6285835.82,7320364.145,6354163.1,7165236.725,0.4657622739018088,1.0732991141224132e-05,232541.06552233294
Acinetobacter baumannii,qualibact-v1.0,N50,non-normal,142030.86714672152,72949.44652544054,135095.0,97846.0,163992.0,66146.0,14174.0,718672.0,24078.05,462404.86,36724.100000000006,361978.74999999994,24078.05,462404.86,36724.1,361978.75,Acinetobacter baumannii,26247,0,,,,,,,,,,,,,,,,
Acinetobacter baumannii,qualibact-v1.0,number,non-normal,117.30868289709301,55.58326488437509,104.0,83.0,135.0,52.0,20.0,779.0,35.0,379.77000000000044,48.0,267.84999999999854,35.0,379.77,48.0,267.85,Acinetobacter baumannii,26247,0,,,,,,,,,,,,,,,,
Acinetobacter baumannii,qualibact-v1.0,longest,non-normal,339141.76328723284,159932.13264327554,301951.0,252787.0,373150.0,120363.0,58519.0,1648648.0,90339.61,1067728.0,123739.0,815215.5999999994,90339.61,1067728.0,123739.0,815215.6,Acinetobacter baumannii,26247,0,,,,,,,,,,,,,,,,
Acinetobacter baumannii,qualibact-v1.0,GC_Content,non-normal,38.95335439478797,0.09537020840623246,38.9448,38.8805,39.0125,0.132000000000005,38.4113,39.5554,38.758869,39.260708,38.8046,39.164185,38.6896,39.7475,38.8046,39.1642,Acinetobacter baumannii,26247,1015,non-normal,39.04045467980295,0.10616188992377683,39.0363,38.96705,39.0997,0.13264999999999816,38.6896,39.7475,38.807421,39.33881,38.87088,39.27294,0.36505527913018826,3.282166399907187e-117,0.08715516432091401
Acinetobacter baumannii,qualibact-v1.0,Completeness_Specific,non-normal,99.99698975120967,0.006313039586314258,100.0,99.99,100.0,0.010000000000005116,99.7,100.0,99.97,100.0,99.98,100.0,96.86,100.0,99.98,100.0,Acinetobacter baumannii,26247,1015,non-normal,99.37708374384235,0.5624797033069628,99.55,99.14500000000001,99.78,0.6349999999999909,96.86,99.94,97.06490000000001,99.94,97.8445,99.94,0.9994285061149846,0.0,0.6199060073672971
Acinetobacter baumannii,qualibact-v1.0,Contamination,non-normal,0.1874903798529356,0.18525501081358944,0.13,0.08,0.23,0.15000000000000002,0.0,2.49,0.0,1.32,0.02,0.69,0.0,6.63,0.02,0.69,Acinetobacter baumannii,26247,1011,non-normal,0.5546587537091988,0.641906899885569,0.25,0.17,0.69,0.5199999999999999,0.02,6.63,0.06,4.243500000000006,0.17,2.045,0.6193412071737123,0.0,0.36716837385626316
Acinetobacter baumannii,qualibact-v1.0,Total_Coding_Sequences,non-normal,3790.3751666857165,131.26541728051347,3785.0,3705.0,3867.0,162.0,3232.0,4493.0,3465.0,4195.0,3552.0,4078.0,3452.0,4524.0,3552.0,4078.0,Acinetobacter baumannii,26247,1015,non-normal,3903.1724137931033,157.19692656588362,3896.0,3801.5,4008.0,206.5,3452.0,4524.0,3510.0,4435.719999999999,3593.5,4222.0,0.3442223845052148,6.930221261833757e-104,112.79724710738701
Acinetobacter baumannii,qualibact-v1.0,Genome_Size,non-normal,3957248.465310321,107916.20096923054,3953738.0,3885347.0,4019070.5,133723.5,3368508.0,4532195.0,3673196.9,4334398.69,3753055.95,4189169.4499999997,3638126.0,4613804.0,3753055.95,4189169.45,Acinetobacter baumannii,26247,1015,non-normal,4045473.0098522166,132990.87573770492,4036816.0,3963048.0,4125480.5,162432.5,3638126.0,4613804.0,3727654.14,4476849.75,3802031.3,4341561.25,0.32335717091570965,2.0381431353527534e-91,88224.54454189561
Acinetobacter baylyi,qualibact-v1.0,N50,non-normal,303014.03305785125,152688.27442510528,296780.5,200919.75,426071.0,225151.25,14417.0,792728.0,20271.13,792700.0,39477.600000000006,505219.0,20271.13,792700.0,39477.6,505219.0,Acinetobacter baylyi,242,0,,,,,,,,,,,,,,,,
Acinetobacter baylyi,qualibact-v1.0,number,non-normal,62.049586776859506,47.397885233653994,48.5,41.0,62.0,21.0,23.0,408.0,23.0,366.52499999999884,27.05,203.5999999999999,23.0,366.52,27.05,203.6,Acinetobacter baylyi,242,0,,,,,,,,,,,,,,,,
Acinetobacter baylyi,qualibact-v1.0,longest,non-normal,611270.4545454546,279761.2008450353,579446.0,395249.5,790415.0,395165.5,72558.0,1422396.0,100218.195,1422396.0,155425.125,1092098.0,100218.2,1422396.0,155425.12,1092098.0,Acinetobacter baylyi,242,0,,,,,,,,,,,,,,,,
Acinetobacter baylyi,qualibact-v1.0,GC_Content,non-normal,40.36106115702479,0.04789424881690592,40.357699999999994,40.343625,40.373275,0.029649999999996624,40.1031,40.6377,40.136745499999996,40.580109,40.313855000000004,40.4324325,40.1367,40.5801,40.3139,40.4324,Acinetobacter baylyi,242,3,insufficient_data,40.447466666666664,0.014039547317805852,40.4489,40.43925,40.4564,0.017150000000000887,40.4296,40.4639,40.429793000000004,40.463750000000005,40.430565,40.46315,0.9710743801652892,9.912890474951372e-05,0.0908055096418749
Acinetobacter baylyi,qualibact-v1.0,Completeness_Specific,non-normal,99.98698347107437,0.008405511248971494,99.99,99.99,99.99,0.0,99.96,100.0,99.96,100.0,99.97,100.0,98.37,100.0,99.97,100.0,Acinetobacter baylyi,242,3,insufficient_data,98.71666666666665,0.2451303508113346,98.89,98.63,98.89,0.2600000000000051,98.37,98.89,98.3752,98.89,98.396,98.89,1.0,8.260742062459474e-07,1.270316804407708
Acinetobacter baylyi,qualibact-v1.0,Contamination,non-normal,0.10764462809917358,0.1265034778540069,0.07,0.05,0.11,0.06,0.02,1.18,0.02,0.9258999999999998,0.02,0.33749999999999947,0.02,0.93,0.02,0.34,Acinetobacter baylyi,242,3,insufficient_data,0.5666666666666667,0.20741798914805396,0.42,0.42,0.64,0.22000000000000003,0.42,0.86,0.42,0.8556,0.42,0.838,0.9834710743801653,2.891259721860815e-05,0.46265840220385673
Acinetobacter baylyi,qualibact-v1.0,Total_Coding_Sequences,non-normal,3275.4752066115702,77.2447101946566,3276.5,3250.25,3307.0,56.75,3002.0,3665.0,3002.205,3601.9399999999982,3024.3,3393.925,3002.2,3601.94,3024.3,3393.92,Acinetobacter baylyi,242,3,insufficient_data,3370.0,14.98888477061141,3362.0,3359.5,3376.5,17.0,3357.0,3391.0,3357.05,3390.71,3357.25,3389.55,0.9628099173553719,0.0001817363253741083,101.38429752066116
Acinetobacter baylyi,qualibact-v1.0,Genome_Size,non-normal,3552220.9752066117,76659.95161584168,3559168.5,3525649.25,3570763.25,45114.0,3273444.0,3936246.0,3273777.64,3868785.114999998,3274430.875,3629927.925,3273777.64,3868785.11,3274430.88,3629927.92,Acinetobacter baylyi,242,3,insufficient_data,3611801.6666666665,13341.088444684297,3606701.0,3602661.0,3618392.0,15731.0,3598621.0,3630083.0,3598701.8,3629849.18,3599025.0,3628913.9,0.7851239669421488,0.021672056800862427,66439.24517906335
Acinetobacter johnsonii,qualibact-v1.0,N50,non-normal,118656.59770114943,98792.55943403741,85992.0,59507.5,120608.0,61100.5,29738.0,383696.0,30240.24,383596.67,32892.75,383452.25,30240.24,383596.67,32892.75,383452.25,Acinetobacter johnsonii,87,0,,,,,,,,,,,,,,,,
Acinetobacter johnsonii,qualibact-v1.0,number,non-normal,176.70114942528735,107.18124245552953,167.0,101.5,242.0,140.5,24.0,470.0,24.43,460.10999999999984,26.0,444.49999999999994,24.43,460.11,26.0,444.5,Acinetobacter johnsonii,87,0,,,,,,,,,,,,,,,,
Acinetobacter johnsonii,qualibact-v1.0,longest,non-normal,315217.724137931,195081.24515425717,246072.0,194344.0,337101.5,142757.5,109773.0,825134.0,111279.29,825134.0,125105.8,825074.45,111279.29,825134.0,125105.8,825074.45,Acinetobacter johnsonii,87,0,,,,,,,,,,,,,,,,
Acinetobacter johnsonii,qualibact-v1.0,GC_Content,normal,41.293424137931034,0.12400428984562949,41.296,41.20184999999999,41.398700000000005,0.19685000000001196,40.9579,41.6017,40.997933,41.570482,41.07064,41.51554,40.9979,41.675,41.0706,41.5155,Acinetobacter johnsonii,87,25,normal,41.361932,0.14547861346603466,41.3854,41.273,41.471,0.1979999999999933,41.0103,41.675,41.020344,41.660911999999996,41.060520000000004,41.60456,0.28229885057471266,0.07361150862508008,0.07345940229885038
Acinetobacter johnsonii,qualibact-v1.0,Completeness_Specific,non-normal,99.99977011494252,0.0014986672195875831,100.0,100.0,100.0,0.0,99.99,100.0,99.99,100.0,100.0,100.0,86.87,100.0,100.0,100.0,Acinetobacter johnsonii,87,25,normal,91.89200000000001,2.3105895351619687,91.35,90.31,93.74,3.4299999999999926,86.87,95.79,87.0836,95.79,87.938,95.79,1.0,3.311598139653174e-25,8.10777011494253
Acinetobacter johnsonii,qualibact-v1.0,Contamination,non-normal,0.486896551724138,0.3099065871302674,0.41,0.265,0.615,0.35,0.05,1.25,0.0629,1.25,0.08,1.22,0.06,8.12,0.08,1.22,Acinetobacter johnsonii,87,25,normal,4.03,1.8200395600096169,3.36,2.76,5.51,2.75,0.91,8.12,1.0132,8.001199999999999,1.4260000000000002,7.525999999999998,0.96,1.1126969749234673e-21,3.5431034482758634
Acinetobacter johnsonii,qualibact-v1.0,Total_Coding_Sequences,normal,3517.816091954023,184.9093924580629,3485.0,3399.0,3667.0,268.0,3208.0,4114.0,3211.87,4073.5799999999995,3223.1,3884.85,3211.87,4202.0,3223.1,3884.85,Acinetobacter johnsonii,87,24,normal,3601.1666666666665,238.32639850050649,3566.5,3452.5,3716.75,264.25,3232.0,4202.0,3236.6,4179.115000000001,3255.0,4087.5750000000003,0.20689655172413793,0.34348843061537293,85.6551724137931
Acinetobacter johnsonii,qualibact-v1.0,Genome_Size,normal,3597413.4942528736,148247.23313894737,3620172.0,3507392.5,3704694.5,197302.0,3301602.0,4003479.0,3308306.99,3967272.139999999,3329291.8,3903974.9,3308306.99,4135620.0,3329291.8,3903974.9,Acinetobacter johnsonii,87,25,normal,3660847.6,226861.5775660568,3631330.0,3518019.0,3798074.0,280055.0,3343033.0,4135620.0,3343945.96,4131671.16,3347597.8,4115875.8,0.296551724137931,0.049719001865715484,74496.30896551724
Acinetobacter nosocomialis,qualibact-v1.0,N50,non-normal,168175.7601246106,123082.61665528535,124915.0,93669.0,202502.0,108833.0,19434.0,937629.0,20670.4,802378.5999999964,29549.0,470815.0,20670.4,802378.6,29549.0,470815.0,Acinetobacter nosocomialis,321,0,,,,,,,,,,,,,,,,
Acinetobacter nosocomialis,qualibact-v1.0,number,non-normal,108.1246105919003,62.59052050628046,96.0,71.0,128.0,57.0,26.0,449.0,29.6,421.19999999999993,34.0,282.0,29.6,421.2,34.0,282.0,Acinetobacter nosocomialis,321,0,,,,,,,,,,,,,,,,
Acinetobacter nosocomialis,qualibact-v1.0,longest,non-normal,445377.0903426791,304342.98655223503,356557.0,271622.0,514280.0,242658.0,73523.0,1873802.0,77345.6,1873775.0,102214.0,1389201.0,77345.6,1873775.0,102214.0,1389201.0,Acinetobacter nosocomialis,321,0,,,,,,,,,,,,,,,,
Acinetobacter nosocomialis,qualibact-v1.0,GC_Content,non-normal,38.72472180685358,0.07729668350887034,38.7165,38.682,38.7652,0.08319999999999794,38.3821,39.0606,38.53994,39.02462,38.6081,38.8985,38.5399,39.0246,38.6081,38.8985,Acinetobacter nosocomialis,321,35,normal,38.77737714285714,0.06287633706940363,38.782,38.7185,38.823049999999995,0.10454999999999615,38.6369,38.9,38.647202,38.899370999999995,38.68841,38.896854999999995,0.3907432131731197,7.64890359782248e-05,0.057000400534044704
Acinetobacter nosocomialis,qualibact-v1.0,Completeness_Specific,non-normal,99.99919003115264,0.003051687700002834,100.0,100.0,100.0,0.0,99.98,100.0,99.98,100.0,99.99,100.0,89.32,100.0,99.99,100.0,Acinetobacter nosocomialis,321,35,normal,93.07285714285715,1.520531056531748,93.27,91.775,94.36500000000001,2.5900000000000034,89.32,95.3,89.58009999999999,95.2864,90.62049999999999,95.232,1.0,5.821357031490281e-49,6.926332888295505
Acinetobacter nosocomialis,qualibact-v1.0,Contamination,non-normal,0.1547663551401869,0.20459372001577314,0.07,0.01,0.24,0.22999999999999998,0.0,1.06,0.0,0.9939999999999998,0.0,0.75,0.0,8.86,0.0,0.75,Acinetobacter nosocomialis,321,35,non-normal,3.2337142857142855,1.6982833109000495,2.8,2.12,3.37,1.25,1.46,8.86,1.4923,8.754599999999998,1.6215,8.332999999999998,1.0,5.821357031490281e-49,3.078947930574099
Acinetobacter nosocomialis,qualibact-v1.0,Total_Coding_Sequences,non-normal,3798.423676012461,147.4564445968829,3784.0,3677.0,3898.0,221.0,3460.0,4146.0,3521.0,4137.2,3568.0,4128.0,3521.0,4216.0,3568.0,4128.0,Acinetobacter nosocomialis,321,35,normal,3922.2,175.22537324420637,3874.0,3793.0,4072.5,279.5,3583.0,4216.0,3595.75,4211.24,3646.75,4192.2,0.3119715175789942,0.0031364331349433244,123.77632398753892
Acinetobacter nosocomialis,qualibact-v1.0,Genome_Size,non-normal,3999216.9968847353,131735.59923133152,3966144.0,3907548.0,4073681.0,166133.0,3737809.0,4328872.0,3768285.8,4324595.2,3802670.0,4307581.0,3768285.8,4428133.0,3802670.0,4307581.0,Acinetobacter nosocomialis,321,35,normal,4105675.685714286,179551.6737732816,4050855.0,3960572.5,4250671.5,290099.0,3793191.0,4428133.0,3798593.94,4422659.68,3820205.7,4400766.4,0.31241655540720964,0.0030982677423814038,106645.00551846907
Acinetobacter pittii,qualibact-v1.0,N50,non-normal,223718.09797297296,170144.03471958492,156206.0,108427.75,281993.75,173566.0,26850.0,1062479.0,30895.425,985536.8349999984,51042.775,642305.175,30895.42,985536.83,51042.78,642305.18,Acinetobacter pittii,592,0,,,,,,,,,,,,,,,,
Acinetobacter pittii,qualibact-v1.0,number,non-normal,93.01013513513513,47.38321238791176,91.0,58.0,117.0,59.0,19.0,462.0,23.0,299.47499999999775,30.0,196.45000000000005,23.0,299.47,30.0,196.45,Acinetobacter pittii,592,0,,,,,,,,,,,,,,,,
Acinetobacter pittii,qualibact-v1.0,longest,non-normal,545307.6435810811,361826.8814859592,409218.5,304068.0,656762.75,352694.75,89330.0,1923640.0,122185.005,1740532.5299999993,158534.2,1615626.9000000004,122185.0,1740532.53,158534.2,1615626.9,Acinetobacter pittii,592,0,,,,,,,,,,,,,,,,
Acinetobacter pittii,qualibact-v1.0,GC_Content,non-normal,38.74905219594595,0.07849425823752254,38.7487,38.705600000000004,38.7985,0.0928999999999931,38.4281,39.0424,38.475677499999996,38.9387555,38.5654625,38.9058675,38.4757,39.1757,38.5655,38.9059,Acinetobacter pittii,592,82,non-normal,38.83428658536585,0.09349320147736219,38.82465,38.77005,38.874825,0.10477500000000362,38.6248,39.1757,38.6406355,39.120377,38.6674725,39.006080000000004,0.41607613711272246,9.128743947941946e-12,0.08523438941990755
Acinetobacter pittii,qualibact-v1.0,Completeness_Specific,non-normal,99.99635135135135,0.008108108108108485,100.0,99.99,100.0,0.010000000000005116,99.92,100.0,99.94955,100.0,99.98,100.0,97.5,100.0,99.98,100.0,Acinetobacter pittii,592,82,non-normal,99.78048780487805,0.3697853775651958,99.905,99.76,99.99,0.22999999999998977,97.5,99.99,98.0265,99.99,99.01025,99.99,0.7347972972972973,2.0752131181666973e-39,0.21586354647330375
Acinetobacter pittii,qualibact-v1.0,Contamination,non-normal,0.17633445945945947,0.21221780060500756,0.09,0.05,0.21,0.15999999999999998,0.0,1.77,0.01,1.122149999999989,0.02,0.7522500000000002,0.01,1.5,0.02,0.75,Acinetobacter pittii,592,54,non-normal,0.337037037037037,0.29205928894299443,0.25,0.09,0.5525,0.4625,0.02,1.5,0.02265,1.3886999999999998,0.036500000000000005,0.9987499999999994,0.3517267267267267,5.754452654705837e-06,0.16161473973973972
Acinetobacter pittii,qualibact-v1.0,Total_Coding_Sequences,normal,3784.3969594594596,148.73326452828766,3788.0,3685.75,3873.0,187.25,3377.0,4348.0,3428.73,4211.315,3513.55,4075.125,3428.73,4327.0,3513.55,4075.12,Acinetobacter pittii,592,82,normal,3932.621951219512,194.29520161805976,3892.0,3802.5,4056.75,254.25,3480.0,4327.0,3535.485,4326.19,3644.325,4297.825,0.3309986816084377,1.6046533003358825e-07,148.29593770599865
Acinetobacter pittii,qualibact-v1.0,Genome_Size,non-normal,3990182.4375,119587.91513102237,3998747.5,3913960.25,4061995.25,148035.0,3665569.0,4463998.0,3701214.4,4405376.454999999,3768770.15,4230920.925000001,3688740.0,4499353.0,3768770.15,4230920.93,Acinetobacter pittii,592,82,normal,4089196.951219512,171834.4951197122,4057266.5,3957111.25,4198682.5,241571.25,3688740.0,4499353.0,3741095.565,4468208.905,3832200.525,4398033.875,0.30632003955174686,1.7169013822624406e-06,99535.82329433091
Acinetobacter radioresistens,qualibact-v1.0,N50,non-normal,200356.54444444444,99518.94600941976,176619.0,128850.5,266744.0,137893.5,42500.0,406444.0,45805.905,400625.6249999999,54295.7,378611.1249999999,45805.9,400625.62,54295.7,378611.12,Acinetobacter radioresistens,90,0,,,,,,,,,,,,,,,,
Acinetobacter radioresistens,qualibact-v1.0,number,non-normal,70.67777777777778,37.01105774037981,59.0,42.25,83.0,40.75,24.0,192.0,24.89,178.64999999999978,28.225,157.77499999999998,24.89,178.65,28.22,157.77,Acinetobacter radioresistens,90,0,,,,,,,,,,,,,,,,
Acinetobacter radioresistens,qualibact-v1.0,longest,normal,416682.23333333334,134562.84559574135,391897.0,350417.75,526208.0,175790.25,113824.0,795307.0,132910.495,729916.9199999989,175104.325,638980.575,132910.5,729916.92,175104.32,638980.57,Acinetobacter radioresistens,90,0,,,,,,,,,,,,,,,,
Acinetobacter radioresistens,qualibact-v1.0,GC_Content,non-normal,41.5378,0.12041404034044835,41.56245,41.464974999999995,41.6068,0.1418250000000043,41.0602,41.8159,41.165442500000005,41.785106,41.321667500000004,41.7438175,41.1654,41.8495,41.3217,41.7438,Acinetobacter radioresistens,90,7,insufficient_data,41.58145714285714,0.13179198823625604,41.5517,41.52225,41.619550000000004,0.09730000000000416,41.3854,41.8495,41.389288,41.843023,41.40484,41.817115,0.22380952380952382,0.834628751965638,0.047694920634920854
Acinetobacter radioresistens,qualibact-v1.0,Completeness_Specific,non-normal,100.0,0.0,100.0,100.0,100.0,0.0,100.0,100.0,100.0,100.0,100.0,100.0,97.64,100.0,100.0,100.0,Acinetobacter radioresistens,90,7,insufficient_data,98.52000000000001,0.6150261318490017,98.45,98.11,98.825,0.7150000000000034,97.64,99.68,97.6538,99.65480000000001,97.709,99.554,1.0,1.5568756912068792e-10,1.4799999999999978
Acinetobacter radioresistens,qualibact-v1.0,Contamination,non-normal,0.07733333333333334,0.08291628978138801,0.05,0.03,0.1,0.07,0.0,0.52,0.0,0.4799499999999993,0.0,0.32299999999999895,0.0,1.2,0.0,0.32,Acinetobacter radioresistens,90,7,insufficient_data,0.8057142857142857,0.31752872278885,0.77,0.7050000000000001,1.045,0.33999999999999986,0.17,1.2,0.1844,1.1966999999999999,0.24200000000000002,1.1835,0.9111111111111111,1.001849507291627e-06,0.7283809523809525
Acinetobacter radioresistens,qualibact-v1.0,Total_Coding_Sequences,normal,3019.811111111111,124.87868730576037,3007.5,2937.75,3097.0,159.25,2735.0,3383.0,2740.34,3370.9849999999997,2759.6,3324.374999999999,2740.34,3370.98,2759.6,3324.37,Acinetobacter radioresistens,90,7,insufficient_data,3070.714285714286,134.5837119052825,3066.0,2966.0,3165.5,199.5,2889.0,3277.0,2890.26,3275.65,2895.3,3270.25,0.23015873015873015,0.8056803509312146,58.1920634920635
Acinetobacter radioresistens,qualibact-v1.0,Genome_Size,normal,3198580.3333333335,105509.51840421265,3184193.0,3132794.25,3260502.75,127708.5,2984176.0,3496618.0,2984380.255,3496314.51,2993568.4,3458093.474999999,2984380.26,3496314.51,2993568.4,3458093.47,Acinetobacter radioresistens,90,7,insufficient_data,3244881.4285714286,118144.84624979524,3247241.0,3146957.0,3324650.0,177693.0,3089777.0,3433938.0,3091069.49,3432246.84,3096239.45,3425482.2,0.2714285714285714,0.6266292025310676,51064.193650793655
Acinetobacter ursingii,qualibact-v1.0,N50,non-normal,128228.85046728973,59989.02832657339,113612.0,80712.0,154211.5,73499.5,32408.0,286160.0,33433.55,281706.41,45579.55,266209.74999999994,33433.55,281706.41,45579.55,266209.75,Acinetobacter ursingii,107,0,,,,,,,,,,,,,,,,
Acinetobacter ursingii,qualibact-v1.0,number,non-normal,132.86915887850466,52.37001426980536,130.0,89.0,169.0,80.0,46.0,252.0,50.77,252.0,59.65,245.44999999999996,50.77,252.0,59.65,245.45,Acinetobacter ursingii,107,0,,,,,,,,,,,,,,,,
Acinetobacter ursingii,qualibact-v1.0,longest,normal,338215.91588785045,92062.60361796292,341771.0,263246.0,381004.0,117758.0,122447.0,613183.0,124017.92,604707.24,190914.0,520249.0,124017.92,604707.24,190914.0,520249.0,Acinetobacter ursingii,107,0,,,,,,,,,,,,,,,,
Acinetobacter ursingii,qualibact-v1.0,GC_Content,non-normal,39.99522242990654,0.10281836021758918,40.0008,39.9304,40.066500000000005,0.1361000000000061,39.6477,40.2032,39.722006,40.197423,39.793605,40.169615,39.722,40.3467,39.7936,40.1696,Acinetobacter ursingii,107,8,insufficient_data,40.099325,0.13157428272652658,40.030950000000004,40.0096,40.195350000000005,0.18575000000000585,39.9474,40.3467,39.949325,40.3431615,39.957025,40.329007499999996,0.38901869158878505,0.15958090295503058,0.10410257009345918
Acinetobacter ursingii,qualibact-v1.0,Completeness_Specific,non-normal,99.986261682243,0.022693544081179618,99.99,99.99,100.0,0.010000000000005116,99.88,100.0,99.8853,100.0,99.913,100.0,99.24,100.0,99.91,100.0,Acinetobacter ursingii,107,8,insufficient_data,99.5425,0.20926956300427857,99.64500000000001,99.345,99.73,0.3850000000000051,99.24,99.73,99.24,99.73,99.24,99.73,1.0,3.3813135423920995e-12,0.4437616822429886
Acinetobacter ursingii,qualibact-v1.0,Contamination,non-normal,0.2649532710280374,0.20401289052078586,0.23,0.14500000000000002,0.295,0.14999999999999997,0.02,1.13,0.02,1.13,0.02,0.91,0.02,1.13,0.02,0.91,Acinetobacter ursingii,107,7,insufficient_data,0.22285714285714286,0.17260311913373372,0.14,0.11,0.315,0.20500000000000002,0.04,0.53,0.041800000000000004,0.5273,0.049,0.5165,0.32176234979973295,0.416147590070666,0.08914552736982644
Acinetobacter ursingii,qualibact-v1.0,Total_Coding_Sequences,normal,3440.0654205607475,186.68356309406573,3422.0,3310.0,3542.0,232.0,3033.0,3815.0,3035.12,3813.41,3132.6,3797.35,3035.12,3947.0,3132.6,3797.35,Acinetobacter ursingii,107,8,insufficient_data,3626.5,233.42289947646526,3622.0,3400.0,3847.75,447.75,3334.0,3947.0,3334.945,3944.445,3338.725,3934.225,0.375,0.18700659626228264,186.43457943925233
Acinetobacter ursingii,qualibact-v1.0,Genome_Size,normal,3607365.5887850467,174946.73095566517,3592866.0,3491285.0,3692287.5,201002.5,3233422.0,4025744.0,3251927.48,4024415.82,3306240.4,3998262.8,3251927.48,4185992.0,3306240.4,3998262.8,Acinetobacter ursingii,107,8,insufficient_data,3810057.125,242855.76683828072,3767329.5,3601621.0,4029575.75,427954.75,3487215.0,4185992.0,3490077.335,4182194.675,3501526.675,4167005.375,0.3633177570093458,0.21862871068820547,202691.53621495326
Actinobacillus lignieresii,qualibact-v1.0,N50,normal,96919.32224532224,30342.4155809489,99948.0,72297.0,113001.0,40704.0,29216.0,202721.0,36499.8,171068.4,42141.0,155726.0,36499.8,171068.4,42141.0,155726.0,Actinobacillus lignieresii,481,0,,,,,,,,,,,,,,,,
Actinobacillus lignieresii,qualibact-v1.0,number,non-normal,73.13513513513513,21.187226774924838,68.0,59.0,80.0,21.0,42.0,185.0,44.0,159.00000000000023,47.0,132.0,44.0,159.0,47.0,132.0,Actinobacillus lignieresii,481,0,,,,,,,,,,,,,,,,
Actinobacillus lignieresii,qualibact-v1.0,longest,non-normal,252814.03534303536,72276.21768482434,239896.0,207233.0,320525.0,113292.0,84940.0,439547.0,91559.8,407169.2000000009,108102.0,380047.0,91559.8,407169.2,108102.0,380047.0,Actinobacillus lignieresii,481,0,,,,,,,,,,,,,,,,
Actinobacillus lignieresii,qualibact-v1.0,GC_Content,normal,41.12199833679834,0.04514456977517832,41.1188,41.0921,41.147,0.054899999999996396,41.0148,41.2761,41.01982,41.23694,41.0303,41.2173,41.0198,41.2369,41.0303,41.2173,Actinobacillus lignieresii,481,1,insufficient_data,41.1454,0.0,41.1454,41.1454,41.1454,0.0,41.1454,41.1454,41.1454,41.1454,41.1454,41.1454,0.7401247401247402,0.5228215767634852,0.04179126819126918
Actinobacillus lignieresii,qualibact-v1.0,Completeness_Specific,non-normal,100.0,0.0,100.0,100.0,100.0,0.0,100.0,100.0,100.0,100.0,100.0,100.0,93.05,100.0,100.0,100.0,Actinobacillus lignieresii,481,1,insufficient_data,93.05,0.0,93.05,93.05,93.05,0.0,93.05,93.05,93.05,93.05,93.05,93.05,1.0,0.004149377593360993,6.950000000000003
Actinobacillus lignieresii,qualibact-v1.0,Contamination,non-normal,0.10079002079002079,0.101807978236678,0.06,0.05,0.15,0.09999999999999999,0.0,1.1,0.0,0.47600000000000137,0.0,0.37,0.0,0.57,0.0,0.37,Actinobacillus lignieresii,481,1,insufficient_data,0.57,0.0,0.57,0.57,0.57,0.0,0.57,0.57,0.57,0.57,0.57,0.57,0.9958419958419958,0.01244813278008298,0.4726611226611226
Actinobacillus lignieresii,qualibact-v1.0,Total_Coding_Sequences,non-normal,2152.6673596673595,51.06037308599939,2141.0,2114.0,2183.0,69.0,2040.0,2290.0,2047.6,2282.6,2075.0,2272.0,2047.6,2336.0,2075.0,2272.0,Actinobacillus lignieresii,481,1,insufficient_data,2336.0,0.0,2336.0,2336.0,2336.0,0.0,2336.0,2336.0,2336.0,2336.0,2336.0,2336.0,1.0,0.004149377593360993,183.33264033264032
Actinobacillus lignieresii,qualibact-v1.0,Genome_Size,non-normal,2258672.754677755,37633.346332653644,2252473.0,2226075.0,2280488.0,54413.0,2172381.0,2376585.0,2182559.6,2341702.2,2208199.0,2338222.0,2182559.6,2377048.0,2208199.0,2338222.0,Actinobacillus lignieresii,481,1,insufficient_data,2377048.0,0.0,2377048.0,2377048.0,2377048.0,0.0,2377048.0,2377048.0,2377048.0,2377048.0,2377048.0,2377048.0,1.0,0.004149377593360993,118375.24532224532
Aerococcus urinae,qualibact-v1.0,N50,non-normal,231482.7789473684,127171.35321051377,219129.0,144112.5,259394.0,115281.5,58131.0,573953.0,59405.64,553859.0900000001,75369.0,512351.75,59405.64,553859.09,75369.0,512351.75,Aerococcus urinae,95,0,,,,,,,,,,,,,,,,
Aerococcus urinae,qualibact-v1.0,number,non-normal,43.10526315789474,18.702363309266577,37.0,29.5,52.0,22.5,19.0,125.0,19.0,109.96000000000004,21.05,83.59999999999997,19.0,109.96,21.05,83.6,Aerococcus urinae,95,0,,,,,,,,,,,,,,,,
Aerococcus urinae,qualibact-v1.0,longest,normal,430168.6105263158,156760.43919213634,417128.0,341797.0,495889.0,154092.0,174474.0,764465.0,175144.69,751356.7000000001,178428.95,733687.5,175144.69,751356.7,178428.95,733687.5,Aerococcus urinae,95,0,,,,,,,,,,,,,,,,
Aerococcus urinae,qualibact-v1.0,GC_Content,non-normal,42.323460000000004,0.25786012381256507,42.4339,42.10865,42.54715,0.4385000000000048,41.7107,42.5967,41.713896000000005,42.592517,41.728425,42.58283,41.7139,42.602,41.7284,42.5828,Aerococcus urinae,95,5,insufficient_data,42.43708,0.27490601593999414,42.5944,42.5016,42.5951,0.0934999999999988,41.8923,42.602,41.904486,42.601862,41.95323,42.60131,0.5894736842105263,0.04493982535219649,0.13759684210526338
Aerococcus urinae,qualibact-v1.0,Completeness_Specific,non-normal,99.97873684210528,0.01474285591579786,99.98,99.97,99.99,0.01999999999999602,99.9,99.99,99.9188,99.99,99.9435,99.99,92.7,99.99,99.94,99.99,Aerococcus urinae,95,5,insufficient_data,96.63000000000001,1.9839959677378372,97.62,97.11,97.86,0.75,92.7,97.86,92.7882,97.86,93.141,97.86,1.0,2.656482774303099e-08,3.348736842105261
Aerococcus urinae,qualibact-v1.0,Contamination,non-normal,0.3550526315789474,0.1508632959736137,0.33,0.22,0.495,0.275,0.14,1.01,0.1494,0.8173000000000005,0.1635,0.5729999999999998,0.15,3.27,0.16,0.57,Aerococcus urinae,95,5,insufficient_data,2.87,0.24380319932273234,2.68,2.68,3.04,0.3599999999999999,2.68,3.27,2.68,3.2654,2.68,3.247,1.0,2.656482774303099e-08,2.514947368421053
Aerococcus urinae,qualibact-v1.0,Total_Coding_Sequences,non-normal,1781.1052631578948,66.36779080630676,1747.0,1733.0,1834.0,101.0,1700.0,1932.0,1700.0,1932.0,1705.05,1930.0,1700.0,1948.0,1705.05,1930.0,Aerococcus urinae,95,5,insufficient_data,1837.0,56.70626067728325,1815.0,1811.0,1823.0,12.0,1788.0,1948.0,1788.46,1945.5,1790.3,1935.5,0.631578947368421,0.025202264598435446,58.56842105263158
Aerococcus urinae,qualibact-v1.0,Genome_Size,non-normal,1991533.2315789473,66191.4405484819,1959637.0,1944790.0,2043421.0,98631.0,1899917.0,2150594.0,1900214.98,2143377.62,1913955.95,2130882.9499999997,1900214.98,2143377.62,1913955.95,2130882.95,Aerococcus urinae,95,5,insufficient_data,1989403.2,38713.1258743078,1974262.0,1974256.0,1980293.0,6037.0,1953534.0,2064671.0,1953948.44,2062983.44,1955606.2,2056233.2,0.4631578947368421,0.1974776164761437,28687.63157894737
Aeromonas caviae,qualibact-v1.0,N50,non-normal,145673.8166226913,101588.57994765138,111224.5,68745.25,195287.5,126542.25,17175.0,694013.0,27546.78,498465.8450000043,35792.925,400098.32499999995,27546.78,498465.85,35792.93,400098.32,Aeromonas caviae,758,0,,,,,,,,,,,,,,,,
Aeromonas caviae,qualibact-v1.0,number,non-normal,178.2651715039578,112.1371174685378,150.5,87.0,243.0,156.0,39.0,684.0,44.0,609.4600000000014,52.0,449.07499999999993,44.0,609.46,52.0,449.07,Aeromonas caviae,758,0,,,,,,,,,,,,,,,,
Aeromonas caviae,qualibact-v1.0,longest,non-normal,391256.55277044856,227870.44479177948,328806.0,226131.75,467263.5,241131.75,70215.0,1404388.0,102344.82,1238102.4300000006,131725.825,989727.35,102344.82,1238102.43,131725.83,989727.35,Aeromonas caviae,758,0,,,,,,,,,,,,,,,,
Aeromonas caviae,qualibact-v1.0,GC_Content,non-normal,61.533721108179414,0.30979487698756886,61.535399999999996,61.31335,61.796,0.4826499999999996,60.5252,62.1068,60.6914275,62.061265,60.8991575,61.9934275,60.3651,62.0613,60.8992,61.9934,Aeromonas caviae,758,61,normal,61.24685573770492,0.3607505257256616,61.2891,61.0778,61.489,0.4111999999999938,60.3651,61.8335,60.37533,61.82792,60.40205,61.799549999999996,0.33081015614862236,5.307350408746098e-06,0.2868653704745019
Aeromonas caviae,qualibact-v1.0,Completeness_Specific,non-normal,100.0,0.0,100.0,100.0,100.0,0.0,100.0,100.0,100.0,100.0,100.0,100.0,98.11,100.0,100.0,100.0,Aeromonas caviae,758,61,non-normal,99.48655737704917,0.4303101635701968,99.57,99.26,99.88,0.6199999999999903,98.11,100.0,98.209,100.0,98.47999999999999,100.0,0.8688524590163934,2.8514219355390135e-48,0.5134426229508198
Aeromonas caviae,qualibact-v1.0,Contamination,non-normal,0.15327176781002638,0.17026398104086127,0.095,0.03,0.21,0.18,0.0,1.46,0.0,0.8921500000000003,0.0,0.59,0.0,5.96,0.0,0.59,Aeromonas caviae,758,61,non-normal,1.061311475409836,0.7666158877668214,0.94,0.67,1.23,0.5599999999999999,0.27,5.96,0.28500000000000003,4.93400000000001,0.33999999999999997,2.2800000000000002,0.8584713871707254,1.3671264049491693e-46,0.9080397075998098
Aeromonas caviae,qualibact-v1.0,Total_Coding_Sequences,non-normal,4123.125329815303,186.33215403555485,4073.0,3990.0,4210.75,220.75,3810.0,4979.0,3877.355,4791.515,3895.0,4608.299999999999,3877.36,5133.0,3895.0,4608.3,Aeromonas caviae,758,61,normal,4476.7213114754095,253.15712292977912,4430.0,4271.0,4660.0,389.0,4062.0,5133.0,4069.8,5110.2,4108.5,5016.5,0.6393010078290583,9.391688783433712e-23,353.59598166010636
Aeromonas caviae,qualibact-v1.0,Genome_Size,non-normal,4476303.407651715,146374.63275896074,4438548.0,4376358.75,4533284.0,156925.25,4232109.0,5072829.0,4251051.325,4970911.905000001,4272667.85,4841223.05,4251051.32,5317260.0,4272667.85,4841223.05,Aeromonas caviae,758,61,normal,4754636.459016394,232222.98899602582,4698475.0,4573255.0,4880148.0,306893.0,4352153.0,5317260.0,4372365.5,5314153.2,4432105.5,5280959.0,0.6055625243306372,3.2554035993021164e-20,278333.0513646784
Aeromonas dhakensis,qualibact-v1.0,N50,non-normal,299292.0891719745,225012.2001666275,247343.0,120165.0,365017.0,244852.0,61666.0,1012665.0,61753.36,917678.9399999998,63663.3,831900.5999999999,61753.36,917678.94,63663.3,831900.6,Aeromonas dhakensis,157,0,,,,,,,,,,,,,,,,
Aeromonas dhakensis,qualibact-v1.0,number,non-normal,88.45859872611464,36.46540816912503,77.0,62.0,115.0,53.0,35.0,180.0,38.9,174.54,43.0,170.2,38.9,174.54,43.0,170.2,Aeromonas dhakensis,157,0,,,,,,,,,,,,,,,,
Aeromonas dhakensis,qualibact-v1.0,longest,non-normal,704395.2611464969,402345.9593858298,627253.0,341224.0,959309.0,618085.0,139075.0,1734890.0,147013.06,1726260.86,183232.6,1714142.0,147013.06,1726260.86,183232.6,1714142.0,Aeromonas dhakensis,157,0,,,,,,,,,,,,,,,,
Aeromonas dhakensis,qualibact-v1.0,GC_Content,non-normal,61.619184713375795,0.21853127839952458,61.6372,61.4742,61.7886,0.3143999999999991,61.1237,61.9753,61.151,61.970775999999994,61.24354,61.9596,60.9725,61.9708,61.2435,61.9596,Aeromonas dhakensis,157,29,non-normal,61.41140000000001,0.25615566522641386,61.4663,61.2197,61.6206,0.40090000000000003,60.9725,61.8034,60.97278,61.798556000000005,60.9739,61.779180000000004,0.35844498133099056,0.002559261422597635,0.20778471337579588
Aeromonas dhakensis,qualibact-v1.0,Completeness_Specific,non-normal,100.0,0.0,100.0,100.0,100.0,0.0,100.0,100.0,100.0,100.0,100.0,100.0,97.12,100.0,100.0,100.0,Aeromonas dhakensis,157,29,non-normal,99.63586206896552,0.6381196366122887,99.96,99.61,99.96,0.3499999999999943,97.12,100.0,97.309,99.9944,98.065,99.972,0.9655172413793104,7.531085880601847e-29,0.3641379310344853
Aeromonas dhakensis,qualibact-v1.0,Contamination,non-normal,0.29312101910828026,0.09863303604895929,0.29,0.21,0.36,0.15,0.11,0.65,0.1178,0.65,0.139,0.47199999999999986,0.12,0.66,0.14,0.47,Aeromonas dhakensis,157,29,normal,0.3589655172413794,0.15211939112344275,0.31,0.23,0.49,0.26,0.13,0.66,0.13,0.6558,0.13,0.639,0.3182517021743905,0.01037387511575639,0.07094882495058204
Aeromonas dhakensis,qualibact-v1.0,Total_Coding_Sequences,normal,4336.8152866242035,90.39790466373104,4350.0,4271.0,4406.0,135.0,4116.0,4577.0,4125.36,4558.28,4149.8,4465.7,4125.36,4700.0,4149.8,4465.7,Aeromonas dhakensis,157,28,normal,4529.214285714285,90.88586136423183,4535.0,4476.75,4583.5,106.75,4339.0,4700.0,4344.4,4696.355,4366.0,4681.775,0.7895814376706096,1.016543918340679e-15,192.3989990900819
Aeromonas dhakensis,qualibact-v1.0,Genome_Size,non-normal,4810317.49044586,77997.7492985435,4823786.0,4752739.0,4872926.0,120187.0,4623098.0,5001986.0,4630875.38,4992073.76,4641646.6,4914373.2,4630875.38,5043286.0,4641646.6,4914373.2,Aeromonas dhakensis,157,29,normal,4909224.586206896,84623.90310378287,4916354.0,4850532.0,4969812.0,119280.0,4697715.0,5043286.0,4707869.06,5041799.62,4748485.3,5035854.1,0.5007687239182956,3.603797974817443e-06,98907.09576103666
Aeromonas hydrophila,qualibact-v1.0,N50,non-normal,222867.4037267081,154384.47307135595,190530.0,123929.0,253306.0,129377.0,34424.0,806701.0,44710.4,763787.3999999994,52927.0,689885.0,44710.4,763787.4,52927.0,689885.0,Aeromonas hydrophila,161,0,,,,,,,,,,,,,,,,
Aeromonas hydrophila,qualibact-v1.0,number,non-normal,106.20496894409938,47.81734371964593,94.0,74.0,126.0,52.0,35.0,340.0,39.8,311.1999999999996,46.0,206.0,39.8,311.2,46.0,206.0,Aeromonas hydrophila,161,0,,,,,,,,,,,,,,,,
Aeromonas hydrophila,qualibact-v1.0,longest,non-normal,565822.1180124223,291013.58601373946,497593.0,337668.0,769753.0,432085.0,124766.0,1334946.0,129008.4,1334946.0,165057.0,1185217.0,129008.4,1334946.0,165057.0,1185217.0,Aeromonas hydrophila,161,0,,,,,,,,,,,,,,,,
Aeromonas hydrophila,qualibact-v1.0,GC_Content,non-normal,61.13842236024845,0.2648595429891883,61.1429,60.8986,61.3124,0.41379999999999484,60.595,61.8098,60.65124,61.689,60.7384,61.6488,60.3014,62.0126,60.7384,61.6488,Aeromonas hydrophila,161,75,normal,61.02875866666667,0.3513702188455302,61.0063,60.78675,61.3016,0.5148500000000027,60.3014,62.0126,60.329816,61.894718,60.44501,61.624810000000004,0.27304347826086955,0.000718577249037398,0.12650163975155237
Aeromonas hydrophila,qualibact-v1.0,Completeness_Specific,non-normal,100.0,0.0,100.0,100.0,100.0,0.0,100.0,100.0,100.0,100.0,100.0,100.0,89.22,100.0,100.0,100.0,Aeromonas hydrophila,161,75,non-normal,97.74959999999999,1.6505089639259765,97.98,97.735,98.345,0.6099999999999994,89.22,99.42,89.7824,99.3756,90.7995,99.20649999999999,1.0,2.9956396934419474e-63,2.250399999999999
Aeromonas hydrophila,qualibact-v1.0,Contamination,non-normal,0.4954037267080745,0.24963076780428903,0.49,0.3,0.59,0.29,0.16,1.44,0.16,1.44,0.19,1.26,0.16,7.55,0.19,1.26,Aeromonas hydrophila,161,75,non-normal,2.118,1.362243247979841,1.57,1.0,3.0700000000000003,2.0700000000000003,0.73,7.55,0.7596,6.917299999999992,0.8185,4.989999999999991,0.9059213250517598,7.355265338954232e-46,1.6225962732919252
Aeromonas hydrophila,qualibact-v1.0,Total_Coding_Sequences,non-normal,4492.6459627329195,185.8151893562572,4484.0,4381.0,4566.0,185.0,4183.0,5020.0,4184.6,5003.2,4189.0,4970.0,4093.0,5341.0,4189.0,4970.0,Aeromonas hydrophila,161,75,normal,4668.7733333333335,244.27626837023874,4645.0,4495.0,4787.0,292.0,4093.0,5341.0,4121.49,5268.849999999999,4275.4,5142.6,0.4467080745341615,9.622069504870448e-10,178.99527950310556
Aeromonas hydrophila,qualibact-v1.0,Genome_Size,non-normal,4942263.540372671,174085.20294277527,4945766.0,4814983.0,5036201.0,221218.0,4650942.0,5474448.0,4650965.2,5387908.799999999,4651798.0,5347702.0,4496339.0,5633455.0,4651798.0,5347702.0,Aeromonas hydrophila,161,75,normal,5024062.706666667,223391.53722519113,5023829.0,4858806.0,5134303.0,275497.0,4496339.0,5633455.0,4508050.98,5564004.149999999,4670726.7,5439154.0,0.27519668737060043,0.0006429143788792426,89216.96405797101
Aeromonas salmonicida,qualibact-v1.0,N50,non-normal,87485.72852233677,32904.99850003225,99580.0,47085.0,111401.0,64316.0,25793.0,175083.0,25804.25,160853.9,39766.25,147477.25,25804.25,160853.9,39766.25,147477.25,Aeromonas salmonicida,291,0,,,,,,,,,,,,,,,,
Aeromonas salmonicida,qualibact-v1.0,number,non-normal,216.2164948453608,80.66244970996215,190.0,155.0,304.5,149.5,81.0,490.0,88.9,487.0,103.25,340.5,88.9,487.0,103.25,340.5,Aeromonas salmonicida,291,0,,,,,,,,,,,,,,,,
Aeromonas salmonicida,qualibact-v1.0,longest,non-normal,288612.4639175258,115091.77251516153,375665.0,161113.0,382445.5,221332.5,116006.0,618809.0,116127.95,485582.90000000084,117950.0,415140.0,116127.95,485582.9,117950.0,415140.0,Aeromonas salmonicida,291,0,,,,,,,,,,,,,,,,
Aeromonas salmonicida,qualibact-v1.0,GC_Content,non-normal,58.5353945017182,0.14056196578045008,58.4821,58.44845,58.66335,0.2149000000000001,58.1477,58.9587,58.23023,58.90388,58.278949999999995,58.8669,58.1425,59.0309,58.279,58.8669,Aeromonas salmonicida,291,41,normal,58.47624634146343,0.22963205149103494,58.4152,58.3005,58.6098,0.30930000000000035,58.1425,59.0309,58.14634,59.006460000000004,58.1617,58.9087,0.4225127818288492,2.5576666348190423e-06,0.0976226720308447
Aeromonas salmonicida,qualibact-v1.0,Completeness_Specific,non-normal,100.0,0.0,100.0,100.0,100.0,0.0,100.0,100.0,100.0,100.0,100.0,100.0,94.04,100.0,100.0,100.0,Aeromonas salmonicida,291,41,non-normal,98.4109756097561,1.4574699174873988,98.97,98.02,99.5,1.480000000000004,94.04,100.0,94.14800000000001,99.956,94.58,99.78,0.975609756097561,2.786073035433784e-45,1.5890243902439023
Aeromonas salmonicida,qualibact-v1.0,Contamination,non-normal,0.5906185567010309,0.19892743897882187,0.61,0.46499999999999997,0.65,0.18500000000000005,0.17,1.72,0.188,1.519500000000001,0.25,1.1199999999999999,0.13,1.74,0.25,1.12,Aeromonas salmonicida,291,41,non-normal,0.5258536585365854,0.43803873094018553,0.38,0.23,0.63,0.4,0.13,1.74,0.13,1.74,0.13,1.74,0.48227307015338194,3.479211624893973e-08,0.24096974268711766
Aeromonas salmonicida,qualibact-v1.0,Total_Coding_Sequences,normal,4544.0137457044675,121.19207363272258,4543.0,4452.0,4641.0,189.0,4209.0,4919.0,4214.9,4882.650000000001,4280.25,4785.0,4214.9,4986.0,4280.25,4785.0,Aeromonas salmonicida,291,41,normal,4621.4390243902435,192.27382008929638,4658.0,4501.0,4726.0,225.0,4251.0,4986.0,4252.0,4985.8,4256.0,4985.0,0.37473807727768,4.891017757442777e-05,99.07761294107786
Aeromonas salmonicida,qualibact-v1.0,Genome_Size,normal,4746118.618556701,126666.3714500357,4758794.0,4667755.0,4815335.5,147580.5,4372975.0,5152508.0,4395896.55,5131935.100000001,4502484.75,5001538.75,4395896.55,5191207.0,4502484.75,5001538.75,Aeromonas salmonicida,291,41,normal,4885312.634146341,149779.732729677,4886316.0,4746826.0,5008222.0,261396.0,4621725.0,5191207.0,4624259.4,5183748.2,4634397.0,5153913.0,0.524180705724583,1.123549340722459e-09,139194.0155896404
Aeromonas veronii,qualibact-v1.0,N50,non-normal,218671.20159151193,121018.18679648291,196722.0,140845.0,260676.0,119831.0,32678.0,749193.0,35185.56,704305.0800000001,65153.0,592649.5999999999,35185.56,704305.08,65153.0,592649.6,Aeromonas veronii,377,0,,,,,,,,,,,,,,,,
Aeromonas veronii,qualibact-v1.0,number,non-normal,92.85941644562334,53.94066759764494,77.0,59.0,100.0,41.0,35.0,394.0,38.0,323.08000000000004,41.0,243.5999999999998,38.0,323.08,41.0,243.6,Aeromonas veronii,377,0,,,,,,,,,,,,,,,,
Aeromonas veronii,qualibact-v1.0,longest,non-normal,586964.7453580901,288061.3395989333,540125.0,355634.0,769795.0,414161.0,110893.0,1381028.0,117565.84,1318612.24,203937.4,1252148.7999999986,117565.84,1318612.24,203937.4,1252148.8,Aeromonas veronii,377,0,,,,,,,,,,,,,,,,
Aeromonas veronii,qualibact-v1.0,GC_Content,non-normal,58.68479018567639,0.21250975670338057,58.7143,58.5708,58.8299,0.25910000000000366,57.9131,59.097,58.068723999999996,59.0807,58.17462,59.03656,57.9736,61.001,58.1746,59.0366,Aeromonas veronii,377,70,non-normal,58.61252285714285,0.34252630145995605,58.57865,58.468375,58.702425000000005,0.23405000000000342,57.9736,61.001,57.9792925,60.278225,58.164825,58.9033175,0.29598332701780977,4.4726573814284986e-05,0.1295291777188328
Aeromonas veronii,qualibact-v1.0,Completeness_Specific,non-normal,100.0,0.0,100.0,100.0,100.0,0.0,100.0,100.0,100.0,100.0,100.0,100.0,90.13,100.0,100.0,100.0,Aeromonas veronii,377,70,non-normal,97.35585714285715,1.900108638140118,98.00999999999999,96.32,98.83250000000001,2.512500000000017,90.13,99.59,91.0891,99.521,93.36675000000001,99.36099999999999,1.0,2.1692364779533116e-83,2.6441428571428576
Aeromonas veronii,qualibact-v1.0,Contamination,non-normal,0.24625994694960218,0.17270531567249356,0.2,0.12,0.3,0.18,0.03,1.0,0.04,0.9536000000000001,0.06,0.7259999999999996,0.04,10.98,0.06,0.73,Aeromonas veronii,377,70,non-normal,2.110857142857143,1.4439111002087774,1.9649999999999999,1.4525,2.4475000000000002,0.9950000000000003,0.17,10.98,0.20795000000000002,9.241200000000006,0.41050000000000003,4.656749999999985,0.8824554755589238,3.4118006581381776e-51,1.8645971959075405
Aeromonas veronii,qualibact-v1.0,Total_Coding_Sequences,non-normal,4141.83023872679,175.9458044065613,4098.0,4028.0,4213.0,185.0,3901.0,4855.0,3909.8,4739.36,3922.4,4697.8,3909.8,4948.0,3922.4,4697.8,Aeromonas veronii,377,70,non-normal,4402.0,189.4784571245125,4359.0,4276.5,4478.25,201.75,4110.0,4948.0,4111.035,4923.505,4123.15,4863.224999999999,0.6490337248957938,2.2821174144109367e-24,260.16976127320953
Aeromonas veronii,qualibact-v1.0,Genome_Size,non-normal,4561491.917771883,144414.6228757532,4527339.0,4459958.0,4636264.0,176306.0,4224540.0,5060499.0,4306227.32,5004209.0,4373840.6,4976262.6,4306227.32,5204591.0,4373840.6,4976262.6,Aeromonas veronii,377,70,non-normal,4722996.014285714,175665.16308985543,4699168.0,4586532.25,4796996.0,210463.75,4447248.0,5204591.0,4458811.02,5202367.82,4495048.675,5191075.35,0.45028419856006063,2.215257579544762e-11,161504.096513831
Agrobacterium fabacearum,qualibact-v1.0,N50,non-normal,484085.0,145440.72683209967,458430.0,379559.5,520603.0,141043.5,167385.0,1150258.0,274854.09,1088500.9300000006,302289.45,825267.825,274854.09,1088500.93,302289.45,825267.82,Agrobacterium fabacearum,178,0,,,,,,,,,,,,,,,,
Agrobacterium fabacearum,qualibact-v1.0,number,non-normal,47.87640449438202,15.574987312000243,44.0,38.25,55.75,17.5,22.0,125.0,22.885,109.07000000000016,26.275,84.0,22.88,109.07,26.28,84.0,Agrobacterium fabacearum,178,0,,,,,,,,,,,,,,,,
Agrobacterium fabacearum,qualibact-v1.0,longest,non-normal,1437222.9157303371,458398.612205123,1350269.0,1057643.0,1838398.0,780755.0,447801.0,2512990.0,615651.87,2489026.8550000004,699068.0,2433510.8249999997,615651.87,2489026.86,699068.0,2433510.82,Agrobacterium fabacearum,178,0,,,,,,,,,,,,,,,,
Agrobacterium fabacearum,qualibact-v1.0,GC_Content,non-normal,58.48595393258428,0.08295708590899448,58.506,58.426175,58.546275,0.12010000000000076,58.2632,58.6282,58.264793,58.625545,58.314212500000004,58.6169675,57.1666,60.0262,58.3142,58.617,Agrobacterium fabacearum,178,59,normal,58.98484237288136,0.5334002031112428,59.3019,58.46105,59.4184,0.9573499999999981,57.1666,60.0262,57.479742,59.919683000000006,58.27583,59.594595,0.6101694915254238,5.446180429999157e-16,0.5383483717387165
Agrobacterium fabacearum,qualibact-v1.0,Completeness_Specific,non-normal,100.0,0.0,100.0,100.0,100.0,0.0,100.0,100.0,100.0,100.0,100.0,100.0,88.93,100.0,100.0,100.0,Agrobacterium fabacearum,178,59,non-normal,94.56610169491528,1.8620546487903826,95.11,93.565,95.65,2.085000000000008,88.93,97.56,89.2055,97.54260000000001,90.501,97.5,1.0,5.803859325870895e-57,5.433898305084745
Agrobacterium fabacearum,qualibact-v1.0,Contamination,non-normal,0.8157303370786516,1.0563323102858393,0.375,0.16,0.82,0.6599999999999999,0.0,3.97,0.044250000000000005,3.8195500000000013,0.09,3.79575,0.04,15.92,0.09,3.8,Agrobacterium fabacearum,178,59,normal,8.306271186440679,2.8519502089367768,8.41,6.56,10.08,3.5200000000000005,2.63,15.92,2.7083,15.548800000000002,3.188,14.577,0.9491525423728814,3.62512307613351e-46,7.490540849362027
Agrobacterium fabacearum,qualibact-v1.0,Total_Coding_Sequences,normal,5569.70786516854,240.58317266975882,5558.0,5393.0,5691.75,298.75,4998.0,6394.0,5066.145,6147.085000000003,5136.425,6035.575,4356.0,6147.09,5136.42,6035.58,Agrobacterium fabacearum,178,59,non-normal,5473.661016949152,308.79649434700474,5489.0,5295.0,5647.5,352.5,4356.0,6147.0,4491.72,6122.35,4835.7,6043.099999999999,0.20529422967053895,0.04095668477654092,98.08493620262807
Agrobacterium fabacearum,qualibact-v1.0,Genome_Size,non-normal,5898661.016853932,247199.78115105387,5868166.0,5738931.0,6014675.0,275744.0,5392106.0,6768180.0,5409170.57,6446688.705000003,5436229.15,6385595.775,4675914.0,6469646.0,5436229.15,6385595.78,Agrobacterium fabacearum,178,59,non-normal,5770973.338983051,310292.7660237421,5778870.0,5580032.0,5963650.5,383618.5,4675914.0,6469646.0,4793884.55,6422139.94,5094837.85,6305718.15,0.24481051228337458,0.008101675660200886,129298.30327556655
Agrobacterium pusense,qualibact-v1.0,N50,non-normal,401931.3619047619,170170.43086058914,373801.0,315281.0,409986.0,94705.0,153927.0,1031182.0,177806.96,1030346.36,217041.8,916860.3999999994,177806.96,1030346.36,217041.8,916860.4,Agrobacterium pusense,105,0,,,,,,,,,,,,,,,,
Agrobacterium pusense,qualibact-v1.0,number,non-normal,66.36190476190477,45.804995321164284,47.0,40.0,67.0,27.0,25.0,255.0,25.52,227.44000000000023,26.0,178.7999999999999,25.52,227.44,26.0,178.8,Agrobacterium pusense,105,0,,,,,,,,,,,,,,,,
Agrobacterium pusense,qualibact-v1.0,longest,non-normal,985275.2761904761,346220.476525429,920140.0,775365.0,1138952.0,363587.0,462541.0,2143502.0,463062.56,2001629.880000001,474270.8,1765731.1999999997,463062.56,2001629.88,474270.8,1765731.2,Agrobacterium pusense,105,0,,,,,,,,,,,,,,,,
Agrobacterium pusense,qualibact-v1.0,GC_Content,normal,59.1892742857143,0.043455757530907434,59.18,59.1616,59.215,0.053400000000003445,59.1015,59.32,59.10228,59.303048,59.10864,59.28136,59.0935,59.3116,59.1086,59.2814,Agrobacterium pusense,105,12,normal,59.182633333333335,0.0736278404469998,59.1572,59.126775,59.238875,0.11209999999999809,59.0935,59.3116,59.093874,59.3113525,59.095369999999996,59.3103625,0.3476190476190476,0.11503237190383739,0.032862857142857346
Agrobacterium pusense,qualibact-v1.0,Completeness_Specific,non-normal,100.0,0.0,100.0,100.0,100.0,0.0,100.0,100.0,100.0,100.0,100.0,100.0,98.65,100.0,100.0,100.0,Agrobacterium pusense,105,12,non-normal,99.34583333333332,0.259661906246477,99.41,99.3075,99.50999999999999,0.20249999999998636,98.65,99.6,98.67035,99.59835,98.75175,99.59174999999999,1.0,2.609566632668775e-16,0.6541666666666686
Agrobacterium pusense,qualibact-v1.0,Contamination,non-normal,0.7900000000000001,1.1178065255541445,0.35,0.12,0.88,0.76,0.02,5.41,0.030400000000000003,5.3944,0.066,4.5559999999999885,0.03,5.39,0.07,4.56,Agrobacterium pusense,105,12,normal,1.2391666666666665,0.9159645038003503,0.885,0.435,2.0375,1.6025,0.29,2.78,0.29109999999999997,2.77615,0.2955,2.76075,0.40476190476190477,0.041973706681967315,0.6543095238095239
Agrobacterium pusense,qualibact-v1.0,Total_Coding_Sequences,non-normal,5275.247619047619,357.44558775933547,5146.0,5029.0,5385.0,356.0,4879.0,6294.0,4885.24,6290.88,4937.6,6233.8,4689.0,6290.88,4937.6,6233.8,Agrobacterium pusense,105,12,non-normal,5152.333333333333,303.567217524481,5123.0,5038.75,5246.75,208.0,4689.0,5928.0,4692.19,5897.145,4704.95,5773.724999999999,0.18333333333333332,0.7991468265027459,136.5380952380952
Agrobacterium pusense,qualibact-v1.0,Genome_Size,non-normal,5518803.771428571,292176.4247294125,5402897.0,5304324.0,5610485.0,306161.0,5177816.0,6389224.0,5185082.48,6388230.28,5242025.6,6305299.2,4957912.0,6388230.28,5242025.6,6305299.2,Agrobacterium pusense,105,12,non-normal,5390146.666666667,280299.71444459626,5336620.0,5320669.75,5469699.5,149029.75,4957912.0,6150855.0,4963191.01,6118380.965,4984307.05,5988484.825,0.25952380952380955,0.3933037505875227,136912.9952380952
Agrobacterium tumefaciens,qualibact-v1.0,N50,non-normal,452615.78761061945,277995.5732882883,353277.0,248338.0,613238.0,364900.0,78850.0,1106707.0,119638.72,1106683.48,170927.6,1106561.4,119638.72,1106683.48,170927.6,1106561.4,Agrobacterium tumefaciens,113,0,,,,,,,,,,,,,,,,
Agrobacterium tumefaciens,qualibact-v1.0,number,non-normal,57.982300884955755,28.167634191477042,56.0,33.0,79.0,46.0,18.0,126.0,18.0,125.44,19.0,116.20000000000002,18.0,125.44,19.0,116.2,Agrobacterium tumefaciens,113,0,,,,,,,,,,,,,,,,
Agrobacterium tumefaciens,qualibact-v1.0,longest,non-normal,1188564.6371681415,678800.2568481773,938466.0,654034.0,1560286.0,906252.0,264511.0,2603148.0,339379.64,2603148.0,400403.0,2587677.8,339379.64,2603148.0,400403.0,2587677.8,Agrobacterium tumefaciens,113,0,,,,,,,,,,,,,,,,
Agrobacterium tumefaciens,qualibact-v1.0,GC_Content,non-normal,59.38395132743363,0.12086724093759389,59.3798,59.3281,59.4165,0.08840000000000003,59.0067,59.718,59.045228,59.713072000000004,59.085699999999996,59.6582,57.1666,60.0262,59.0857,59.6582,Agrobacterium tumefaciens,113,59,normal,58.98484237288136,0.5334002031112428,59.3019,58.46105,59.4184,0.9573499999999981,57.1666,60.0262,57.479742,59.919683000000006,58.27583,59.594595,0.4487775611219439,1.3467707460371184e-07,0.41009941502924846
Agrobacterium tumefaciens,qualibact-v1.0,Completeness_Specific,non-normal,99.98238938053098,0.04224400960377588,100.0,99.98,100.0,0.01999999999999602,99.8,100.0,99.8112,100.0,99.83,100.0,88.93,100.0,99.83,100.0,Agrobacterium tumefaciens,113,59,non-normal,94.56610169491528,1.8620546487903826,95.11,93.565,95.65,2.085000000000008,88.93,97.56,89.2055,97.54260000000001,90.501,97.5,1.0,2.8992397628490157e-47,5.416287685615718
Agrobacterium tumefaciens,qualibact-v1.0,Contamination,non-normal,0.7225663716814159,0.4336586046855392,0.72,0.41,0.86,0.45,0.01,2.49,0.0548,2.3331999999999993,0.156,1.826,0.05,15.92,0.16,1.83,Agrobacterium tumefaciens,113,59,normal,8.306271186440679,2.8519502089367768,8.41,6.56,10.08,3.5200000000000005,2.63,15.92,2.7083,15.548800000000002,3.188,14.577,1.0,2.8992397628490157e-47,7.583704814759263
Agrobacterium tumefaciens,qualibact-v1.0,Total_Coding_Sequences,non-normal,5280.646017699115,275.8616403344892,5332.0,5162.0,5394.0,232.0,4556.0,5921.0,4565.52,5918.2,4588.8,5719.000000000001,4356.0,6147.0,4588.8,5719.0,Agrobacterium tumefaciens,113,59,non-normal,5473.661016949152,308.79649434700474,5489.0,5295.0,5647.5,352.5,4356.0,6147.0,4491.72,6122.35,4835.7,6043.099999999999,0.4913754312284386,4.586584094561953e-09,200.07004649767518
Agrobacterium tumefaciens,qualibact-v1.0,Genome_Size,non-normal,5568681.132743363,261346.68442171084,5616166.0,5454967.0,5697624.0,242657.0,4915669.0,6197120.0,4915776.52,6192817.52,4917627.6,6027837.4,4675914.0,6469646.0,4917627.6,6027837.4,Agrobacterium tumefaciens,113,59,non-normal,5770973.338983051,310292.7660237421,5778870.0,5580032.0,5963650.5,383618.5,4675914.0,6469646.0,4793884.55,6422139.94,5094837.85,6305718.15,0.46332683365831706,4.55548236754059e-08,210422.604619769
Aliarcobacter butzleri,qualibact-v1.0,N50,normal,142742.32467532466,54867.9615963913,147802.0,104996.0,175629.0,70633.0,21048.0,312444.0,27684.9,293291.64999999997,39770.75,261365.25,27684.9,293291.65,39770.75,261365.25,Aliarcobacter butzleri,231,0,,,,,,,,,,,,,,,,
Aliarcobacter butzleri,qualibact-v1.0,number,non-normal,56.1991341991342,31.762977701990447,47.0,35.0,65.5,30.5,17.0,192.0,18.15,190.85,21.75,150.5,18.15,190.85,21.75,150.5,Aliarcobacter butzleri,231,0,,,,,,,,,,,,,,,,
Aliarcobacter butzleri,qualibact-v1.0,longest,non-normal,332002.56277056277,112999.6622246961,333206.0,238284.5,443049.0,204764.5,104648.0,605019.0,107719.2,559267.95,128471.5,524153.5,107719.2,559267.95,128471.5,524153.5,Aliarcobacter butzleri,231,0,,,,,,,,,,,,,,,,
Aliarcobacter butzleri,qualibact-v1.0,GC_Content,non-normal,26.919911255411254,0.0939039117141586,26.9159,26.85555,26.9795,0.12395000000000067,26.6659,27.2847,26.73182,27.227445,26.756749999999997,27.08645,26.7318,27.2608,26.7567,27.0864,Aliarcobacter butzleri,231,45,normal,27.081637777777782,0.07687555684029987,27.0634,27.0199,27.1402,0.1203000000000003,26.9501,27.2608,26.952607999999998,27.254398,26.962300000000003,27.23038,0.7385281385281385,5.8710673448524586e-21,0.16193344877344895
Aliarcobacter butzleri,qualibact-v1.0,Completeness_Specific,non-normal,100.0,0.0,100.0,100.0,100.0,0.0,100.0,100.0,100.0,100.0,100.0,100.0,93.69,100.0,100.0,100.0,Aliarcobacter butzleri,231,45,non-normal,98.50533333333335,1.381628025193468,98.93,98.19,99.44,1.25,93.69,99.67,93.7516,99.67,94.072,99.67,1.0,1.5379111326175647e-52,1.4946666666666664
Aliarcobacter butzleri,qualibact-v1.0,Contamination,non-normal,0.2275757575757576,0.18045927967299735,0.17,0.14,0.25,0.10999999999999999,0.07,1.51,0.07150000000000001,1.2064999999999984,0.08,0.74,0.07,29.81,0.08,0.74,Aliarcobacter butzleri,231,45,non-normal,4.10711111111111,4.665224835464214,2.84,1.66,5.07,3.41,0.35,29.81,0.35,25.79060000000002,0.35,11.342999999999996,0.8808080808080808,1.433987835265833e-32,3.879535353535354
Aliarcobacter butzleri,qualibact-v1.0,Total_Coding_Sequences,non-normal,2258.186147186147,104.16451763679643,2242.0,2175.5,2334.0,158.5,2085.0,2711.0,2087.15,2619.0,2097.0,2482.5,2087.15,2668.0,2097.0,2482.5,Aliarcobacter butzleri,231,45,normal,2359.0444444444443,118.87920209758317,2351.0,2270.0,2424.0,154.0,2155.0,2668.0,2159.62,2663.38,2176.5,2642.0,0.38672438672438675,1.4410700574403263e-05,101.23059163059163
Aliarcobacter butzleri,qualibact-v1.0,Genome_Size,non-normal,2228998.199134199,95322.42168153866,2214938.0,2161248.5,2306925.5,145677.0,2031831.0,2579744.0,2032910.85,2513129.3999999994,2070526.5,2427257.75,2032910.85,2629648.0,2070526.5,2427257.75,Aliarcobacter butzleri,231,45,normal,2325724.2444444443,128768.8640294273,2345473.0,2226154.0,2410408.0,184254.0,2085060.0,2629648.0,2087824.52,2624108.62,2097936.8,2596574.0,0.46464646464646464,6.324293367505044e-08,96884.75930735932
Aliivibrio fischeri,qualibact-v1.0,N50,non-normal,160481.79347826086,150013.63142558065,143716.5,29613.0,225872.0,196259.0,8926.0,597874.0,9362.455,550890.5800000004,10747.325,546253.0,9362.46,550890.58,10747.32,546253.0,Aliivibrio fischeri,184,0,,,,,,,,,,,,,,,,
Aliivibrio fischeri,qualibact-v1.0,number,non-normal,237.5108695652174,188.065697041198,167.0,88.75,340.5,251.75,52.0,798.0,52.915,797.085,60.575,707.1999999999996,52.92,797.08,60.58,707.2,Aliivibrio fischeri,184,0,,,,,,,,,,,,,,,,
Aliivibrio fischeri,qualibact-v1.0,longest,non-normal,454275.25,338397.559436515,456038.5,108432.75,738690.25,630257.5,42164.0,1123204.0,43826.555,1123082.305,52054.15,1122726.0,43826.56,1123082.3,52054.15,1122726.0,Aliivibrio fischeri,184,0,,,,,,,,,,,,,,,,
Aliivibrio fischeri,qualibact-v1.0,GC_Content,non-normal,38.267584239130436,0.10897569843511455,38.26585,38.20255,38.30965,0.10709999999999553,38.0872,38.675,38.088481,38.594663000000004,38.090830000000004,38.539187500000004,38.0885,38.5947,38.0908,38.5392,Aliivibrio fischeri,184,2,insufficient_data,38.333650000000006,0.012750000000000483,38.333650000000006,38.327275,38.340025000000004,0.012750000000004036,38.3209,38.3464,38.3210275,38.346272500000005,38.321537500000005,38.3457625,0.8152173913043478,0.07323452484742807,0.10140380434782735
Aliivibrio fischeri,qualibact-v1.0,Completeness_Specific,non-normal,100.0,0.0,100.0,100.0,100.0,0.0,100.0,100.0,100.0,100.0,100.0,100.0,93.39,100.0,100.0,100.0,Aliivibrio fischeri,184,2,insufficient_data,96.03999999999999,2.6499999999999986,96.03999999999999,94.715,97.365,2.6499999999999915,93.39,98.69,93.4165,98.6635,93.5225,98.5575,1.0,0.0001162452775356001,3.960000000000001
Aliivibrio fischeri,qualibact-v1.0,Contamination,non-normal,0.05423913043478261,0.0604464134882433,0.03,0.02,0.06,0.039999999999999994,0.0,0.42,0.00915,0.39255000000000023,0.01,0.18,0.01,11.62,0.01,0.18,Aliivibrio fischeri,184,2,insufficient_data,5.954999999999999,5.665,5.954999999999999,3.1225,8.7875,5.664999999999999,0.29,11.62,0.34664999999999996,11.56335,0.57325,11.336749999999999,0.9836956521739131,0.0011624527753560006,5.900760869565217
Aliivibrio fischeri,qualibact-v1.0,Total_Coding_Sequences,non-normal,3958.4728260869565,101.72068171058139,3997.5,3886.25,4017.0,130.75,3673.0,4337.0,3674.83,4206.155000000002,3738.3,4112.4,3674.83,4206.16,3738.3,4112.4,Aliivibrio fischeri,184,2,insufficient_data,4020.0,67.0,4020.0,3986.5,4053.5,67.0,3953.0,4087.0,3953.67,4086.33,3956.35,4083.65,0.42391304347826086,0.7693112467306014,76.9836956521739
Aliivibrio fischeri,qualibact-v1.0,Genome_Size,normal,4293150.119565218,91348.15117912568,4294849.5,4225141.0,4315959.5,90818.5,4071955.0,4519830.0,4072964.245,4471672.635000001,4129997.5,4457582.3,4072964.24,4503206.0,4129997.5,4457582.3,Aliivibrio fischeri,184,2,insufficient_data,4388462.0,114744.0,4388462.0,4331090.0,4445834.0,114744.0,4273718.0,4503206.0,4274865.44,4502058.56,4279455.2,4497468.8,0.4945652173913043,0.5396105783202559,97637.86956521739
Alistipes onderdonkii,qualibact-v1.0,N50,non-normal,226836.38848920862,71736.46228353465,224188.5,174990.0,271700.25,96710.25,72404.0,515819.0,82065.96,494013.9100000005,102291.85,373803.92499999993,82065.96,494013.91,102291.85,373803.92,Alistipes onderdonkii,278,0,,,,,,,,,,,,,,,,
Alistipes onderdonkii,qualibact-v1.0,number,non-normal,82.55395683453237,27.69974486594461,81.0,73.25,87.0,13.75,29.0,234.0,30.385,234.0,34.85,177.5999999999999,30.38,234.0,34.85,177.6,Alistipes onderdonkii,278,0,,,,,,,,,,,,,,,,
Alistipes onderdonkii,qualibact-v1.0,longest,non-normal,485749.39568345324,129294.12594259919,548686.5,359465.75,589564.0,230098.25,184345.0,865067.0,231264.03,821336.7900000006,269954.925,679564.6749999999,231264.03,821336.79,269954.92,679564.68,Alistipes onderdonkii,278,0,,,,,,,,,,,,,,,,
Alistipes onderdonkii,qualibact-v1.0,GC_Content,non-normal,57.54575179856115,0.18820336710285368,57.4953,57.492725,57.503,0.010275000000000034,57.0879,58.5369,57.365643000000006,58.534099499999996,57.473115,58.14418,57.3656,58.5341,57.4731,58.1442,Alistipes onderdonkii,278,6,insufficient_data,57.96953333333334,0.15121668411771202,57.97415,57.8514,57.99565,0.14424999999999955,57.7998,58.2558,57.8000675,58.249475000000004,57.801137499999996,58.224175,0.9280575539568345,6.663493327589041e-07,0.437657793764988
Alistipes onderdonkii,qualibact-v1.0,Completeness_Specific,non-normal,99.99978417266186,0.0014531661781823373,100.0,100.0,100.0,0.0,99.99,100.0,99.99,100.0,100.0,100.0,98.26,100.0,100.0,100.0,Alistipes onderdonkii,278,6,insufficient_data,98.53500000000001,0.18200274723201204,98.56,98.44749999999999,98.56,0.11250000000001137,98.26,98.86,98.26375,98.8525,98.27875,98.8225,1.0,2.894276735259974e-12,1.464784172661869
Alistipes onderdonkii,qualibact-v1.0,Contamination,non-normal,0.7429136690647482,0.16401372911538997,0.74,0.74,0.77,0.030000000000000027,0.14,1.48,0.1877,1.4446000000000003,0.20925,1.0019999999999982,0.19,1.44,0.21,1.0,Alistipes onderdonkii,278,6,insufficient_data,0.7183333333333333,0.3108277479390939,0.82,0.43,0.9325,0.5025,0.3,1.1,0.3,1.0967500000000001,0.3,1.08375,0.5839328537170264,0.019783004380163782,0.2286091127098321
Alistipes onderdonkii,qualibact-v1.0,Total_Coding_Sequences,non-normal,3014.798561151079,98.36736897216096,3006.0,2997.0,3013.0,16.0,2785.0,3501.0,2785.77,3493.615,2793.7,3433.35,2785.77,3493.62,2793.7,3433.35,Alistipes onderdonkii,278,6,insufficient_data,2974.6666666666665,146.96447038504087,2928.0,2840.75,3097.0,256.25,2827.0,3200.0,2827.05,3198.4,2827.25,3192.0,0.605515587529976,0.013625991279138846,124.75299760191847
Alistipes onderdonkii,qualibact-v1.0,Genome_Size,non-normal,3548433.0755395684,89905.38147118838,3534574.0,3530277.5,3535288.5,5011.0,3292436.0,3982755.0,3400028.265,3981512.345,3425288.5,3962695.0,3312673.0,3981512.34,3425288.5,3962695.0,Alistipes onderdonkii,278,6,insufficient_data,3558194.5,217994.6779707783,3521045.5,3361384.5,3742784.0,381399.5,3312673.0,3869542.0,3312673.225,3868107.925,3312674.125,3862371.625,0.44244604316546765,0.14565903828179808,158902.9928057554
Bacillus altitudinis,qualibact-v1.0,N50,non-normal,557409.6790123457,287645.6101988819,449430.0,348722.0,888443.0,539721.0,148982.0,980046.0,153327.2,979907.2,160143.0,978060.0,153327.2,979907.2,160143.0,978060.0,Bacillus altitudinis,81,0,,,,,,,,,,,,,,,,
Bacillus altitudinis,qualibact-v1.0,number,non-normal,38.925925925925924,13.106192841909806,39.0,28.0,49.0,21.0,18.0,79.0,18.4,77.79999999999998,20.0,71.0,18.4,77.8,20.0,71.0,Bacillus altitudinis,81,0,,,,,,,,,,,,,,,,
Bacillus altitudinis,qualibact-v1.0,longest,non-normal,827356.012345679,190862.51129883036,900597.0,683427.0,970339.0,286912.0,334409.0,1087658.0,338210.6,1072627.1999999997,396626.0,1012731.0,338210.6,1072627.2,396626.0,1012731.0,Bacillus altitudinis,81,0,,,,,,,,,,,,,,,,
Bacillus altitudinis,qualibact-v1.0,GC_Content,normal,41.25478024691358,0.054734741759640916,41.2572,41.2139,41.2818,0.06789999999999452,41.1173,41.4203,41.12698,41.40246,41.1454,41.3491,40.9485,41.5445,41.1454,41.3491,Bacillus altitudinis,81,66,non-normal,41.33751212121213,0.11427297397175322,41.36405,41.2987,41.396475,0.09777500000000572,40.9485,41.5445,40.9654975,41.53761,41.027674999999995,41.522175000000004,0.5959595959595959,1.4751897710727944e-12,0.10356599326599351
Bacillus altitudinis,qualibact-v1.0,Completeness_Specific,non-normal,100.0,0.0,100.0,100.0,100.0,0.0,100.0,100.0,100.0,100.0,100.0,100.0,90.59,100.0,100.0,100.0,Bacillus altitudinis,81,66,non-normal,98.91545454545455,1.069726928930622,99.12,99.12,99.12,0.0,90.59,99.12,92.66025,99.12,98.035,99.12,1.0,3.65395133145446e-43,1.084545454545451
Bacillus altitudinis,qualibact-v1.0,Contamination,non-normal,0.026419753086419754,0.049424056769890465,0.01,0.0,0.02,0.02,0.0,0.27,0.0,0.27,0.0,0.23,0.0,0.59,0.0,0.23,Bacillus altitudinis,81,28,non-normal,0.3053571428571428,0.1161735814219746,0.29,0.29,0.29,0.0,0.01,0.59,0.022150000000000003,0.59,0.07075000000000001,0.59,0.9285714285714286,6.64327183332326e-21,0.2789373897707231
Bacillus altitudinis,qualibact-v1.0,Total_Coding_Sequences,non-normal,3785.246913580247,64.67726733735046,3767.0,3742.0,3820.0,78.0,3680.0,4010.0,3681.2,3993.6,3697.0,3941.0,3681.2,4205.0,3697.0,3941.0,Bacillus altitudinis,81,66,non-normal,3918.4545454545455,93.12718280023583,3902.5,3854.75,3953.0,98.25,3793.0,4205.0,3793.0,4185.5,3794.875,4140.0,0.6717171717171717,3.763219059743776e-16,133.20763187429853
Bacillus altitudinis,qualibact-v1.0,Genome_Size,non-normal,3725733.827160494,50611.780386059036,3715392.0,3692497.0,3749780.0,57283.0,3639775.0,3886896.0,3639950.2,3878867.6,3640369.0,3833732.0,3639950.2,3955013.0,3640369.0,3833732.0,Bacillus altitudinis,81,66,non-normal,3787442.015151515,70471.15543460067,3769382.5,3736002.25,3811662.5,75660.25,3679424.0,3955013.0,3680119.175,3953877.775,3681701.125,3950981.25,0.45847362514029183,1.9323923624481908e-07,61708.18799102132
Bacillus anthracis,qualibact-v1.0,N50,non-normal,491289.6769736842,391151.3247457454,345149.0,185003.25,714515.5,529512.25,10088.0,1382104.0,15652.715,1198335.39,26001.3,1198140.025,15652.72,1198335.39,26001.3,1198140.02,Bacillus anthracis,1520,0,,,,,,,,,,,,,,,,
Bacillus anthracis,qualibact-v1.0,number,non-normal,107.0078947368421,129.13692729155633,62.0,49.0,93.0,44.0,28.0,924.0,30.595,735.6199999999999,34.0,575.2749999999985,30.6,735.62,34.0,575.27,Bacillus anthracis,1520,0,,,,,,,,,,,,,,,,
Bacillus anthracis,qualibact-v1.0,longest,non-normal,1068739.1460526315,543820.2002311635,1035121.5,599382.25,1635447.75,1036065.5,58403.0,2136538.0,90050.19,1772429.225,135317.2,1770527.4,90050.19,1772429.22,135317.2,1770527.4,Bacillus anthracis,1520,0,,,,,,,,,,,,,,,,
Bacillus anthracis,qualibact-v1.0,GC_Content,non-normal,35.14110980263158,0.05999279586103824,35.1177,35.1054,35.1543,0.04889999999999617,34.9491,35.4287,35.0438585,35.372758,35.0890925,35.31221,35.0439,35.484,35.0891,35.3122,Bacillus anthracis,1520,136,non-normal,35.28570882352942,0.062045806691731334,35.2472,35.24355,35.339125,0.09557500000000374,35.2202,35.484,35.2213475,35.46024,35.227425,35.411975,0.8806888544891641,4.558610262293573e-110,0.1445990208978328
Bacillus anthracis,qualibact-v1.0,Completeness_Specific,non-normal,99.99951973684212,0.0023437217218985062,100.0,100.0,100.0,0.0,99.97,100.0,99.99,100.0,99.99,100.0,94.84,100.0,99.99,100.0,Bacillus anthracis,1520,136,non-normal,98.32977941176469,0.725092759696551,98.63,98.155,98.76,0.605000000000004,94.84,98.76,94.88050000000001,98.76,96.105,98.76,1.0,3.5333263940448814e-203,1.669740325077398
Bacillus anthracis,qualibact-v1.0,Contamination,non-normal,0.1949342105263158,0.16531467884058634,0.13,0.12,0.2,0.08000000000000002,0.0,1.55,0.01,1.0642999999999985,0.049750000000000016,0.6102499999999986,0.01,4.94,0.05,0.61,Bacillus anthracis,1520,136,non-normal,0.5796323529411765,0.5101894228505539,0.48,0.48,0.48,0.0,0.37,4.94,0.37,3.6574999999999784,0.4,1.835,0.8598684210526316,1.3617378697333536e-102,0.3846981424148606
Bacillus anthracis,qualibact-v1.0,Total_Coding_Sequences,non-normal,5693.258552631579,137.82520725832362,5745.0,5621.0,5763.0,142.0,5173.0,6292.0,5240.0,6062.884999999999,5345.0,5916.099999999999,5240.0,6062.88,5345.0,5916.1,Bacillus anthracis,1520,136,non-normal,5693.455882352941,114.0277873543433,5763.5,5606.75,5774.0,167.25,5411.0,5943.0,5462.3,5922.75,5497.75,5803.25,0.25537925696594427,1.1613133701000931e-07,32.06226780185757
Bacillus anthracis,qualibact-v1.0,Genome_Size,non-normal,5416975.419736842,106038.04609327919,5450831.5,5400513.5,5460475.75,59962.25,5059644.0,5917646.0,5131633.08,5796785.84,5173366.125,5635187.85,5131633.08,5796785.84,5173366.12,5635187.85,Bacillus anthracis,1520,136,non-normal,5424066.073529412,115148.27632618585,5489923.0,5324773.75,5504994.25,180220.5,5200120.0,5732156.0,5211222.4,5668226.074999999,5227067.125,5553856.25,0.5046826625386996,8.158657934845793e-30,45039.895820433456
Bacillus bombysepticus,qualibact-v1.0,N50,non-normal,137427.9133709981,139374.48957126445,72633.0,55949.0,186567.5,130618.5,10586.0,790747.0,15924.05,668132.6000000001,24098.5,537716.5,15924.05,668132.6,24098.5,537716.5,Bacillus bombysepticus,531,0,,,,,,,,,,,,,,,,
Bacillus bombysepticus,qualibact-v1.0,number,non-normal,367.075329566855,254.3968421007667,342.0,150.5,472.0,321.5,47.0,1477.0,50.65,1392.700000000001,60.0,998.5,50.65,1392.7,60.0,998.5,Bacillus bombysepticus,531,0,,,,,,,,,,,,,,,,
Bacillus bombysepticus,qualibact-v1.0,longest,non-normal,426465.58945386065,307839.6221309805,281050.0,223009.0,578162.5,355153.5,77112.0,1529820.0,82468.3,1505859.4000000004,128752.25,1261874.5,82468.3,1505859.4,128752.25,1261874.5,Bacillus bombysepticus,531,0,,,,,,,,,,,,,,,,
Bacillus bombysepticus,qualibact-v1.0,GC_Content,non-normal,34.84746534839925,0.12326116595582004,34.8198,34.7436,34.9278,0.18419999999999703,34.634,35.2437,34.67997,35.188045,34.692625,35.110675,34.68,35.188,34.6926,35.1107,Bacillus bombysepticus,531,2,insufficient_data,34.935649999999995,0.0016500000000014836,34.935649999999995,34.934825,34.936475,0.0016500000000050363,34.934,34.9373,34.9340165,34.9372835,34.934082499999995,34.9372175,0.7645951035781544,0.11286659425298702,0.13256770244820978
Bacillus bombysepticus,qualibact-v1.0,Completeness_Specific,non-normal,99.99996233521657,0.0008671084318809076,100.0,100.0,100.0,0.0,99.98,100.0,100.0,100.0,100.0,100.0,99.12,100.0,100.0,100.0,Bacillus bombysepticus,531,2,insufficient_data,99.265,0.14499999999999602,99.265,99.1925,99.3375,0.14500000000001023,99.12,99.41,99.12145000000001,99.40854999999999,99.12725,99.40275,1.0,1.4106560961503211e-05,0.734962335216572
Bacillus bombysepticus,qualibact-v1.0,Contamination,non-normal,0.07352165725047081,0.13922650529186098,0.0,0.0,0.08,0.08,0.0,0.88,0.0,0.7270000000000004,0.0,0.4575,0.0,0.73,0.0,0.46,Bacillus bombysepticus,531,2,insufficient_data,0.060000000000000005,0.010000000000000002,0.060000000000000005,0.05500000000000001,0.065,0.009999999999999995,0.05,0.07,0.050100000000000006,0.0699,0.0505,0.0695,0.6854990583804144,0.20025673940949948,0.08632768361581922
Bacillus bombysepticus,qualibact-v1.0,Total_Coding_Sequences,non-normal,6355.500941619585,477.9734502187239,6526.0,5962.5,6742.5,780.0,5232.0,7334.0,5236.65,7214.0,5446.25,7052.5,5236.65,7214.0,5446.25,7052.5,Bacillus bombysepticus,531,2,insufficient_data,5971.0,29.0,5971.0,5956.5,5985.5,29.0,5942.0,6000.0,5942.29,5999.71,5943.45,5998.55,0.71939736346516,0.15975680288902377,514.4745762711864
Bacillus bombysepticus,qualibact-v1.0,Genome_Size,non-normal,6135643.043314501,346920.54732488224,6255878.0,5866919.5,6429214.0,562294.5,5221375.0,6676494.0,5225804.95,6666120.4,5376359.5,6556711.5,5225804.95,6666120.4,5376359.5,6556711.5,Bacillus bombysepticus,531,2,insufficient_data,5872184.0,1408.0,5872184.0,5871480.0,5872888.0,1408.0,5870776.0,5873592.0,5870790.08,5873577.92,5870846.4,5873521.6,0.7457627118644068,0.1314167219173637,377272.12806026364
Bacillus cereus,qualibact-v1.0,N50,non-normal,181947.4955357143,167926.6914774627,139866.0,41533.25,251238.75,209705.5,6969.0,869412.0,8535.664999999999,749011.1949999989,16141.625,624934.1249999998,8535.66,749011.19,16141.62,624934.12,Bacillus cereus,448,0,,,,,,,,,,,,,,,,
Bacillus cereus,qualibact-v1.0,number,non-normal,258.3080357142857,226.71886840880745,160.0,85.0,381.25,296.25,36.0,1331.0,39.0,1130.0049999999997,46.175,831.9499999999999,39.0,1130.0,46.18,831.95,Bacillus cereus,448,0,,,,,,,,,,,,,,,,
Bacillus cereus,qualibact-v1.0,longest,non-normal,524369.9866071428,377046.00441395293,423710.5,206044.25,731825.25,525781.0,46110.0,2366961.0,63686.895,1956351.21,104616.725,1339599.4249999998,63686.9,1956351.21,104616.72,1339599.42,Bacillus cereus,448,0,,,,,,,,,,,,,,,,
Bacillus cereus,qualibact-v1.0,GC_Content,non-normal,35.06776049107143,0.156875746517091,35.07585,34.9737,35.143175,0.1694749999999985,34.6332,35.7852,34.682998,35.56745,34.74845,35.4144975,34.683,35.6308,34.7484,35.4145,Bacillus cereus,448,194,non-normal,35.22053092783506,0.14149586738406145,35.2719,35.172925,35.304874999999996,0.13194999999999624,34.7684,35.6308,34.8186765,35.5519595,34.878125000000004,35.4032925,0.5817148379970545,3.883314263212004e-43,0.15455994339101645
Bacillus cereus,qualibact-v1.0,Completeness_Specific,non-normal,99.9989732142857,0.019383792853377463,100.0,100.0,100.0,0.0,99.59,100.0,99.99,100.0,100.0,100.0,95.97,100.0,100.0,100.0,Bacillus cereus,448,194,non-normal,98.6918556701031,0.5539322037807295,98.815,98.59,99.06,0.46999999999999886,95.97,99.22,96.23055,99.22,96.80199999999999,99.22,1.0,8.604014012086967e-170,1.3071175441826202
Bacillus cereus,qualibact-v1.0,Contamination,non-normal,0.38203125,0.8109769400160053,0.07,0.0,0.4725,0.4725,0.0,6.28,0.0,5.24,0.0,2.28,0.0,5.24,0.0,2.28,Bacillus cereus,448,193,non-normal,0.28564766839378236,0.26678418866862996,0.17,0.06,0.48,0.42,0.06,1.36,0.06,1.3215999999999997,0.06,1.0039999999999998,0.46205357142857145,1.335234753545617e-26,0.20776681624722426
Bacillus cereus,qualibact-v1.0,Total_Coding_Sequences,non-normal,5852.890625,381.7777484320212,5818.0,5571.75,6043.75,472.0,5022.0,7097.0,5055.23,7065.12,5276.625,6840.0,5055.23,7065.12,5276.62,6840.0,Bacillus cereus,448,194,non-normal,5801.572164948454,261.6643546281034,5776.5,5599.0,5953.5,354.5,5282.0,6780.0,5360.165,6640.075,5425.425,6314.75,0.12587444771723122,0.02459228879448715,101.38215666421209
Bacillus cereus,qualibact-v1.0,Genome_Size,non-normal,5722179.776785715,329672.2712293824,5680441.5,5500693.75,5926524.5,425830.75,4942523.0,6752875.0,4981897.375,6734937.544999999,5238003.125,6616928.724999999,4981897.38,6734937.54,5238003.12,6616928.72,Bacillus cereus,448,194,non-normal,5637731.886597938,273646.7592441246,5612597.0,5427504.75,5795434.25,367929.5,5147492.0,6548342.0,5224113.965,6544649.91,5280308.475,6221191.5,0.22592967599410899,1.4878948336476786e-06,100350.779455081
Bacillus licheniformis,qualibact-v1.0,N50,non-normal,500705.8523489933,307405.24329756846,402486.0,310450.0,612330.0,301880.0,49659.0,2194812.0,84658.78,2162561.32,130018.0,1091095.6999999997,84658.78,2162561.32,130018.0,1091095.7,Bacillus licheniformis,149,0,,,,,,,,,,,,,,,,
Bacillus licheniformis,qualibact-v1.0,number,non-normal,45.395973154362416,26.14462070557164,38.0,31.0,49.0,18.0,19.0,182.0,19.74,166.4599999999998,22.0,119.99999999999983,19.74,166.46,22.0,120.0,Bacillus licheniformis,149,0,,,,,,,,,,,,,,,,
Bacillus licheniformis,qualibact-v1.0,longest,non-normal,930059.0536912752,419643.36233803694,804585.0,604567.0,1181889.0,577322.0,198004.0,2194812.0,215470.96,2162561.32,422462.9,2027337.2999999993,215470.96,2162561.32,422462.9,2027337.3,Bacillus licheniformis,149,0,,,,,,,,,,,,,,,,
Bacillus licheniformis,qualibact-v1.0,GC_Content,non-normal,45.98468255033556,0.2071743851686445,45.9946,45.8012,46.1951,0.39389999999999503,45.578,46.2557,45.57948,46.254516,45.59149,46.240449999999996,45.5731,46.3539,45.5915,46.2404,Bacillus licheniformis,149,62,non-normal,46.006901612903235,0.2077436490174273,45.978049999999996,45.84887500000001,46.201525,0.3526499999999899,45.5731,46.3539,45.574594499999996,46.33203150000001,45.579785,46.2780525,0.13379519376488416,0.372239309947598,0.028724345096342033
Bacillus licheniformis,qualibact-v1.0,Completeness_Specific,non-normal,99.99510067114095,0.005630388505012164,100.0,99.99,100.0,0.010000000000005116,99.98,100.0,99.98,100.0,99.98,100.0,92.16,100.0,99.98,100.0,Bacillus licheniformis,149,62,non-normal,97.30306451612901,1.355528213565897,97.695,97.065,98.14750000000001,1.0825000000000102,92.16,98.85,92.30945,98.7524,93.26950000000001,98.53,1.0,1.0736517867913433e-54,2.692036155011906
Bacillus licheniformis,qualibact-v1.0,Contamination,non-normal,0.15194630872483222,0.13430745981345293,0.12,0.07,0.2,0.13,0.01,1.01,0.01,0.8841999999999984,0.03,0.4689999999999995,0.01,5.88,0.03,0.47,Bacillus licheniformis,149,62,non-normal,1.9809677419354839,1.0525755044213239,1.66,1.25,2.34,1.0899999999999999,0.83,5.88,0.83,5.819,0.83,4.756000000000002,0.9865771812080537,2.1644820021713485e-51,1.8290214332106516
Bacillus licheniformis,qualibact-v1.0,Total_Coding_Sequences,non-normal,4395.51677852349,162.5725487623867,4386.0,4258.0,4491.0,233.0,4133.0,4909.0,4139.66,4857.199999999999,4151.0,4787.4,4139.66,5063.0,4151.0,4787.4,Bacillus licheniformis,149,62,non-normal,4512.758064516129,150.45090137744657,4491.5,4397.5,4603.75,206.25,4221.0,5063.0,4249.365,5041.345,4326.075,4889.625,0.4174063650140723,2.1207983139825424e-07,117.24128599263909
Bacillus licheniformis,qualibact-v1.0,Genome_Size,non-normal,4264783.187919463,109005.37635693188,4259625.0,4172910.0,4333982.0,161072.0,4084793.0,4600878.0,4087498.44,4575192.6,4098829.2,4506360.899999999,4087498.44,4824459.0,4098829.2,4506360.9,Bacillus licheniformis,149,62,non-normal,4321658.903225807,116875.29464495683,4296212.0,4233970.5,4375385.0,141414.5,4114473.0,4824459.0,4138715.925,4784476.55,4198029.375,4600705.975000001,0.36901926823987874,7.469038509754962e-06,56875.71530634336
Bacillus mobilis,qualibact-v1.0,N50,non-normal,71442.62307692308,60927.88528230168,47043.5,31075.0,88383.75,57308.75,16108.0,297842.0,17819.83,275465.01499999966,19259.275,258521.19999999995,17819.83,275465.01,19259.28,258521.2,Bacillus mobilis,130,0,,,,,,,,,,,,,,,,
Bacillus mobilis,qualibact-v1.0,number,normal,349.9076923076923,175.925353320175,343.5,199.5,461.75,262.25,75.0,865.0,75.645,786.3099999999988,82.45,716.0749999999999,75.64,786.31,82.45,716.08,Bacillus mobilis,130,0,,,,,,,,,,,,,,,,
Bacillus mobilis,qualibact-v1.0,longest,non-normal,303054.9,172480.30309127833,237518.5,178296.75,387170.5,208873.75,111947.0,796858.0,113467.265,782806.0299999998,122866.275,750470.7999999993,113467.26,782806.03,122866.28,750470.8,Bacillus mobilis,130,0,,,,,,,,,,,,,,,,
Bacillus mobilis,qualibact-v1.0,GC_Content,non-normal,35.35775692307693,0.10055334897720979,35.36215,35.282975,35.435925000000005,0.15295000000000414,35.1512,35.5561,35.1574565,35.5424905,35.181125,35.518335,35.1575,35.6273,35.1811,35.5183,Bacillus mobilis,130,2,insufficient_data,35.596999999999994,0.030300000000000438,35.596999999999994,35.581849999999996,35.61215,0.03030000000000399,35.5667,35.6273,35.567003,35.626996999999996,35.568214999999995,35.625785,1.0,0.00023132084200786488,0.23924307692307478
Bacillus mobilis,qualibact-v1.0,Completeness_Specific,non-normal,100.0,0.0,100.0,100.0,100.0,0.0,100.0,100.0,100.0,100.0,100.0,100.0,99.41,100.0,100.0,100.0,Bacillus mobilis,130,2,insufficient_data,99.41,0.0,99.41,99.41,99.41,0.0,99.41,99.41,99.41,99.41,99.41,99.41,1.0,0.00023132084200786488,0.5900000000000034
Bacillus mobilis,qualibact-v1.0,Contamination,non-normal,0.4382307692307692,0.4462949445319685,0.19,0.06,0.77,0.71,0.0,1.6,0.0,1.6,0.0,1.3419999999999994,0.0,1.6,0.0,1.34,Bacillus mobilis,130,2,insufficient_data,0.11499999999999999,0.0049999999999999975,0.11499999999999999,0.1125,0.1175,0.0049999999999999906,0.11,0.12,0.11005,0.11995,0.11025,0.11975,0.6076923076923076,0.31876012028683776,0.3776923076923077
Bacillus mobilis,qualibact-v1.0,Total_Coding_Sequences,normal,5870.007692307692,207.00470065840187,5880.5,5728.25,5988.75,260.5,5346.0,6259.0,5347.29,6240.295,5366.475,6219.525,5347.29,6240.3,5366.48,6219.52,Bacillus mobilis,130,2,insufficient_data,5789.0,161.0,5789.0,5708.5,5869.5,161.0,5628.0,5950.0,5629.61,5948.39,5636.05,5941.95,0.4230769230769231,0.7760814249363871,119.19230769230768
Bacillus mobilis,qualibact-v1.0,Genome_Size,normal,5726008.269230769,172503.93938328073,5729354.0,5624349.25,5837300.5,212951.25,5283242.0,6024023.0,5285748.47,6018778.505,5304089.325,6014181.725,5285748.47,6018778.5,5304089.32,6014181.72,Bacillus mobilis,130,2,insufficient_data,5566651.5,166544.5,5566651.5,5483379.25,5649923.75,166544.5,5400107.0,5733196.0,5401772.445,5731530.555,5408434.225,5724868.775,0.4846153846153846,0.5836224843858434,169636.1230769231
Bacillus mycoides,qualibact-v1.0,N50,non-normal,134167.01379310346,103786.86256049719,114753.0,50338.0,193355.0,143017.0,6535.0,458012.0,7533.64,453503.36,10113.0,399676.80000000005,7533.64,453503.36,10113.0,399676.8,Bacillus mycoides,145,0,,,,,,,,,,,,,,,,
Bacillus mycoides,qualibact-v1.0,number,non-normal,309.2551724137931,280.6619706757418,213.0,125.0,361.0,236.0,50.0,1299.0,53.6,1212.6000000000001,72.8,1063.2,53.6,1212.6,72.8,1063.2,Bacillus mycoides,145,0,,,,,,,,,,,,,,,,
Bacillus mycoides,qualibact-v1.0,longest,non-normal,478392.9448275862,280924.7013434513,398768.0,272039.0,683971.0,411932.0,56463.0,1372413.0,58065.72,1232275.8000000003,65764.6,1092165.4000000001,58065.72,1232275.8,65764.6,1092165.4,Bacillus mycoides,145,0,,,,,,,,,,,,,,,,
Bacillus mycoides,qualibact-v1.0,GC_Content,non-normal,35.28604551724138,0.14509712418039908,35.2665,35.1988,35.3518,0.1529999999999987,35.0169,35.7883,35.03202,35.772892,35.08264,35.63214,35.032,35.7729,35.0826,35.6321,Bacillus mycoides,145,59,normal,35.36821355932204,0.08667582201069414,35.3742,35.3081,35.4267,0.1185999999999936,35.2058,35.5641,35.207453,35.563723,35.2142,35.54714,0.44430157802454706,5.2610741611468956e-08,0.1016020105201639
Bacillus mycoides,qualibact-v1.0,Completeness_Specific,non-normal,99.99958620689654,0.0019916591832001436,100.0,100.0,100.0,0.0,99.99,100.0,99.99,100.0,99.99,100.0,98.74,100.0,99.99,100.0,Bacillus mycoides,145,59,non-normal,99.20576271186438,0.2790310315640488,99.41,98.82,99.41,0.5900000000000034,98.74,99.41,98.7545,99.41,98.8035,99.41,1.0,1.6833533978767e-52,0.7938234950321488
Bacillus mycoides,qualibact-v1.0,Contamination,non-normal,0.39041379310344826,0.2941612878303774,0.32,0.18,0.55,0.37000000000000005,0.0,1.49,0.0,1.4180000000000001,0.016,1.2200000000000006,0.0,2.21,0.02,1.22,Bacillus mycoides,145,36,non-normal,0.7677777777777778,0.7262962018622334,0.29,0.29,1.29,1.0,0.2,2.21,0.2,2.21,0.2,2.21,0.27816091954022987,0.018530436636978665,0.3871724137931034
Bacillus mycoides,qualibact-v1.0,Total_Coding_Sequences,normal,5808.144827586207,224.41242756509703,5759.0,5692.0,5981.0,289.0,5212.0,6474.0,5265.28,6432.24,5327.4,6217.6,5265.28,6955.0,5327.4,6217.6,Bacillus mycoides,145,59,non-normal,6046.35593220339,272.9361235702499,6000.0,5897.0,6187.5,290.5,5462.0,6955.0,5482.01,6847.990000000001,5550.35,6572.95,0.4549386323787259,2.2151882817847865e-08,238.2111046171829
Bacillus mycoides,qualibact-v1.0,Genome_Size,normal,5683783.248275862,222172.34239408895,5679167.0,5527416.0,5850994.0,323578.0,5160838.0,6247445.0,5177188.48,6229993.64,5266208.8,6089445.2,5177188.48,6558090.0,5266208.8,6089445.2,Bacillus mycoides,145,59,normal,5859687.016949153,251915.2289267227,5835815.0,5734288.0,6006781.0,272493.0,5338331.0,6558090.0,5339587.86,6498078.2700000005,5343348.55,6345356.1,0.3483343074225599,4.8180779165475286e-05,175903.76867329053
Bacillus paralicheniformis,qualibact-v1.0,N50,non-normal,441934.92391304346,297928.1358319644,353512.5,191995.0,638970.5,446975.5,129569.0,1120580.0,130390.73,1099388.375,158357.7,1068689.7,130390.73,1099388.38,158357.7,1068689.7,Bacillus paralicheniformis,92,0,,,,,,,,,,,,,,,,
Bacillus paralicheniformis,qualibact-v1.0,number,non-normal,73.90217391304348,35.4226222799378,63.0,41.0,109.0,68.0,19.0,150.0,19.91,146.815,27.275,127.44999999999999,19.91,146.82,27.28,127.45,Bacillus paralicheniformis,92,0,,,,,,,,,,,,,,,,
Bacillus paralicheniformis,qualibact-v1.0,longest,non-normal,734931.0869565217,397877.6822416563,656213.0,344483.0,1007281.5,662798.5,329089.0,1959572.0,332619.8,1837346.7150000005,341962.975,1661727.0499999993,332619.8,1837346.72,341962.98,1661727.05,Bacillus paralicheniformis,92,0,,,,,,,,,,,,,,,,
Bacillus paralicheniformis,qualibact-v1.0,GC_Content,non-normal,45.77116195652174,0.1151713570618857,45.79645,45.625225,45.873525,0.2483000000000004,45.5577,45.9681,45.5659355,45.960456,45.580977499999996,45.932785,45.5043,46.1065,45.581,45.9328,Bacillus paralicheniformis,92,40,non-normal,45.8470325,0.14525542053138632,45.89665,45.79025,45.942275,0.15202500000000185,45.5043,46.1065,45.5132505,46.086161499999996,45.549052499999995,46.0048075,0.39565217391304347,0.00019804876362309508,0.0884185869565212
Bacillus paralicheniformis,qualibact-v1.0,Completeness_Specific,non-normal,99.99739130434783,0.005491013452311271,100.0,100.0,100.0,0.0,99.98,100.0,99.98,100.0,99.98,100.0,95.35,100.0,99.98,100.0,Bacillus paralicheniformis,92,40,non-normal,98.44399999999999,0.7578317755280523,98.78,98.63,98.78,0.15000000000000568,95.35,98.78,95.48845,98.78,96.04225,98.78,1.0,1.8151047382338328e-34,1.5533913043478247
Bacillus paralicheniformis,qualibact-v1.0,Contamination,non-normal,0.03978260869565218,0.04245146233128221,0.02,0.01,0.052500000000000005,0.0425,0.0,0.16,0.0,0.15090000000000003,0.0,0.13724999999999996,0.0,0.35,0.0,0.14,Bacillus paralicheniformis,92,34,non-normal,0.06441176470588234,0.05505030728506364,0.05,0.05,0.05,0.0,0.05,0.35,0.05,0.3236000000000001,0.05,0.21799999999999956,0.7065217391304348,1.3557913415304886e-12,0.03923273657289002
Bacillus paralicheniformis,qualibact-v1.0,Total_Coding_Sequences,non-normal,4452.75,159.15057301594723,4433.5,4304.25,4584.5,280.25,4187.0,4705.0,4198.375,4703.635,4219.0,4681.0,4198.38,5194.0,4219.0,4681.0,Bacillus paralicheniformis,92,40,non-normal,4524.375,174.1300788921891,4465.5,4373.0,4646.75,273.75,4317.0,5194.0,4321.095,5109.175,4337.475,4769.874999999999,0.34456521739130436,0.0018632466606387417,75.73804347826088
Bacillus paralicheniformis,qualibact-v1.0,Genome_Size,non-normal,4398989.597826087,71120.51433643854,4398755.5,4336427.25,4474380.5,137953.25,4254704.0,4555853.0,4261318.79,4542706.23,4278412.525,4513128.525,4261318.79,4926202.0,4278412.53,4513128.53,Bacillus paralicheniformis,92,40,non-normal,4443237.95,127410.26380573702,4420427.5,4349003.75,4509566.75,160563.0,4275686.0,4926202.0,4278110.24,4865923.015,4287807.2,4624807.074999999,0.2391304347826087,0.0680439426967276,45155.00869565218
Bacillus paranthracis,qualibact-v1.0,N50,non-normal,119839.37789904502,103868.49284787396,76274.0,38881.0,189486.0,150605.0,13928.0,622511.0,14885.14,486323.4200000015,19025.8,381720.8999999999,14885.14,486323.42,19025.8,381720.9,Bacillus paranthracis,733,0,,,,,,,,,,,,,,,,
Bacillus paranthracis,qualibact-v1.0,number,non-normal,247.54843110504774,156.82713317794466,207.0,116.0,349.0,233.0,43.0,835.0,52.66,761.8200000000007,73.0,617.7999999999997,52.66,761.82,73.0,617.8,Bacillus paranthracis,733,0,,,,,,,,,,,,,,,,
Bacillus paranthracis,qualibact-v1.0,longest,non-normal,405266.18281036837,291866.3520164463,296486.0,177874.0,557887.0,380013.0,70850.0,1522380.0,77728.7,1349223.7600000016,101966.0,1168681.2999999996,77728.7,1349223.76,101966.0,1168681.3,Bacillus paranthracis,733,0,,,,,,,,,,,,,,,,
Bacillus paranthracis,qualibact-v1.0,GC_Content,non-normal,35.29302332878581,0.07282802024997226,35.2909,35.2477,35.3452,0.09749999999999659,34.9817,35.5143,35.088844,35.47855,35.142300000000006,35.4443,35.0888,35.5962,35.1423,35.4443,Bacillus paranthracis,733,34,non-normal,35.47289411764706,0.06934609680341411,35.48915,35.4416,35.516999999999996,0.0753999999999948,35.2762,35.5962,35.2776025,35.589732000000005,35.283212500000005,35.563860000000005,0.8332397078886125,3.930816116537459e-25,0.17987078886124788
Bacillus paranthracis,qualibact-v1.0,Completeness_Specific,non-normal,99.99998635743519,0.00036910639177286774,100.0,100.0,100.0,0.0,99.99,100.0,100.0,100.0,100.0,100.0,94.32,100.0,100.0,100.0,Bacillus paranthracis,733,34,non-normal,98.73411764705881,1.2038495060504832,99.41,98.5625,99.41,0.8474999999999966,94.32,99.41,94.49324999999999,99.41,95.18625,99.41,1.0,1.0245490181954646e-59,1.2658687103763766
Bacillus paranthracis,qualibact-v1.0,Contamination,non-normal,0.3044201909959072,0.3696155566649615,0.09,0.05,0.54,0.49000000000000005,0.0,2.19,0.0,1.8672000000000026,0.0,1.16,0.0,1.87,0.0,1.16,Bacillus paranthracis,733,29,non-normal,0.3579310344827585,0.18355454531508178,0.29,0.29,0.29,0.0,0.29,0.97,0.29,0.97,0.29,0.97,0.6207366984993179,7.452943936642233e-11,0.22921390600743283
Bacillus paranthracis,qualibact-v1.0,Total_Coding_Sequences,non-normal,5709.165075034107,172.3283020619947,5724.0,5592.0,5807.0,215.0,5230.0,6585.0,5274.66,6147.960000000001,5358.6,6059.4,5274.66,6308.0,5358.6,6059.4,Bacillus paranthracis,733,34,normal,5759.470588235294,224.61473359223967,5764.5,5688.25,5872.25,184.0,5309.0,6308.0,5319.56,6306.845,5361.8,6302.225,0.2741754273332798,0.011903296891336072,72.94599149345962
Bacillus paranthracis,qualibact-v1.0,Genome_Size,non-normal,5545892.178717599,144914.32069210042,5560772.0,5466709.0,5620307.0,153598.0,5148549.0,6172678.0,5165415.68,5947090.680000001,5247216.4,5834605.0,5149464.0,6055697.0,5247216.4,5834605.0,Bacillus paranthracis,733,34,normal,5550021.676470588,209132.00744600367,5563016.0,5496389.25,5644613.25,148224.0,5149464.0,6055697.0,5153760.6,6053890.91,5170947.0,6046666.55,0.15725062194045422,0.358556134911958,52810.75479496028
Bacillus pumilus,qualibact-v1.0,N50,non-normal,403842.8761061947,172176.24127296804,389296.0,358428.0,389296.0,30868.0,129754.0,936288.0,135282.88,934904.8,147574.2,929931.2,135282.88,934904.8,147574.2,929931.2,Bacillus pumilus,113,0,,,,,,,,,,,,,,,,
Bacillus pumilus,qualibact-v1.0,number,non-normal,55.230088495575224,11.688439829844073,56.0,53.0,58.0,5.0,26.0,92.0,26.56,89.19999999999999,28.8,84.2,26.56,89.2,28.8,84.2,Bacillus pumilus,113,0,,,,,,,,,,,,,,,,
Bacillus pumilus,qualibact-v1.0,longest,non-normal,727381.9557522124,147595.48741473342,749320.0,749320.0,749320.0,0.0,319079.0,1036713.0,319752.68,994544.4399999998,345997.2,956675.2000000001,319752.68,994544.44,345997.2,956675.2,Bacillus pumilus,113,0,,,,,,,,,,,,,,,,
Bacillus pumilus,qualibact-v1.0,GC_Content,non-normal,41.29993539823009,0.1565882526591925,41.2164,41.2151,41.3053,0.09020000000000294,41.0642,41.8617,41.104632,41.783635999999994,41.18762,41.63548,41.1046,41.981,41.1876,41.6355,Bacillus pumilus,113,47,normal,41.652242553191485,0.2015303553975747,41.6899,41.538,41.79565,0.25765000000000526,41.1636,41.981,41.18591,41.975825,41.264649999999996,41.957885,0.7043871210694784,1.5566327371275857e-16,0.3523071549614007
Bacillus pumilus,qualibact-v1.0,Completeness_Specific,non-normal,100.0,0.0,100.0,100.0,100.0,0.0,100.0,100.0,100.0,100.0,100.0,100.0,91.57,100.0,100.0,100.0,Bacillus pumilus,113,47,normal,94.34638297872338,1.2815556131114678,94.62,93.275,95.21000000000001,1.9350000000000023,91.57,98.16,91.64129999999999,97.6816,91.898,96.05,1.0,2.4478138938601645e-41,5.653617021276597
Bacillus pumilus,qualibact-v1.0,Contamination,non-normal,0.008495575221238939,0.04769410714676949,0.0,0.0,0.0,0.0,0.0,0.37,0.0,0.3475999999999999,0.0,0.08600000000000009,0.0,5.31,0.0,0.09,Bacillus pumilus,113,47,normal,2.6942553191489362,1.3483539920968903,2.6,1.55,3.5700000000000003,2.0200000000000005,0.19,5.31,0.2544,5.31,0.509,5.31,0.9823008849557522,2.878629139179554e-38,2.685759743927697
Bacillus pumilus,qualibact-v1.0,Total_Coding_Sequences,non-normal,3721.0176991150443,61.282456786181285,3710.0,3708.0,3713.0,5.0,3592.0,4054.0,3609.92,4046.72,3652.4,3896.6000000000004,3609.92,4258.0,3652.4,3896.6,Bacillus pumilus,113,47,normal,3890.7021276595747,133.64623274671064,3881.0,3793.0,3994.0,201.0,3685.0,4258.0,3686.15,4235.0,3690.3,4154.55,0.7733006966672943,2.718430189478744e-20,169.68442854453014
Bacillus pumilus,qualibact-v1.0,Genome_Size,non-normal,3675573.96460177,43953.11051804112,3664686.0,3664211.0,3667836.0,3625.0,3586246.0,3914854.0,3599976.64,3906434.4,3630558.2,3805256.2,3599976.64,4059420.0,3630558.2,3805256.2,Bacillus pumilus,113,47,normal,3774053.85106383,102985.86538917145,3775567.0,3705224.5,3839778.5,134554.0,3610857.0,4059420.0,3611081.71,4038569.81,3613031.6,3967844.05,0.7288646205987573,9.356120228401882e-18,103607.26059122579
Bacillus safensis,qualibact-v1.0,N50,non-normal,784950.14,330508.13386626414,878425.0,527622.75,949049.5,421426.75,122750.0,1900424.0,175800.14,1895003.255,241878.075,1848736.3,175800.14,1895003.26,241878.08,1848736.3,Bacillus safensis,100,0,,,,,,,,,,,,,,,,
Bacillus safensis,qualibact-v1.0,number,non-normal,35.62,14.31207881476342,33.0,27.0,42.0,15.0,17.0,126.0,17.495,97.28999999999974,19.0,64.62499999999996,17.5,97.29,19.0,64.62,Bacillus safensis,100,0,,,,,,,,,,,,,,,,
Bacillus safensis,qualibact-v1.0,longest,non-normal,1003515.5,310825.4084962328,978119.5,895437.75,1014309.0,118871.25,380260.0,1900424.0,401347.495,1895003.255,467628.8,1876744.95,401347.5,1895003.26,467628.8,1876744.95,Bacillus safensis,100,0,,,,,,,,,,,,,,,,
Bacillus safensis,qualibact-v1.0,GC_Content,non-normal,41.564112,0.08801792576515301,41.59035,41.509125000000004,41.6213,0.11217499999999347,41.3135,41.6983,41.31449,41.691271,41.32703,41.6817325,41.3145,41.8947,41.327,41.6817,Bacillus safensis,100,41,normal,41.64133658536585,0.10628837844853188,41.6608,41.5927,41.7163,0.12359999999999616,41.3992,41.8947,41.400240000000004,41.87034,41.4044,41.7729,0.4353658536585366,1.6602736369120273e-05,0.07762560975609743
Bacillus safensis,qualibact-v1.0,Completeness_Specific,non-normal,100.0,0.0,100.0,100.0,100.0,0.0,100.0,100.0,100.0,100.0,100.0,100.0,96.08,100.0,100.0,100.0,Bacillus safensis,100,41,non-normal,98.63658536585366,0.802932460046049,98.92,98.77,99.12,0.3500000000000085,96.08,99.12,96.08,99.12,96.08,99.12,1.0,3.289527140308784e-36,1.3634146341463405
Bacillus safensis,qualibact-v1.0,Contamination,non-normal,0.036500000000000005,0.07764502559726542,0.01,0.0,0.03,0.03,0.0,0.49,0.0,0.45039999999999963,0.0,0.24199999999999933,0.0,0.59,0.0,0.24,Bacillus safensis,100,37,non-normal,0.348108108108108,0.11689306357794273,0.29,0.29,0.3,0.010000000000000009,0.29,0.59,0.29,0.59,0.29,0.59,0.98,3.7975252061300506e-31,0.311608108108108
Bacillus safensis,qualibact-v1.0,Total_Coding_Sequences,non-normal,3754.96,79.24656711807773,3735.5,3698.5,3784.5,86.0,3660.0,4047.0,3660.495,4041.06,3664.425,3980.8749999999995,3660.5,4351.0,3664.42,3980.87,Bacillus safensis,100,41,non-normal,3880.6585365853657,104.54444958639283,3861.0,3811.0,3911.0,100.0,3767.0,4351.0,3767.6,4300.599999999999,3770.0,4099.0,0.676829268292683,2.734866655029786e-13,125.69853658536584
Bacillus safensis,qualibact-v1.0,Genome_Size,non-normal,3710680.96,56632.78378764724,3700660.5,3677103.5,3734868.5,57765.0,3603737.0,3900061.0,3615194.27,3900033.775,3626927.1,3834517.8249999997,3615194.27,4151325.0,3626927.1,3834517.82,Bacillus safensis,100,41,non-normal,3776134.1463414636,85779.33451668255,3773908.0,3732752.0,3795137.0,62385.0,3663256.0,4151325.0,3663455.0,4115572.7999999993,3664251.0,3972564.0,0.48609756097560974,8.74369724910019e-07,65453.186341463406
Bacillus spizizenii,qualibact-v1.0,N50,non-normal,335993.5537190083,88376.84589367785,325195.0,315158.0,325276.0,10118.0,135193.0,787302.0,145590.4,740380.2000000004,237492.0,633234.0,145590.4,740380.2,237492.0,633234.0,Bacillus spizizenii,121,0,,,,,,,,,,,,,,,,
Bacillus spizizenii,qualibact-v1.0,number,non-normal,45.85123966942149,11.047351993420211,44.0,38.0,51.0,13.0,28.0,111.0,28.0,91.20000000000019,30.0,75.0,28.0,91.2,30.0,75.0,Bacillus spizizenii,121,0,,,,,,,,,,,,,,,,
Bacillus spizizenii,qualibact-v1.0,longest,non-normal,636807.652892562,176858.64391162703,553620.0,553130.0,768730.0,215600.0,373014.0,1317231.0,386839.2,1310037.6,429120.0,1073072.0,386839.2,1310037.6,429120.0,1073072.0,Bacillus spizizenii,121,0,,,,,,,,,,,,,,,,
Bacillus spizizenii,qualibact-v1.0,GC_Content,non-normal,43.81770247933884,0.06918811996481844,43.8414,43.8349,43.8468,0.01190000000000424,43.4983,43.8857,43.49884,43.885220000000004,43.6025,43.8551,43.4988,43.9747,43.6025,43.8551,Bacillus spizizenii,121,14,non-normal,43.930749999999996,0.039262664017030144,43.937650000000005,43.915475,43.96325,0.047775000000001455,43.8235,43.9747,43.827868,43.974478999999995,43.84534,43.973594999999996,0.9285714285714286,1.6779543246837811e-13,0.11304752066115724
Bacillus spizizenii,qualibact-v1.0,Completeness_Specific,non-normal,100.0,0.0,100.0,100.0,100.0,0.0,100.0,100.0,100.0,100.0,100.0,100.0,95.76,100.0,100.0,100.0,Bacillus spizizenii,121,14,non-normal,98.56428571428572,0.8299200846700673,98.63,98.63,98.82,0.18999999999999773,95.76,99.41,95.92445000000001,99.41,96.58225,99.41,1.0,5.245525159773361e-19,1.4357142857142884
Bacillus spizizenii,qualibact-v1.0,Contamination,non-normal,0.0571900826446281,0.08189111033093177,0.02,0.02,0.02,0.0,0.0,0.52,0.006,0.44800000000000073,0.02,0.27,0.01,5.88,0.02,0.27,Bacillus spizizenii,121,8,insufficient_data,0.98875,1.8487187286063826,0.29,0.29,0.29,0.0,0.29,5.88,0.29,5.684349999999999,0.29,4.901750000000001,0.9752066115702479,2.1650297927427287e-10,0.9315599173553719
Bacillus spizizenii,qualibact-v1.0,Total_Coding_Sequences,non-normal,4010.9173553719006,58.41679634732874,3990.0,3983.0,3996.0,13.0,3926.0,4233.0,3942.2,4216.8,3975.0,4202.0,3942.2,4301.0,3975.0,4202.0,Bacillus spizizenii,121,14,normal,4184.714285714285,56.371761638289094,4165.5,4143.75,4196.75,53.0,4129.0,4301.0,4129.065,4300.35,4129.325,4297.75,0.9256198347107438,4.287178204133084e-13,173.79693034238488
Bacillus spizizenii,qualibact-v1.0,Genome_Size,non-normal,4018060.4545454546,50229.099436794655,3997080.0,3994897.0,3999668.0,4771.0,3920332.0,4175842.0,3952729.0,4175672.8,3989169.0,4174227.0,3952729.0,4222511.0,3989169.0,4174227.0,Bacillus spizizenii,121,14,normal,4097721.785714286,61685.494006959634,4088846.0,4046582.75,4130376.75,83794.0,4027676.0,4222511.0,4027939.315,4221517.215,4028992.575,4217542.075,0.7933884297520661,1.1475940679502265e-08,79661.3311688312
Bacillus subtilis,qualibact-v1.0,N50,non-normal,1031986.7127440905,683318.7950239972,931703.0,580311.5,1048612.5,468301.0,31505.0,2294043.0,49659.95,2232014.625,66896.375,2227575.75,49659.95,2232014.62,66896.38,2227575.75,Bacillus subtilis,1946,0,,,,,,,,,,,,,,,,
Bacillus subtilis,qualibact-v1.0,number,non-normal,44.17882836587872,36.26377732111498,33.0,26.0,40.0,14.0,16.0,348.0,18.0,199.0,19.0,163.0,18.0,199.0,19.0,163.0,Bacillus subtilis,1946,0,,,,,,,,,,,,,,,,
Bacillus subtilis,qualibact-v1.0,longest,non-normal,1298540.0354573485,621806.8147591039,1073408.0,1015372.0,2057004.0,1041632.0,106497.0,2294043.0,149678.75,2232014.625,235216.75,2227575.75,149678.75,2232014.62,235216.75,2227575.75,Bacillus subtilis,1946,0,,,,,,,,,,,,,,,,
Bacillus subtilis,qualibact-v1.0,GC_Content,non-normal,43.50784203494348,0.20856617945759146,43.43515,43.285399999999996,43.7215,0.43610000000000326,42.9307,44.0264,43.164030000000004,43.83370000000001,43.231224999999995,43.8089,42.8789,44.0963,43.2312,43.8089,Bacillus subtilis,1946,418,non-normal,43.60317392344498,0.20628412425123613,43.58685,43.465599999999995,43.7979,0.3323000000000036,42.8789,44.0963,43.0185025,43.932503,43.207687500000006,43.8914175,0.30425065279287167,1.1014523387351427e-28,0.10099365131271576
Bacillus subtilis,qualibact-v1.0,Completeness_Specific,non-normal,99.99917780061666,0.010873572273686396,100.0,100.0,100.0,0.0,99.71,100.0,99.97725,100.0,100.0,100.0,92.64,100.0,100.0,100.0,Bacillus subtilis,1946,418,non-normal,97.58490430622011,1.0054607434565377,97.815,97.225,98.33,1.105000000000004,92.64,98.62,93.36,98.62,94.917,98.62,1.0,5e-324,2.4142734943965545
Bacillus subtilis,qualibact-v1.0,Contamination,non-normal,0.22360226104830422,0.2794599550377617,0.09,0.04,0.43,0.39,0.0,2.3,0.0,1.72,0.01,0.71,0.0,15.55,0.01,0.71,Bacillus subtilis,1946,418,non-normal,1.4644736842105264,1.1766920365282543,1.32,1.115,1.5525,0.4375,0.44,15.55,0.51,11.866300000000026,0.67,2.5157499999999997,0.9611397689777091,1e-322,1.2408714231622224
Bacillus subtilis,qualibact-v1.0,Total_Coding_Sequences,non-normal,4165.4342240493315,156.5053546800046,4221.0,4012.0,4315.0,303.0,3807.0,4635.0,3810.0,4514.275,3859.0,4393.375,3810.0,4985.0,3859.0,4393.38,Bacillus subtilis,1946,417,non-normal,4372.083932853717,154.86163130278746,4393.0,4248.0,4470.0,222.0,3861.0,4985.0,3978.48,4876.92,4125.4,4706.599999999999,0.48629667694415896,1.2639676469196328e-74,206.64970880438506
Bacillus subtilis,qualibact-v1.0,Genome_Size,non-normal,4115333.7774922918,123701.86673925038,4161773.5,3990786.25,4245874.25,255088.0,3829812.0,4358602.0,3831226.425,4292397.050000001,3838473.75,4269952.75,3684279.0,4703957.0,3838473.75,4269952.75,Bacillus subtilis,1946,418,non-normal,4165729.7200956936,112975.79660386605,4172964.0,4090549.0,4217049.5,126500.5,3684279.0,4703957.0,3855675.445,4585243.925000001,3988613.9,4392027.05,0.30686920047010924,3.5047255606514575e-29,55997.87344915591
Bacillus thuringiensis,qualibact-v1.0,N50,non-normal,155105.30480167014,113324.68628234843,132808.0,62888.5,205854.0,142965.5,10504.0,769923.0,16994.09,602041.4700000001,26691.25,447802.65,16994.09,602041.47,26691.25,447802.65,Bacillus thuringiensis,479,0,,,,,,,,,,,,,,,,
Bacillus thuringiensis,qualibact-v1.0,number,non-normal,247.27348643006263,168.67315414611318,194.0,125.0,320.0,195.0,50.0,1191.0,51.39,923.4900000000001,66.0,719.1000000000003,51.39,923.49,66.0,719.1,Bacillus thuringiensis,479,0,,,,,,,,,,,,,,,,
Bacillus thuringiensis,qualibact-v1.0,longest,non-normal,505522.35908141965,280756.4749535789,438665.0,302134.0,707732.5,405598.5,84646.0,1604903.0,118886.9,1458535.710000001,148514.8,1138788.6500000004,118886.9,1458535.71,148514.8,1138788.65,Bacillus thuringiensis,479,0,,,,,,,,,,,,,,,,
Bacillus thuringiensis,qualibact-v1.0,GC_Content,non-normal,34.93980605427975,0.14997401286679884,34.918,34.85745,35.02935,0.17190000000000083,34.5278,35.4933,34.567485,35.398189,34.616905,35.244425,34.5675,35.7116,34.6169,35.2444,Bacillus thuringiensis,479,110,non-normal,35.128592727272725,0.1874411072160538,35.1005,34.969125,35.287525,0.318400000000004,34.8154,35.7116,34.8264635,35.608922,34.8806275,35.4655775,0.4455114822546973,1.3524742436473201e-16,0.18878667299297755
Bacillus thuringiensis,qualibact-v1.0,Completeness_Specific,non-normal,99.99993736951984,0.001019764070298047,100.0,100.0,100.0,0.0,99.98,100.0,100.0,100.0,100.0,100.0,91.61,100.0,100.0,100.0,Bacillus thuringiensis,479,110,non-normal,97.98354545454545,1.4303855718992418,98.41,97.4625,99.005,1.5424999999999898,91.61,99.58,92.40025,99.58,94.09425,99.44,1.0,3.252873434765325e-122,2.0163919149743794
Bacillus thuringiensis,qualibact-v1.0,Contamination,non-normal,0.46958246346555327,0.7173142271015416,0.09,0.0,0.665,0.665,0.0,3.09,0.0,2.887600000000002,0.0,2.6710000000000003,0.0,4.28,0.0,2.67,Bacillus thuringiensis,479,110,non-normal,1.0650909090909089,0.7586384280161466,0.955,0.6,1.18,0.58,0.13,4.28,0.21175000000000002,3.8003999999999984,0.3145,3.1364999999999994,0.5823306130195482,6.480477470822499e-29,0.5955084456253561
Bacillus thuringiensis,qualibact-v1.0,Total_Coding_Sequences,normal,6239.244258872652,408.0391023203083,6227.0,5931.0,6496.0,565.0,4883.0,7346.0,5157.41,7245.81,5475.95,7037.200000000001,5157.41,7245.81,5475.95,7037.2,Bacillus thuringiensis,479,110,non-normal,6269.9,514.4918048644967,6307.5,5839.5,6652.0,812.5,5277.0,7147.0,5329.865,7143.73,5411.375,7081.15,0.1491554374644145,0.03301824433525294,127.37618143860317
Bacillus thuringiensis,qualibact-v1.0,Genome_Size,normal,6036789.146137787,330760.83372279344,6031616.0,5753180.5,6259634.0,506453.5,4815498.0,7033056.0,5049730.86,6919428.96,5380962.8,6656296.550000001,5049730.86,6919428.96,5380962.8,6656296.55,Bacillus thuringiensis,479,110,non-normal,6062853.80909091,488027.59713033546,6123424.5,5675421.5,6400219.25,724797.75,5100661.0,6870591.0,5129844.115,6865275.07,5227111.175,6836383.325,0.1759536914025432,0.006720940515903805,162901.42009869043
Bacillus toyonensis,qualibact-v1.0,N50,non-normal,181753.87692307692,128969.18879317443,156512.5,65408.5,259119.75,193711.25,19168.0,582755.0,19206.7,580182.74,26470.775,442643.4499999999,19206.7,580182.74,26470.78,442643.45,Bacillus toyonensis,130,0,,,,,,,,,,,,,,,,
Bacillus toyonensis,qualibact-v1.0,number,non-normal,217.14615384615385,158.93109835292978,159.0,99.25,304.5,205.25,45.0,729.0,49.515,716.7449999999998,62.125,649.3249999999999,49.52,716.74,62.12,649.32,Bacillus toyonensis,130,0,,,,,,,,,,,,,,,,
Bacillus toyonensis,qualibact-v1.0,longest,non-normal,616225.7461538462,320136.0937807619,618707.5,351633.75,731749.5,380115.75,97084.0,1629867.0,108988.765,1528888.3799999985,150192.7,1360845.2499999988,108988.76,1528888.38,150192.7,1360845.25,Bacillus toyonensis,130,0,,,,,,,,,,,,,,,,
Bacillus toyonensis,qualibact-v1.0,GC_Content,normal,35.04424538461539,0.09512323837369216,35.0304,34.968500000000006,35.108675,0.14017499999999217,34.8311,35.2984,34.8478055,35.2947235,34.8920275,35.25071,34.8478,35.5558,34.892,35.2507,Bacillus toyonensis,130,16,non-normal,35.170668750000004,0.1212635493395989,35.15395,35.119225,35.187775,0.06855000000000189,34.9326,35.5558,34.9448925,35.5337275,34.9940625,35.4454375,0.6596153846153846,1.6778691950134246e-06,0.1264233653846157
Bacillus toyonensis,qualibact-v1.0,Completeness_Specific,non-normal,100.0,0.0,100.0,100.0,100.0,0.0,100.0,100.0,100.0,100.0,100.0,100.0,96.69,100.0,100.0,100.0,Bacillus toyonensis,130,16,non-normal,98.97999999999999,0.6891208166932704,99.41,98.82,99.41,0.5900000000000034,96.69,99.41,96.80624999999999,99.41,97.27125,99.41,1.0,2.3030634988984177e-21,1.020000000000004
Bacillus toyonensis,qualibact-v1.0,Contamination,non-normal,0.4691538461538461,0.405458969972747,0.315,0.21,0.61,0.4,0.0,1.81,0.0,1.81,0.01225,1.5937499999999978,0.0,1.81,0.01,1.59,Bacillus toyonensis,130,10,non-normal,0.12900000000000003,0.0613921819126833,0.1,0.1,0.1,0.0,0.1,0.29,0.1,0.28595,0.1,0.26975000000000005,0.6692307692307692,0.0001512293284760252,0.35400000000000015
Bacillus toyonensis,qualibact-v1.0,Total_Coding_Sequences,non-normal,5888.292307692308,224.5158704739479,5887.5,5722.25,5992.25,270.0,5350.0,6552.0,5452.555,6541.68,5559.225,6500.0,5194.0,6848.0,5559.22,6500.0,Bacillus toyonensis,130,16,normal,6067.0,351.38760649744034,6026.0,5887.25,6201.75,314.5,5194.0,6848.0,5239.9,6824.6,5423.5,6731.0,0.3384615384615385,0.05825344462177386,221.72307692307692
Bacillus toyonensis,qualibact-v1.0,Genome_Size,non-normal,5819579.223076923,204898.93058253286,5824618.5,5645698.25,5925283.75,279585.5,5289571.0,6436878.0,5329982.83,6436404.57,5527346.5,6250577.975,5025419.0,6694533.0,5527346.5,6250577.98,Bacillus toyonensis,130,16,normal,5945009.0625,358171.42961602006,5924747.5,5773441.5,6126081.0,352639.5,5025419.0,6694533.0,5074366.925,6667879.95,5270158.625,6561267.75,0.3230769230769231,0.07946409294870962,181606.53173076926
Bacillus velezensis,qualibact-v1.0,N50,non-normal,773851.3097014925,540190.1351211155,591906.5,379128.25,1002976.75,623848.5,126854.0,2178584.0,145225.78,2150254.71,207081.80000000002,2102167.625,145225.78,2150254.71,207081.8,2102167.62,Bacillus velezensis,268,0,,,,,,,,,,,,,,,,
Bacillus velezensis,qualibact-v1.0,number,non-normal,43.02238805970149,17.669632613193478,40.0,32.0,51.0,19.0,18.0,176.0,18.67,114.98500000000018,21.0,82.0,18.67,114.99,21.0,82.0,Bacillus velezensis,268,0,,,,,,,,,,,,,,,,
Bacillus velezensis,qualibact-v1.0,longest,non-normal,1102438.4402985075,450007.1937626575,1051232.0,774025.25,1167585.0,393559.75,297153.0,2178584.0,324225.435,2150254.71,453101.025,2102167.625,324225.44,2150254.71,453101.02,2102167.62,Bacillus velezensis,268,0,,,,,,,,,,,,,,,,
Bacillus velezensis,qualibact-v1.0,GC_Content,non-normal,46.271040671641785,0.2583678803413579,46.37895,46.05225,46.445125000000004,0.39287500000000364,45.5086,46.7134,45.6398495,46.652561,45.741482500000004,46.6116825,45.2107,46.9792,45.7415,46.6117,Bacillus velezensis,268,551,non-normal,46.389969147005445,0.23788398366283794,46.4914,46.3219,46.5215,0.19960000000000377,45.2107,46.9792,45.624900000000004,46.746975,45.8476,46.697199999999995,0.3572879703117805,5.383289846369402e-21,0.1202032837175283
Bacillus velezensis,qualibact-v1.0,Completeness_Specific,non-normal,99.99996268656716,0.0006097065163573341,100.0,100.0,100.0,0.0,99.99,100.0,100.0,100.0,100.0,100.0,96.67,100.0,100.0,100.0,Bacillus velezensis,268,551,non-normal,99.26568058076224,0.4326450110585522,99.41,99.41,99.41,0.0,96.67,100.0,96.815,100.0,97.6575,99.41,0.9909255898366606,1.1213989873753985e-213,0.7342821058049165
Bacillus velezensis,qualibact-v1.0,Contamination,non-normal,0.14563432835820897,0.15123857011430827,0.1,0.05,0.1925,0.14250000000000002,0.0,0.75,0.0,0.7233000000000004,0.0,0.5732499999999998,0.0,1.76,0.0,0.57,Bacillus velezensis,268,79,non-normal,0.35860759493670885,0.3601361703691254,0.29,0.07,0.59,0.52,0.01,1.76,0.01,1.5337999999999996,0.01,1.18,0.4079916871339505,1.1989870619405437e-09,0.21449225392027196
Bacillus velezensis,qualibact-v1.0,Total_Coding_Sequences,non-normal,3913.3992537313434,165.06600081878992,3859.0,3774.0,4027.0,253.0,3689.0,4434.0,3696.35,4397.0,3712.35,4277.0,3683.0,4481.0,3712.35,4277.0,Bacillus velezensis,268,551,non-normal,4001.9546279491833,142.39313097547756,3944.0,3900.0,4067.5,167.5,3683.0,4481.0,3805.25,4471.25,3851.0,4345.0,0.45835929246688517,8.956436032738224e-35,88.57715280223205
Bacillus velezensis,qualibact-v1.0,Genome_Size,non-normal,4014000.8470149254,124037.87692271765,3988889.5,3911511.5,4095393.0,183881.5,3781067.0,4377011.0,3828109.835,4372452.48,3859013.45,4266327.675,3713516.0,4385679.0,3859013.45,4266327.68,Bacillus velezensis,268,551,non-normal,4017252.043557169,114334.27548632024,3980135.0,3929791.0,4077860.5,148069.5,3713516.0,4385679.0,3850032.25,4371975.25,3881464.75,4284026.25,0.1743979738331934,2.8416723636764246e-05,16481.199860497873
Bacillus wiedmannii,qualibact-v1.0,N50,non-normal,182758.36,113535.11073376174,126545.0,114041.0,219337.5,105296.5,27247.0,578190.0,29449.84,571822.47,52045.4,475420.35000000003,29449.84,571822.47,52045.4,475420.35,Bacillus wiedmannii,175,0,,,,,,,,,,,,,,,,
Bacillus wiedmannii,qualibact-v1.0,number,normal,203.21142857142857,106.55212479326343,235.0,97.0,295.0,198.0,45.0,594.0,46.74,500.0399999999995,55.35,354.90000000000003,46.74,500.04,55.35,354.9,Bacillus wiedmannii,175,0,,,,,,,,,,,,,,,,
Bacillus wiedmannii,qualibact-v1.0,longest,non-normal,566759.0514285715,265303.8712124919,420095.0,396956.0,716975.5,320019.5,196990.0,1524538.0,202298.74,1474879.2699999998,248665.05000000002,1145702.1500000001,202298.74,1474879.27,248665.05,1145702.15,Bacillus wiedmannii,175,0,,,,,,,,,,,,,,,,
Bacillus wiedmannii,qualibact-v1.0,GC_Content,non-normal,35.19665257142857,0.1061859300968381,35.2422,35.129900000000006,35.2648,0.1348999999999947,34.8986,35.3935,34.912172,35.377057,34.94887,35.347120000000004,34.9122,35.4669,34.9489,35.3471,Bacillus wiedmannii,175,7,insufficient_data,35.347857142857144,0.1300998611742182,35.4023,35.29315,35.43625,0.143100000000004,35.107,35.4669,35.109519999999996,35.4666,35.1196,35.4654,0.7142857142857143,0.0006104579257472975,0.15120457142857086
Bacillus wiedmannii,qualibact-v1.0,Completeness_Specific,non-normal,99.99994285714284,0.000753766054758838,100.0,100.0,100.0,0.0,99.99,100.0,99.9987,100.0,100.0,100.0,98.82,100.0,100.0,100.0,Bacillus wiedmannii,175,7,insufficient_data,99.15714285714284,0.29197427899018386,99.41,98.82,99.41,0.5900000000000034,98.82,99.41,98.82,99.41,98.82,99.41,1.0,1.712691319921498e-12,0.8428000000000048
Bacillus wiedmannii,qualibact-v1.0,Contamination,non-normal,0.15,0.17294094780754335,0.11,0.08,0.17,0.09000000000000001,0.0,1.67,0.0,1.0087999999999966,0.0,0.5320000000000005,0.0,1.76,0.0,0.53,Bacillus wiedmannii,175,7,insufficient_data,0.41714285714285715,0.560502689829516,0.25,0.1,0.33999999999999997,0.23999999999999996,0.03,1.76,0.0321,1.7188999999999997,0.0405,1.5544999999999995,0.4342857142857143,0.11732069467072716,0.2682857142857144
Bacillus wiedmannii,qualibact-v1.0,Total_Coding_Sequences,non-normal,5950.8,280.0137955785138,6034.0,5752.0,6124.5,372.5,5281.0,6459.0,5348.86,6425.07,5400.7,6397.0,5348.86,6425.07,5400.7,6397.0,Bacillus wiedmannii,175,7,insufficient_data,5934.428571428572,265.59037049177664,5869.0,5711.5,6153.5,442.0,5625.0,6317.0,5627.13,6316.91,5635.65,6316.55,0.25142857142857145,0.7119988846714069,116.74857142857142
Bacillus wiedmannii,qualibact-v1.0,Genome_Size,non-normal,5741802.971428571,214477.91915832477,5788963.0,5617363.5,5844060.0,226696.5,5256217.0,6136866.0,5261642.32,6119768.76,5312720.55,6093231.5,5261642.32,6211130.0,5312720.55,6093231.5,Bacillus wiedmannii,175,7,insufficient_data,5727428.428571428,277968.73183346004,5585953.0,5524043.5,5927843.0,403799.5,5391143.0,6211130.0,5394826.37,6204808.01,5409559.85,6179520.05,0.36,0.2818530348813619,118783.6857142857
Bacteroides caccae,qualibact-v1.0,N50,non-normal,259761.15617128465,124328.72576994276,235598.0,171154.0,332622.0,161468.0,12446.0,790897.0,16368.039999999999,611279.879999998,82828.0,520576.8999999991,16368.04,611279.88,82828.0,520576.9,Bacteroides caccae,397,0,,,,,,,,,,,,,,,,
Bacteroides caccae,qualibact-v1.0,number,non-normal,109.088161209068,80.96007527981963,87.0,65.0,128.0,63.0,31.0,750.0,32.98,627.2199999999998,39.9,319.6999999999994,32.98,627.22,39.9,319.7,Bacteroides caccae,397,0,,,,,,,,,,,,,,,,
Bacteroides caccae,qualibact-v1.0,longest,non-normal,631289.4080604534,242275.1985815671,618381.0,453040.0,803016.0,349976.0,63741.0,1479291.0,66552.08,1243280.2599999988,228431.80000000002,1114302.9999999998,66552.08,1243280.26,228431.8,1114303.0,Bacteroides caccae,397,0,,,,,,,,,,,,,,,,
Bacteroides caccae,qualibact-v1.0,GC_Content,normal,42.422574559193954,0.2316754514262819,42.4398,42.2494,42.5419,0.2924999999999969,41.7327,43.0932,41.883466,42.970332,42.00208,42.89726,41.8835,42.9703,42.0021,42.8973,Bacteroides caccae,397,6,insufficient_data,42.15971666666667,0.37252885533278407,41.9052,41.90505,42.3546,0.449549999999995,41.9047,42.8338,41.9047075,42.825565,41.904737499999996,42.792624999999994,0.6591099916036943,0.004892715488056986,0.28250247691015956
Bacteroides caccae,qualibact-v1.0,Completeness_Specific,non-normal,99.93365239294711,0.20473736958442462,99.98,99.94,99.99,0.04999999999999716,97.97,100.0,98.0484,100.0,99.694,100.0,94.54,100.0,99.69,100.0,Bacteroides caccae,397,6,insufficient_data,96.19666666666667,0.7420392322662038,96.52,96.4825,96.52,0.037499999999994316,94.54,96.61,94.58825,96.60775,94.78125,96.59875,1.0,3.489563142595766e-13,3.7369857262804373
Bacteroides caccae,qualibact-v1.0,Contamination,non-normal,0.7908564231738036,0.4523487787900489,0.72,0.45,1.09,0.6400000000000001,0.08,2.32,0.11,2.130999999999999,0.14,1.862999999999999,0.11,5.19,0.14,1.86,Bacteroides caccae,397,6,insufficient_data,1.6883333333333335,1.5665079706858254,1.01,1.01,1.01,0.0,0.9,5.19,0.90275,5.085499999999999,0.9137500000000001,4.6675,0.6196473551637279,0.01027224072602466,0.9242107472712006
Bacteroides caccae,qualibact-v1.0,Total_Coding_Sequences,normal,4317.234256926952,283.2393279756632,4304.0,4108.0,4546.0,438.0,3674.0,5246.0,3683.92,5092.679999999998,3817.2,4848.099999999999,3683.92,5092.68,3817.2,4848.1,Bacteroides caccae,397,6,insufficient_data,3928.6666666666665,343.5867996429561,3703.0,3701.25,4055.0,353.75,3699.0,4594.0,3699.05,4583.45,3699.25,4541.25,0.6565910999160369,0.005143366579239109,389.0033585222502
Bacteroides caccae,qualibact-v1.0,Genome_Size,normal,5181464.292191436,254407.28195447003,5175819.0,5036756.0,5389024.0,352268.0,4533091.0,5867951.0,4591572.18,5846745.359999999,4669339.4,5632207.3,4570799.0,5846745.36,4669339.4,5632207.3,Bacteroides caccae,397,6,insufficient_data,4801007.5,353376.7635794927,4570949.0,4570837.5,4909854.25,339016.75,4570799.0,5499725.0,4570799.1,5487802.375,4570799.5,5440111.875,0.6616288832913518,0.004652583357298236,386295.3782535685
Bacteroides cellulosilyticus,qualibact-v1.0,N50,non-normal,291006.9802955665,154222.2600206962,292850.0,178216.5,386105.5,207889.0,28256.0,1022549.0,50135.15,678982.4400000001,56863.15,615943.4499999998,50135.15,678982.44,56863.15,615943.45,Bacteroides cellulosilyticus,203,0,,,,,,,,,,,,,,,,
Bacteroides cellulosilyticus,qualibact-v1.0,number,non-normal,122.03940886699507,87.23118269929935,87.0,71.0,137.5,66.5,33.0,502.0,36.03,496.85000000000105,52.0,349.74999999999994,36.03,496.85,52.0,349.75,Bacteroides cellulosilyticus,203,0,,,,,,,,,,,,,,,,
Bacteroides cellulosilyticus,qualibact-v1.0,longest,non-normal,730203.1280788177,334883.04307229846,722212.0,514793.5,916518.0,401724.5,95661.0,2164143.0,158699.52,1631561.22,207292.65000000002,1416299.1999999995,158699.52,1631561.22,207292.65,1416299.2,Bacteroides cellulosilyticus,203,0,,,,,,,,,,,,,,,,
Bacteroides cellulosilyticus,qualibact-v1.0,GC_Content,normal,42.84639507389162,0.17709948604112033,42.8365,42.7111,42.968,0.2569000000000017,42.4277,43.3839,42.442726,43.275388,42.528455,43.243955,42.4427,43.2754,42.5285,43.244,Bacteroides cellulosilyticus,203,5,insufficient_data,42.83898000000001,0.19814493079561765,42.7251,42.7204,42.8293,0.10890000000000555,42.6956,43.2245,42.696096,43.216595999999996,42.69808,43.184979999999996,0.3142857142857143,0.6225286878954409,0.08976857142857074
Bacteroides cellulosilyticus,qualibact-v1.0,Completeness_Specific,non-normal,99.95507389162564,0.05290915588516587,99.97,99.94,99.99,0.04999999999999716,99.57,100.0,99.6808,100.0,99.80199999999999,100.0,99.68,100.0,99.8,100.0,Bacteroides cellulosilyticus,203,5,insufficient_data,100.0,0.0,100.0,100.0,100.0,0.0,100.0,100.0,100.0,100.0,100.0,100.0,0.9261083743842364,1.003159689031056e-05,0.04492610837438475
Bacteroides cellulosilyticus,qualibact-v1.0,Contamination,non-normal,1.2408866995073893,0.5775693948628252,1.1,0.805,1.4649999999999999,0.6599999999999998,0.36,3.17,0.4204,3.1385000000000014,0.49,2.7229999999999985,0.35,3.14,0.49,2.72,Bacteroides cellulosilyticus,203,3,insufficient_data,0.39999999999999997,0.05099019513592784,0.38,0.365,0.425,0.06,0.35,0.47,0.3503,0.46909999999999996,0.3515,0.46549999999999997,0.9852216748768473,2.7858645234082252e-05,0.8408866995073893
Bacteroides cellulosilyticus,qualibact-v1.0,Total_Coding_Sequences,non-normal,5448.15763546798,240.7145454525724,5435.0,5260.0,5617.5,357.5,4954.0,6351.0,4981.5,6026.95,5070.45,6009.4,4981.5,6026.95,5070.45,6009.4,Bacteroides cellulosilyticus,203,5,insufficient_data,5321.2,209.4510921432495,5351.0,5203.0,5436.0,233.0,4999.0,5617.0,5003.08,5613.38,5019.4,5598.9,0.29261083743842364,0.7037083284786465,127.57832512315272
Bacteroides cellulosilyticus,qualibact-v1.0,Genome_Size,normal,7027866.45320197,216167.1031411919,6987176.0,6877658.5,7196208.5,318550.0,6580548.0,7611306.0,6593690.86,7611019.97,6635300.6,7539081.299999999,6593690.86,7611019.97,6635300.6,7539081.3,Bacteroides cellulosilyticus,203,5,insufficient_data,7002409.4,158221.70194331752,6935738.0,6885775.0,7084828.0,199053.0,6834633.0,7271073.0,6835655.84,7267348.1,6839747.2,7252448.5,0.21083743842364533,0.9473540319961669,67420.8009852217
Bacteroides fragilis,qualibact-v1.0,N50,non-normal,291691.6844547564,184000.22549419853,243165.0,163432.0,387349.0,223917.0,18597.0,1030783.0,23570.34,921128.48,38695.200000000004,727477.5000000001,23570.34,921128.48,38695.2,727477.5,Bacteroides fragilis,1293,0,,,,,,,,,,,,,,,,
Bacteroides fragilis,qualibact-v1.0,number,non-normal,111.10750193348801,75.44451440786911,89.0,64.0,138.0,74.0,22.0,626.0,26.46,487.3199999999997,36.300000000000004,322.5000000000002,26.46,487.32,36.3,322.5,Bacteroides fragilis,1293,0,,,,,,,,,,,,,,,,
Bacteroides fragilis,qualibact-v1.0,longest,non-normal,668090.3449342614,341878.79397207964,593384.0,441467.0,837712.0,396245.0,63593.0,2518889.0,96517.92,1977046.139999999,155365.6,1505029.3,96517.92,1977046.14,155365.6,1505029.3,Bacteroides fragilis,1293,0,,,,,,,,,,,,,,,,
Bacteroides fragilis,qualibact-v1.0,GC_Content,non-normal,43.353286078886306,0.16911415546554462,43.3113,43.2551,43.4567,0.2015999999999991,42.9493,44.05,43.050192,43.812204,43.131,43.76247,43.0502,43.8456,43.131,43.7625,Bacteroides fragilis,1293,36,normal,43.35362777777778,0.17232917082515048,43.34495,43.20565,43.430274999999995,0.22462499999999608,43.1142,43.8456,43.114217499999995,43.8210475,43.1142875,43.7228375,0.13934003609177623,0.46258879690455135,0.02994016499097698
Bacteroides fragilis,qualibact-v1.0,Completeness_Specific,non-normal,99.96791183294664,0.08080588844789996,99.98,99.97,99.99,0.01999999999999602,98.17,100.0,99.6584,100.0,99.87,100.0,95.73,100.0,99.87,100.0,Bacteroides fragilis,1293,36,non-normal,98.73777777777778,0.6394142767282809,98.87,98.63250000000001,99.06,0.4274999999999949,95.73,99.39,96.01,99.39,97.13,99.39,0.9969064191802011,3.9200869337260453e-66,1.2301340551688544
Bacteroides fragilis,qualibact-v1.0,Contamination,non-normal,1.158399071925754,1.096370580678367,0.64,0.4,1.8,1.4,0.01,9.36,0.0846,5.9823999999999975,0.12,3.7420000000000027,0.08,5.98,0.12,3.74,Bacteroides fragilis,1293,36,non-normal,0.508888888888889,0.4508681611795538,0.365,0.1375,0.7525,0.615,0.11,1.99,0.11,1.9147500000000013,0.11,1.61375,0.3553750966744006,0.00018395991857928577,0.6508868265016756
Bacteroides fragilis,qualibact-v1.0,Total_Coding_Sequences,non-normal,4439.058004640371,175.87446009901893,4416.0,4364.0,4533.0,169.0,3969.0,5527.0,3997.44,5011.7,4030.8,4804.4,3961.0,5011.7,4030.8,4804.4,Bacteroides fragilis,1293,36,normal,4401.333333333333,206.8414583416219,4382.5,4252.0,4536.25,284.25,3961.0,4937.0,3975.525,4915.125,4033.625,4827.625,0.24787316318638825,0.022091151109923712,49.75973188966227
Bacteroides fragilis,qualibact-v1.0,Genome_Size,non-normal,5243530.135344161,146553.32382215688,5231414.0,5174981.0,5314591.0,139610.0,4828794.0,6076614.0,4865230.86,5659723.399999999,4893514.1,5565562.9,4865230.86,5734009.0,4893514.1,5565562.9,Bacteroides fragilis,1293,36,normal,5306756.055555556,179175.32066246434,5313210.5,5189337.75,5420687.0,231349.25,4902215.0,5734009.0,4907445.575,5711555.625,4928367.875,5621742.125,0.2563160608404228,0.016191895886286146,65139.22467130702
Bacteroides ovatus,qualibact-v1.0,N50,non-normal,215850.95986622074,91732.29642060124,201356.0,147848.25,269821.25,121973.0,25610.0,656385.0,46646.575,487837.38,78147.95,430953.25,46646.58,487837.38,78147.95,430953.25,Bacteroides ovatus,598,0,,,,,,,,,,,,,,,,
Bacteroides ovatus,qualibact-v1.0,number,non-normal,143.33444816053512,69.8344567898273,126.0,94.25,171.0,76.75,57.0,622.0,60.0,428.14999999999986,66.0,313.07499999999993,60.0,428.15,66.0,313.07,Bacteroides ovatus,598,0,,,,,,,,,,,,,,,,
Bacteroides ovatus,qualibact-v1.0,longest,non-normal,549159.339464883,193733.7528383121,524950.0,411633.75,657809.75,246176.0,108540.0,1092850.0,177476.135,1068996.2099999997,237301.5,1001891.125,177476.14,1068996.21,237301.5,1001891.12,Bacteroides ovatus,598,0,,,,,,,,,,,,,,,,
Bacteroides ovatus,qualibact-v1.0,GC_Content,non-normal,41.90173996655518,0.20417736532985814,41.88115,41.7558,42.04485,0.28904999999999603,41.4732,42.4942,41.4918295,42.441339500000005,41.520155,42.2806,41.4918,42.4413,41.5202,42.2806,Bacteroides ovatus,598,14,normal,41.94345714285714,0.1647488509142058,41.9209,41.8788,42.0377,0.1589000000000027,41.611,42.2626,41.619820499999996,42.257725,41.6551025,42.238225,0.2756808408982322,0.20675466956788668,0.056089178213091236
Bacteroides ovatus,qualibact-v1.0,Completeness_Specific,non-normal,99.9695652173913,0.09433526417921374,99.99,99.98,100.0,0.01999999999999602,98.05,100.0,99.63865,100.0,99.87925,100.0,92.77,100.0,99.88,100.0,Bacteroides ovatus,598,14,normal,97.53999999999999,2.11179003285297,98.36,97.60249999999999,98.8825,1.2800000000000011,92.77,99.53,92.83695,99.5196,93.10475,99.47800000000001,0.9966555183946488,2.3504784716791486e-26,2.4295652173913034
Bacteroides ovatus,qualibact-v1.0,Contamination,non-normal,1.2514715719063545,0.6898246408653584,1.07,0.8,1.6775,0.8775,0.08,5.2,0.27985000000000004,3.783899999999996,0.39925000000000005,2.82,0.18,3.78,0.4,2.82,Bacteroides ovatus,598,14,normal,1.5235714285714284,0.9125443796867958,1.435,0.7525000000000001,2.055,1.3025000000000002,0.18,3.07,0.19169999999999998,3.057,0.2385,3.005,0.22742474916387959,0.4162576291158327,0.37228141423793604
Bacteroides ovatus,qualibact-v1.0,Total_Coding_Sequences,non-normal,5401.505016722408,313.5171966312664,5363.5,5189.5,5562.0,372.5,4661.0,6352.0,4753.775,6335.015,4884.475,6286.525,4753.77,6335.02,4884.48,6286.52,Bacteroides ovatus,598,14,normal,5297.0,291.21543326449677,5321.0,5053.0,5431.5,378.5,4925.0,5918.0,4925.0,5907.34,4925.0,5864.7,0.25680840898232205,0.2766051731569932,111.10797897754418
Bacteroides ovatus,qualibact-v1.0,Genome_Size,non-normal,6798055.177257525,285167.4965006593,6740717.0,6623413.5,6947122.5,323709.0,6162817.0,7813299.0,6214252.02,7689550.495,6341920.5,7644732.0,6214252.02,7689550.5,6341920.5,7644732.0,Bacteroides ovatus,598,14,normal,6741652.214285715,230796.99172221788,6702162.0,6581968.0,6835064.0,253096.0,6472384.0,7239254.0,6472390.825,7229048.285,6472418.125,7188225.425,0.19421882465360726,0.6118591597876305,78703.26110845676
Bacteroides stercoris,qualibact-v1.0,N50,non-normal,116813.01226993866,74940.19880221286,107988.0,80511.0,117561.0,37050.0,21426.0,507584.0,24125.73,447311.08999999985,30896.1,362085.6499999999,24125.73,447311.09,30896.1,362085.65,Bacteroides stercoris,163,0,,,,,,,,,,,,,,,,
Bacteroides stercoris,qualibact-v1.0,number,non-normal,143.06748466257667,64.28045613491197,122.0,106.0,160.5,54.5,37.0,436.0,45.910000000000004,352.56999999999977,64.0,308.4499999999999,45.91,352.57,64.0,308.45,Bacteroides stercoris,163,0,,,,,,,,,,,,,,,,
Bacteroides stercoris,qualibact-v1.0,longest,non-normal,310511.6625766871,138514.2470896497,268799.0,245000.0,342500.0,97500.0,91548.0,821640.0,93068.37,813460.62,137424.8,753730.0,93068.37,813460.62,137424.8,753730.0,Bacteroides stercoris,163,0,,,,,,,,,,,,,,,,
Bacteroides stercoris,qualibact-v1.0,GC_Content,normal,45.96406196319019,0.1787216192952265,45.9845,45.8729,46.016999999999996,0.14409999999999457,45.5376,46.4592,45.538248,46.400718,45.620035,46.302440000000004,45.5382,46.4007,45.62,46.3024,Bacteroides stercoris,163,3,insufficient_data,45.8057,0.056904539947765835,45.8359,45.780950000000004,45.84555,0.06459999999999866,45.726,45.8552,45.727099,45.855007,45.731495,45.854235,0.7852760736196319,0.02253626479309699,0.17784049079754408
Bacteroides stercoris,qualibact-v1.0,Completeness_Specific,non-normal,99.17159509202453,1.1349170540110478,99.41,99.16,99.86500000000001,0.7050000000000125,93.24,99.99,93.402,99.99,95.87349999999999,99.98949999999999,92.09,99.99,95.87,99.99,Bacteroides stercoris,163,3,insufficient_data,95.27,2.4183189753766277,95.77,93.93,96.86,2.9299999999999926,92.09,97.95,92.1268,97.9282,92.274,97.84100000000001,0.8834355828220859,0.004114017043784894,3.90159509202454
Bacteroides stercoris,qualibact-v1.0,Contamination,non-normal,0.5170552147239263,0.544171495562967,0.33,0.17,0.665,0.495,0.06,4.15,0.09240000000000001,3.2670999999999975,0.12,1.9849999999999965,0.09,9.66,0.12,1.98,Bacteroides stercoris,163,3,insufficient_data,5.6000000000000005,3.228911065152874,5.38,3.57,7.52,3.9499999999999997,1.76,9.66,1.7962,9.6172,1.941,9.446,0.9693251533742331,0.0001496006197739962,5.082944785276074
Bacteroides stercoris,qualibact-v1.0,Total_Coding_Sequences,non-normal,3414.8588957055213,258.9274687577742,3348.0,3203.5,3586.5,383.0,2821.0,4143.0,2909.29,4064.43,3077.2,3991.5,2909.29,4096.0,3077.2,3991.5,Bacteroides stercoris,163,3,insufficient_data,3582.3333333333335,367.7502171613529,3396.0,3325.5,3746.0,420.5,3255.0,4096.0,3256.41,4089.0,3262.05,4061.0,0.39263803680981596,0.624374215264606,181.35991820040906
Bacteroides stercoris,qualibact-v1.0,Genome_Size,non-normal,3929635.2147239265,217036.5929200146,3909953.0,3766212.0,4081994.5,315782.5,3433716.0,4600004.0,3474255.69,4477804.159999999,3626998.5,4370702.95,3474255.69,4734765.0,3626998.5,4370702.95,Bacteroides stercoris,163,3,insufficient_data,4208840.666666667,375320.144277152,4007931.0,3945878.5,4371348.0,425469.5,3883826.0,4734765.0,3885067.05,4727496.66,3890031.25,4698423.3,0.48466257668711654,0.3812197793390858,279209.1574642127
Bacteroides thetaiotaomicron,qualibact-v1.0,N50,non-normal,219300.9702549575,97714.40619306562,196968.0,172044.25,245105.25,73061.0,16950.0,799266.0,28640.425,629856.1000000003,64336.625,457777.25,28640.42,629856.1,64336.62,457777.25,Bacteroides thetaiotaomicron,706,0,,,,,,,,,,,,,,,,
Bacteroides thetaiotaomicron,qualibact-v1.0,number,non-normal,115.06090651558074,72.25398212870934,101.0,76.0,120.0,44.0,42.0,768.0,45.0,494.85000000000105,52.0,298.5,45.0,494.85,52.0,298.5,Bacteroides thetaiotaomicron,706,0,,,,,,,,,,,,,,,,
Bacteroides thetaiotaomicron,qualibact-v1.0,longest,non-normal,573109.4107648726,210656.0700909824,527208.0,466632.0,684185.5,217553.5,57302.0,1551117.0,100008.55,1310534.5250000001,207275.875,1130123.25,100008.55,1310534.53,207275.88,1130123.25,Bacteroides thetaiotaomicron,706,0,,,,,,,,,,,,,,,,
Bacteroides thetaiotaomicron,qualibact-v1.0,GC_Content,non-normal,42.85947280453257,0.15512373429983592,42.8602,42.737025,42.944100000000006,0.20707500000000323,42.4012,43.4736,42.505927500000006,43.321815,42.623200000000004,43.2165,42.5059,43.3218,42.6232,43.2165,Bacteroides thetaiotaomicron,706,20,normal,42.90986500000001,0.153030014294582,42.876099999999994,42.829350000000005,43.064175,0.23482499999999362,42.5675,43.1728,42.579204000000004,43.169703000000005,42.626020000000004,43.157315000000004,0.2543909348441926,0.13449984346466945,0.06164525495750652
Bacteroides thetaiotaomicron,qualibact-v1.0,Completeness_Specific,non-normal,99.95059490084985,0.4159377100851548,99.98,99.97,99.99,0.01999999999999602,91.17,100.0,99.05675,100.0,99.91250000000001,100.0,90.44,100.0,99.91,100.0,Bacteroides thetaiotaomicron,706,20,non-normal,96.03450000000001,2.058194536480943,97.03,94.495,97.455,2.9599999999999937,90.44,98.13,90.6908,98.12429999999999,91.694,98.10149999999999,0.9971671388101983,8.845532798521413e-37,3.916094900849858
Bacteroides thetaiotaomicron,qualibact-v1.0,Contamination,non-normal,1.0407223796033995,0.64366968855882,0.84,0.69,1.27,0.5800000000000001,0.13,6.47,0.14,3.9650000000000047,0.27,2.73125,0.14,3.97,0.27,2.73,Bacteroides thetaiotaomicron,706,20,normal,1.0145000000000002,0.47196901381340706,1.045,0.6399999999999999,1.2375,0.5975000000000001,0.41,1.9,0.41,1.88765,0.41,1.8382499999999997,0.17889518413597733,0.5047976787565913,0.16367563739376767
Bacteroides thetaiotaomicron,qualibact-v1.0,Total_Coding_Sequences,non-normal,5099.992917847026,284.56440785195196,5034.5,4911.0,5225.0,314.0,4499.0,6187.0,4601.4,6081.125000000002,4669.25,5934.0,4420.0,6081.13,4669.25,5934.0,Bacteroides thetaiotaomicron,706,20,normal,5039.75,333.96899182409135,4963.0,4888.0,5412.25,524.25,4420.0,5530.0,4436.815,5529.905,4504.075,5529.525,0.27577903682719546,0.0844910642033003,129.45934844192638
Bacteroides thetaiotaomicron,qualibact-v1.0,Genome_Size,non-normal,6392601.589235128,238388.1411759015,6351489.0,6256399.5,6470555.5,214156.0,5801819.0,7329260.0,5897055.225,7105646.675,5997320.375,7061659.125,5830764.0,7105646.68,5997320.38,7061659.12,Bacteroides thetaiotaomicron,706,20,normal,6412359.65,306217.42792177503,6325760.0,6286690.5,6688876.25,402185.75,5830764.0,6898793.0,5842758.51,6896733.875,5890736.55,6888497.375,0.20368271954674222,0.3463356176766054,105264.9216713881
Bacteroides uniformis,qualibact-v1.0,N50,non-normal,231821.20326530613,123172.32592759373,207699.0,139907.0,305918.0,166011.0,12759.0,758752.0,23695.88,593322.1199999993,50688.2,511724.9999999997,23695.88,593322.12,50688.2,511725.0,Bacteroides uniformis,1225,0,,,,,,,,,,,,,,,,
Bacteroides uniformis,qualibact-v1.0,number,non-normal,104.9526530612245,75.5467324156085,84.0,61.0,118.0,57.0,25.0,837.0,29.0,463.63999999999965,35.0,320.79999999999836,29.0,463.64,35.0,320.8,Bacteroides uniformis,1225,0,,,,,,,,,,,,,,,,
Bacteroides uniformis,qualibact-v1.0,longest,non-normal,537939.6408163265,235997.62319930768,506379.0,369218.0,675276.0,306058.0,50345.0,1407045.0,87700.88,1295966.08,171002.6,1123637.7999999942,87700.88,1295966.08,171002.6,1123637.8,Bacteroides uniformis,1225,0,,,,,,,,,,,,,,,,
Bacteroides uniformis,qualibact-v1.0,GC_Content,normal,46.369874775510205,0.1571210586194107,46.3692,46.2574,46.4829,0.2255000000000038,45.8599,46.8397,45.963035999999995,46.7816,46.06386,46.70436,45.963,46.7816,46.0639,46.7044,Bacteroides uniformis,1225,11,normal,46.4177090909091,0.13605937510410293,46.4096,46.3048,46.528549999999996,0.22374999999999545,46.204,46.6226,46.205625,46.620295,46.212125,46.611075,0.21699443413729128,0.6094617527539148,0.0573997031539889
Bacteroides uniformis,qualibact-v1.0,Completeness_Specific,non-normal,99.97235918367348,0.17794766935227052,99.99,99.98,100.0,0.01999999999999602,94.55,100.0,99.6948,100.0,99.9,100.0,91.84,100.0,99.9,100.0,Bacteroides uniformis,1225,11,normal,94.99272727272727,2.3044900477470693,94.28,92.985,97.03,4.045000000000002,91.84,98.39,91.85000000000001,98.3725,91.89,98.30250000000001,0.9983673469387755,6.330784012620567e-25,4.979631910946194
Bacteroides uniformis,qualibact-v1.0,Contamination,non-normal,0.724604081632653,0.7026957032826597,0.54,0.33,0.91,0.5800000000000001,0.05,7.83,0.07,4.964399999999985,0.12,2.23,0.07,8.92,0.12,2.23,Bacteroides uniformis,1225,11,normal,4.199090909090909,2.7563000712267574,4.14,2.005,5.805,3.8,0.5,8.92,0.5,8.873999999999999,0.5,8.69,0.7142115027829313,3.929646476100809e-06,3.474486827458256
Bacteroides uniformis,qualibact-v1.0,Total_Coding_Sequences,non-normal,4110.958367346939,267.14597534732434,4095.0,3909.0,4288.0,379.0,3443.0,4975.0,3514.24,4809.079999999998,3636.0,4670.2,3454.0,4809.08,3636.0,4670.2,Bacteroides uniformis,1225,11,normal,4018.818181818182,404.12032820611915,3944.0,3712.0,4229.0,517.0,3454.0,4741.0,3460.55,4737.85,3486.75,4725.25,0.31821892393320966,0.1759689259385138,162.63710575139146
Bacteroides uniformis,qualibact-v1.0,Genome_Size,non-normal,4818353.627755102,226263.35687819897,4821292.0,4649366.0,4979274.0,329908.0,4218629.0,5575773.0,4269551.16,5386805.479999999,4399092.6,5259289.0,4269551.16,5471617.0,4399092.6,5259289.0,Bacteroides uniformis,1225,11,normal,4823060.909090909,359250.6499348722,4751410.0,4550876.5,5029752.0,478875.5,4282863.0,5471617.0,4289600.65,5464988.399999999,4316551.25,5438474.0,0.20905380333951762,0.6540924515537352,122151.43807050092
Bacteroides xylanisolvens,qualibact-v1.0,N50,non-normal,114592.0180878553,49086.38847608363,116137.0,81616.5,152317.5,70701.0,14134.0,252889.0,16145.43,219158.61999999994,19599.8,204206.3,16145.43,219158.62,19599.8,204206.3,Bacteroides xylanisolvens,387,0,,,,,,,,,,,,,,,,
Bacteroides xylanisolvens,qualibact-v1.0,number,non-normal,241.61498708010336,168.40457954297545,193.0,143.0,261.0,118.0,79.0,1153.0,87.86,975.21,95.0,782.3499999999999,87.86,975.21,95.0,782.35,Bacteroides xylanisolvens,387,0,,,,,,,,,,,,,,,,
Bacteroides xylanisolvens,qualibact-v1.0,longest,non-normal,346938.50129198964,124877.02294631608,340629.0,258188.0,417190.0,159002.0,67921.0,754893.0,82706.37,734259.74,122743.2,642956.4499999998,82706.37,734259.74,122743.2,642956.45,Bacteroides xylanisolvens,387,0,,,,,,,,,,,,,,,,
Bacteroides xylanisolvens,qualibact-v1.0,GC_Content,non-normal,42.023263307493536,0.2695249750834079,41.9676,41.8425,42.189049999999995,0.3465499999999935,41.4545,42.8144,41.507085,42.689045,41.61933,42.5695,41.5071,42.689,41.6193,42.5695,Bacteroides xylanisolvens,387,10,normal,42.032900000000005,0.14915609273509328,42.057500000000005,41.893425,42.16435,0.2709249999999983,41.8177,42.2387,41.819194,42.237660500000004,41.82517,42.2335025,0.2248062015503876,0.6298479329020902,0.10582124031007821
Bacteroides xylanisolvens,qualibact-v1.0,Completeness_Specific,non-normal,99.96697674418606,0.35759519355911795,100.0,99.99,100.0,0.010000000000005116,94.86,100.0,99.4015,100.0,99.95,100.0,94.34,100.0,99.95,100.0,Bacteroides xylanisolvens,387,10,non-normal,97.81,1.2181050857787266,98.155,97.9325,98.3775,0.4449999999999932,94.34,98.87,94.4768,98.85785,95.024,98.80925,0.9948320413436692,5.5214945165924156e-18,2.1569767441860446
Bacteroides xylanisolvens,qualibact-v1.0,Contamination,non-normal,1.2361498708010334,0.8744477228033727,1.08,0.555,1.6150000000000002,1.06,0.06,5.35,0.0786,4.607499999999998,0.1665,3.4279999999999973,0.08,8.27,0.17,3.43,Bacteroides xylanisolvens,387,10,normal,4.743,2.3252485888609846,5.1,2.68,6.4575000000000005,3.7775000000000003,0.75,8.27,0.81255,8.22365,1.06275,8.03825,0.7320413436692507,7.898091957279109e-06,3.5068501291989667
Bacteroides xylanisolvens,qualibact-v1.0,Total_Coding_Sequences,normal,5173.217054263566,346.81775094514813,5158.0,4942.5,5445.5,503.0,4319.0,6159.0,4420.44,5991.03,4431.0,5770.35,4420.44,5991.03,4431.0,5770.35,Bacteroides xylanisolvens,387,10,non-normal,5254.0,262.5589457626611,5250.5,5232.0,5390.75,158.75,4559.0,5546.0,4586.405,5545.415,4696.025,5543.075,0.4116279069767442,0.05232031749494698,141.49198966408267
Bacteroides xylanisolvens,qualibact-v1.0,Genome_Size,normal,6305350.6330749355,284399.2212487289,6313659.0,6128935.0,6460169.0,331234.0,5563320.0,7078542.0,5682867.12,6943858.57,5690340.0,6833780.6,5682867.12,6943858.57,5690340.0,6833780.6,Bacteroides xylanisolvens,387,10,non-normal,6526760.5,252555.8517145267,6552904.0,6493441.75,6628828.0,135386.25,5848071.0,6827031.0,5876093.85,6824862.63,5988185.25,6816189.15,0.672609819121447,7.287379848431634e-05,228095.89483204135
Bartonella krasnovii,qualibact-v1.0,N50,non-normal,121235.06312292359,32556.78189351331,147405.0,85605.0,147405.0,61800.0,35619.0,153367.0,60570.5,150794.5,64104.0,147405.0,60570.5,150794.5,64104.0,147405.0,Bartonella krasnovii,301,0,,,,,,,,,,,,,,,,
Bartonella krasnovii,qualibact-v1.0,number,non-normal,229.16943521594683,25.386340979331635,230.0,216.0,244.0,28.0,90.0,293.0,120.5,283.0,180.5,272.0,120.5,283.0,180.5,272.0,Bartonella krasnovii,301,0,,,,,,,,,,,,,,,,
Bartonella krasnovii,qualibact-v1.0,longest,non-normal,330733.20598006644,20039.547261584194,332284.0,332090.0,339091.0,7001.0,177340.0,392475.0,214251.0,392277.5,286149.0,340019.0,214251.0,392277.5,286149.0,340019.0,Bartonella krasnovii,301,0,,,,,,,,,,,,,,,,
Bartonella krasnovii,qualibact-v1.0,GC_Content,non-normal,38.09888372093024,0.01800796522108609,38.0966,38.0911,38.104,0.01290000000000191,37.9461,38.2212,38.025400000000005,38.1493,38.0824,38.1312,37.8612,38.2307,38.0824,38.1312,Bartonella krasnovii,301,14,normal,38.08875,0.11916702414198771,38.112750000000005,38.046375,38.181174999999996,0.13479999999999848,37.8612,38.2307,37.862460999999996,38.230661,37.867505,38.230505,0.4219269102990033,0.011481417379680068,0.08552774086378763
Bartonella krasnovii,qualibact-v1.0,Completeness_Specific,non-normal,100.0,0.0,100.0,100.0,100.0,0.0,100.0,100.0,100.0,100.0,100.0,100.0,94.1,100.0,100.0,100.0,Bartonella krasnovii,301,14,non-normal,99.38357142857141,1.4660959194056729,99.81,99.81,99.81,0.0,94.1,99.81,94.4627,99.81,95.9135,99.81,1.0,2.468227229500582e-24,0.6164285714285691
Bartonella krasnovii,qualibact-v1.0,Contamination,non-normal,0.9265780730897011,0.47146824956700467,1.22,0.22,1.22,1.0,0.17,1.64,0.18,1.58,0.19,1.3,0.13,1.58,0.19,1.3,Bartonella krasnovii,301,13,non-normal,0.12999999999999995,5.551115123125783e-17,0.13,0.13,0.13,0.0,0.13,0.13,0.13,0.13,0.13,0.13,1.0,5.553511266376309e-23,0.7965780730897013
Bartonella krasnovii,qualibact-v1.0,Total_Coding_Sequences,non-normal,1968.5747508305649,27.10184851710722,1974.0,1958.0,1985.0,27.0,1832.0,2027.0,1849.0,2014.0,1904.0,2003.5,1686.0,2014.0,1904.0,2003.5,Bartonella krasnovii,301,14,normal,1785.2142857142858,61.1008283453653,1789.0,1750.25,1843.25,93.0,1686.0,1864.0,1686.195,1863.61,1686.975,1862.05,0.9867109634551495,7.55277532227178e-21,183.36046511627904
Bartonella krasnovii,qualibact-v1.0,Genome_Size,non-normal,2173064.514950166,12737.596704164773,2173881.0,2168190.0,2179271.0,11081.0,2095298.0,2223495.0,2113790.5,2204146.5,2137577.5,2191114.5,2047560.0,2204146.5,2137577.5,2191114.5,Bartonella krasnovii,301,14,normal,2129636.6428571427,48380.58448032809,2136262.5,2083323.25,2175114.5,91791.25,2047560.0,2186621.0,2048684.89,2186463.83,2053184.45,2185835.15,0.5448504983388704,0.00031283371666137916,43521.50996677741
Bifidobacterium adolescentis,qualibact-v1.0,N50,non-normal,395068.47354635934,273225.995623904,322971.0,242579.0,430559.0,187980.0,51821.0,1420764.0,65511.18,1335685.8600000003,96535.1,1234763.4,65511.18,1335685.86,96535.1,1234763.4,Bifidobacterium adolescentis,1909,0,,,,,,,,,,,,,,,,
Bifidobacterium adolescentis,qualibact-v1.0,number,non-normal,31.116815086432688,12.244218020234824,29.0,23.0,38.0,15.0,9.0,103.0,11.0,75.46000000000004,13.0,61.0,11.0,75.46,13.0,61.0,Bifidobacterium adolescentis,1909,0,,,,,,,,,,,,,,,,
Bifidobacterium adolescentis,qualibact-v1.0,longest,non-normal,700183.1351492929,253735.6763797527,712576.0,489816.0,865760.0,375944.0,118048.0,1420764.0,200332.1,1335685.8600000003,251608.9,1234763.4,200332.1,1335685.86,251608.9,1234763.4,Bifidobacterium adolescentis,1909,0,,,,,,,,,,,,,,,,
Bifidobacterium adolescentis,qualibact-v1.0,GC_Content,non-normal,59.37656390780513,0.1988356780457995,59.3637,59.2556,59.4615,0.20589999999999975,58.6162,60.2902,58.860794,60.109592,59.06172,59.93186,58.8608,60.1096,59.0617,59.9319,Bifidobacterium adolescentis,1909,46,non-normal,59.32366521739129,0.16574223598760213,59.2931,59.193525,59.41645,0.2229249999999965,59.015,59.9071,59.027375,59.8424575,59.0750375,59.616299999999995,0.23153483499214247,0.013429206979181717,0.057408643268726973
Bifidobacterium adolescentis,qualibact-v1.0,Completeness_Specific,non-normal,99.98724986904138,0.013653303018863007,99.99,99.98,99.99,0.009999999999990905,99.88,100.0,99.92,100.0,99.95,100.0,92.26,100.0,99.95,100.0,Bifidobacterium adolescentis,1909,46,non-normal,96.7963043478261,1.4639335912350373,96.955,96.2075,97.54,1.3325000000000102,92.26,99.84,92.50075000000001,99.84,93.35249999999999,99.7625,1.0,7.595808430094873e-94,3.1909455212152933
Bifidobacterium adolescentis,qualibact-v1.0,Contamination,non-normal,0.2738449449973808,0.18872928178727016,0.24,0.13,0.36,0.22999999999999998,0.01,1.69,0.02,0.95,0.04,0.7629999999999996,0.02,6.02,0.04,0.76,Bifidobacterium adolescentis,1909,46,normal,2.3841304347826084,1.4371931825110822,2.045,1.25,3.5025,2.2525,0.51,6.02,0.519,5.9232499999999995,0.5587500000000001,5.5275,0.9185437401781037,4.582008888345186e-48,2.110285489785228
Bifidobacterium adolescentis,qualibact-v1.0,Total_Coding_Sequences,non-normal,1814.893137768465,102.04426005932625,1803.0,1736.0,1873.0,137.0,1599.0,2220.0,1623.54,2072.0,1648.0,2044.0,1623.54,2124.0,1648.0,2044.0,Bifidobacterium adolescentis,1909,46,normal,1851.1739130434783,112.03945429834393,1844.0,1754.0,1927.0,173.0,1683.0,2124.0,1683.0,2113.4249999999997,1683.5,2074.5,0.21896280775275012,0.02273410446583839,37.150864326872714
Bifidobacterium adolescentis,qualibact-v1.0,Genome_Size,non-normal,2221758.076479832,87349.11873001246,2217537.0,2155586.0,2275068.0,119482.0,1996957.0,2512067.0,2055395.58,2436461.08,2078144.3,2431657.3,2015787.0,2436461.08,2078144.3,2431657.3,Bifidobacterium adolescentis,1909,46,normal,2195236.717391304,103090.0706943591,2200616.5,2119882.0,2253688.25,133806.25,2015787.0,2401766.0,2019249.75,2399208.65,2031193.125,2389711.875,0.17207962283918282,0.12428313479514835,29632.92797276061
Bifidobacterium animalis,qualibact-v1.0,N50,non-normal,630453.0054644808,412623.27819913137,977815.0,189842.75,1021794.0,831951.25,61217.0,1022906.0,62542.525,1022904.175,105463.125,1022805.5,62542.52,1022904.18,105463.12,1022805.5,Bifidobacterium animalis,366,0,,,,,,,,,,,,,,,,
Bifidobacterium animalis,qualibact-v1.0,number,non-normal,20.516393442622952,6.142969156104659,19.0,18.0,22.0,4.0,12.0,63.0,12.825,49.5750000000001,13.0,35.875,12.82,49.58,13.0,35.88,Bifidobacterium animalis,366,0,,,,,,,,,,,,,,,,
Bifidobacterium animalis,qualibact-v1.0,longest,non-normal,729135.3989071038,334049.5294613414,977815.0,352969.5,1021794.0,668824.5,154925.0,1022906.0,173559.025,1022904.175,201338.75,1022805.5,173559.02,1022904.18,201338.75,1022805.5,Bifidobacterium animalis,366,0,,,,,,,,,,,,,,,,
Bifidobacterium animalis,qualibact-v1.0,GC_Content,non-normal,60.468791256830606,0.009194871465219407,60.4668,60.4664,60.470749999999995,0.004349999999995191,60.403,60.5198,60.429317499999996,60.4937775,60.4523125,60.486575,60.2133,60.6437,60.4523,60.4866,Bifidobacterium animalis,366,61,non-normal,60.48803278688526,0.04454576472043534,60.489,60.4858,60.4904,0.00460000000000349,60.2133,60.6437,60.29163,60.6398,60.4746,60.5627,0.8497267759562842,7.067400986079277e-41,0.026355191256830876
Bifidobacterium animalis,qualibact-v1.0,Completeness_Specific,non-normal,99.84562841530057,0.021181331640316554,99.84,99.84,99.86,0.01999999999999602,99.72,99.92,99.75825,99.9,99.8,99.87,94.8,99.9,99.8,99.87,Bifidobacterium animalis,366,61,non-normal,98.51180327868855,0.9237903179102175,98.93,98.38,98.97,0.5900000000000034,94.8,98.97,94.896,98.97,95.33500000000001,98.97,1.0,3.2093229823520074e-75,1.3338251366120224
Bifidobacterium animalis,qualibact-v1.0,Contamination,non-normal,0.1863661202185792,0.03391031807330244,0.16,0.16,0.23,0.07,0.14,0.32,0.14,0.2417500000000001,0.15,0.23,0.14,3.15,0.15,0.23,Bifidobacterium animalis,366,61,non-normal,0.36967213114754094,0.40729804293748334,0.27,0.27,0.27,0.0,0.27,3.15,0.27,2.6220000000000048,0.27,1.2799999999999998,0.9972677595628415,1.9897802490582436e-73,0.1833060109289618
Bifidobacterium animalis,qualibact-v1.0,Total_Coding_Sequences,non-normal,1565.8579234972678,2.980176775232246,1565.0,1564.0,1567.0,3.0,1558.0,1581.0,1559.825,1576.35,1562.0,1572.875,1559.82,1684.0,1562.0,1572.88,Bifidobacterium animalis,366,61,non-normal,1625.704918032787,10.933996108236034,1624.0,1622.0,1627.0,5.0,1596.0,1684.0,1596.3,1673.5,1605.0,1647.5,1.0,3.2093229823520074e-75,59.84699453551913
Bifidobacterium animalis,qualibact-v1.0,Genome_Size,non-normal,1918812.3934426229,1804.424699308931,1917988.5,1917544.0,1920185.5,2641.5,1912459.0,1927475.0,1915366.2,1925679.5,1916730.375,1922351.75,1915366.2,2027369.0,1916730.38,1922351.75,Bifidobacterium animalis,366,61,non-normal,1944060.0983606558,12585.850524813495,1944140.0,1938583.0,1944283.0,5700.0,1931057.0,2027369.0,1931229.5,2008075.4000000001,1932159.5,1963034.5,1.0,3.2093229823520074e-75,25247.704918032785
Bifidobacterium bifidum,qualibact-v1.0,N50,non-normal,277287.98695652175,132360.9031884278,277316.5,161623.75,360764.25,199140.5,64256.0,644418.0,66462.285,604522.765,85423.475,557847.175,66462.28,604522.76,85423.48,557847.18,Bifidobacterium bifidum,230,0,,,,,,,,,,,,,,,,
Bifidobacterium bifidum,qualibact-v1.0,number,non-normal,28.93913043478261,12.598679679975952,27.0,19.0,36.0,17.0,7.0,69.0,7.0,66.70999999999998,10.450000000000001,59.275000000000006,7.0,66.71,10.45,59.28,Bifidobacterium bifidum,230,0,,,,,,,,,,,,,,,,
Bifidobacterium bifidum,qualibact-v1.0,longest,non-normal,458014.2304347826,152712.39879466506,471273.0,352768.5,549022.0,196253.5,153825.0,989464.0,167855.735,898847.0,189072.85,820188.65,167855.74,898847.0,189072.85,820188.65,Bifidobacterium bifidum,230,0,,,,,,,,,,,,,,,,
Bifidobacterium bifidum,qualibact-v1.0,GC_Content,non-normal,62.71937565217392,0.09354532460261972,62.7444,62.668325,62.779925,0.1115999999999957,62.2705,62.9242,62.4082455,62.895845,62.5183975,62.869575000000005,62.4082,62.8958,62.5184,62.8696,Bifidobacterium bifidum,230,21,normal,62.7041761904762,0.06618951078432572,62.7161,62.6648,62.7549,0.09009999999999962,62.5247,62.803,62.53166,62.80148,62.5595,62.7954,0.3091097308488613,0.04007767751455815,0.028281159420290292
Bifidobacterium bifidum,qualibact-v1.0,Completeness_Specific,non-normal,99.93834782608695,0.03843527444107861,99.95,99.93,99.96,0.029999999999986926,99.65,99.99,99.77145,99.99,99.84174999999999,99.98,92.03,99.99,99.84,99.98,Bifidobacterium bifidum,230,21,non-normal,96.10809523809523,1.1426978063530142,96.46,96.12,96.75,0.6299999999999955,92.03,97.28,92.266,97.25,93.21000000000001,97.13,1.0,9.770042249736472e-31,3.8302525879917186
Bifidobacterium bifidum,qualibact-v1.0,Contamination,non-normal,0.2003478260869565,0.06410494703534617,0.19,0.15,0.24,0.09,0.1,0.42,0.11,0.3956499999999997,0.11,0.35,0.11,4.32,0.11,0.35,Bifidobacterium bifidum,230,21,non-normal,0.8019047619047619,0.8778036392183296,0.52,0.3,0.95,0.6499999999999999,0.24,4.32,0.24,4.077999999999997,0.24,3.1100000000000003,0.7260869565217392,1.2321360274404607e-10,0.6015569358178056
Bifidobacterium bifidum,qualibact-v1.0,Total_Coding_Sequences,non-normal,1824.195652173913,64.02765012942774,1817.0,1791.0,1850.0,59.0,1705.0,2106.0,1707.58,2088.934999999999,1720.45,1966.5,1707.58,2215.0,1720.45,1966.5,Bifidobacterium bifidum,230,21,non-normal,1914.047619047619,89.24203375970967,1894.0,1861.0,1955.0,94.0,1790.0,2215.0,1793.6,2198.7,1808.0,2133.5,0.6438923395445134,3.279474710869379e-08,89.851966873706
Bifidobacterium bifidum,qualibact-v1.0,Genome_Size,non-normal,2216060.604347826,55710.06653164983,2215266.5,2176138.25,2241329.5,65191.25,2120719.0,2466163.0,2123327.305,2452480.204999999,2129968.425,2339147.825,2123327.31,2503841.0,2129968.42,2339147.83,Bifidobacterium bifidum,230,21,non-normal,2250808.523809524,75435.21908588287,2223664.0,2211032.0,2272336.0,61304.0,2149912.0,2503841.0,2152810.2,2487478.0,2164403.0,2422026.0,0.28778467908902694,0.06679373384847027,34747.91946169775
Bifidobacterium breve,qualibact-v1.0,N50,non-normal,213018.13684210528,203997.0384709497,165513.0,32501.5,316311.25,283809.75,11170.0,658043.0,11861.74,653201.765,15973.275,638031.9,11861.74,653201.76,15973.28,638031.9,Bifidobacterium breve,190,0,,,,,,,,,,,,,,,,
Bifidobacterium breve,qualibact-v1.0,number,non-normal,96.08421052631579,91.38687722884445,47.0,28.25,147.75,119.5,7.0,404.0,7.0,403.055,9.0,316.275,7.0,403.06,9.0,316.27,Bifidobacterium breve,190,0,,,,,,,,,,,,,,,,
Bifidobacterium breve,qualibact-v1.0,longest,non-normal,378149.5315789474,293123.4287532105,331963.0,94025.0,588293.75,494268.75,37234.0,1065402.0,46725.58,998054.6850000005,59001.75,975225.55,46725.58,998054.69,59001.75,975225.55,Bifidobacterium breve,190,0,,,,,,,,,,,,,,,,
Bifidobacterium breve,qualibact-v1.0,GC_Content,non-normal,58.778359473684205,0.1178209903992929,58.8071,58.6689,58.868575,0.19967499999999916,58.4983,59.0883,58.533170500000004,59.041239,58.5766975,58.994395,58.5259,59.3758,58.5767,58.9944,Bifidobacterium breve,190,59,non-normal,58.80746779661018,0.17506634426738094,58.8179,58.69885,58.8896,0.1907500000000013,58.5259,59.3758,58.531497,59.351614,58.56212,59.201229999999995,0.25298840321141836,0.0048976695466377874,0.044237493309545864
Bifidobacterium breve,qualibact-v1.0,Completeness_Specific,non-normal,99.90715789473684,0.1514224704029635,99.96,99.9,99.98,0.0799999999999983,99.08,99.99,99.12724999999999,99.99,99.35625,99.99,94.77,99.99,99.36,99.99,Bifidobacterium breve,190,59,non-normal,98.44084745762713,0.9984467396837262,98.79,97.87,99.225,1.3549999999999898,94.77,99.61,95.00489999999999,99.61,96.12,99.52,0.9473684210526315,7.352524647351681e-47,1.4663104371097218
Bifidobacterium breve,qualibact-v1.0,Contamination,non-normal,1.6031578947368421,2.933781200594889,0.11,0.07,1.95,1.88,0.01,14.44,0.01,12.521650000000013,0.02,10.018250000000013,0.01,12.52,0.02,10.02,Bifidobacterium breve,190,59,non-normal,0.906271186440678,0.8800749165050121,0.72,0.27,1.14,0.8699999999999999,0.15,4.14,0.17609999999999998,4.0037,0.24,3.67,0.6251561106155219,3.628598777636712e-17,1.2331097234611954
Bifidobacterium breve,qualibact-v1.0,Total_Coding_Sequences,non-normal,2028.1947368421052,110.12666856939742,2010.0,1946.25,2082.5,136.25,1840.0,2427.0,1841.89,2373.135,1866.0,2287.25,1841.89,2373.14,1866.0,2287.25,Bifidobacterium breve,190,59,non-normal,2068.35593220339,98.0390380067223,2023.0,1997.0,2111.0,114.0,1943.0,2372.0,1945.32,2367.65,1951.45,2314.7,0.287778768956289,0.0008528883006813745,40.740142729705624
Bifidobacterium breve,qualibact-v1.0,Genome_Size,non-normal,2349017.3421052634,78905.67788171164,2337654.0,2282778.25,2389639.75,106861.5,2200810.0,2568621.0,2201029.24,2567900.91,2243201.75,2528787.175,2201029.24,2589602.0,2243201.75,2528787.17,Bifidobacterium breve,190,59,non-normal,2351239.6779661016,79289.5217937788,2324647.0,2289234.0,2416980.0,127746.0,2247738.0,2589602.0,2252905.51,2574080.91,2267288.15,2524516.0,0.15557537912578057,0.20002114229221318,15354.858965209633
Bifidobacterium dentium,qualibact-v1.0,N50,non-normal,215357.6796875,83069.59830118861,191210.5,156339.25,252487.25,96148.0,100735.0,449593.0,101656.385,436649.1599999999,110729.825,399211.95,101656.38,436649.16,110729.82,399211.95,Bifidobacterium dentium,128,0,,,,,,,,,,,,,,,,
Bifidobacterium dentium,qualibact-v1.0,number,normal,29.5390625,8.813078299952506,29.0,24.0,33.0,9.0,10.0,52.0,11.27,51.364999999999995,13.175,48.825,11.27,51.36,13.18,48.82,Bifidobacterium dentium,128,0,,,,,,,,,,,,,,,,
Bifidobacterium dentium,qualibact-v1.0,longest,normal,444392.0546875,122380.62244963895,436381.5,358341.0,508898.75,150557.75,211238.0,799525.0,211246.89,772404.7849999998,248487.325,697314.8250000001,211246.89,772404.78,248487.32,697314.82,Bifidobacterium dentium,128,0,,,,,,,,,,,,,,,,
Bifidobacterium dentium,qualibact-v1.0,GC_Content,normal,58.45936015625,0.1286761628929408,58.46285,58.363949999999996,58.5691,0.20515000000000327,58.1651,58.7452,58.165544499999996,58.733960499999995,58.191897499999996,58.696692500000005,58.1655,58.8791,58.1919,58.6967,Bifidobacterium dentium,128,16,non-normal,58.53050625,0.1165325033453654,58.5242,58.485375000000005,58.538175,0.05279999999999774,58.2891,58.8791,58.299285,58.860155,58.340025,58.784375,0.46875,0.002466478785792573,0.07815546875000079
Bifidobacterium dentium,qualibact-v1.0,Completeness_Specific,non-normal,99.94046875000001,0.03703586469136995,99.95,99.93,99.96249999999999,0.03249999999998465,99.83,99.99,99.83,99.99,99.84,99.98825,88.19,99.99,99.84,99.99,Bifidobacterium dentium,128,16,normal,92.57000000000001,3.0394633572392338,92.50999999999999,90.0325,95.4975,5.465000000000003,88.19,96.91,88.22075,96.91,88.34375,96.91,1.0,2.9073258361168453e-21,7.3704687500000015
Bifidobacterium dentium,qualibact-v1.0,Contamination,non-normal,0.656015625,0.3398238050900192,0.58,0.49,0.67,0.18000000000000005,0.15,1.71,0.15,1.71,0.18875,1.64,0.14,5.58,0.19,1.64,Bifidobacterium dentium,128,16,non-normal,1.723125,1.4996279486509314,1.575,0.7575,1.98,1.2225000000000001,0.14,5.58,0.14,5.5335,0.14,5.3475,0.6328125,6.331427126218495e-06,1.1361718749999998
Bifidobacterium dentium,qualibact-v1.0,Total_Coding_Sequences,normal,2143.359375,72.87068323138857,2151.5,2097.75,2198.75,101.0,1922.0,2317.0,1937.24,2304.935,2016.875,2287.925,1937.24,2403.0,2016.88,2287.93,Bifidobacterium dentium,128,16,normal,2230.0625,82.77414205988487,2219.0,2186.5,2269.75,83.25,2109.0,2403.0,2109.45,2400.225,2111.25,2389.125,0.4921875,0.0012093499009513454,86.703125
Bifidobacterium dentium,qualibact-v1.0,Genome_Size,non-normal,2593504.0,54324.35115768181,2602531.5,2560938.0,2628839.25,67901.25,2402233.0,2717131.0,2415656.9,2709220.805,2497344.575,2700182.5,2415656.9,2758140.0,2497344.58,2700182.5,Bifidobacterium dentium,128,16,normal,2639482.5,64418.55458542205,2635748.5,2607336.0,2661926.0,54590.0,2535489.0,2758140.0,2536579.875,2757490.35,2540943.375,2754891.75,0.546875,0.00019324741162921226,45978.5
Bifidobacterium longum,qualibact-v1.0,N50,non-normal,173640.0563781321,84916.50542009856,153153.0,111114.75,214803.0,103688.25,25177.0,585313.0,55516.3,448763.0,67570.0,376843.5,55516.3,448763.0,67570.0,376843.5,Bifidobacterium longum,1756,0,,,,,,,,,,,,,,,,
Bifidobacterium longum,qualibact-v1.0,number,non-normal,60.63610478359909,24.110396142315086,58.0,44.0,74.0,30.0,13.0,240.0,17.0,143.89999999999964,22.0,123.0,17.0,143.9,22.0,123.0,Bifidobacterium longum,1756,0,,,,,,,,,,,,,,,,
Bifidobacterium longum,qualibact-v1.0,longest,non-normal,364693.1195899772,145233.25326889745,339994.5,256913.0,440264.75,183351.75,95793.0,1057703.0,122953.0,949227.125,151939.75,718081.625,122953.0,949227.12,151939.75,718081.62,Bifidobacterium longum,1756,0,,,,,,,,,,,,,,,,
Bifidobacterium longum,qualibact-v1.0,GC_Content,normal,59.99863354214123,0.16903619056629918,60.006550000000004,59.874300000000005,60.118625,0.24432499999999635,59.3991,60.5035,59.5360925,60.4123075,59.6503875,60.3178875,59.1311,60.4123,59.6504,60.3179,Bifidobacterium longum,1756,114,non-normal,59.920735087719294,0.2856590876952579,59.9467,59.818725,60.130825,0.31210000000000093,59.1311,60.3927,59.178786,60.3819085,59.246345,60.3302075,0.17951484634136594,0.0017194955480917204,0.09281944511049856
Bifidobacterium longum,qualibact-v1.0,Completeness_Specific,non-normal,99.9455637813212,0.053641547664244955,99.96,99.94,99.98,0.04000000000000625,99.22,100.0,99.7055,99.99,99.8,99.99,93.46,99.99,99.8,99.99,Bifidobacterium longum,1756,114,non-normal,98.70754385964914,0.8406749182958709,98.89500000000001,98.4125,99.245,0.8325000000000102,93.46,99.85,94.8838,99.85,96.73474999999999,99.85,0.9436118770730928,7.459947986019289e-123,1.238019921672062
Bifidobacterium longum,qualibact-v1.0,Contamination,non-normal,0.126998861047836,0.16103927137047022,0.07,0.04,0.12,0.07999999999999999,0.0,1.6,0.0,1.2112499999999955,0.01,0.50125,0.0,2.58,0.01,0.5,Bifidobacterium longum,1756,113,non-normal,0.6657522123893805,0.6760004782290481,0.31,0.16,1.01,0.85,0.16,2.58,0.16,2.4175999999999993,0.16,2.0780000000000003,0.7932801822323462,1.0782146489479251e-70,0.5387533513415445
Bifidobacterium longum,qualibact-v1.0,Total_Coding_Sequences,non-normal,2010.5791571753987,120.42524783983254,1981.0,1925.0,2092.25,167.25,1748.0,2504.0,1797.0,2361.5749999999994,1818.0,2261.0,1797.0,2672.0,1818.0,2261.0,Bifidobacterium longum,1756,114,non-normal,2167.3684210526317,201.88555309043224,2111.5,2028.0,2313.5,285.5,1892.0,2672.0,1893.13,2671.435,1905.65,2671.0,0.3960856012468529,1.2509368096293874e-15,156.7892638772329
Bifidobacterium longum,qualibact-v1.0,Genome_Size,non-normal,2386306.148063781,94915.79180071612,2369042.0,2319728.0,2447326.75,127598.75,2137163.0,2764385.0,2206926.275,2683191.55,2230871.625,2569080.875,2206926.28,2832850.0,2230871.62,2569080.88,Bifidobacterium longum,1756,114,non-normal,2484018.754385965,154598.942090441,2445127.5,2379228.25,2597220.0,217991.75,2239167.0,2832850.0,2250184.5,2832792.37,2263392.75,2832748.0,0.3033708987731287,3.110861188356295e-09,97712.6063221836
Bifidobacterium pseudocatenulatum,qualibact-v1.0,N50,non-normal,422052.6726296959,271285.4653220547,354139.0,254202.0,527883.0,273681.0,47919.0,1550602.0,58668.73,1504678.6900000004,89344.8,1289831.5499999998,58668.73,1504678.69,89344.8,1289831.55,Bifidobacterium pseudocatenulatum,559,0,,,,,,,,,,,,,,,,
Bifidobacterium pseudocatenulatum,qualibact-v1.0,number,non-normal,30.644007155635062,14.279234044888907,28.0,21.0,35.0,14.0,11.0,119.0,12.0,85.42000000000007,14.0,72.04999999999995,12.0,85.42,14.0,72.05,Bifidobacterium pseudocatenulatum,559,0,,,,,,,,,,,,,,,,
Bifidobacterium pseudocatenulatum,qualibact-v1.0,longest,non-normal,722347.1019677996,275125.29291071056,662657.0,515820.5,904902.5,389082.0,128512.0,1550602.0,160281.97,1504678.6900000004,213188.2,1289831.5499999998,160281.97,1504678.69,213188.2,1289831.55,Bifidobacterium pseudocatenulatum,559,0,,,,,,,,,,,,,,,,
Bifidobacterium pseudocatenulatum,qualibact-v1.0,GC_Content,non-normal,56.42038407871198,0.17967514797097262,56.4172,56.2424,56.5364,0.29399999999999693,56.0654,57.0262,56.103288,56.883626,56.17698,56.775909999999996,56.1033,56.8836,56.177,56.7759,Bifidobacterium pseudocatenulatum,559,17,normal,56.49977647058824,0.12671794306026932,56.4979,56.3844,56.5458,0.16140000000000043,56.3223,56.8356,56.325131999999996,56.821032,56.33646,56.76276,0.38461538461538464,0.010483034912049695,0.08840855519309718
Bifidobacterium pseudocatenulatum,qualibact-v1.0,Completeness_Specific,non-normal,99.9784794275492,0.026943507899290724,99.99,99.97,99.99,0.01999999999999602,99.56,100.0,99.9079,100.0,99.9295,100.0,93.55,100.0,99.93,100.0,Bifidobacterium pseudocatenulatum,559,17,non-normal,98.30235294117647,1.2190861061697216,98.74,98.58,98.74,0.1599999999999966,93.55,98.82,93.89959999999999,98.82,95.298,98.82,1.0,1.0677053846425262e-32,1.6761264863727268
Bifidobacterium pseudocatenulatum,qualibact-v1.0,Contamination,non-normal,0.5798211091234348,0.2748959214689671,0.56,0.46,0.62,0.15999999999999998,0.22,4.24,0.28,1.4373000000000047,0.32,0.9509999999999991,0.16,1.63,0.32,0.95,Bifidobacterium pseudocatenulatum,559,16,non-normal,0.344375,0.3726756087739041,0.16,0.16,0.41,0.24999999999999997,0.16,1.63,0.16,1.5565000000000007,0.16,1.2625,0.6875,7.937621894498883e-08,0.3101911896243292
Bifidobacterium pseudocatenulatum,qualibact-v1.0,Total_Coding_Sequences,non-normal,1830.6010733452595,74.16577234652584,1822.0,1771.0,1878.0,107.0,1680.0,2170.0,1697.0,2107.63,1730.0,2025.1999999999998,1697.0,2238.0,1730.0,2025.2,Bifidobacterium pseudocatenulatum,559,17,non-normal,1935.4117647058824,102.55790836144256,1911.0,1892.0,1962.0,70.0,1801.0,2238.0,1801.72,2224.32,1804.6,2169.6,0.6037040934441755,2.7951895585713495e-06,104.81069136062297
Bifidobacterium pseudocatenulatum,qualibact-v1.0,Genome_Size,non-normal,2245786.060822898,66982.4624251761,2240327.0,2194478.0,2289653.5,95175.5,2080866.0,2479158.0,2104196.65,2478286.96,2142844.35,2407428.9,2104196.65,2556908.0,2142844.35,2407428.9,Bifidobacterium pseudocatenulatum,559,17,non-normal,2305723.2352941176,89102.84425943489,2298297.0,2245999.0,2339480.0,93481.0,2192395.0,2556908.0,2192450.2,2545610.32,2192671.0,2500419.6,0.44133431547932234,0.0019111017176135256,59937.174471219616
Bordetella pertussis,qualibact-v1.0,N50,non-normal,20618.877633209417,1701.1942897148647,20752.0,20279.5,21228.0,948.5,8400.0,23834.0,12188.9,23245.0,15281.75,23051.0,12188.9,23245.0,15281.75,23051.0,Bordetella pertussis,6456,0,,,,,,,,,,,,,,,,
Bordetella pertussis,qualibact-v1.0,number,non-normal,309.8709727385378,35.30103220714956,302.0,292.0,317.0,25.0,263.0,664.0,269.0,524.7250000000004,274.0,409.625,269.0,524.73,274.0,409.62,Bordetella pertussis,6456,0,,,,,,,,,,,,,,,,
Bordetella pertussis,qualibact-v1.0,longest,non-normal,72580.40303593557,3711.203008213,73517.0,73462.75,73535.0,72.25,35860.0,106830.0,47055.674999999996,76384.725,67801.75,73549.0,47055.68,76384.73,67801.75,73549.0,Bordetella pertussis,6456,0,,,,,,,,,,,,,,,,
Bordetella pertussis,qualibact-v1.0,GC_Content,non-normal,67.81202831474597,0.0508221408505147,67.8041,67.7732,67.8448,0.07160000000000366,67.2896,67.9545,67.61335,67.92698999999999,67.721625,67.8911,67.6134,67.927,67.7216,67.8911,Bordetella pertussis,6456,688,non-normal,67.70688183139536,0.007702865188428732,67.706,67.7037,67.7084,0.004699999999999704,67.6812,67.8183,67.688074,67.75359350000001,67.69853499999999,67.720965,0.9613843981441457,1.1e-322,0.1071615646883381
Bordetella pertussis,qualibact-v1.0,Completeness_Specific,non-normal,99.89142038413878,0.40200833245274703,99.95,99.94,99.96,0.01999999999999602,94.07,99.99,96.12825000000001,99.98,99.46374999999999,99.97,91.86,99.98,99.46,99.97,Bordetella pertussis,6456,688,non-normal,97.05103197674417,0.5076985338791791,97.13,97.01,97.24,0.22999999999998977,91.86,98.35,93.8596,98.35,96.03,98.08475,0.9879182156133829,1.5e-323,2.8403884073945997
Bordetella pertussis,qualibact-v1.0,Contamination,non-normal,0.9368912639405206,0.2022305555401196,0.89,0.81,0.9,0.08999999999999997,0.51,2.31,0.67,1.57,0.76,1.39,0.31,7.67,0.76,1.39,Bordetella pertussis,6456,688,non-normal,0.5693313953488371,0.49587292721479015,0.51,0.51,0.51,0.0,0.31,7.67,0.33,4.055649999999999,0.44,0.95,0.9599092965620587,1.14e-322,0.444432329039509
Bordetella pertussis,qualibact-v1.0,Total_Coding_Sequences,non-normal,3830.4945786864932,113.70000215943472,3909.0,3724.0,3935.0,211.0,3634.0,4280.0,3662.0,4008.4500000000007,3669.0,3970.0,3662.0,4249.0,3669.0,3970.0,Bordetella pertussis,6456,688,non-normal,3963.0988372093025,27.260886428736608,3952.5,3944.0,3981.0,37.0,3906.0,4249.0,3922.435,4122.344999999999,3934.0,3999.825,0.7418320077231204,2.51e-321,132.61386199244978
Bordetella pertussis,qualibact-v1.0,Genome_Size,non-normal,3858929.745662949,17454.53440038426,3861341.5,3854102.75,3869752.5,15649.75,3740784.0,4015029.0,3780197.025,3907948.525000001,3823000.25,3883813.5,3780197.02,4386396.0,3823000.25,3883813.5,Bordetella pertussis,6456,688,non-normal,4111276.9665697673,21861.464474532946,4107407.0,4105313.75,4110580.0,5266.25,4043846.0,4386396.0,4082556.22,4279075.744999999,4095668.475,4145573.8249999997,1.0,0.0,252347.22090681823
Borreliella afzelii,qualibact-v1.0,N50,non-normal,133372.92857142858,89792.54806796472,123000.5,52993.5,213020.5,160027.0,15418.0,436362.0,15515.3,436252.19,19746.25,309110.80000000045,15515.3,436252.19,19746.25,309110.8,Borreliella afzelii,140,0,,,,,,,,,,,,,,,,
Borreliella afzelii,qualibact-v1.0,number,normal,271.9714285714286,65.41678933217842,266.0,235.75,308.25,72.5,97.0,425.0,113.68,422.915,153.375,403.525,113.68,422.92,153.38,403.52,Borreliella afzelii,140,0,,,,,,,,,,,,,,,,
Borreliella afzelii,qualibact-v1.0,longest,non-normal,292807.7642857143,138384.2239072385,274414.5,183848.25,455414.25,271566.0,49684.0,633617.0,49971.73,515994.50500000117,59238.25,464099.5,49971.73,515994.51,59238.25,464099.5,Borreliella afzelii,140,0,,,,,,,,,,,,,,,,
Borreliella afzelii,qualibact-v1.0,GC_Content,normal,27.90973071428572,0.12399416454957429,27.9024,27.827775,28.015425,0.18765000000000143,27.582,28.1668,27.596525500000002,28.1469925,27.668937500000002,28.1245025,27.5965,28.2922,27.6689,28.1245,Borreliella afzelii,140,5,insufficient_data,28.057080000000003,0.15221201529445677,27.9567,27.9531,28.1817,0.22860000000000014,27.9017,28.2922,27.902728000000003,28.28999,27.906840000000003,28.28115,0.4928571428571429,0.13781627646290312,0.14734928571428624
Borreliella afzelii,qualibact-v1.0,Completeness_Specific,non-normal,98.35435714285714,0.758137954572428,98.56,98.0175,98.9,0.8825000000000074,95.56,99.55,95.58085,99.4944,96.31224999999999,99.3615,95.58,99.52,96.31,99.36,Borreliella afzelii,140,5,insufficient_data,99.214,0.2184124538573763,99.19,98.99,99.4,0.4100000000000108,98.97,99.52,98.9704,99.5176,98.972,99.508,0.8428571428571429,0.00032409490626141967,0.8600714285714277
Borreliella afzelii,qualibact-v1.0,Contamination,non-normal,0.6987142857142856,0.2300491961582592,0.665,0.57,0.78,0.21000000000000008,0.19,2.0,0.28035,1.9513500000000004,0.42325,1.2810000000000026,0.09,1.95,0.42,1.28,Borreliella afzelii,140,5,insufficient_data,0.12399999999999997,0.06799999999999999,0.09,0.09,0.09,0.0,0.09,0.26,0.09,0.2566,0.09,0.243,0.9928571428571429,2.4087321163985088e-08,0.5747142857142857
Borreliella afzelii,qualibact-v1.0,Total_Coding_Sequences,normal,1496.5357142857142,90.99406658162512,1495.5,1444.75,1556.0,111.25,1188.0,1675.0,1224.14,1674.305,1319.4,1660.525,866.0,1674.3,1319.4,1660.52,Borreliella afzelii,140,5,insufficient_data,1163.4,220.21135302249974,1247.0,949.0,1309.0,360.0,866.0,1446.0,867.66,1443.26,874.3,1432.3,0.7714285714285715,0.001780281863569558,333.1357142857143
Borreliella afzelii,qualibact-v1.0,Genome_Size,non-normal,1359296.3,44190.85712997009,1363174.0,1333821.5,1393825.75,60004.25,1198614.0,1442077.0,1228694.295,1440562.595,1263687.425,1425565.6,918834.0,1440562.6,1263687.42,1425565.6,Borreliella afzelii,140,5,insufficient_data,1173723.4,187991.12552203095,1248765.0,987652.0,1309078.0,321426.0,918834.0,1404288.0,920210.36,1402383.8,925715.8,1394767.0,0.6571428571428571,0.015445099450968858,185743.0
Borreliella burgdorferi,qualibact-v1.0,N50,non-normal,227548.6966292135,230872.68719867812,206444.5,51025.75,221687.5,170661.75,2592.0,910047.0,3825.035,909750.39,6643.125,902804.475,3825.04,909750.39,6643.12,902804.48,Borreliella burgdorferi,534,0,,,,,,,,,,,,,,,,
Borreliella burgdorferi,qualibact-v1.0,number,non-normal,288.8876404494382,132.14327471814076,269.0,195.0,357.75,162.75,54.0,1019.0,75.66,744.3550000000005,95.325,590.0,75.66,744.36,95.32,590.0,Borreliella burgdorferi,534,0,,,,,,,,,,,,,,,,
Borreliella burgdorferi,qualibact-v1.0,longest,non-normal,353498.3801498127,228905.93077817556,346452.0,165048.75,465050.75,300002.0,13884.0,910047.0,23810.565,909750.39,29617.7,902804.475,23810.56,909750.39,29617.7,902804.48,Borreliella burgdorferi,534,0,,,,,,,,,,,,,,,,
Borreliella burgdorferi,qualibact-v1.0,GC_Content,non-normal,28.46252696629213,0.5623254123594082,28.26325,28.144075,28.500175,0.35609999999999786,27.8931,31.1452,27.932965,31.051614,27.9635775,30.0791475,27.933,31.0516,27.9636,30.0791,Borreliella burgdorferi,534,58,normal,28.282460344827587,0.1350837746958827,28.2675,28.1943,28.369125,0.174825000000002,28.0071,28.6195,28.010577,28.61437,28.022275,28.575660000000003,0.2100606999870851,0.016589667831488922,0.2250833333333333
Borreliella burgdorferi,qualibact-v1.0,Completeness_Specific,non-normal,97.00144194756555,1.4709642877270988,97.215,96.65,97.7375,1.0874999999999915,82.49,99.41,88.71645000000001,99.25355,93.7455,98.86375,88.72,99.87,93.75,98.86,Borreliella burgdorferi,534,58,non-normal,99.5994827586207,0.41245029967589536,99.7,99.57249999999999,99.87,0.29750000000001364,97.74,99.87,97.8198,99.87,98.26225,99.87,0.9261913986826811,2.8476518145533344e-54,2.5980408110551476
Borreliella burgdorferi,qualibact-v1.0,Contamination,non-normal,0.4051123595505618,0.26123211104255706,0.35,0.26,0.45,0.19,0.13,2.72,0.14,1.9771500000000104,0.2,1.0934999999999993,0.14,8.33,0.2,1.09,Borreliella burgdorferi,534,58,non-normal,6.1820689655172405,1.9971762467947087,5.56,5.56,8.33,2.7700000000000005,2.78,8.33,2.78,8.33,2.78,8.33,1.0,1.3535640831919966e-81,5.77695660596668
Borreliella burgdorferi,qualibact-v1.0,Total_Coding_Sequences,non-normal,1473.6797752808989,128.02112596007086,1465.5,1392.0,1550.25,158.25,1051.0,1989.0,1104.325,1804.140000000003,1224.25,1728.0499999999997,855.0,1804.14,1224.25,1728.05,Borreliella burgdorferi,534,58,non-normal,1335.051724137931,152.9600378748728,1362.5,1277.25,1420.75,143.5,855.0,1587.0,855.855,1581.585,870.75,1561.625,0.4245770373240346,4.78997440714751e-09,138.6280511429678
Borreliella burgdorferi,qualibact-v1.0,Genome_Size,non-normal,1366168.629213483,78746.63065497125,1364952.5,1325191.0,1417624.5,92433.5,1064042.0,1685971.0,1088946.59,1540680.2050000005,1192910.55,1498190.2,906733.0,1540680.21,1192910.55,1498190.2,Borreliella burgdorferi,534,58,non-normal,1323460.2931034483,130301.94569722685,1341346.5,1277124.5,1402170.25,125045.75,906733.0,1531091.0,907873.855,1528274.345,925937.4,1518017.525,0.21148133798269406,0.015540513187114151,45874.38273279091
Borreliella garinii,qualibact-v1.0,N50,non-normal,192403.795,112479.61054957015,213045.0,130425.5,222736.25,92310.75,11436.0,692888.0,12341.45,692791.485,25139.325,441762.7500000011,12341.45,692791.48,25139.32,441762.75,Borreliella garinii,200,0,,,,,,,,,,,,,,,,
Borreliella garinii,qualibact-v1.0,number,non-normal,112.495,81.61256015467227,84.0,55.5,149.5,94.0,21.0,526.0,21.995,445.40499999999963,25.950000000000003,305.57500000000016,22.0,445.4,25.95,305.58,Borreliella garinii,200,0,,,,,,,,,,,,,,,,
Borreliella garinii,qualibact-v1.0,longest,normal,361421.825,133471.13645378305,404768.0,273960.75,463600.0,189639.25,40691.0,692888.0,44912.785,692791.485,72099.52500000001,634764.4000000003,44912.78,692791.48,72099.53,634764.4,Borreliella garinii,200,0,,,,,,,,,,,,,,,,
Borreliella garinii,qualibact-v1.0,GC_Content,non-normal,27.895625,0.18530039847501667,27.869950000000003,27.775225,27.980925,0.20570000000000022,27.4185,28.9776,27.5777995,28.552535999999996,27.5982725,28.2551075,27.5778,28.5525,27.5983,28.2551,Borreliella garinii,200,8,insufficient_data,28.2095,0.1507083607501587,28.2058,28.079175,28.369574999999998,0.2903999999999982,28.0092,28.387,28.009619999999998,28.386881,28.0113,28.386405,0.76,4.563016927726059e-05,0.3220000000000002
Borreliella garinii,qualibact-v1.0,Completeness_Specific,normal,96.35955000000001,1.3331685180426363,95.995,95.47,97.3175,1.8474999999999966,92.15,99.6,93.42360000000001,99.46069999999999,94.02725000000001,99.0365,93.42,99.56,94.03,99.04,Borreliella garinii,200,8,insufficient_data,99.28999999999999,0.24954959426935544,99.4,99.1625,99.4425,0.28000000000000114,98.76,99.56,98.77120000000001,99.55825,98.816,99.55125,0.95,1.1541960641018448e-09,2.9308500000000026
Borreliella garinii,qualibact-v1.0,Contamination,non-normal,0.6061,0.26681602275725497,0.545,0.48,0.66,0.18000000000000005,0.26,2.86,0.3197,2.710749999999999,0.3895,0.9507500000000001,0.03,2.71,0.39,0.95,Borreliella garinii,200,2,insufficient_data,0.115,0.085,0.115,0.07250000000000001,0.1575,0.08499999999999999,0.03,0.2,0.03085,0.19915000000000002,0.03425,0.19575,1.0,9.851731441800897e-05,0.49110000000000015
Borreliella garinii,qualibact-v1.0,Total_Coding_Sequences,non-normal,1303.915,134.29786958474062,1281.0,1216.25,1377.25,161.0,1007.0,1804.0,1027.895,1730.3699999999997,1096.0,1615.3000000000002,854.0,1730.37,1096.0,1615.3,Borreliella garinii,200,8,insufficient_data,1035.25,157.79238733221575,1057.0,856.5,1192.75,336.25,854.0,1211.0,854.035,1210.65,854.175,1209.25,0.765,3.841426818618236e-05,268.6650000000001
Borreliella garinii,qualibact-v1.0,Genome_Size,normal,1288766.625,80231.60654476748,1288953.5,1244728.25,1346544.0,101815.75,1059232.0,1465786.0,1082343.86,1462438.82,1130526.375,1453740.55,902487.0,1462438.82,1130526.38,1453740.55,Borreliella garinii,200,8,insufficient_data,1063594.125,141584.5138039799,1074960.5,904883.0,1204116.75,299233.75,902487.0,1229416.0,902497.57,1229072.615,902539.85,1227699.075,0.8,1.0673004201210754e-05,225172.5
Brachyspira hyodysenteriae,qualibact-v1.0,N50,non-normal,175884.693877551,138270.5139442842,149400.0,60012.5,250725.5,190713.0,10467.0,564511.0,11271.46,558084.81,15071.750000000002,453158.79999999976,11271.46,558084.81,15071.75,453158.8,Brachyspira hyodysenteriae,147,0,,,,,,,,,,,,,,,,
Brachyspira hyodysenteriae,qualibact-v1.0,number,non-normal,127.93197278911565,93.05120087641791,101.0,62.5,170.5,108.0,26.0,466.0,27.46,454.32000000000016,28.0,383.09999999999997,27.46,454.32,28.0,383.1,Brachyspira hyodysenteriae,147,0,,,,,,,,,,,,,,,,
Brachyspira hyodysenteriae,qualibact-v1.0,longest,non-normal,415394.4149659864,270529.68414828717,382004.0,172648.5,604684.0,432035.5,44438.0,1326454.0,47344.13,1223654.6700000013,50334.05,964981.2499999998,47344.13,1223654.67,50334.05,964981.25,Brachyspira hyodysenteriae,147,0,,,,,,,,,,,,,,,,
Brachyspira hyodysenteriae,qualibact-v1.0,GC_Content,non-normal,27.06814217687075,0.07336286287818256,27.0447,27.02145,27.079700000000003,0.05825000000000102,26.9829,27.4165,26.984506,27.401243,26.99531,27.249085,26.982,27.4012,26.9953,27.2491,Brachyspira hyodysenteriae,147,15,normal,27.024333333333335,0.0343123236688452,27.0217,26.99595,27.038800000000002,0.04285000000000139,26.982,27.1045,26.982077,27.102953000000003,26.982385,27.096765,0.3510204081632653,0.052729139728562545,0.04380884353741505
Brachyspira hyodysenteriae,qualibact-v1.0,Completeness_Specific,non-normal,100.0,0.0,100.0,100.0,100.0,0.0,100.0,100.0,100.0,100.0,100.0,100.0,93.89,100.0,100.0,100.0,Brachyspira hyodysenteriae,147,15,normal,95.988,1.3041482533311421,96.63,94.525,96.9,2.375,93.89,97.93,93.9166,97.902,94.023,97.79,1.0,3.673555821863129e-21,4.0120000000000005
Brachyspira hyodysenteriae,qualibact-v1.0,Contamination,non-normal,0.5857823129251701,0.09702321182451967,0.56,0.52,0.635,0.11499999999999999,0.36,0.95,0.36,0.9135000000000005,0.44,0.7935,0.31,1.45,0.44,0.79,Brachyspira hyodysenteriae,147,15,normal,1.0293333333333332,0.3629227037385356,1.12,0.81,1.335,0.5249999999999999,0.31,1.45,0.3149,1.4458,0.3345,1.429,0.726530612244898,1.0413207100722146e-07,0.4731020408163265
Brachyspira hyodysenteriae,qualibact-v1.0,Total_Coding_Sequences,non-normal,2773.6530612244896,93.74176811469026,2790.0,2721.0,2836.5,115.5,2594.0,2973.0,2595.46,2960.59,2598.3,2932.05,2595.46,2987.0,2598.3,2932.05,Brachyspira hyodysenteriae,147,15,non-normal,2683.733333333333,85.0916891097806,2651.0,2643.0,2698.5,55.5,2635.0,2987.0,2635.14,2967.47,2635.7,2889.35,0.7020408163265306,3.883610533970343e-07,102.73877551020408
Brachyspira hyodysenteriae,qualibact-v1.0,Genome_Size,non-normal,3088846.680272109,44994.011258942926,3100179.0,3052460.0,3121019.0,68559.0,2987185.0,3179029.0,2988879.33,3166779.6,3004539.0,3156666.95,2988879.33,3277544.0,3004539.0,3156666.95,Brachyspira hyodysenteriae,147,15,non-normal,3063878.6666666665,60018.10424826459,3040140.0,3036542.5,3074125.5,37583.0,3022298.0,3277544.0,3023162.5,3264077.26,3026620.5,3210210.3000000003,0.5115646258503401,0.0008230905196977635,46068.163265306124
Bradyrhizobium diazoefficiens,qualibact-v1.0,N50,non-normal,322925.39837398374,99757.24743879453,338915.0,255295.5,413567.0,158271.5,46933.0,620680.0,55670.64,524908.17,73292.25,447919.0,55670.64,524908.17,73292.25,447919.0,Bradyrhizobium diazoefficiens,123,0,,,,,,,,,,,,,,,,
Bradyrhizobium diazoefficiens,qualibact-v1.0,number,non-normal,200.22764227642276,51.767587719958314,200.0,171.0,228.0,57.0,77.0,376.0,77.0,360.14,77.05,316.8,77.0,360.14,77.05,316.8,Bradyrhizobium diazoefficiens,123,0,,,,,,,,,,,,,,,,
Bradyrhizobium diazoefficiens,qualibact-v1.0,longest,non-normal,912181.0406504065,263464.4919698849,944799.0,831286.0,965536.5,134250.5,178951.0,1762888.0,185639.04,1743347.87,229358.45,1457830.2500000005,185639.04,1743347.87,229358.45,1457830.25,Bradyrhizobium diazoefficiens,123,0,,,,,,,,,,,,,,,,
Bradyrhizobium diazoefficiens,qualibact-v1.0,GC_Content,non-normal,64.04630894308944,0.07227049686261448,64.0733,63.9856,64.09335,0.1077500000000029,63.8501,64.1666,63.8684,64.160134,63.888425,64.14979,63.3646,64.1601,63.8884,64.1498,Bradyrhizobium diazoefficiens,123,116,non-normal,63.94057500000001,0.08743656703182198,63.9557,63.89645,63.98845,0.09199999999999875,63.3646,64.1446,63.571197500000004,64.119415,63.7792,64.06451249999999,0.5794785534062237,4.0889402419416457e-19,0.10573394308943078
Bradyrhizobium diazoefficiens,qualibact-v1.0,Completeness_Specific,non-normal,99.99983739837398,0.0012647438362692687,100.0,100.0,100.0,0.0,99.99,100.0,99.99,100.0,100.0,100.0,97.54,100.0,100.0,100.0,Bradyrhizobium diazoefficiens,123,116,non-normal,99.44370689655172,0.4871690391548473,99.575,99.15,99.8,0.6499999999999915,97.54,99.99,97.5745,99.99,98.44,99.99,0.983739837398374,3.415851366305037e-67,0.5561305018222611
Bradyrhizobium diazoefficiens,qualibact-v1.0,Contamination,non-normal,0.2779674796747968,0.10338152049484868,0.29,0.23,0.31,0.07999999999999999,0.08,0.94,0.08,0.7204000000000002,0.11,0.47,0.04,1.34,0.11,0.47,Bradyrhizobium diazoefficiens,123,115,non-normal,0.677913043478261,0.19296990372312245,0.59,0.59,0.74,0.15000000000000002,0.04,1.34,0.1882,1.2544999999999988,0.3,1.19,0.9310003534817957,2.2562743421260996e-56,0.4006412159773771
Bradyrhizobium diazoefficiens,qualibact-v1.0,Total_Coding_Sequences,non-normal,8326.333333333334,458.0814651634437,8391.0,8341.0,8491.0,150.0,6634.0,8858.0,6634.0,8833.6,6665.05,8780.95,6634.0,9305.0,6665.05,8780.95,Bradyrhizobium diazoefficiens,123,116,non-normal,8713.422413793103,227.45686028503363,8712.0,8601.5,8839.5,238.0,7275.0,9305.0,7475.675,9215.3,8459.375,9041.25,0.7755817213344547,3.950886840026429e-36,387.08908045977023
Bradyrhizobium diazoefficiens,qualibact-v1.0,Genome_Size,non-normal,8834140.723577235,459939.0098196442,8894217.0,8856192.5,9020927.0,164734.5,7132481.0,9428812.0,7134258.54,9371680.01,7148656.35,9285944.55,7134258.54,9796986.0,7148656.35,9285944.55,Bradyrhizobium diazoefficiens,123,116,non-normal,9217600.637931034,231999.40600590565,9191462.0,9137814.25,9320161.0,182346.75,7668734.0,9796986.0,7908141.575,9704649.625,8984585.75,9576809.875,0.825834034202411,6.484087927444421e-42,383459.9143537987
Brucella melitensis,qualibact-v1.0,N50,non-normal,281824.7239657632,78833.76425259722,259943.0,249452.0,333818.5,84366.5,62017.0,534185.0,83581.195,531416.0,122395.0,462114.875,83581.2,531416.0,122395.0,462114.88,Brucella melitensis,2804,0,,,,,,,,,,,,,,,,
Brucella melitensis,qualibact-v1.0,number,non-normal,34.421184022824534,9.307084367592216,33.0,29.0,37.0,8.0,17.0,87.0,21.0,79.0,23.0,63.0,21.0,79.0,23.0,63.0,Brucella melitensis,2804,0,,,,,,,,,,,,,,,,
Brucella melitensis,qualibact-v1.0,longest,non-normal,538708.6911554922,120969.36539011053,518896.0,497893.5,601025.25,103131.75,175597.0,1130860.0,230908.085,1101508.1300000001,300758.975,884498.0,230908.08,1101508.13,300758.97,884498.0,Brucella melitensis,2804,0,,,,,,,,,,,,,,,,
Brucella melitensis,qualibact-v1.0,GC_Content,non-normal,57.24352414407989,0.0113263354927326,57.2416,57.2391,57.2449,0.0058000000000006935,57.1611,57.308,57.213236,57.2837,57.221415,57.2736,57.2132,57.2837,57.2214,57.2736,Brucella melitensis,2804,77,non-normal,57.22201298701299,0.005514546304808661,57.2205,57.2193,57.2243,0.005000000000002558,57.2132,57.2512,57.213352,57.247893999999995,57.2154,57.2398,0.9157465216666358,1.2138683594709688e-78,0.02161472340070735
Brucella melitensis,qualibact-v1.0,Completeness_Specific,non-normal,99.99949358059915,0.002192654418507589,100.0,100.0,100.0,0.0,99.99,100.0,99.99,100.0,99.99,100.0,95.6,100.0,99.99,100.0,Brucella melitensis,2804,77,non-normal,98.14194805194805,0.47461820325377546,98.26,98.01,98.4,0.39000000000000057,95.6,98.56,95.9078,98.56,96.959,98.56,1.0,3.335414561673717e-153,1.8575455286510905
Brucella melitensis,qualibact-v1.0,Contamination,non-normal,0.33931526390870187,0.18456747188648387,0.34,0.17,0.52,0.35,0.01,1.73,0.06,0.66,0.07,0.58,0.06,0.89,0.07,0.58,Brucella melitensis,2804,77,non-normal,0.5703896103896103,0.06495636014452186,0.58,0.58,0.58,0.0,0.34,0.89,0.34,0.8444000000000006,0.394,0.6529999999999992,0.7121134927839635,1.0987130216584449e-38,0.23214424662356187
Brucella melitensis,qualibact-v1.0,Total_Coding_Sequences,non-normal,3136.0941512125537,19.70844138789379,3141.0,3126.0,3150.0,24.0,3058.0,3197.0,3068.0,3169.985,3082.075,3162.9249999999997,3068.0,3252.0,3082.08,3162.92,Brucella melitensis,2804,77,non-normal,3239.6233766233768,8.33244162317441,3242.0,3235.0,3246.0,11.0,3211.0,3252.0,3212.14,3252.0,3215.8,3250.2,1.0,3.335414561673717e-153,103.52922541082313
Brucella melitensis,qualibact-v1.0,Genome_Size,non-normal,3282005.293865906,14110.4216220854,3289336.5,3266855.5,3291823.25,24967.75,3241737.0,3333801.0,3245859.6,3308696.33,3256515.075,3303475.425,3245859.6,3317103.0,3256515.08,3303475.42,Brucella melitensis,2804,77,non-normal,3303813.2467532465,9355.778046811005,3309874.0,3295085.0,3311860.0,16775.0,3266249.0,3317103.0,3274830.54,3316382.14,3293910.7,3313663.4,0.8576152805824703,7.983860972965637e-63,21831.15188876744
Burkholderia cenocepacia,qualibact-v1.0,N50,non-normal,142492.42116182574,84917.2257430937,115558.0,86342.0,177118.25,90776.25,18207.0,451724.0,23141.74,405057.0,33647.2,363714.0,23141.74,405057.0,33647.2,363714.0,Burkholderia cenocepacia,482,0,,,,,,,,,,,,,,,,
Burkholderia cenocepacia,qualibact-v1.0,number,non-normal,211.12033195020746,112.81346389684315,192.0,148.0,244.0,96.0,58.0,966.0,71.62,726.1899999999999,85.0,546.9749999999999,71.62,726.19,85.0,546.97,Burkholderia cenocepacia,482,0,,,,,,,,,,,,,,,,
Burkholderia cenocepacia,qualibact-v1.0,longest,non-normal,410692.77593361,212155.96523041773,339980.0,261219.0,529156.75,267937.75,78570.0,1363519.0,94233.905,1069487.88,144769.225,913324.0,94233.9,1069487.88,144769.22,913324.0,Burkholderia cenocepacia,482,0,,,,,,,,,,,,,,,,
Burkholderia cenocepacia,qualibact-v1.0,GC_Content,non-normal,67.12989999999999,0.18857839922854788,67.09944999999999,67.028025,67.24822499999999,0.2201999999999913,66.3479,67.5664,66.387591,67.54168800000001,66.6248425,67.48351249999999,66.3876,67.5417,66.6248,67.4835,Burkholderia cenocepacia,482,25,normal,67.012868,0.2224638626294157,66.9916,66.8605,67.2096,0.34909999999999286,66.5322,67.3831,66.553008,67.3831,66.63624,67.3831,0.41327800829875516,0.0003470390130499468,0.12102398340249004
Burkholderia cenocepacia,qualibact-v1.0,Completeness_Specific,non-normal,99.99991701244814,0.0009071871829496528,100.0,100.0,100.0,0.0,99.99,100.0,99.99,100.0,100.0,100.0,92.44,100.0,100.0,100.0,Burkholderia cenocepacia,482,25,non-normal,97.60240000000002,1.6818068378978603,98.12,97.05,98.55,1.5,92.44,99.34,92.5252,99.3064,92.866,99.172,1.0,1.3418315933394208e-42,2.397517012448132
Burkholderia cenocepacia,qualibact-v1.0,Contamination,non-normal,0.6129045643153526,0.6224495407067588,0.34,0.14,0.85,0.71,0.0,3.47,0.0,2.3618999999999994,0.0,2.05,0.0,4.88,0.0,2.05,Burkholderia cenocepacia,482,25,normal,2.0092000000000003,1.1043800795016179,1.78,1.17,2.62,1.4500000000000002,0.67,4.88,0.6796,4.773199999999999,0.718,4.345999999999999,0.6897095435684647,1.0749010601067683e-11,1.3962954356846475
Burkholderia cenocepacia,qualibact-v1.0,Total_Coding_Sequences,non-normal,7159.831950207469,289.4817639788035,7170.0,6961.25,7333.0,371.75,5965.0,8093.0,6102.39,8005.785,6658.025,7753.374999999999,6102.39,8115.0,6658.02,7753.37,Burkholderia cenocepacia,482,25,normal,7178.4,340.74060515295207,7106.0,6978.0,7426.0,448.0,6485.0,8115.0,6512.12,8065.08,6620.6,7865.4,0.1691286307053942,0.45324828994457583,80.66448132780086
Burkholderia cenocepacia,qualibact-v1.0,Genome_Size,non-normal,7827428.56846473,279603.1811613898,7840715.0,7640840.75,8013964.0,373123.25,6517182.0,8700966.0,6654975.55,8696069.68,7408386.75,8339521.5,6654975.55,8731481.0,7408386.75,8339521.5,Burkholderia cenocepacia,482,25,normal,7826737.72,338066.2059886519,7741920.0,7650863.0,8055782.0,404919.0,7067048.0,8731481.0,7104685.4,8676171.44,7255235.0,8454933.2,0.1584232365145228,0.5355805048015582,83583.31037344401
Burkholderia cepacia,qualibact-v1.0,N50,non-normal,287684.10980392154,118373.33928465357,268880.0,210307.0,380256.5,169949.5,62688.0,677353.0,78993.84,664593.86,94498.85,535190.8,78993.84,664593.86,94498.85,535190.8,Burkholderia cepacia,255,0,,,,,,,,,,,,,,,,
Burkholderia cepacia,qualibact-v1.0,number,non-normal,128.92549019607844,48.2039614478884,116.0,101.0,152.5,51.5,46.0,446.0,51.08,347.61999999999904,64.05,246.55000000000004,51.08,347.62,64.05,246.55,Burkholderia cepacia,255,0,,,,,,,,,,,,,,,,
Burkholderia cepacia,qualibact-v1.0,longest,non-normal,777854.462745098,286898.7114685585,762826.0,566459.5,979872.0,413412.5,218325.0,1742183.0,253743.81,1616765.07,318198.60000000003,1446104.0,253743.81,1616765.07,318198.6,1446104.0,Burkholderia cepacia,255,0,,,,,,,,,,,,,,,,
Burkholderia cepacia,qualibact-v1.0,GC_Content,non-normal,66.53799058823529,0.2694158013722761,66.5499,66.2808,66.7488,0.4680000000000035,65.8481,67.186,65.862349,67.028533,65.915545,66.957345,65.8623,67.0285,65.9155,66.9573,Burkholderia cepacia,255,26,normal,66.65150384615384,0.13965407119232834,66.65625,66.593775,66.73685,0.14307500000001028,66.3859,66.9023,66.38876250000001,66.8985,66.40021250000001,66.88329999999999,0.344947209653092,0.0051785506932220705,0.13314469079939725
Burkholderia cepacia,qualibact-v1.0,Completeness_Specific,non-normal,99.99988235294119,0.0010782531046960432,100.0,100.0,100.0,0.0,99.99,100.0,99.99,100.0,100.0,100.0,94.42,100.0,100.0,100.0,Burkholderia cepacia,255,26,non-normal,98.99499999999998,1.1923482003044366,99.345,98.9025,99.63,0.727499999999992,94.42,99.97,94.7125,99.97,95.88250000000001,99.97,1.0,5.73463434649121e-37,1.0048823529411774
Burkholderia cepacia,qualibact-v1.0,Contamination,non-normal,0.5183921568627451,0.6713411826097793,0.15,0.04,0.75,0.71,0.0,2.06,0.0,1.9772999999999998,0.0,1.95,0.0,4.35,0.0,1.95,Burkholderia cepacia,255,26,normal,2.117692307692308,0.8017639576502439,2.0549999999999997,1.46,2.63,1.17,0.64,4.35,0.6900000000000001,4.2225,0.89,3.7125,0.7497737556561086,6.207811568333621e-14,1.5993001508295626
Burkholderia cepacia,qualibact-v1.0,Total_Coding_Sequences,non-normal,7911.2,465.5191106205428,7871.0,7598.0,8092.0,494.0,6388.0,8774.0,6433.89,8770.19,6684.6,8664.65,5979.0,8770.19,6684.6,8664.65,Burkholderia cepacia,255,26,non-normal,7650.346153846154,474.10676680612875,7778.5,7543.0,7910.5,367.5,5979.0,8197.0,6063.0,8183.875,6399.0,8131.375,0.23906485671191555,0.11255884451457403,261.3087481146304
Burkholderia cepacia,qualibact-v1.0,Genome_Size,non-normal,8674872.80392157,460148.12233181065,8686477.0,8412965.0,8882365.0,469400.0,7064515.0,9455608.0,7095302.07,9452125.95,7379469.05,9378468.200000001,6467321.0,9452125.95,7379469.05,9378468.2,Burkholderia cepacia,255,26,non-normal,8339570.730769231,499235.20319180813,8501005.0,8276046.0,8573255.25,297209.25,6467321.0,8970404.0,6576078.625,8943021.25,7011109.125,8833490.25,0.3951734539969834,0.0007864571761349054,335302.073152338
Burkholderia contaminans,qualibact-v1.0,N50,non-normal,223698.91457286433,125779.08709918857,216870.0,147172.5,260876.5,113704.0,24903.0,683163.0,27782.91,634732.1999999996,34584.55,568530.9499999995,27782.91,634732.2,34584.55,568530.95,Burkholderia contaminans,199,0,,,,,,,,,,,,,,,,
Burkholderia contaminans,qualibact-v1.0,number,non-normal,164.89447236180905,116.89450606138281,119.0,104.0,161.0,57.0,38.0,647.0,50.87,628.1899999999998,54.95,517.6499999999987,50.87,628.19,54.95,517.65,Burkholderia contaminans,199,0,,,,,,,,,,,,,,,,
Burkholderia contaminans,qualibact-v1.0,longest,non-normal,746615.2713567839,408033.9612687898,699421.0,428680.5,986324.5,557644.0,77555.0,2075107.0,109629.02,1780049.3799999973,155049.35,1543242.5499999998,109629.02,1780049.38,155049.35,1543242.55,Burkholderia contaminans,199,0,,,,,,,,,,,,,,,,
Burkholderia contaminans,qualibact-v1.0,GC_Content,non-normal,66.54236834170854,0.9331169433153998,66.3555,66.22915,66.5778,0.34864999999999213,65.7203,72.1625,65.759207,72.012416,65.79988499999999,69.965785,65.7592,72.0124,65.7999,69.9658,Burkholderia contaminans,199,23,normal,66.38225217391305,0.2789172354559779,66.3758,66.2414,66.48405,0.2426499999999976,65.7991,66.8306,65.811145,66.82830100000001,65.859325,66.81910500000001,0.1479134804457068,0.6989052991818945,0.24341142669870894
Burkholderia contaminans,qualibact-v1.0,Completeness_Specific,non-normal,99.99849246231156,0.012983897776658404,100.0,100.0,100.0,0.0,99.83,100.0,99.9389,100.0,99.99,100.0,93.76,100.0,99.99,100.0,Burkholderia contaminans,199,23,non-normal,98.98652173913044,1.744505931540383,99.83,98.755,100.0,1.2450000000000045,93.76,100.0,93.7842,100.0,93.881,100.0,0.5551671400480664,1.7660601738729295e-06,1.0119707231811217
Burkholderia contaminans,qualibact-v1.0,Contamination,non-normal,0.7166331658291456,0.6094253171566514,0.62,0.135,1.14,1.005,0.0,2.97,0.0,2.623499999999997,0.03,2.2314999999999965,0.0,2.62,0.03,2.23,Burkholderia contaminans,199,22,non-normal,0.2936363636363637,0.1981630516552526,0.33499999999999996,0.09,0.51,0.42000000000000004,0.09,0.56,0.09,0.56,0.09,0.56,0.5326633165829145,8.74086856869413e-06,0.437067153951576
Burkholderia contaminans,qualibact-v1.0,Total_Coding_Sequences,non-normal,7750.633165829146,471.2128487740721,7783.0,7473.0,7938.0,465.0,5984.0,9265.0,6377.03,9028.389999999998,6633.45,8653.249999999998,6377.03,9028.39,6633.45,8653.25,Burkholderia contaminans,199,23,normal,7729.565217391304,471.30372613467745,7760.0,7481.0,7950.5,469.5,6446.0,8727.0,6502.98,8709.07,6730.9,8637.35,0.14594712693904305,0.7147843864383372,61.01507537688444
Burkholderia contaminans,qualibact-v1.0,Genome_Size,non-normal,8516865.306532664,487917.8699068046,8517085.0,8231504.5,8751128.5,519624.0,6214526.0,10051538.0,7053374.78,9832642.069999998,7300107.6,9334670.0,7026270.0,9832642.07,7300107.6,9334670.0,Burkholderia contaminans,199,23,normal,8449342.391304348,499440.64909114677,8481745.0,8152250.5,8683995.5,531745.0,7026270.0,9436857.0,7090835.49,9419683.69,7349097.45,9350990.45,0.18702206685601921,0.4104785053671695,92382.50273104655
Burkholderia dolosa,qualibact-v1.0,N50,non-normal,122347.45796737766,75989.67323261629,100858.0,49861.0,211708.0,161847.0,16990.0,287290.0,19400.04,225676.0,23756.4,225676.0,19400.04,225676.0,23756.4,225676.0,Burkholderia dolosa,797,0,,,,,,,,,,,,,,,,
Burkholderia dolosa,qualibact-v1.0,number,non-normal,232.53074027603512,147.35479634576518,180.0,113.0,315.0,202.0,74.0,776.0,76.96,698.5399999999995,84.80000000000001,608.1,76.96,698.54,84.8,608.1,Burkholderia dolosa,797,0,,,,,,,,,,,,,,,,
Burkholderia dolosa,qualibact-v1.0,longest,non-normal,348393.99874529487,166864.5416758947,281653.0,191572.0,521526.0,329954.0,84471.0,581739.0,90383.74,581183.0,118889.3,581159.0,90383.74,581183.0,118889.3,581159.0,Burkholderia dolosa,797,0,,,,,,,,,,,,,,,,
Burkholderia dolosa,qualibact-v1.0,GC_Content,non-normal,67.07263626097867,0.020635447874490905,67.074,67.0608,67.0853,0.024500000000003297,66.9914,67.1133,67.00557,67.11250199999999,67.02708,67.111,66.9313,67.1125,67.0271,67.111,Burkholderia dolosa,797,6,insufficient_data,66.99291666666666,0.027867508958563637,67.0069,66.998675,67.008,0.009324999999989814,66.9313,67.0081,66.932925,67.0080975,66.939425,67.0080875,0.9937264742785445,2.52838019815108e-12,0.07971959431200634
Burkholderia dolosa,qualibact-v1.0,Completeness_Specific,non-normal,100.0,0.0,100.0,100.0,100.0,0.0,100.0,100.0,100.0,100.0,100.0,100.0,100.0,100.0,100.0,100.0,Burkholderia dolosa,797,6,insufficient_data,100.0,0.0,100.0,100.0,100.0,0.0,100.0,100.0,100.0,100.0,100.0,100.0,0.0,1.0,0.0
Burkholderia dolosa,qualibact-v1.0,Contamination,non-normal,0.6739523212045169,0.27830741825671823,0.57,0.56,0.75,0.18999999999999995,0.47,2.27,0.48,2.1102,0.519,1.8520000000000005,0.14,2.11,0.52,1.85,Burkholderia dolosa,797,5,insufficient_data,0.14,0.0,0.14,0.14,0.14,0.0,0.14,0.14,0.14,0.14,0.14,0.14,1.0,7.324275970834494e-13,0.5339523212045169
Burkholderia dolosa,qualibact-v1.0,Total_Coding_Sequences,non-normal,5732.568381430364,112.03494437840399,5707.0,5664.0,5801.0,137.0,5560.0,6130.0,5563.98,6073.08,5571.0,6000.1,5563.98,6073.08,5571.0,6000.1,Burkholderia dolosa,797,6,insufficient_data,5795.166666666667,73.08765665661717,5811.0,5810.25,5811.75,1.5,5643.0,5884.0,5647.175,5882.2,5663.875,5875.0,0.6062317022166458,0.012562855707553805,80.36658301965704
Burkholderia dolosa,qualibact-v1.0,Genome_Size,non-normal,6327136.239648683,27597.21158184524,6341028.0,6292852.0,6348895.0,56043.0,6225958.0,6383992.0,6258785.78,6360157.58,6271195.2,6354175.7,6195642.0,6506221.0,6271195.2,6354175.7,Burkholderia dolosa,797,6,insufficient_data,6390102.0,93841.01195816962,6409099.0,6409095.5,6410867.25,1771.75,6195642.0,6506221.0,6200978.325,6503851.875,6222323.625,6494375.375,0.8333333333333334,4.702152518315133e-05,91226.98327059805
Burkholderia gladioli,qualibact-v1.0,N50,non-normal,262241.6259259259,73643.87466995821,274479.5,223556.25,305200.0,81643.75,48783.0,494247.0,58206.055,450869.7099999993,75417.75,397364.69999999966,58206.06,450869.71,75417.75,397364.7,Burkholderia gladioli,270,0,,,,,,,,,,,,,,,,
Burkholderia gladioli,qualibact-v1.0,number,non-normal,147.90740740740742,55.20851669353819,134.0,108.0,174.75,66.75,61.0,421.0,63.38,388.50499999999806,81.0,292.2999999999997,63.38,388.5,81.0,292.3,Burkholderia gladioli,270,0,,,,,,,,,,,,,,,,
Burkholderia gladioli,qualibact-v1.0,longest,normal,734848.5481481481,208248.51651000555,733691.5,605187.75,907879.5,302691.75,180448.0,1276813.0,203484.11,1209208.0899999999,268411.2,1120687.074999999,203484.11,1209208.09,268411.2,1120687.07,Burkholderia gladioli,270,0,,,,,,,,,,,,,,,,
Burkholderia gladioli,qualibact-v1.0,GC_Content,normal,68.07357518518518,0.13135953973930226,68.0711,67.995375,68.17649999999999,0.18112499999999443,67.6798,68.3315,67.7128305,68.3083585,67.8033275,68.2922825,67.3975,68.3084,67.8033,68.2923,Burkholderia gladioli,270,27,normal,67.89898148148148,0.2168603989206604,67.9351,67.8303,68.03375,0.20345000000000368,67.3975,68.2628,67.410682,68.258926,67.46341,68.24343,0.45555555555555555,3.98842321452182e-05,0.17459370370370417
Burkholderia gladioli,qualibact-v1.0,Completeness_Specific,non-normal,100.0,0.0,100.0,100.0,100.0,0.0,100.0,100.0,100.0,100.0,100.0,100.0,91.1,100.0,100.0,100.0,Burkholderia gladioli,270,27,non-normal,99.13999999999999,1.9313514746204328,99.86,99.36500000000001,99.86,0.49499999999999034,91.1,100.0,91.4887,100.0,93.0435,100.0,0.8148148148148148,1.1255342693805336e-17,0.8599999999999999
Burkholderia gladioli,qualibact-v1.0,Contamination,normal,2.6976666666666667,0.6763086902032566,2.72,2.205,3.21,1.005,0.88,4.36,1.0814,4.178249999999996,1.2945,3.8754999999999997,1.08,4.18,1.29,3.88,Burkholderia gladioli,270,27,normal,2.288148148148148,0.266403161990981,2.27,2.05,2.47,0.4200000000000004,1.96,3.04,1.9626,2.9932000000000003,1.973,2.805999999999999,0.5037037037037037,3.180730079069396e-06,0.5195925925925926
Burkholderia gladioli,qualibact-v1.0,Total_Coding_Sequences,normal,7142.3592592592595,221.39119183398765,7153.5,6978.5,7305.5,327.0,6294.0,7747.0,6666.835,7615.62,6756.9,7530.0,6666.84,8037.0,6756.9,7530.0,Burkholderia gladioli,270,27,normal,7447.962962962963,266.6993704226042,7431.0,7273.0,7551.5,278.5,6941.0,8037.0,6960.37,8024.39,7037.85,7973.95,0.5259259259259259,8.883302169142543e-07,305.60370370370373
Burkholderia gladioli,qualibact-v1.0,Genome_Size,non-normal,8274313.607407408,223841.24007048013,8295352.5,8125053.5,8441692.5,316639.0,7299729.0,8889699.0,7699784.33,8774562.98,7863181.65,8695275.1,7699784.33,9052299.0,7863181.65,8695275.1,Burkholderia gladioli,270,27,normal,8471364.111111112,270188.21742963267,8423203.0,8231537.5,8633871.0,402333.5,8039389.0,9052299.0,8050350.86,9032429.8,8094198.3,8952953.0,0.34074074074074073,0.005075617364399494,197050.5037037037
Burkholderia mallei,qualibact-v1.0,N50,non-normal,127575.10935302392,45802.893343592514,124632.5,95897.75,161257.5,65359.75,21366.0,293728.0,26154.85,244486.25999999943,36440.75,215686.125,26154.85,244486.26,36440.75,215686.12,Burkholderia mallei,5688,0,,,,,,,,,,,,,,,,
Burkholderia mallei,qualibact-v1.0,number,non-normal,215.75931786216597,77.6199329550068,197.0,177.0,224.0,47.0,108.0,845.0,128.435,616.5649999999996,141.0,473.0,128.44,616.56,141.0,473.0,Burkholderia mallei,5688,0,,,,,,,,,,,,,,,,
Burkholderia mallei,qualibact-v1.0,longest,non-normal,385616.90330520394,149953.8904598445,366724.0,272133.25,481782.0,209648.75,94738.0,1068534.0,108972.435,828259.1649999979,141432.35,727437.825,108972.44,828259.16,141432.35,727437.82,Burkholderia mallei,5688,0,,,,,,,,,,,,,,,,
Burkholderia mallei,qualibact-v1.0,GC_Content,non-normal,68.1643531997187,0.09074144493018486,68.17185,68.1128,68.2336,0.12080000000000268,67.7561,68.3691,67.893474,68.328139,67.9544,68.3051,67.8935,68.5138,67.9544,68.3051,Burkholderia mallei,5688,35,non-normal,68.46088857142855,0.03668640675803914,68.4684,68.44335000000001,68.4856,0.04224999999999568,68.3479,68.5138,68.355907,68.511641,68.387935,68.503005,0.9977144866385372,1.3460786040601501e-80,0.29653537170986516
Burkholderia mallei,qualibact-v1.0,Completeness_Specific,non-normal,99.9999929676512,0.0002650925010545767,100.0,100.0,100.0,0.0,99.99,100.0,100.0,100.0,100.0,100.0,94.02,100.0,100.0,100.0,Burkholderia mallei,5688,35,normal,96.87314285714285,1.003333789861356,97.17,96.405,97.655,1.25,94.02,98.09,94.15429999999999,98.09,94.6915,98.09,1.0,6.977094380797097e-92,3.126850110508338
Burkholderia mallei,qualibact-v1.0,Contamination,non-normal,1.5183597046413502,0.3811296952388785,1.46,1.3,1.65,0.34999999999999987,0.31,3.94,0.5343500000000001,3.22,0.87,2.44,0.53,5.37,0.87,2.44,Burkholderia mallei,5688,35,non-normal,1.5645714285714287,1.572854262356257,0.71,0.71,1.135,0.42500000000000004,0.71,5.37,0.71,5.3513,0.71,5.2764999999999995,0.6978501105083383,1.8260817038308907e-17,0.994864828209765
Burkholderia mallei,qualibact-v1.0,Total_Coding_Sequences,non-normal,6002.980836849508,112.0070438305293,5985.0,5929.0,6058.0,129.0,5530.0,6587.0,5797.435,6391.694999999999,5834.0,6287.0,4755.0,6391.69,5834.0,6287.0,Burkholderia mallei,5688,35,non-normal,5214.285714285715,113.54686167357673,5242.0,5195.0,5282.5,87.5,4755.0,5363.0,4789.17,5358.24,4925.85,5339.2,1.0,6.977094380797097e-92,788.6951225637935
Burkholderia mallei,qualibact-v1.0,Genome_Size,non-normal,7141733.979606189,86651.45663752369,7137724.5,7083954.75,7189781.75,105827.0,6638137.0,7482594.0,6927613.305,7396386.169999999,6972137.05,7325707.4,5232401.0,7396386.17,6972137.05,7325707.4,Burkholderia mallei,5688,35,non-normal,5727640.057142857,131203.36456529566,5742341.0,5674814.0,5825226.0,150412.0,5232401.0,5913134.0,5262450.37,5906639.32,5382647.85,5880660.6,1.0,6.977094380797097e-92,1414093.9224633318
Burkholderia multivorans,qualibact-v1.0,N50,non-normal,174815.02259887007,116567.64097023977,164135.0,80625.5,236523.5,155898.0,21756.0,653335.0,22984.45,637145.45,31668.25,500475.0,22984.45,637145.45,31668.25,500475.0,Burkholderia multivorans,531,0,,,,,,,,,,,,,,,,
Burkholderia multivorans,qualibact-v1.0,number,non-normal,182.2523540489642,147.96219159099223,129.0,89.0,197.0,108.0,32.0,805.0,42.25,703.35,51.25,614.75,42.25,703.35,51.25,614.75,Burkholderia multivorans,531,0,,,,,,,,,,,,,,,,
Burkholderia multivorans,qualibact-v1.0,longest,non-normal,509405.9604519774,283936.39973074396,470783.0,273854.5,672611.0,398756.5,97071.0,1477193.0,106995.05,1406411.0000000016,133980.25,1170414.5,106995.05,1406411.0,133980.25,1170414.5,Burkholderia multivorans,531,0,,,,,,,,,,,,,,,,
Burkholderia multivorans,qualibact-v1.0,GC_Content,non-normal,67.19155630885123,0.1811958269265691,67.2422,67.08789999999999,67.32645,0.2385500000000036,66.5322,67.4912,66.54269500000001,67.468735,66.77035000000001,67.4417,66.5427,67.4687,66.7704,67.4417,Burkholderia multivorans,531,52,non-normal,67.11148653846155,0.1591163290330095,67.15735000000001,67.05767499999999,67.22252499999999,0.16485000000000127,66.5971,67.3018,66.619795,67.2988165,66.686155,67.2863325,0.3999348109517601,2.4628177301589513e-07,0.08095564609590002
Burkholderia multivorans,qualibact-v1.0,Completeness_Specific,non-normal,99.9932768361582,0.008903997820310199,100.0,99.99,100.0,0.010000000000005116,99.94,100.0,99.9465,100.0,99.97,100.0,96.62,100.0,99.97,100.0,Burkholderia multivorans,531,52,normal,98.04903846153846,0.4903658744533538,98.07,97.75,98.32,0.5699999999999932,96.62,99.33,96.7883,99.33,97.291,99.242,1.0,2.5771148823112415e-75,1.9442383746197294
Burkholderia multivorans,qualibact-v1.0,Contamination,non-normal,0.08073446327683617,0.14969657672595252,0.03,0.0,0.08,0.08,0.0,0.97,0.0,0.7850000000000023,0.0,0.6325000000000001,0.0,3.54,0.0,0.63,Burkholderia multivorans,531,52,non-normal,1.3505769230769231,0.7543244901171727,1.28,0.6925,1.78,1.0875,0.48,3.54,0.49019999999999997,3.448199999999999,0.52,3.0700000000000007,0.9585687382297552,9.403727757233254e-57,1.2698424598000868
Burkholderia multivorans,qualibact-v1.0,Total_Coding_Sequences,non-normal,5883.932203389831,249.3599926807807,5848.0,5683.5,6053.5,370.0,5313.0,6769.0,5371.95,6618.950000000001,5513.5,6462.5,5371.95,6695.0,5513.5,6462.5,Burkholderia multivorans,531,52,non-normal,5940.673076923077,213.36549727871673,5906.5,5761.0,6058.0,297.0,5672.0,6695.0,5678.63,6647.825,5699.1,6509.45,0.2576053889613212,0.002908950268348257,70.67640880776477
Burkholderia multivorans,qualibact-v1.0,Genome_Size,non-normal,6444471.467043314,210104.40509309171,6392729.0,6276731.0,6605282.0,328551.0,5879963.0,7127671.0,6062703.65,7062494.65,6135559.25,6849657.25,6062703.65,7281867.0,6135559.25,6849657.25,Burkholderia multivorans,531,52,non-normal,6500739.673076923,221799.97629020485,6466968.5,6322830.75,6619712.75,296882.0,6213519.0,7281867.0,6220055.925,7212237.464999999,6243025.175,7008758.3,0.1945530928581776,0.04760881972541892,56897.570223091425
Burkholderia orbicola,qualibact-v1.0,N50,non-normal,229847.5726141079,215539.30696368543,174067.0,86055.0,296659.0,210604.0,8123.0,1050135.0,8215.4,1039725.2000000005,10683.0,803754.0,8215.4,1039725.2,10683.0,803754.0,Burkholderia orbicola,241,0,,,,,,,,,,,,,,,,
Burkholderia orbicola,qualibact-v1.0,number,non-normal,273.103734439834,387.24953306288603,123.0,76.0,208.0,132.0,16.0,1837.0,18.0,1794.6000000000013,24.0,1514.0,18.0,1794.6,24.0,1514.0,Burkholderia orbicola,241,0,,,,,,,,,,,,,,,,
Burkholderia orbicola,qualibact-v1.0,longest,non-normal,605036.7095435684,458110.11229112203,472858.0,296899.0,854503.0,557604.0,46182.0,2136780.0,67952.2,2087166.4000000006,81326.0,1887200.0,67952.2,2087166.4,81326.0,1887200.0,Burkholderia orbicola,241,0,,,,,,,,,,,,,,,,
Burkholderia orbicola,qualibact-v1.0,GC_Content,non-normal,66.88370746887966,0.14516380712344473,66.8758,66.7925,66.9896,0.19709999999999184,66.3003,67.1896,66.48488,67.18322,66.5875,67.1352,66.4849,67.1832,66.5875,67.1352,Burkholderia orbicola,241,1,insufficient_data,66.5951,0.0,66.5951,66.5951,66.5951,0.0,66.5951,66.5951,66.5951,66.5951,66.5951,66.5951,0.966804979253112,0.0743801652892562,0.2941286307053916
Burkholderia orbicola,qualibact-v1.0,Completeness_Specific,non-normal,99.99112033195021,0.04642387738643826,100.0,100.0,100.0,0.0,99.42,100.0,99.754,100.0,99.91,100.0,99.75,100.0,99.91,100.0,Burkholderia orbicola,241,1,insufficient_data,100.0,0.0,100.0,100.0,100.0,0.0,100.0,100.0,100.0,100.0,100.0,100.0,0.12863070539419086,1.0,0.008879668049792887
Burkholderia orbicola,qualibact-v1.0,Contamination,non-normal,0.7936099585062241,0.703126271207259,0.5,0.26,1.28,1.02,0.01,3.18,0.01,2.792000000000001,0.02,2.41,0.01,2.79,0.02,2.41,Burkholderia orbicola,241,0,,,,,,,,,,,,,,,,
Burkholderia orbicola,qualibact-v1.0,Total_Coding_Sequences,non-normal,6888.157676348547,386.4947703440686,6818.0,6717.0,6950.0,233.0,5658.0,8066.0,5784.8,8027.6,6252.0,7899.0,5784.8,8027.6,6252.0,7899.0,Burkholderia orbicola,241,1,insufficient_data,7287.0,0.0,7287.0,7287.0,7287.0,0.0,7287.0,7287.0,7287.0,7287.0,7287.0,7287.0,0.8672199170124482,0.2727272727272727,498.18672199170123
Burkholderia orbicola,qualibact-v1.0,Genome_Size,non-normal,7488227.950207469,251411.7976223116,7550737.0,7419167.0,7571016.0,151849.0,6378346.0,8113879.0,6428668.4,8075815.2,6764580.0,7931198.0,6428668.4,8075815.2,6764580.0,7931198.0,Burkholderia orbicola,241,1,insufficient_data,7971389.0,0.0,7971389.0,7971389.0,7971389.0,0.0,7971389.0,7971389.0,7971389.0,7971389.0,7971389.0,7971389.0,0.983402489626556,0.04132231404958678,486143.8298755187
Burkholderia seminalis,REFSEQ-QC-v1,N50,insufficient_data,480970.5,77368.5,480970.5,403602.0,558339.0,154737.0,403602.0,558339.0,403602.0,558339.0,403602.0,558339.0,403602.0,558339.0,403602.0,558339.0,Burkholderia seminalis,4,0,,,,,,,,,,,,,,,,
Burkholderia seminalis,REFSEQ-QC-v1,number,insufficient_data,41.0,7.0,41.0,34.0,48.0,14.0,34.0,48.0,34.0,48.0,34.0,48.0,34.0,48.0,34.0,48.0,Burkholderia seminalis,4,0,,,,,,,,,,,,,,,,
Burkholderia seminalis,REFSEQ-QC-v1,longest,insufficient_data,779677.5,116763.5,779677.5,662914.0,896441.0,233527.0,662914.0,896441.0,662914.0,896441.0,662914.0,896441.0,662914.0,896441.0,662914.0,896441.0,Burkholderia seminalis,4,0,,,,,,,,,,,,,,,,
Burkholderia seminalis,REFSEQ-QC-v1,GC_Content,insufficient_data,67.2106424163281,0.13515708124466497,67.21063913368533,67.07548533516317,67.34579621485028,0.2703108796871163,67.07548533516317,67.34580606277856,67.07548533516317,67.34580586582,67.07548533516317,67.34580507798573,67.0755,67.3458,67.0755,67.3458,Burkholderia seminalis,4,4,insufficient_data,67.16409999999999,0.1336999999999975,67.16409999999999,67.0304,67.2978,0.267399999999995,67.0304,67.2978,67.0304,67.2978,67.0304,67.2978,0.5,0.7714285714285716,0.04654241632810496
Burkholderia seminalis,REFSEQ-QC-v1,Completeness_Specific,insufficient_data,100.0,0.0,100.0,100.0,100.0,0.0,100.0,100.0,100.0,100.0,100.0,100.0,100.0,100.0,100.0,100.0,Burkholderia seminalis,4,4,insufficient_data,99.86,0.030000000000001137,99.86,99.83,99.89,0.060000000000002274,99.83,99.89,99.83,99.89,99.83,99.89,1.0,0.028571428571428577,0.14000000000000057
Burkholderia seminalis,REFSEQ-QC-v1,Contamination,insufficient_data,0.015,0.005,0.015,0.01,0.02,0.01,0.01,0.02,0.01,0.02,0.01,0.02,0.01,0.02,0.01,0.02,Burkholderia seminalis,4,2,insufficient_data,0.03,0.0,0.03,0.03,0.03,0.0,0.03,0.03,0.03,0.03,0.03,0.03,1.0,0.13333333333333333,0.015
Burkholderia seminalis,REFSEQ-QC-v1,Total_Coding_Sequences,insufficient_data,6989.5,163.5,6989.5,6826.0,7153.0,327.0,6826.0,7153.0,6826.0,7153.0,6826.0,7153.0,6826.0,7153.0,6826.0,7153.0,Burkholderia seminalis,4,4,insufficient_data,7084.75,199.4020749641287,7115.5,6931.0,7269.25,338.25,6817.0,7291.0,6819.28,7290.565,6828.4,7288.825,0.5,0.7714285714285716,99.75
Burkholderia seminalis,REFSEQ-QC-v1,Genome_Size,insufficient_data,7799530.5,183715.5,7799530.5,7615815.0,7983246.0,367431.0,7615815.0,7983246.0,7615815.0,7983246.0,7615815.0,7983246.0,7615815.0,7983246.0,7615815.0,7983246.0,Burkholderia seminalis,4,4,insufficient_data,7835640.0,186696.0,7835640.0,7648944.0,8022336.0,373392.0,7648944.0,8022336.0,7648944.0,8022336.0,7648944.0,8022336.0,0.5,0.7714285714285716,36109.5
Burkholderia stagnalis,qualibact-v1.0,N50,non-normal,208557.37078651684,42563.48234844704,203199.0,187806.0,228071.0,40265.0,125591.0,369223.0,129110.56,356798.7200000001,153069.4,333420.99999999994,129110.56,356798.72,153069.4,333421.0,Burkholderia stagnalis,89,0,,,,,,,,,,,,,,,,
Burkholderia stagnalis,qualibact-v1.0,number,non-normal,137.08988764044943,31.785672855294095,129.0,119.0,148.0,29.0,85.0,242.0,87.64,231.00000000000006,94.6,214.39999999999998,87.64,231.0,94.6,214.4,Burkholderia stagnalis,89,0,,,,,,,,,,,,,,,,
Burkholderia stagnalis,qualibact-v1.0,longest,non-normal,585609.3370786516,148694.06269453221,534034.0,503466.0,673528.0,170062.0,360206.0,1088933.0,360558.44,1038485.2400000002,363586.6,954213.9999999998,360558.44,1038485.24,363586.6,954214.0,Burkholderia stagnalis,89,0,,,,,,,,,,,,,,,,
Burkholderia stagnalis,qualibact-v1.0,GC_Content,non-normal,67.60168651685393,0.12351610111210222,67.6307,67.5299,67.7026,0.17270000000000607,67.2137,67.7672,67.217176,67.75906,67.33262,67.74096,67.2172,67.7591,67.3326,67.741,Burkholderia stagnalis,89,2,insufficient_data,67.6409,0.01099999999999568,67.6409,67.6354,67.6464,0.01099999999999568,67.6299,67.6519,67.63001000000001,67.65178999999999,67.63045000000001,67.65135,0.4943820224719101,0.5484737484737482,0.09110786516854343
Burkholderia stagnalis,qualibact-v1.0,Completeness_Specific,non-normal,99.99842696629214,0.0036408655609051553,100.0,100.0,100.0,0.0,99.99,100.0,99.99,100.0,99.99,100.0,99.89,100.0,99.99,100.0,Burkholderia stagnalis,89,2,insufficient_data,99.89,0.0,99.89,99.89,99.89,0.0,99.89,99.89,99.89,99.89,99.89,99.89,1.0,0.0004884004884004884,0.10842696629213346
Burkholderia stagnalis,qualibact-v1.0,Contamination,normal,0.6947191011235955,0.32912580801316027,0.65,0.47,0.86,0.39,0.11,1.35,0.11,1.3456000000000001,0.12,1.33,0.11,1.35,0.12,1.33,Burkholderia stagnalis,89,2,insufficient_data,0.7050000000000001,0.065,0.7050000000000001,0.6725,0.7375,0.06500000000000006,0.64,0.77,0.64065,0.76935,0.64325,0.76675,0.43820224719101125,0.734065934065934,0.22140449438202248
Burkholderia stagnalis,qualibact-v1.0,Total_Coding_Sequences,normal,6874.775280898876,150.9619903652355,6843.0,6732.0,6989.0,257.0,6614.0,7317.0,6647.44,7298.08,6691.0,7161.4,6647.44,7298.08,6691.0,7161.4,Burkholderia stagnalis,89,2,insufficient_data,6895.0,43.0,6895.0,6873.5,6916.5,43.0,6852.0,6938.0,6852.43,6937.57,6854.15,6935.85,0.5056179775280899,0.5054945054945053,97.93258426966293
Burkholderia stagnalis,qualibact-v1.0,Genome_Size,non-normal,7707776.955056179,170869.55436921775,7692943.0,7561545.0,7856533.0,294988.0,7397044.0,8188760.0,7451221.2,8179586.0,7520861.2,8014267.2,7451221.2,8179586.0,7520861.2,8014267.2,Burkholderia stagnalis,89,2,insufficient_data,7644581.0,60774.0,7644581.0,7614194.0,7674968.0,60774.0,7583807.0,7705355.0,7584414.74,7704747.26,7586845.7,7702316.3,0.48314606741573035,0.5894993894993894,96505.86516853934
Burkholderia ubonensis,qualibact-v1.0,N50,non-normal,198349.3453815261,48555.63885221339,191953.0,167217.0,220492.0,53275.0,90470.0,389588.0,97319.6,358671.3199999999,128218.8,314851.59999999986,97319.6,358671.32,128218.8,314851.6,Burkholderia ubonensis,249,0,,,,,,,,,,,,,,,,
Burkholderia ubonensis,qualibact-v1.0,number,non-normal,148.6024096385542,46.823844822834005,138.0,118.0,168.0,50.0,67.0,343.0,68.72,326.55999999999995,86.0,258.7999999999999,68.72,326.56,86.0,258.8,Burkholderia ubonensis,249,0,,,,,,,,,,,,,,,,
Burkholderia ubonensis,qualibact-v1.0,longest,non-normal,526246.437751004,130250.93965724594,491281.0,432506.0,605012.0,172506.0,299948.0,1055783.0,313090.52,929939.84,333194.2,807850.5999999996,313090.52,929939.84,333194.2,807850.6,Burkholderia ubonensis,249,0,,,,,,,,,,,,,,,,
Burkholderia ubonensis,qualibact-v1.0,GC_Content,non-normal,67.23524016064256,0.18801371306042888,67.2431,67.1205,67.4043,0.2837999999999994,66.7197,67.5502,66.780548,67.546532,66.84264,67.51288000000001,66.7805,67.5465,66.8426,67.5129,Burkholderia ubonensis,249,7,insufficient_data,67.10987142857142,0.21807941354526103,67.0728,66.949,67.32329999999999,0.374299999999991,66.7924,67.3593,66.793732,67.35869100000001,66.79906,67.356255,0.35857716580608145,0.27404792930526584,0.1282866896156052
Burkholderia ubonensis,qualibact-v1.0,Completeness_Specific,non-normal,99.99967871485943,0.0017634135261133644,100.0,100.0,100.0,0.0,99.99,100.0,99.99,100.0,99.99,100.0,98.14,100.0,99.99,100.0,Burkholderia ubonensis,249,7,insufficient_data,99.65857142857143,0.6463618750122779,100.0,99.735,100.0,0.26500000000000057,98.14,100.0,98.1799,100.0,98.3395,100.0,0.2857142857142857,0.538484715217015,0.3411072862880091
Burkholderia ubonensis,qualibact-v1.0,Contamination,non-normal,0.4640562248995984,0.3737243535295633,0.33,0.22,0.6,0.38,0.03,2.43,0.0372,2.1087999999999987,0.08,1.43,0.04,2.64,0.08,1.43,Burkholderia ubonensis,249,7,insufficient_data,1.4557142857142857,0.593557245833654,1.38,1.175,1.625,0.44999999999999996,0.57,2.64,0.585,2.6136,0.645,2.508,0.7928858290304074,4.793347503314968e-05,0.9916580608146874
Burkholderia ubonensis,qualibact-v1.0,Total_Coding_Sequences,normal,6722.887550200803,311.7030486984272,6740.0,6493.0,6919.0,426.0,5691.0,7601.0,5773.2,7543.399999999999,6266.2,7304.6,5773.2,7543.4,6266.2,7304.6,Burkholderia ubonensis,249,7,insufficient_data,6833.285714285715,418.55933673416837,6802.0,6647.0,7203.5,556.5,6040.0,7290.0,6053.77,7287.66,6108.85,7278.3,0.35226620768789446,0.29305128667386016,188.38095238095238
Burkholderia ubonensis,qualibact-v1.0,Genome_Size,non-normal,7508900.369477912,301346.4888728855,7525402.0,7260500.0,7709371.0,448871.0,6291246.0,8272920.0,6383779.16,8219642.279999998,7067779.0,8015467.8,6383779.16,8219642.28,7067779.0,8015467.8,Burkholderia ubonensis,249,7,insufficient_data,7486224.857142857,453586.04101834295,7463411.0,7212065.5,7901214.0,689148.5,6684845.0,8028759.0,6699971.78,8026744.17,6760478.9,8018684.85,0.26391279403327594,0.6390547399091115,172870.43947217436
Burkholderia vietnamiensis,qualibact-v1.0,N50,non-normal,149360.7182320442,43049.696779024016,151566.0,118092.0,176735.0,58643.0,38016.0,309270.0,52965.0,292460.6999999999,66342.5,223743.5,52965.0,292460.7,66342.5,223743.5,Burkholderia vietnamiensis,181,0,,,,,,,,,,,,,,,,
Burkholderia vietnamiensis,qualibact-v1.0,number,non-normal,152.65193370165747,52.31729966585714,143.0,113.0,177.0,64.0,80.0,392.0,82.7,348.7999999999997,86.5,271.0,82.7,348.8,86.5,271.0,Burkholderia vietnamiensis,181,0,,,,,,,,,,,,,,,,
Burkholderia vietnamiensis,qualibact-v1.0,longest,non-normal,440406.8729281768,147651.26596075154,422078.0,332731.0,513491.0,180760.0,166652.0,950715.0,180911.6,871756.1999999995,219423.5,816512.0,180911.6,871756.2,219423.5,816512.0,Burkholderia vietnamiensis,181,0,,,,,,,,,,,,,,,,
Burkholderia vietnamiensis,qualibact-v1.0,GC_Content,normal,66.91692707182321,0.2638766018043732,66.9228,66.7418,67.1034,0.3615999999999957,66.1296,67.4824,66.28827,67.43974,66.40565,67.3437,66.2883,67.4397,66.4056,67.3437,Burkholderia vietnamiensis,181,11,normal,66.97524545454546,0.15863974260532718,66.9663,66.8284,67.11875,0.29035000000000366,66.7653,67.2333,66.76845,67.23052,66.78105,67.21940000000001,0.287292817679558,0.29792175264128196,0.09595062782521348
Burkholderia vietnamiensis,qualibact-v1.0,Completeness_Specific,non-normal,100.0,0.0,100.0,100.0,100.0,0.0,100.0,100.0,100.0,100.0,100.0,100.0,98.62,100.0,100.0,100.0,Burkholderia vietnamiensis,181,11,non-normal,99.68,0.432245721362702,100.0,99.57,100.0,0.4300000000000068,98.62,100.0,98.6465,100.0,98.7525,100.0,0.45454545454545453,0.01754352550683791,0.3200000000000009
Burkholderia vietnamiensis,qualibact-v1.0,Contamination,non-normal,0.48933701657458567,0.5251251912928246,0.25,0.09,0.75,0.66,0.0,2.18,0.0,2.071999999999999,0.005,1.875,0.0,2.07,0.0,1.88,Burkholderia vietnamiensis,181,8,insufficient_data,0.25625,0.14840295650693755,0.245,0.09,0.43,0.33999999999999997,0.09,0.43,0.09,0.43,0.09,0.43,0.3812154696132597,0.16511258585003605,0.2661533149171271
Burkholderia vietnamiensis,qualibact-v1.0,Total_Coding_Sequences,normal,6275.696132596685,322.95444051448897,6274.0,6048.0,6483.0,435.0,5576.0,7075.0,5576.0,7060.6,5692.0,6939.0,5576.0,7060.6,5692.0,6939.0,Burkholderia vietnamiensis,181,11,normal,6208.181818181818,148.91719369674004,6246.0,6087.0,6285.5,198.5,5901.0,6423.0,5909.0,6421.2,5941.0,6414.0,0.3259668508287293,0.17592687532128837,149.26519337016578
Burkholderia vietnamiensis,qualibact-v1.0,Genome_Size,normal,6966621.2044198895,289222.49597121606,6970005.0,6785377.0,7147011.0,361634.0,6152717.0,7705261.0,6194601.2,7659722.8,6296584.5,7555783.5,6194601.2,7659722.8,6296584.5,7555783.5,Burkholderia vietnamiensis,181,11,normal,6868116.090909091,128832.41289114852,6891714.0,6789907.5,6930497.5,140590.0,6606386.0,7087161.0,6613025.3,7083730.75,6639582.5,7070009.75,0.3817177297840281,0.07246869272578013,148255.49121044704
Campylobacter coli,qualibact-v1.0,N50,non-normal,136124.22790428993,59320.42200232509,131149.0,92101.0,166455.5,74354.5,12404.0,441842.0,25982.7,285528.74999999994,37837.25,265867.0,25982.7,285528.75,37837.25,265867.0,Campylobacter coli,32891,0,,,,,,,,,,,,,,,,
Campylobacter coli,qualibact-v1.0,number,non-normal,57.245416679334774,33.93209537693981,46.0,32.0,76.5,44.5,8.0,290.0,14.0,171.0,18.0,139.0,14.0,171.0,18.0,139.0,Campylobacter coli,32891,0,,,,,,,,,,,,,,,,
Campylobacter coli,qualibact-v1.0,longest,non-normal,284058.0959533003,103968.17503375892,272650.0,205710.5,355094.0,149383.5,38550.0,852216.0,76704.8,600036.6,102617.5,507670.75,76704.8,600036.6,102617.5,507670.75,Campylobacter coli,32891,0,,,,,,,,,,,,,,,,
Campylobacter coli,qualibact-v1.0,GC_Content,non-normal,31.257794402724148,0.1277878506019683,31.2933,31.1775,31.3542,0.1767000000000003,30.7763,31.9147,30.907645,31.47281,30.9683,31.424075,30.6691,31.5028,30.9683,31.4241,Campylobacter coli,32891,92,non-normal,31.28191521739131,0.17028033850528518,31.34645,31.157175,31.397875,0.24070000000000036,30.6691,31.5028,30.7418545,31.4993875,30.8896225,31.4850875,0.2727530195256268,1.5418870933659473e-06,0.04751660511068851
Campylobacter coli,qualibact-v1.0,Completeness_Specific,non-normal,99.98166975768447,0.011408507856090261,99.98,99.98,99.99,0.009999999999990905,99.88,100.0,99.93,100.0,99.95,100.0,94.78,100.0,99.95,100.0,Campylobacter coli,32891,92,non-normal,98.06771739130434,0.6992886187449637,98.095,97.81,98.4825,0.6724999999999994,94.78,99.18,95.3078,99.14815,96.53425,99.09349999999999,1.0,0.0,1.9139523663801241
Campylobacter coli,qualibact-v1.0,Contamination,non-normal,0.03852573652366909,0.04474202637503556,0.03,0.02,0.05,0.030000000000000002,0.0,1.17,0.0,0.27,0.0,0.13,0.0,12.51,0.0,0.13,Campylobacter coli,32891,88,non-normal,0.4169318181818183,1.8095299226058084,0.05,0.05,0.15,0.09999999999999999,0.05,12.51,0.05,12.257699999999998,0.05,0.8372500000000004,0.7015596971815998,5.616902454935177e-44,0.3784060816581489
Campylobacter coli,qualibact-v1.0,Total_Coding_Sequences,non-normal,1832.2748776260983,105.91595560451904,1813.0,1752.0,1898.0,146.0,1576.0,2210.0,1680.0,2106.0,1694.0,2061.0,1680.0,2301.0,1694.0,2061.0,Campylobacter coli,32891,92,non-normal,1880.891304347826,108.87811858676807,1859.5,1809.75,1930.5,120.75,1718.0,2301.0,1722.55,2248.675,1733.825,2140.725,0.29095642656310106,2.155737266179213e-07,48.61642672172778
Campylobacter coli,qualibact-v1.0,Genome_Size,non-normal,1742286.7642516189,72184.21739879932,1728484.0,1686464.0,1787148.5,100684.5,1589295.0,1985682.0,1635329.25,1926082.5,1641634.25,1898182.25,1635329.25,2127266.0,1641634.25,1898182.25,Campylobacter coli,32891,92,non-normal,1786491.5326086956,90125.87482074977,1760043.5,1726296.5,1831363.75,105067.25,1661120.0,2127266.0,1664488.365,2084793.1150000002,1671586.2,2009393.275,0.24902345428179773,1.636531041233511e-05,44204.768357076675
Campylobacter coli,qualibact-v1.1,N50,normal,135127.57142857142,56922.785561151315,139240.0,98994.25,170963.0,71968.75,30451.0,265739.0,31173.165,260968.54,32563.95,241031.57500000007,31173.16,260968.54,32563.95,241031.58,Campylobacter coli,98,0,,,,,,,,,,,,,,,,
Campylobacter coli,qualibact-v1.1,number,non-normal,46.07142857142857,24.047677982011706,38.0,28.0,55.75,27.75,20.0,119.0,20.0,114.635,21.0,103.02500000000002,20.0,114.64,21.0,103.03,Campylobacter coli,98,0,,,,,,,,,,,,,,,,
Campylobacter coli,qualibact-v1.1,longest,non-normal,276310.85714285716,87197.72172201637,280949.5,222986.5,354885.0,131898.5,91646.0,407525.0,92578.17,399269.33,99870.125,389794.2,92578.17,399269.33,99870.12,389794.2,Campylobacter coli,98,0,,,,,,,,,,,,,,,,
Campylobacter coli,qualibact-v1.1,GC_Content,non-normal,31.0,0.0,31.0,31.0,31.0,0.0,31.0,31.0,31.0,31.0,31.0,31.0,30.6691,31.5028,31.0,31.0,Campylobacter coli,98,92,non-normal,31.28191521739131,0.17028033850528518,31.34645,31.157175,31.397875,0.24070000000000036,30.6691,31.5028,30.7418545,31.4993875,30.8896225,31.4850875,0.9130434782608695,8.788637553290522e-43,0.2991282608695653
Campylobacter coli,qualibact-v1.1,Completeness_Specific,non-normal,99.97030612244897,0.01612793758292945,99.97,99.97,99.98,0.010000000000005116,99.91,99.99,99.91485,99.99,99.92425,99.99,94.78,99.99,99.92,99.99,Campylobacter coli,98,92,non-normal,98.06771739130434,0.6992886187449637,98.095,97.81,98.4825,0.6724999999999994,94.78,99.18,95.3078,99.14815,96.53425,99.09349999999999,1.0,2.422554920626373e-56,1.9025887311446317
Campylobacter coli,qualibact-v1.1,Contamination,non-normal,0.032959183673469394,0.03270802134886947,0.02,0.02,0.04,0.02,0.01,0.26,0.01,0.21150000000000008,0.01,0.11300000000000011,0.01,12.51,0.01,0.11,Campylobacter coli,98,88,non-normal,0.4169318181818183,1.8095299226058084,0.05,0.05,0.15,0.09999999999999999,0.05,12.51,0.05,12.257699999999998,0.05,0.8372500000000004,0.8571428571428571,1.2275377758582606e-35,0.38397263450834856
Campylobacter coli,qualibact-v1.1,Total_Coding_Sequences,non-normal,1762.2244897959183,64.50842859218916,1750.0,1708.5,1791.5,83.0,1662.0,1930.0,1667.82,1929.515,1680.7,1911.325,1667.82,2301.0,1680.7,1911.32,Campylobacter coli,98,92,non-normal,1880.891304347826,108.87811858676807,1859.5,1809.75,1930.5,120.75,1718.0,2301.0,1722.55,2248.675,1733.825,2140.725,0.6029281277728483,1.1550652497680607e-16,118.6668145519077
Campylobacter coli,qualibact-v1.1,Genome_Size,non-normal,1691296.4897959183,41939.34299633438,1686721.5,1658144.5,1716152.75,58008.25,1635349.0,1820940.0,1635530.875,1818666.32,1637683.15,1786350.65,1635530.88,2127266.0,1637683.15,1786350.65,Campylobacter coli,98,92,non-normal,1786491.5326086956,90125.87482074977,1760043.5,1726296.5,1831363.75,105067.25,1661120.0,2127266.0,1664488.365,2084793.1150000002,1671586.2,2009393.275,0.5838509316770186,1.4147651590452791e-15,95195.04281277729
Campylobacter concheus,qualibact-v1.0,N50,non-normal,128733.68027210885,32551.715815668347,137128.0,111777.5,150383.5,38606.0,25266.0,217139.0,38043.92,210671.2000000001,56820.0,166366.9,38043.92,210671.2,56820.0,166366.9,Campylobacter concheus,147,0
Campylobacter concheus,qualibact-v1.0,number,non-normal,45.394557823129254,18.145503302763526,41.0,33.0,52.5,19.5,20.0,111.0,20.73,108.81000000000003,23.65,97.74999999999997,20.73,108.81,23.65,97.75,Campylobacter concheus,147,0
Campylobacter concheus,qualibact-v1.0,longest,non-normal,266275.0544217687,77260.28206215383,264039.0,203281.0,345668.0,142387.0,104255.0,428608.0,113558.85,426845.05000000005,129998.6,408370.35,113558.85,426845.05,129998.6,408370.35,Campylobacter concheus,147,0
Campylobacter concheus,qualibact-v1.0,GC_Content,normal,29.62264285714286,0.13323173612245715,29.6299,29.5447,29.685850000000002,0.14115000000000322,29.2858,29.9788,29.335075,29.936533,29.388145,29.888925,29.34,29.94,29.39,29.89,Campylobacter concheus,147,0
Campylobacter concheus,qualibact-v1.0,Completeness_Specific,non-normal,99.99986394557823,0.0011584616575466063,100.0,100.0,100.0,0.0,99.99,100.0,99.99,100.0,100.0,100.0,99.99,100.0,100.0,100.0,Campylobacter concheus,147,0
Campylobacter concheus,qualibact-v1.0,Contamination,non-normal,0.03809523809523809,0.026116779430099216,0.03,0.02,0.05,0.030000000000000002,0.0,0.15,0.0073,0.1427000000000001,0.01,0.1,0.01,0.14,0.01,0.1,Campylobacter concheus,147,0
Campylobacter concheus,qualibact-v1.0,Total_Coding_Sequences,non-normal,1556.265306122449,54.369775333398685,1545.0,1515.5,1591.5,76.0,1474.0,1764.0,1477.65,1713.6300000000008,1483.95,1686.8,1477.65,1713.63,1483.95,1686.8,Campylobacter concheus,147,0
Campylobacter concheus,qualibact-v1.0,Genome_Size,non-normal,1512730.4149659865,45097.852563901775,1499865.0,1475974.5,1544245.0,68270.5,1444764.0,1647524.0,1446015.95,1632002.7400000002,1450322.15,1618923.3,1446015.95,1632002.74,1450322.15,1618923.3,Campylobacter concheus,147,0
Campylobacter fetus,qualibact-v1.0,N50,non-normal,213935.5317919075,80681.18071113381,225677.0,144372.5,290826.0,146453.5,48267.0,347940.0,59666.8,319144.82,82000.5,318542.15,59666.8,319144.82,82000.5,318542.15,Campylobacter fetus,519,0,,,,,,,,,,,,,,,,
Campylobacter fetus,qualibact-v1.0,number,non-normal,50.00963391136801,19.567528045613805,44.0,36.0,59.0,23.0,25.0,125.0,26.0,117.40999999999997,27.0,102.05000000000001,26.0,117.41,27.0,102.05,Campylobacter fetus,519,0,,,,,,,,,,,,,,,,
Campylobacter fetus,qualibact-v1.0,longest,non-normal,440829.9556840077,183557.06424567092,369125.0,262483.0,619251.0,356768.0,103036.0,743299.0,156291.18,727180.0499999999,174047.1,702897.4,156291.18,727180.05,174047.1,702897.4,Campylobacter fetus,519,0,,,,,,,,,,,,,,,,
Campylobacter fetus,qualibact-v1.0,GC_Content,non-normal,33.18611040462428,0.06908321144597894,33.2255,33.13745,33.23715,0.09969999999999857,32.9609,33.3004,32.996834,33.279579,33.017695,33.263315,32.9968,33.4564,33.0177,33.2633,Campylobacter fetus,519,30,normal,33.23304666666666,0.09669387341272252,33.2842,33.136849999999995,33.305525,0.16867500000000746,33.0579,33.4564,33.0592195,33.438173500000005,33.0644975,33.3652675,0.5294797687861271,6.478207138238439e-08,0.04733078998073249
Campylobacter fetus,qualibact-v1.0,Completeness_Specific,non-normal,99.96547206165704,0.015120539750259355,99.97,99.96,99.98,0.020000000000010232,99.92,99.99,99.92,99.99,99.93,99.99,91.72,99.99,99.93,99.99,Campylobacter fetus,519,30,normal,94.963,1.7570394607596795,94.83,93.825,96.43,2.605000000000004,91.72,98.18,91.72145,98.14375000000001,91.72725,97.99875,1.0,7.726227024825268e-50,5.00247206165703
Campylobacter fetus,qualibact-v1.0,Contamination,non-normal,0.29853564547206163,0.41331613277007834,0.08,0.07,0.36,0.29,0.04,1.95,0.05,1.9,0.05,1.4620000000000004,0.05,7.03,0.05,1.46,Campylobacter fetus,519,30,normal,3.013333333333333,2.077560000470638,2.91,1.61,4.6525,3.0424999999999995,0.05,7.03,0.05,6.9691,0.05,6.725499999999999,0.7493256262042389,8.814296902599063e-17,2.715795761078998
Campylobacter fetus,qualibact-v1.0,Total_Coding_Sequences,non-normal,1851.4855491329479,105.79727261745408,1823.0,1762.0,1945.0,183.0,1722.0,2121.0,1729.59,2111.41,1735.95,2068.05,1729.59,2357.0,1735.95,2068.05,Campylobacter fetus,519,30,normal,2005.8666666666666,183.9751311696472,1920.0,1853.75,2108.25,254.5,1793.0,2357.0,1793.435,2356.855,1795.175,2356.275,0.43352601156069365,2.3487989543199057e-05,154.38111753371862
Campylobacter fetus,qualibact-v1.0,Genome_Size,non-normal,1804966.1175337187,74223.8507332004,1768010.0,1747105.0,1874171.0,127066.0,1720307.0,1980564.0,1724635.58,1978578.3399999999,1726230.25,1954769.2,1724635.58,2188312.0,1726230.25,1954769.2,Campylobacter fetus,519,30,normal,1906978.0333333334,125198.11704427595,1863307.5,1782255.75,1999500.25,217244.5,1763253.0,2188312.0,1763779.495,2174773.785,1765885.475,2120620.925,0.4913294797687861,7.985837920676963e-07,102011.91579961465
Campylobacter fetus,qualibact-v1.1,N50,non-normal,213935.5317919075,80681.18071113381,225677.0,144372.5,290826.0,146453.5,48267.0,347940.0,59666.8,319144.82,82000.5,318542.15,59666.8,319144.82,82000.5,318542.15,Campylobacter fetus,519,0,,,,,,,,,,,,,,,,
Campylobacter fetus,qualibact-v1.1,number,non-normal,50.00963391136801,19.567528045613805,44.0,36.0,59.0,23.0,25.0,125.0,26.0,117.40999999999997,27.0,102.05000000000001,26.0,117.41,27.0,102.05,Campylobacter fetus,519,0,,,,,,,,,,,,,,,,
Campylobacter fetus,qualibact-v1.1,longest,non-normal,440829.9556840077,183557.06424567092,369125.0,262483.0,619251.0,356768.0,103036.0,743299.0,156291.18,727180.0499999999,174047.1,702897.4,156291.18,727180.05,174047.1,702897.4,Campylobacter fetus,519,0,,,,,,,,,,,,,,,,
Campylobacter fetus,qualibact-v1.1,GC_Content,non-normal,33.18611040462428,0.06908321144597894,33.2255,33.13745,33.23715,0.09969999999999857,32.9609,33.3004,32.996834,33.279579,33.017695,33.263315,32.9968,33.4564,33.0177,33.2633,Campylobacter fetus,519,30,normal,33.23304666666666,0.09669387341272252,33.2842,33.136849999999995,33.305525,0.16867500000000746,33.0579,33.4564,33.0592195,33.438173500000005,33.0644975,33.3652675,0.5294797687861271,6.478207138238439e-08,0.04733078998073249
Campylobacter fetus,qualibact-v1.1,Completeness_Specific,non-normal,99.96547206165704,0.015120539750259355,99.97,99.96,99.98,0.020000000000010232,99.92,99.99,99.92,99.99,99.93,99.99,91.72,99.99,99.93,99.99,Campylobacter fetus,519,30,normal,94.963,1.7570394607596795,94.83,93.825,96.43,2.605000000000004,91.72,98.18,91.72145,98.14375000000001,91.72725,97.99875,1.0,7.726227024825268e-50,5.00247206165703
Campylobacter fetus,qualibact-v1.1,Contamination,non-normal,0.29853564547206163,0.41331613277007834,0.08,0.07,0.36,0.29,0.04,1.95,0.05,1.9,0.05,1.4620000000000004,0.05,7.03,0.05,1.46,Campylobacter fetus,519,30,normal,3.013333333333333,2.077560000470638,2.91,1.61,4.6525,3.0424999999999995,0.05,7.03,0.05,6.9691,0.05,6.725499999999999,0.7493256262042389,8.814296902599063e-17,2.715795761078998
Campylobacter fetus,qualibact-v1.1,Total_Coding_Sequences,non-normal,1851.4855491329479,105.79727261745408,1823.0,1762.0,1945.0,183.0,1722.0,2121.0,1729.59,2111.41,1735.95,2068.05,1729.59,2357.0,1735.95,2068.05,Campylobacter fetus,519,30,normal,2005.8666666666666,183.9751311696472,1920.0,1853.75,2108.25,254.5,1793.0,2357.0,1793.435,2356.855,1795.175,2356.275,0.43352601156069365,2.3487989543199057e-05,154.38111753371862
Campylobacter fetus,qualibact-v1.1,Genome_Size,non-normal,1804966.1175337187,74223.8507332004,1768010.0,1747105.0,1874171.0,127066.0,1720307.0,1980564.0,1724635.58,1978578.3399999999,1726230.25,1954769.2,1724635.58,2188312.0,1726230.25,1954769.2,Campylobacter fetus,519,30,normal,1906978.0333333334,125198.11704427595,1863307.5,1782255.75,1999500.25,217244.5,1763253.0,2188312.0,1763779.495,2174773.785,1765885.475,2120620.925,0.4913294797687861,7.985837920676963e-07,102011.91579961465
Campylobacter hyointestinalis,qualibact-v1.0,N50,non-normal,237488.07079646018,141651.7985185946,221353.0,115039.0,313614.0,198575.0,47081.0,563153.0,49154.68,553976.2799999999,56575.4,544011.4,49154.68,553976.28,56575.4,544011.4,Campylobacter hyointestinalis,113,0,,,,,,,,,,,,,,,,
Campylobacter hyointestinalis,qualibact-v1.0,number,non-normal,35.70796460176991,15.481465604815433,32.0,24.0,46.0,22.0,9.0,90.0,10.120000000000001,88.32,16.6,71.20000000000003,10.12,88.32,16.6,71.2,Campylobacter hyointestinalis,113,0,,,,,,,,,,,,,,,,
Campylobacter hyointestinalis,qualibact-v1.0,longest,non-normal,399320.5663716814,158684.11718888412,441171.0,263572.0,523268.0,259696.0,101452.0,695283.0,106341.36,694479.4,121123.0,664620.0,106341.36,694479.4,121123.0,664620.0,Campylobacter hyointestinalis,113,0,,,,,,,,,,,,,,,,
Campylobacter hyointestinalis,qualibact-v1.0,GC_Content,non-normal,34.11869026548673,0.18362428501380823,34.045,33.9929,34.3211,0.3282000000000025,33.7566,34.4425,33.77872,34.43858,33.81882,34.41646,33.3212,34.4386,33.8188,34.4165,Campylobacter hyointestinalis,113,6,insufficient_data,33.83923333333333,0.3120750265917198,33.964,33.652375,33.96895,0.3165750000000003,33.3212,34.2671,33.326882499999996,34.2596875,33.3496125,34.2300375,0.6209439528023599,0.012210686156339145,0.2794569321533946
Campylobacter hyointestinalis,qualibact-v1.0,Completeness_Specific,non-normal,99.97734513274337,0.012338708005616124,99.98,99.97,99.99,0.01999999999999602,99.94,100.0,99.94,99.9944,99.94,99.99,99.21,99.99,99.94,99.99,Campylobacter hyointestinalis,113,6,insufficient_data,99.33333333333333,0.1317404856358001,99.295,99.22749999999999,99.3775,0.15000000000000568,99.21,99.59,99.21,99.58525,99.21,99.56625,1.0,5.763509067217447e-10,0.6440117994100293
Campylobacter hyointestinalis,qualibact-v1.0,Contamination,non-normal,0.1843362831858407,0.15576176559600088,0.11,0.06,0.36,0.3,0.02,0.67,0.0256,0.6027999999999998,0.03,0.48200000000000004,0.03,1.08,0.03,0.48,Campylobacter hyointestinalis,113,6,insufficient_data,0.8566666666666668,0.2633544295347158,0.9850000000000001,0.6725,1.08,0.4075000000000001,0.41,1.08,0.41474999999999995,1.08,0.43374999999999997,1.08,0.8584070796460177,4.300327020322953e-05,0.6723303834808261
Campylobacter hyointestinalis,qualibact-v1.0,Total_Coding_Sequences,non-normal,1841.41592920354,89.22187969919113,1818.0,1782.0,1884.0,102.0,1724.0,2094.0,1726.8,2071.04,1733.4,2036.2,1726.8,2071.04,1733.4,2036.2,Campylobacter hyointestinalis,113,6,insufficient_data,1858.6666666666667,18.78533707147383,1851.5,1849.25,1867.25,18.0,1835.0,1893.0,1835.35,1892.475,1836.75,1890.375,0.6017699115044248,0.01773082932414061,61.50737463126843
Campylobacter hyointestinalis,qualibact-v1.0,Genome_Size,non-normal,1761771.1415929203,52549.90224806167,1746533.0,1727197.0,1781948.0,54751.0,1683721.0,1926298.0,1688797.96,1907711.5999999999,1694720.4,1885392.6,1688797.96,1907711.6,1694720.4,1885392.6,Campylobacter hyointestinalis,113,6,insufficient_data,1763426.0,20105.89185620308,1753385.0,1753381.25,1757581.25,4200.0,1753277.0,1808149.0,1753279.575,1806919.775,1753289.875,1802002.875,0.5575221238938053,0.035772136576328606,30177.492625368737
Campylobacter jejuni,qualibact-v1.0,N50,non-normal,144700.84209116478,60343.63918726354,151362.5,102639.75,182560.0,79920.25,13558.0,545558.0,23578.975,334680.025,35045.0,293321.5,23578.98,334680.03,35045.0,293321.5,Campylobacter jejuni,89596,0,,,,,,,,,,,,,,,,
Campylobacter jejuni,qualibact-v1.0,number,non-normal,45.975646234206884,27.35083635381422,37.0,27.0,56.0,29.0,8.0,262.0,13.0,157.02499999999418,16.0,121.0,13.0,157.02,16.0,121.0,Campylobacter jejuni,89596,0,,,,,,,,,,,,,,,,
Campylobacter jejuni,qualibact-v1.0,longest,non-normal,293767.06551631767,121390.47587913123,287066.0,200278.75,356395.0,156116.25,36433.0,861981.0,73025.2,632016.6749999998,104387.625,572869.0,73025.2,632016.67,104387.62,572869.0,Campylobacter jejuni,89596,0,,,,,,,,,,,,,,,,
Campylobacter jejuni,qualibact-v1.0,GC_Content,non-normal,30.357111157864193,0.11094857951538038,30.3743,30.2769,30.4453,0.16839999999999833,29.34,31.4373,30.065894999999998,30.5765,30.1302,30.5218,30.0659,30.8493,30.1302,30.5218,Campylobacter jejuni,89596,503,non-normal,30.433339363817097,0.12602681497457996,30.465,30.34955,30.532049999999998,0.18249999999999744,30.087,30.8493,30.109175,30.650596,30.160505,30.603265,0.347369730454276,2.056385383100315e-54,0.07633579334520138
Campylobacter jejuni,qualibact-v1.0,Completeness_Specific,non-normal,99.99384224742175,0.011460886381947033,99.99,99.99,100.0,0.010000000000005116,97.22,100.0,99.97,100.0,99.98,100.0,95.69,100.0,99.98,100.0,Campylobacter jejuni,89596,503,non-normal,99.23524850894633,0.5539389835422642,99.42,99.12,99.55,0.4299999999999926,95.69,99.9,96.671,99.81,97.328,99.79,0.9999107102995669,0.0,0.7585937384754355
Campylobacter jejuni,qualibact-v1.0,Contamination,non-normal,0.06796743158176705,0.05312991995273955,0.05,0.04,0.08,0.04,0.0,0.74,0.01,0.3,0.01,0.2,0.01,9.65,0.01,0.2,Campylobacter jejuni,89596,501,non-normal,0.23307385229540917,0.45402231224346284,0.16,0.16,0.24,0.07999999999999999,0.1,9.65,0.16,1.125,0.16,0.49,0.913714514807164,0.0,0.16510642071364248
Campylobacter jejuni,qualibact-v1.0,Total_Coding_Sequences,non-normal,1784.5854390821019,91.6508047152541,1776.0,1713.0,1844.0,131.0,1556.0,2197.0,1618.0,2034.0,1637.0,1984.0,1618.0,2109.0,1637.0,1984.0,Campylobacter jejuni,89596,503,non-normal,1778.9264413518886,81.76779757543926,1758.0,1716.0,1823.5,107.5,1637.0,2109.0,1653.0,2035.3300000000002,1671.0,1969.35,0.07900738344165997,0.0036695482182837664,13.696508368867999
Campylobacter jejuni,qualibact-v1.0,Genome_Size,non-normal,1696353.4273851512,60749.336855595575,1689712.5,1647355.75,1738798.0,91442.25,1527257.0,1968638.0,1586698.55,1856845.8999999994,1599859.125,1824293.375,1567232.0,1943896.0,1599859.12,1824293.38,Campylobacter jejuni,89596,503,non-normal,1699580.7296222665,68103.51121657605,1684042.0,1643400.5,1744864.5,101464.0,1567232.0,1943896.0,1603827.01,1909256.51,1614229.95,1854171.3499999999,0.06798066017041196,0.018754949174597964,9799.989138298473
Campylobacter jejuni,qualibact-v1.1,N50,non-normal,120911.84403669725,46818.26674964065,114132.5,90271.0,153698.0,63427.0,26656.0,367700.0,36062.72,284509.93000000046,46729.275,220723.425,36062.72,284509.93,46729.28,220723.42,Campylobacter jejuni,654,0,,,,,,,,,,,,,,,,
Campylobacter jejuni,qualibact-v1.1,number,non-normal,50.527522935779814,19.23788806728091,47.5,36.0,61.0,25.0,19.0,133.0,20.0,114.41000000000008,24.0,96.0,20.0,114.41,24.0,96.0,Campylobacter jejuni,654,0,,,,,,,,,,,,,,,,
Campylobacter jejuni,qualibact-v1.1,longest,non-normal,259082.01070336392,95375.38968810234,243187.0,185961.5,331193.5,145232.0,55057.0,687769.0,90020.42,559339.73,108544.45,471357.5749999991,90020.42,559339.73,108544.45,471357.57,Campylobacter jejuni,654,0,,,,,,,,,,,,,,,,
Campylobacter jejuni,qualibact-v1.1,GC_Content,non-normal,30.058103975535168,0.23393995717315322,30.0,30.0,30.0,0.0,30.0,31.0,30.0,31.0,30.0,31.0,30.0,31.0,30.0,31.0,Campylobacter jejuni,654,503,non-normal,30.433339363817097,0.12602681497457996,30.465,30.34955,30.532049999999998,0.18249999999999744,30.087,30.8493,30.109175,30.650596,30.160505,30.603265,0.9418960244648318,1.1583550079057458e-278,0.4189278244903667
Campylobacter jejuni,qualibact-v1.1,Completeness_Specific,non-normal,99.98256880733946,0.01484292908551,99.98,99.98,99.99,0.009999999999990905,99.88,100.0,99.9153,100.0,99.95,100.0,95.69,100.0,99.95,100.0,Campylobacter jejuni,654,503,non-normal,99.23524850894633,0.5539389835422642,99.42,99.12,99.55,0.4299999999999926,95.69,99.9,96.671,99.81,97.328,99.79,0.9960238568588469,1.5e-323,0.7473202983931267
Campylobacter jejuni,qualibact-v1.1,Contamination,non-normal,0.2992048929663609,0.9943025666790261,0.06,0.04,0.1,0.060000000000000005,0.0,9.02,0.01,6.646450000000015,0.01,3.766999999999998,0.01,9.65,0.01,3.77,Campylobacter jejuni,654,501,non-normal,0.23307385229540917,0.45402231224346284,0.16,0.16,0.24,0.07999999999999999,0.1,9.65,0.16,1.125,0.16,0.49,0.8787379369700965,7.824150606170227e-230,0.2850195022798438
Campylobacter jejuni,qualibact-v1.1,Total_Coding_Sequences,non-normal,1799.5244648318044,81.88892966746863,1805.5,1738.0,1860.0,122.0,1600.0,2016.0,1625.795,1993.145,1645.0,1948.0,1625.8,2109.0,1645.0,1948.0,Campylobacter jejuni,654,503,non-normal,1778.9264413518886,81.76779757543926,1758.0,1716.0,1823.5,107.5,1637.0,2109.0,1653.0,2035.3300000000002,1671.0,1969.35,0.20683240009484377,3.852318930752238e-11,26.625850402174116
Campylobacter jejuni,qualibact-v1.1,Genome_Size,non-normal,1701236.7874617737,55397.759225312664,1703255.5,1657036.25,1738318.5,81282.25,1561682.0,1877537.0,1596720.285,1840734.135,1602985.8,1809375.275,1567232.0,1943896.0,1602985.8,1809375.28,Campylobacter jejuni,654,503,non-normal,1699580.7296222665,68103.51121657605,1684042.0,1643400.5,1744864.5,101464.0,1567232.0,1943896.0,1603827.01,1909256.51,1614229.95,1854171.3499999999,0.15483247305159867,2.008019341563523e-06,17553.506474911996
Campylobacter lari,qualibact-v1.0,N50,non-normal,132784.14897260274,50139.39433220217,138531.0,98118.0,152398.0,54280.0,27651.0,354781.0,31669.8,281333.26,46320.05,232337.47499999998,31669.8,281333.26,46320.05,232337.47,Campylobacter lari,584,0,,,,,,,,,,,,,,,,
Campylobacter lari,qualibact-v1.0,number,non-normal,42.66267123287671,22.00243394976633,36.0,28.0,51.0,23.0,14.0,148.0,15.0,126.08500000000004,17.0,100.69999999999982,15.0,126.09,17.0,100.7,Campylobacter lari,584,0,,,,,,,,,,,,,,,,
Campylobacter lari,qualibact-v1.0,longest,non-normal,282718.2979452055,117307.9903245725,244172.5,204163.0,402598.0,198435.0,74465.0,620531.0,90335.02,558580.1550000007,118795.125,522168.6,90335.02,558580.16,118795.12,522168.6,Campylobacter lari,584,0,,,,,,,,,,,,,,,,
Campylobacter lari,qualibact-v1.0,GC_Content,non-normal,29.626356164383562,0.12488841757970195,29.665550000000003,29.5772,29.695475,0.11827499999999702,29.1986,29.9289,29.260626499999997,29.9039085,29.3039575,29.843995,29.2606,30.0073,29.304,29.844,Campylobacter lari,584,48,normal,29.73359166666667,0.12756011300777195,29.728650000000002,29.6254,29.81495,0.18955000000000055,29.3616,30.0073,29.409892499999998,29.996913,29.5681325,29.96086,0.4026826484018265,5.429727636091332e-07,0.107235502283105
Campylobacter lari,qualibact-v1.0,Completeness_Specific,non-normal,99.9994691780822,0.00224197396721321,100.0,100.0,100.0,0.0,99.99,100.0,99.99,100.0,99.99,100.0,95.36,100.0,99.99,100.0,Campylobacter lari,584,48,non-normal,98.38458333333334,0.49928264512420467,98.56,98.33,98.56,0.23000000000000398,95.36,98.94,95.9334,98.94,97.8,98.87349999999999,1.0,5.69948671104498e-73,1.6148858447488563
Campylobacter lari,qualibact-v1.0,Contamination,non-normal,0.023578767123287672,0.030329818748705543,0.01,0.01,0.04,0.03,0.0,0.25,0.0,0.22085000000000038,0.0,0.09424999999999954,0.0,2.38,0.0,0.09,Campylobacter lari,584,5,insufficient_data,0.6539999999999999,0.867100916848783,0.19,0.19,0.38,0.19,0.13,2.38,0.1312,2.34,0.136,2.1799999999999997,0.9897260273972602,1.5909957263049952e-09,0.6304212328767123
Campylobacter lari,qualibact-v1.0,Total_Coding_Sequences,non-normal,1540.804794520548,70.4572850605845,1521.0,1482.0,1581.25,99.25,1458.0,1774.0,1462.83,1746.255,1466.0,1711.2749999999999,1462.83,1809.0,1466.0,1711.28,Campylobacter lari,584,48,non-normal,1620.7916666666667,57.754133449957976,1613.0,1579.5,1656.75,77.25,1541.0,1809.0,1541.47,1788.085,1543.525,1718.425,0.5684931506849316,5.484156600350594e-14,79.98687214611873
Campylobacter lari,qualibact-v1.0,Genome_Size,non-normal,1502120.38869863,58319.99689500594,1481874.0,1453637.0,1537896.5,84259.5,1429083.0,1693680.0,1435345.015,1670606.5250000001,1440851.15,1634287.4,1435345.02,1791508.0,1440851.15,1634287.4,Campylobacter lari,584,48,non-normal,1563310.2083333333,59546.69710752168,1556543.5,1513367.75,1591750.75,78383.0,1488515.0,1791508.0,1489700.81,1762456.83,1493659.0,1665681.175,0.5308219178082192,3.964160829429471e-12,61189.8196347032
Campylobacter upsaliensis,qualibact-v1.0,N50,non-normal,83985.54511742892,33362.45006258898,78422.0,56206.0,112935.0,56729.0,19841.0,194230.0,26936.56,193021.80000000002,35561.0,155097.19999999995,26936.56,193021.8,35561.0,155097.2,Campylobacter upsaliensis,809,0,,,,,,,,,,,,,,,,
Campylobacter upsaliensis,qualibact-v1.0,number,non-normal,70.02472187886279,25.813381452368205,64.0,51.0,85.0,34.0,28.0,201.0,32.0,172.92000000000007,37.0,132.79999999999995,32.0,172.92,37.0,132.8,Campylobacter upsaliensis,809,0,,,,,,,,,,,,,,,,
Campylobacter upsaliensis,qualibact-v1.0,longest,non-normal,198703.42768850434,62453.551065450396,191230.0,146385.0,247834.0,101449.0,64599.0,397613.0,81083.36,371761.56000000023,98419.2,321151.0,81083.36,371761.56,98419.2,321151.0,Campylobacter upsaliensis,809,0,,,,,,,,,,,,,,,,
Campylobacter upsaliensis,qualibact-v1.0,GC_Content,non-normal,34.75443708281829,0.21557414105961653,34.771,34.6182,34.9247,0.3064999999999998,34.091,35.121,34.127995999999996,35.102732,34.27854,35.0739,34.128,35.1084,34.2785,35.0739,Campylobacter upsaliensis,809,2,insufficient_data,35.0668,0.041600000000002524,35.0668,35.046,35.0876,0.041600000000002524,35.0252,35.1084,35.025616,35.107984,35.02728,35.106320000000004,0.8949320148331273,0.02277937617025166,0.31241458590852983
Campylobacter upsaliensis,qualibact-v1.0,Completeness_Specific,non-normal,99.99444993819532,0.005645066596705717,99.99,99.99,100.0,0.010000000000005116,99.97,100.0,99.98,100.0,99.98,100.0,98.19,100.0,99.98,100.0,Campylobacter upsaliensis,809,2,insufficient_data,98.60499999999999,0.41499999999999915,98.60499999999999,98.3975,98.8125,0.41500000000000625,98.19,99.02,98.19415,99.01585,98.21075,98.99924999999999,1.0,6.089114186113778e-06,1.3894499381953036
Campylobacter upsaliensis,qualibact-v1.0,Contamination,non-normal,0.29511742892459825,0.21044955660847164,0.23,0.12,0.44,0.32,0.02,1.57,0.03,0.9896000000000004,0.05,0.7,0.03,0.99,0.05,0.7,Campylobacter upsaliensis,809,2,insufficient_data,0.325,0.09499999999999999,0.325,0.2775,0.3725,0.09499999999999997,0.23,0.42,0.23095000000000002,0.41905,0.23475000000000001,0.41525,0.49938195302843014,0.505536527073724,0.11710135970333747
Campylobacter upsaliensis,qualibact-v1.0,Total_Coding_Sequences,non-normal,1763.8739184177998,84.78520187484074,1752.0,1702.0,1821.0,119.0,1606.0,2017.0,1612.04,1984.96,1630.0,1955.8,1612.04,1984.96,1630.0,1955.8,Campylobacter upsaliensis,809,2,insufficient_data,1712.0,13.0,1712.0,1705.5,1718.5,13.0,1699.0,1725.0,1699.13,1724.87,1699.65,1724.35,0.6452410383189122,0.2534045759693111,70.24474660074166
Campylobacter upsaliensis,qualibact-v1.0,Genome_Size,non-normal,1667194.804697157,59393.96142191821,1660796.0,1625333.0,1706203.0,80870.0,1552804.0,1845452.0,1560990.08,1819130.32,1565661.0,1796907.4,1560990.08,1819130.32,1565661.0,1796907.4,Campylobacter upsaliensis,809,2,insufficient_data,1650250.0,21300.0,1650250.0,1639600.0,1660900.0,21300.0,1628950.0,1671550.0,1629163.0,1671337.0,1630015.0,1670485.0,0.449938195302843,0.6823644030384681,34882.99999999999
Candida auris,REFSEQ-QC-v1,N50,non-normal,753441.9830508474,188637.6930583852,780392.0,773638.0,780541.0,6903.0,435929.0,1330311.0,437414.67,1330269.82,449394.1,1329957.95,435929.0,1330311.0,449394.1,1329957.95,Candida auris,59,0,,,,,,,,,,,,,,,,
Candida auris,REFSEQ-QC-v1,number,non-normal,46.25423728813559,14.771242354299691,42.0,38.0,51.5,13.5,25.0,101.0,25.29,100.71000000000001,26.9,90.99999999999994,25.0,101.0,26.9,91.0,Candida auris,59,0,,,,,,,,,,,,,,,,
Candida auris,REFSEQ-QC-v1,longest,non-normal,1612625.7288135593,484994.1675292437,1438191.0,1437391.0,2058387.5,620996.5,825256.0,3253709.0,825461.03,2977441.080000001,886904.7000000001,2301054.25,825256.0,3253709.0,886904.7,2301054.25,Candida auris,59,0,,,,,,,,,,,,,,,,
Candida auris,REFSEQ-QC-v1,GC_Content,non-normal,45.19961313102292,0.03294957163927204,45.19970630135418,45.18850160914751,45.203539171783845,0.015037562636337043,45.14989124092585,45.32034666442753,45.15074045189098,45.32034416058017,45.15305952655415,45.31289450595259,45.1499,45.3203,45.1531,45.3129,Candida auris,59,59,non-normal,45.22661355932203,0.03462170112842676,45.2163,45.200599999999994,45.2424,0.04180000000000916,45.195,45.3289,45.195145000000004,45.3289,45.19577,45.327594999999995,0.4406779661016949,1.572492594320126e-05,0.027000428299115555
Candida auris,REFSEQ-QC-v1,Completeness_Specific,non-normal,100.0,0.0,100.0,100.0,100.0,0.0,100.0,100.0,100.0,100.0,100.0,100.0,100.0,100.0,100.0,100.0,Candida auris,59,0,,,,,,,,,,,,,,,,
Candida auris,REFSEQ-QC-v1,Contamination,non-normal,89.71949152542373,2.444555641384848,90.78,89.75999999999999,90.91999999999999,1.1599999999999966,77.7,92.17,78.9528,91.92060000000001,83.136,91.247,77.7,92.17,83.14,91.25,Candida auris,59,0,,,,,,,,,,,,,,,,
Candida auris,REFSEQ-QC-v1,Total_Coding_Sequences,non-normal,10717.610169491525,237.16389362412298,10677.0,10642.0,10705.0,63.0,10359.0,11929.0,10367.12,11815.03,10405.0,11495.5,10359.0,11929.0,10405.0,11495.5,Candida auris,59,7,insufficient_data,5436.714285714285,235.01775877319466,5494.0,5448.0,5549.0,101.0,4894.0,5675.0,4910.14,5672.87,4974.7,5664.35,1.0,2.56808823704646e-09,5280.895883777239
Candida auris,REFSEQ-QC-v1,Genome_Size,non-normal,12276085.38983051,80647.72168144216,12300519.0,12279089.5,12308064.0,28974.5,12037629.0,12374235.0,12038417.22,12371245.1,12040394.7,12354554.2,12037629.0,12374235.0,12040394.7,12354554.2,Candida auris,59,59,non-normal,12368887.830508474,82363.32300676701,12378895.0,12365062.5,12404278.0,39215.5,12059323.0,12538457.0,12071378.88,12526836.7,12122439.65,12495448.05,0.8135593220338984,7.856819381280289e-20,92802.4406779661
Caulobacter vibrioides,qualibact-v1.0,N50,non-normal,123830.52314814815,93286.22540580377,107473.0,35448.25,197398.5,161950.25,6398.0,308475.0,6753.85,308472.0,7469.5,298472.0,6753.85,308472.0,7469.5,298472.0,Caulobacter vibrioides,216,0,,,,,,,,,,,,,,,,
Caulobacter vibrioides,qualibact-v1.0,number,non-normal,225.73611111111111,283.7957823918373,93.0,54.0,222.0,168.0,42.0,1040.0,43.0,996.3000000000004,44.0,908.5,43.0,996.3,44.0,908.5,Caulobacter vibrioides,216,0,,,,,,,,,,,,,,,,
Caulobacter vibrioides,qualibact-v1.0,longest,non-normal,292046.7175925926,157238.28927043627,322801.5,157217.25,454730.0,297512.75,27301.0,456848.0,27316.55,456848.0,28767.875,454874.0,27316.55,456848.0,28767.88,454874.0,Caulobacter vibrioides,216,0,,,,,,,,,,,,,,,,
Caulobacter vibrioides,qualibact-v1.0,GC_Content,non-normal,67.16853055555556,0.029255222573747644,67.17075,67.151525,67.19005,0.038524999999992815,67.0265,67.2348,67.04253750000001,67.2291625,67.10475,67.219825,67.0425,67.2404,67.1048,67.2198,Caulobacter vibrioides,216,8,insufficient_data,67.19253749999999,0.03461224268593418,67.20179999999999,67.169325,67.2159,0.04657500000000425,67.1266,67.2404,67.1278565,67.23974199999999,67.1328825,67.23711,0.4722222222222222,0.04379274596238924,0.025278240740738228
Caulobacter vibrioides,qualibact-v1.0,Completeness_Specific,non-normal,99.96995370370371,0.08047024803997976,100.0,99.99,100.0,0.010000000000005116,99.45,100.0,99.49374999999999,100.0,99.71875,100.0,88.98,100.0,99.72,100.0,Caulobacter vibrioides,216,8,insufficient_data,96.375,3.5084540755153126,97.235,94.88499999999999,99.38499999999999,4.5,88.98,99.43,89.1641,99.42895,89.90050000000001,99.42475,1.0,1.443674769201951e-14,3.594953703703703
Caulobacter vibrioides,qualibact-v1.0,Contamination,non-normal,0.504861111111111,1.0232260978769763,0.04,0.02,0.07250000000000001,0.052500000000000005,0.0,3.32,0.0,3.2835000000000023,0.01,3.0025,0.0,5.86,0.01,3.0,Caulobacter vibrioides,216,8,insufficient_data,3.18875,1.6189999806979618,2.67,1.66,4.7575,3.0975,1.54,5.86,1.54,5.8222000000000005,1.54,5.671,0.8333333333333334,2.5883908696402086e-06,2.6838888888888883
Caulobacter vibrioides,qualibact-v1.0,Total_Coding_Sequences,non-normal,3823.1064814814813,187.51654928108798,3735.5,3721.0,3785.0,64.0,3669.0,4300.0,3670.15,4260.925,3674.0,4245.25,3670.15,4260.92,3674.0,4245.25,Caulobacter vibrioides,216,8,insufficient_data,4065.75,42.27809716626329,4076.0,4045.25,4094.0,48.75,3997.0,4124.0,3997.245,4123.055,3998.225,4119.275,0.8333333333333334,2.5883908696402086e-06,279.625
Caulobacter vibrioides,qualibact-v1.0,Genome_Size,non-normal,4011858.3194444445,16999.459433801825,4015955.0,4006339.0,4024566.75,18227.75,3957149.0,4037472.0,3961380.775,4036686.25,3967770.0,4033645.0,3961380.78,4144051.0,3967770.0,4033645.0,Caulobacter vibrioides,216,8,insufficient_data,4085391.875,47931.44948892506,4090737.5,4041377.25,4127115.75,85738.5,4016947.0,4144051.0,4017639.125,4143814.19,4020407.625,4142866.95,0.8657407407407407,5.574714318139056e-07,73533.55555555556
Chlamydia trachomatis,qualibact-v1.0,N50,non-normal,523181.37439846003,338338.1130057903,545073.0,258535.5,738369.5,479834.0,5468.0,1048938.0,6763.53,1048739.4,11497.050000000001,1044199.3,6763.53,1048739.4,11497.05,1044199.3,Chlamydia trachomatis,1039,0,,,,,,,,,,,,,,,,
Chlamydia trachomatis,qualibact-v1.0,number,non-normal,59.05967276227141,63.0600360190395,35.0,18.0,74.0,56.0,2.0,359.0,2.0,304.80999999999995,4.0,243.24999999999977,2.0,304.81,4.0,243.25,Chlamydia trachomatis,1039,0,,,,,,,,,,,,,,,,
Chlamydia trachomatis,qualibact-v1.0,longest,non-normal,579887.85466795,296842.1737729063,562182.0,453372.5,738369.5,284997.0,21845.0,1048938.0,26964.48,1048739.4,41334.05,1044199.3,26964.48,1048739.4,41334.05,1044199.3,Chlamydia trachomatis,1039,0,,,,,,,,,,,,,,,,
Chlamydia trachomatis,qualibact-v1.0,GC_Content,non-normal,41.37573320500481,0.19301724459911487,41.3078,41.25365,41.42725,0.17360000000000042,40.9812,42.4372,41.137819,42.10031,41.17305,41.90448,41.1378,42.1003,41.1731,41.9045,Chlamydia trachomatis,1039,124,non-normal,41.312587903225804,0.04833369824383509,41.308099999999996,41.293000000000006,41.311525,0.018524999999996794,41.24,41.5296,41.251746499999996,41.5182225,41.2667,41.50811,0.36162252786488247,1.8818519719569994e-13,0.10479203095408113
Chlamydia trachomatis,qualibact-v1.0,Completeness_Specific,non-normal,99.5443792107796,1.3970525051711402,99.84,99.8,99.87,0.07000000000000739,83.36,99.96,90.1518,99.93,94.929,99.9105,90.15,99.93,94.93,99.91,Chlamydia trachomatis,1039,124,non-normal,98.70298387096777,0.8352399499146358,98.88,98.715,98.93,0.2150000000000034,91.61,99.02,92.94455,99.02,97.958,99.02,0.944177093358999,3.7980978732914394e-122,1.000564826601258
Chlamydia trachomatis,qualibact-v1.0,Contamination,non-normal,0.1598941289701636,0.2185231036478721,0.1,0.09,0.13,0.04000000000000001,0.05,2.11,0.05190000000000001,1.5523999999999978,0.07,0.8404999999999995,0.05,7.15,0.07,0.84,Chlamydia trachomatis,1039,124,non-normal,2.1864516129032268,0.9157758860469851,2.22,1.73,2.22,0.4900000000000002,1.73,7.15,1.73,7.15,1.73,6.336249999999987,0.9971126082771896,6.671322541686709e-165,2.0265574839330625
Chlamydia trachomatis,qualibact-v1.0,Total_Coding_Sequences,non-normal,960.4908565928778,47.461180765252614,945.0,927.0,980.0,53.0,901.0,1201.0,904.0,1139.62,907.0,1081.0,904.0,1139.62,907.0,1081.0,Chlamydia trachomatis,1039,124,non-normal,953.2983870967741,6.832063683305121,951.5,950.0,955.0,5.0,935.0,983.0,936.845,982.385,946.075,977.25,0.4853146636033407,2.0513405134865114e-24,29.97276382377596
Chlamydia trachomatis,qualibact-v1.0,Genome_Size,non-normal,1088634.3589990376,43125.77444904304,1078832.0,1058877.0,1105103.0,46226.0,1007605.0,1376008.0,1020151.88,1275137.7999999998,1041522.9,1199951.1499999997,1020151.88,1275137.8,1041522.9,1199951.15,Chlamydia trachomatis,1039,124,non-normal,1046038.2096774194,7898.761535503212,1043453.5,1042555.75,1048577.5,6021.75,1033232.0,1083893.0,1033299.65,1083861.635,1038465.55,1075516.25,0.8017013878108603,7.280493718458519e-75,42879.46721413269
Citrobacter amalonaticus,qualibact-v1.0,N50,non-normal,377175.06403940887,176996.0551594602,351800.0,236823.0,506141.5,269318.5,40528.0,874451.0,65606.44,874116.9,97266.30000000002,739659.0,65606.44,874116.9,97266.3,739659.0,Citrobacter amalonaticus,203,0,,,,,,,,,,,,,,,,
Citrobacter amalonaticus,qualibact-v1.0,number,non-normal,76.64532019704434,44.907922384338484,60.0,47.0,88.5,41.5,26.0,269.0,27.02,266.41000000000054,32.05,193.79999999999995,27.02,266.41,32.05,193.8,Citrobacter amalonaticus,203,0,,,,,,,,,,,,,,,,
Citrobacter amalonaticus,qualibact-v1.0,longest,non-normal,930585.763546798,467968.79207080696,840078.0,622199.5,1148357.5,526158.0,158010.0,2400385.0,188113.09,2400246.93,262420.65,2399657.85,188113.09,2400246.93,262420.65,2399657.85,Citrobacter amalonaticus,203,0,,,,,,,,,,,,,,,,
Citrobacter amalonaticus,qualibact-v1.0,GC_Content,non-normal,53.35514827586208,0.2234726880403578,53.359,53.2384,53.45055,0.21215000000000117,52.8892,53.8851,52.896319,53.884997999999996,52.945209999999996,53.8824,52.8963,53.885,52.9452,53.8824,Citrobacter amalonaticus,203,15,normal,53.33654666666666,0.15667315816338337,53.3493,53.21525,53.42055,0.20530000000000115,53.1149,53.7332,53.115327,53.712689999999995,53.117035,53.630649999999996,0.21412151067323482,0.4744054308146676,0.057303087027915686
Citrobacter amalonaticus,qualibact-v1.0,Completeness_Specific,non-normal,100.0,0.0,100.0,100.0,100.0,0.0,100.0,100.0,100.0,100.0,100.0,100.0,98.42,100.0,100.0,100.0,Citrobacter amalonaticus,203,15,normal,98.94666666666666,0.2460261955339086,99.04,98.795,99.11500000000001,0.3200000000000074,98.42,99.25,98.4312,99.2423,98.476,99.2115,1.0,3.586401975973858e-23,1.0533333333333321
Citrobacter amalonaticus,qualibact-v1.0,Contamination,non-normal,0.09546798029556651,0.12400600934651866,0.05,0.01,0.11499999999999999,0.105,0.0,0.7,0.0,0.6685000000000014,0.0,0.40949999999999986,0.0,3.84,0.0,0.41,Citrobacter amalonaticus,203,15,non-normal,2.820666666666667,0.3732642793279611,2.86,2.615,2.98,0.36499999999999977,2.32,3.84,2.3234999999999997,3.7958999999999996,2.3375,3.6195,1.0,3.586401975973858e-23,2.7251986863711
Citrobacter amalonaticus,qualibact-v1.0,Total_Coding_Sequences,non-normal,4732.56157635468,253.69511569124447,4666.0,4524.5,4869.5,345.0,4344.0,5618.0,4365.08,5355.81,4406.2,5272.8,4365.08,5658.0,4406.2,5272.8,Citrobacter amalonaticus,203,15,non-normal,4873.0,276.33795733967975,4879.0,4661.0,4939.0,278.0,4542.0,5658.0,4542.35,5627.2,4543.75,5504.0,0.36617405582922824,0.03489231343145079,147.55960591133004
Citrobacter amalonaticus,qualibact-v1.0,Genome_Size,non-normal,5001338.315270936,204211.1682133791,4962231.0,4842120.5,5137563.5,295443.0,4686131.0,5621088.0,4689886.01,5511708.7,4704845.6,5434943.3,4689886.01,5875351.0,4704845.6,5434943.3,Citrobacter amalonaticus,203,15,non-normal,5049861.533333333,263805.5880123004,5048670.0,4876001.5,5096642.0,220640.5,4760500.0,5875351.0,4762953.08,5836134.76,4772765.4,5679269.8,0.193431855500821,0.6025525232310482,75784.83513957306
Citrobacter braakii,qualibact-v1.0,N50,non-normal,353952.586102719,244625.9748926062,306962.0,142510.0,488960.5,346450.5,68651.0,1185478.0,77052.75,999411.4500000002,85932.0,905696.5,77052.75,999411.45,85932.0,905696.5,Citrobacter braakii,331,0,,,,,,,,,,,,,,,,
Citrobacter braakii,qualibact-v1.0,number,non-normal,111.29003021148036,70.66174386199665,85.0,49.5,179.0,129.5,24.0,295.0,25.65,271.60000000000036,28.0,252.0,25.65,271.6,28.0,252.0,Citrobacter braakii,331,0,,,,,,,,,,,,,,,,
Citrobacter braakii,qualibact-v1.0,longest,non-normal,803445.1450151057,466400.07523098815,725825.0,411296.0,1014400.5,603104.5,209797.0,2341834.0,215144.25,2255340.9000000022,229856.0,1892617.5,215144.25,2255340.9,229856.0,1892617.5,Citrobacter braakii,331,0,,,,,,,,,,,,,,,,
Citrobacter braakii,qualibact-v1.0,GC_Content,non-normal,52.02742205438066,0.14280387824037738,52.0628,51.9435,52.13245,0.1889499999999984,51.61,52.2842,51.634805,52.251615,51.68965,52.237750000000005,51.138,52.2516,51.6896,52.2378,Citrobacter braakii,331,44,non-normal,51.99967954545455,0.20115301907158042,52.046499999999995,51.93885,52.114025,0.17517499999999586,51.138,52.2445,51.226558499999996,52.243747500000005,51.557542500000004,52.2377075,0.09729469925844549,0.8178050332198259,0.034388759956055816
Citrobacter braakii,qualibact-v1.0,Completeness_Specific,non-normal,100.0,0.0,100.0,100.0,100.0,0.0,100.0,100.0,100.0,100.0,100.0,100.0,97.75,100.0,100.0,100.0,Citrobacter braakii,331,44,non-normal,99.37045454545455,0.5549076685910528,99.56,99.25,99.7825,0.5324999999999989,97.75,99.83,97.79514999999999,99.83,97.972,99.82775,1.0,4.0629200907712034e-58,0.6295454545454526
Citrobacter braakii,qualibact-v1.0,Contamination,non-normal,0.3446525679758308,0.28101367571261415,0.25,0.14,0.46,0.32,0.02,1.57,0.04,1.4975000000000012,0.06,1.0875000000000001,0.04,5.62,0.06,1.09,Citrobacter braakii,331,44,non-normal,2.995,0.9652142955653092,2.58,2.4025,3.525,1.1225,1.78,5.62,1.8058,5.5684,1.9044999999999999,5.3439999999999985,1.0,4.0629200907712034e-58,2.650347432024169
Citrobacter braakii,qualibact-v1.0,Total_Coding_Sequences,non-normal,4926.921450151058,336.6594645014164,4837.0,4617.0,5202.5,585.5,4413.0,5807.0,4436.25,5761.4000000000015,4473.5,5592.75,4436.25,6161.0,4473.5,5592.75,Citrobacter braakii,331,44,non-normal,5037.136363636364,423.1444837549362,4872.5,4706.75,5268.25,561.5,4568.0,6161.0,4576.815,6135.415,4609.975,6021.074999999999,0.21134303762702555,0.05262695007619252,133.9328481186487
Citrobacter braakii,qualibact-v1.0,Genome_Size,non-normal,5169113.332326284,259068.741189692,5107767.0,4923980.5,5375588.0,451607.5,4710085.0,5881441.0,4773279.85,5834668.200000002,4812890.5,5710719.25,4773279.85,6171839.0,4812890.5,5710719.25,Citrobacter braakii,331,44,non-normal,5194091.5,358057.79034272337,5018527.5,4943060.25,5438224.5,495164.25,4817760.0,6171839.0,4821418.01,6134817.289999999,4835321.425,5980729.85,0.1865558912386707,0.11627021821279125,99918.88876682229
Citrobacter farmeri,qualibact-v1.0,N50,non-normal,345512.42307692306,201958.48828927748,285018.5,179173.5,474179.25,295005.75,50212.0,1001837.0,54012.985,909898.0549999985,95533.175,800632.8249999994,54012.98,909898.05,95533.18,800632.82,Citrobacter farmeri,130,0,,,,,,,,,,,,,,,,
Citrobacter farmeri,qualibact-v1.0,number,non-normal,113.20769230769231,65.21027481025058,94.5,58.25,160.0,101.75,24.0,292.0,24.645,285.5499999999999,34.225,252.77499999999998,24.64,285.55,34.22,252.77,Citrobacter farmeri,130,0,,,,,,,,,,,,,,,,
Citrobacter farmeri,qualibact-v1.0,longest,non-normal,911657.223076923,522924.77825867175,792672.5,479127.5,1259076.0,779948.5,151551.0,2518452.0,170568.18,2501589.7649999997,274808.0,2073454.3749999986,170568.18,2501589.76,274808.0,2073454.37,Citrobacter farmeri,130,0,,,,,,,,,,,,,,,,
Citrobacter farmeri,qualibact-v1.0,GC_Content,non-normal,53.047360000000005,0.2070951856960019,53.0769,52.870599999999996,53.212075,0.34147500000000264,52.4942,53.4571,52.496393,53.397115,52.6602025,53.321575,52.4964,53.4012,52.6602,53.3216,Citrobacter farmeri,130,4,insufficient_data,53.1021,0.21697005553762552,53.106750000000005,52.996275,53.212575,0.21630000000000393,52.7937,53.4012,52.797751500000004,53.397427500000006,52.8139575,53.382337500000006,0.2423076923076923,0.9369195773673987,0.07059923076923175
Citrobacter farmeri,qualibact-v1.0,Completeness_Specific,non-normal,100.0,0.0,100.0,100.0,100.0,0.0,100.0,100.0,100.0,100.0,100.0,100.0,98.36,100.0,100.0,100.0,Citrobacter farmeri,130,4,insufficient_data,98.8575,0.33929154130334527,98.9,98.66,99.0975,0.4375,98.36,99.27,98.366,99.26655,98.39,99.25274999999999,1.0,1.5575412995704082e-07,1.1424999999999983
Citrobacter farmeri,qualibact-v1.0,Contamination,non-normal,0.3637692307692308,0.4223692613098262,0.15000000000000002,0.07,0.4375,0.3675,0.0,1.51,0.006450000000000001,1.4906499999999996,0.01,1.28775,0.01,5.68,0.01,1.29,Citrobacter farmeri,130,4,insufficient_data,4.2325,1.0288677028656308,4.135,3.4524999999999997,4.915,1.4625000000000004,2.98,5.68,2.98945,5.6647,3.02725,5.6034999999999995,1.0,1.5575412995704082e-07,3.86873076923077
Citrobacter farmeri,qualibact-v1.0,Total_Coding_Sequences,non-normal,5146.0615384615385,334.5925594337124,5220.0,4843.5,5390.75,547.25,4547.0,5940.0,4548.29,5894.204999999999,4604.45,5826.4749999999985,4548.29,5894.2,4604.45,5826.47,Citrobacter farmeri,130,4,insufficient_data,5095.75,369.458641122386,5015.5,4745.25,5366.0,620.75,4743.0,5609.0,4743.045,5604.14,4743.225,5584.7,0.36153846153846153,0.58738651656745,120.50384615384615
Citrobacter farmeri,qualibact-v1.0,Genome_Size,non-normal,5370863.823076923,263671.7091109982,5425550.0,5122505.25,5591658.0,469152.75,4921761.0,5958290.0,4928830.2,5952117.995,4938376.275,5876761.274999999,4928830.2,5952118.0,4938376.28,5876761.28,Citrobacter farmeri,130,4,insufficient_data,5266004.0,314740.0529977079,5191786.0,4973879.5,5483910.5,510031.0,4964815.0,5715629.0,4964996.29,5710994.63,4965721.45,5692457.15,0.45384615384615384,0.303278834703671,129704.14615384616
Citrobacter freundii,qualibact-v1.0,N50,non-normal,246589.04859086493,129547.57344635314,216639.0,153200.0,299478.75,146278.75,39282.0,800213.0,58755.26,730637.2599999983,81283.0,569859.175,58755.26,730637.26,81283.0,569859.18,Citrobacter freundii,2058,0,,,,,,,,,,,,,,,,
Citrobacter freundii,qualibact-v1.0,number,non-normal,129.61807580174928,53.02671735951818,121.0,93.0,159.0,66.0,32.0,450.0,36.285,318.71999999999935,49.0,249.57500000000005,36.28,318.72,49.0,249.58,Citrobacter freundii,2058,0,,,,,,,,,,,,,,,,
Citrobacter freundii,qualibact-v1.0,longest,non-normal,604254.983479106,249812.7504742034,552064.5,431078.25,745823.25,314745.0,139150.0,1841698.0,187442.96,1622426.5199999993,239573.975,1207380.6750000003,187442.96,1622426.52,239573.98,1207380.68,Citrobacter freundii,2058,0,,,,,,,,,,,,,,,,
Citrobacter freundii,qualibact-v1.0,GC_Content,normal,51.692060689990285,0.14722626469962946,51.69655,51.5921,51.786575,0.19447499999999707,51.1308,52.3702,51.314041499999995,52.043929999999996,51.397185,51.9774075,51.2081,52.0479,51.3972,51.9774,Citrobacter freundii,2058,196,normal,51.674439285714286,0.1507597464866343,51.68955,51.594925,51.79195,0.19702499999999645,51.2081,52.0479,51.2700125,52.020405000000004,51.3626375,51.915275,0.07240038872691934,0.291792010034672,0.018904494655004937
Citrobacter freundii,qualibact-v1.0,Completeness_Specific,non-normal,99.9999951409135,0.00022037979534410819,100.0,100.0,100.0,0.0,99.99,100.0,100.0,100.0,100.0,100.0,94.0,100.0,100.0,100.0,Citrobacter freundii,2058,196,non-normal,97.10163265306122,1.2227379730631223,97.535,96.41,97.9525,1.542500000000004,94.0,99.32,94.06824999999999,99.32,94.50750000000001,98.97250000000001,1.0,4.181433572170494e-288,2.898362487852284
Citrobacter freundii,qualibact-v1.0,Contamination,non-normal,0.3725704567541302,0.32504115182672016,0.27,0.14,0.52,0.38,0.0,2.81,0.01,1.5442999999999985,0.03,1.2657500000000004,0.01,10.02,0.03,1.27,Citrobacter freundii,2058,196,non-normal,4.337448979591836,1.7941567920155956,4.18,2.94,5.4875,2.5475,0.71,10.02,0.71,10.0005,1.2737500000000002,8.02875,0.9635568513119533,5.993630901837484e-220,3.964878522837706
Citrobacter freundii,qualibact-v1.0,Total_Coding_Sequences,non-normal,5150.344023323615,278.9394154445993,5140.0,4959.25,5338.0,378.75,4392.0,6016.0,4514.0,5839.0,4605.275,5711.6,4514.0,6110.0,4605.27,5711.6,Citrobacter freundii,2058,196,normal,5292.423469387755,329.7047059455737,5317.0,5054.0,5519.0,465.0,4590.0,6110.0,4660.2,6056.375,4715.0,5940.625,0.23445092322643343,4.0165227741398514e-09,142.0794460641399
Citrobacter freundii,qualibact-v1.0,Genome_Size,non-normal,5340579.878036929,220180.38577577146,5329930.5,5200314.75,5496321.25,296006.5,4734352.0,6058308.0,4837813.44,5879250.6049999995,4912005.275,5780133.05,4809559.0,6062955.0,4912005.28,5780133.05,Citrobacter freundii,2058,196,normal,5383273.270408163,270411.78109292936,5397364.0,5170900.75,5567640.75,396740.0,4809559.0,6062955.0,4874414.05,6043141.05,4915058.875,5914720.25,0.1348396501457726,0.002694945824896457,62824.394314868805
Citrobacter koseri,qualibact-v1.0,N50,non-normal,536819.5471014492,262908.32781406323,488620.0,396574.25,681403.0,284828.75,65250.0,2510802.0,80914.75,2039393.25,135071.625,947638.625,80914.75,2039393.25,135071.62,947638.62,Citrobacter koseri,276,0,,,,,,,,,,,,,,,,
Citrobacter koseri,qualibact-v1.0,number,non-normal,51.38405797101449,25.381529991162697,44.0,37.0,55.25,18.25,23.0,185.0,23.0,172.75,26.0,131.5,23.0,172.75,26.0,131.5,Citrobacter koseri,276,0,,,,,,,,,,,,,,,,
Citrobacter koseri,qualibact-v1.0,longest,non-normal,1194269.6594202898,524125.0438629235,1136820.5,744093.0,1621242.75,877149.75,231334.0,2510802.0,265980.75,2447942.625,363699.125,2200804.5,265980.75,2447942.62,363699.12,2200804.5,Citrobacter koseri,276,0,,,,,,,,,,,,,,,,
Citrobacter koseri,qualibact-v1.0,GC_Content,non-normal,53.759771014492756,0.09490889850226301,53.7742,53.7235,53.80685,0.08334999999999582,53.3484,53.9863,53.384625,53.970237499999996,53.515025,53.93495,53.2365,53.9702,53.515,53.935,Citrobacter koseri,276,36,non-normal,53.72547777777777,0.15892797130061226,53.772850000000005,53.7095,53.827025,0.11752500000000055,53.2365,53.9451,53.2536675,53.933234999999996,53.3223375,53.885774999999995,0.14251207729468598,0.49358212181811634,0.04530966183574826
Citrobacter koseri,qualibact-v1.0,Completeness_Specific,non-normal,100.0,0.0,100.0,100.0,100.0,0.0,100.0,100.0,100.0,100.0,100.0,100.0,98.05,100.0,100.0,100.0,Citrobacter koseri,276,36,non-normal,99.47611111111111,0.43291183204087597,99.595,99.39,99.8025,0.4124999999999943,98.05,99.86,98.13925,99.86,98.49625,99.86,1.0,9.868069139282594e-48,0.5238888888888897
Citrobacter koseri,qualibact-v1.0,Contamination,non-normal,0.06666666666666667,0.12411328003156327,0.03,0.0,0.05,0.05,0.0,0.57,0.0,0.56,0.0,0.54,0.0,1.47,0.0,0.54,Citrobacter koseri,276,36,non-normal,0.5402777777777777,0.3505272703855588,0.41,0.295,0.7275,0.43250000000000005,0.08,1.47,0.094,1.4612500000000002,0.15,1.42625,0.8707729468599034,3.778630803958542e-27,0.4736111111111111
Citrobacter koseri,qualibact-v1.0,Total_Coding_Sequences,normal,4454.322463768116,145.17610870545258,4471.0,4346.5,4560.0,213.5,4136.0,4943.0,4170.75,4799.875,4197.75,4755.5,4170.75,5119.0,4197.75,4755.5,Citrobacter koseri,276,36,normal,4625.0,190.1985804363429,4598.0,4500.75,4707.5,206.75,4321.0,5119.0,4321.175,5106.225,4321.875,5055.125,0.3743961352657005,0.0001682999466605693,170.67753623188406
Citrobacter koseri,qualibact-v1.0,Genome_Size,normal,4786309.789855072,117135.75333773765,4811125.0,4690942.5,4869054.5,178112.0,4496670.0,5148538.0,4538294.0,5082498.125,4576211.625,4995873.875,4538294.0,5270494.0,4576211.62,4995873.88,Citrobacter koseri,276,36,normal,4840409.583333333,154805.66607602919,4805644.5,4733270.5,4927024.5,193754.0,4581001.0,5270494.0,4581003.975,5245077.7,4581015.875,5143412.5,0.25,0.030898746362107533,56016.646135265706
Citrobacter portucalensis,qualibact-v1.0,N50,non-normal,302834.3031784841,197345.89938958356,244876.0,167633.0,395806.0,228173.0,32049.0,1038585.0,59764.56,1024522.7199999992,74717.4,858661.6000000002,59764.56,1024522.72,74717.4,858661.6,Citrobacter portucalensis,409,0,,,,,,,,,,,,,,,,
Citrobacter portucalensis,qualibact-v1.0,number,non-normal,120.96332518337408,63.90867662811019,111.0,70.0,154.0,84.0,26.0,368.0,28.0,355.1999999999996,39.0,274.6,28.0,355.2,39.0,274.6,Citrobacter portucalensis,409,0,,,,,,,,,,,,,,,,
Citrobacter portucalensis,qualibact-v1.0,longest,non-normal,723039.8557457213,374045.90135554405,626338.0,469841.0,914538.0,444697.0,126378.0,2016693.0,176413.6,1981392.3599999987,256976.0,1763134.8000000003,176413.6,1981392.36,256976.0,1763134.8,Citrobacter portucalensis,409,0,,,,,,,,,,,,,,,,
Citrobacter portucalensis,qualibact-v1.0,GC_Content,non-normal,51.833128117359415,0.15390579396108844,51.8611,51.7194,51.9489,0.2295000000000016,51.4305,52.1217,51.45986,52.113224,51.54748,52.09182,51.3472,52.1132,51.5475,52.0918,Citrobacter portucalensis,409,57,normal,51.84077192982456,0.18640226709183944,51.8708,51.7263,51.9983,0.27199999999999847,51.3472,52.1031,51.361844000000005,52.101756,51.441860000000005,52.09582,0.1862051216059709,0.0537143473607797,0.029582087247458328
Citrobacter portucalensis,qualibact-v1.0,Completeness_Specific,non-normal,100.0,0.0,100.0,100.0,100.0,0.0,100.0,100.0,100.0,100.0,100.0,100.0,96.46,100.0,100.0,100.0,Citrobacter portucalensis,409,57,non-normal,99.3280701754386,0.6378842181596612,99.59,99.1,99.76,0.6600000000000108,96.46,99.91,96.8156,99.882,97.82600000000001,99.81,1.0,2.3026841658171976e-74,0.6719298245614034
Citrobacter portucalensis,qualibact-v1.0,Contamination,non-normal,0.20141809290953544,0.20441327275525578,0.12,0.07,0.25,0.18,0.0,1.33,0.01,1.1067999999999985,0.02,0.7480000000000001,0.01,3.72,0.02,0.75,Citrobacter portucalensis,409,57,non-normal,1.2457894736842106,0.7956393156392858,1.06,0.66,1.64,0.9799999999999999,0.18,3.72,0.18,3.6835999999999998,0.20400000000000001,3.5180000000000002,0.7680264230257796,1.4621904988040136e-30,1.044371380774675
Citrobacter portucalensis,qualibact-v1.0,Total_Coding_Sequences,non-normal,4949.432762836186,281.7783137420279,4974.0,4749.0,5144.0,395.0,4238.0,5689.0,4366.52,5608.36,4441.0,5460.8,4366.52,5669.0,4441.0,5460.8,Citrobacter portucalensis,409,57,normal,5087.736842105263,312.96418304772425,5122.0,4835.0,5294.0,459.0,4514.0,5669.0,4524.92,5663.68,4582.6,5631.6,0.2610989576631064,0.0016855018740751016,138.4654484622314
Citrobacter portucalensis,qualibact-v1.0,Genome_Size,non-normal,5183360.677261613,221958.69086588678,5198012.0,5008004.0,5335624.0,327620.0,4616281.0,5758583.0,4728667.44,5716285.239999999,4766386.0,5584691.4,4694654.0,5779133.0,4766386.0,5584691.4,Citrobacter portucalensis,409,57,normal,5243622.7894736845,259828.73625786504,5264541.0,5050184.0,5405390.0,355206.0,4694654.0,5779133.0,4731355.28,5762174.24,4846497.6,5707840.4,0.2040063483893107,0.026286842276694804,65983.24642903103
Citrobacter rodentium,qualibact-v1.0,N50,non-normal,89395.69260700389,5416.074776019946,89211.0,88017.0,93974.0,5957.0,54683.0,95409.0,58268.44,95115.0,75893.40000000001,94240.0,58268.44,95115.0,75893.4,94240.0,Citrobacter rodentium,257,0,,,,,,,,,,,,,,,,
Citrobacter rodentium,qualibact-v1.0,number,non-normal,205.59922178988327,16.64971224022586,210.0,190.0,220.0,30.0,175.0,260.0,176.28,248.2,180.4,229.6,176.28,248.2,180.4,229.6,Citrobacter rodentium,257,0,,,,,,,,,,,,,,,,
Citrobacter rodentium,qualibact-v1.0,longest,non-normal,284353.280155642,7580.375372836634,286502.0,286500.0,287276.0,776.0,236659.0,287296.0,236691.4,287296.0,272168.0,287296.0,236691.4,287296.0,272168.0,287296.0,Citrobacter rodentium,257,0,,,,,,,,,,,,,,,,
Citrobacter rodentium,qualibact-v1.0,GC_Content,non-normal,54.57205914396887,0.023702204088325574,54.5669,54.5651,54.5786,0.013500000000000512,54.5233,54.7088,54.533812,54.691272,54.540079999999996,54.65798,54.5338,54.7221,54.5401,54.658,Citrobacter rodentium,257,3,insufficient_data,54.6333,0.07022027247644608,54.6274,54.5889,54.67475,0.08585000000000065,54.5504,54.7221,54.551170000000006,54.721153,54.55425,54.717365,0.6316472114137484,0.10802867779611967,0.06805071335927279
Citrobacter rodentium,qualibact-v1.0,Completeness_Specific,non-normal,100.0,0.0,100.0,100.0,100.0,0.0,100.0,100.0,100.0,100.0,100.0,100.0,99.04,100.0,100.0,100.0,Citrobacter rodentium,257,3,insufficient_data,99.15333333333335,0.1532608524343032,99.05,99.045,99.21000000000001,0.16500000000000625,99.04,99.37,99.04010000000001,99.3668,99.04050000000001,99.354,1.0,6.9069836511697e-07,0.846666666666664
Citrobacter rodentium,qualibact-v1.0,Contamination,non-normal,0.010894941634241248,0.0028545570258297617,0.01,0.01,0.01,0.0,0.01,0.02,0.01,0.02,0.01,0.02,0.01,0.21,0.01,0.02,Citrobacter rodentium,257,3,insufficient_data,0.21,0.0,0.21,0.21,0.21,0.0,0.21,0.21,0.21,0.21,0.21,0.21,1.0,6.9069836511697e-07,0.19910505836575876
Citrobacter rodentium,qualibact-v1.0,Total_Coding_Sequences,non-normal,5006.077821011673,27.951489632645995,5016.0,4986.0,5030.0,44.0,4909.0,5042.0,4910.28,5040.72,4923.2,5037.0,4910.28,5227.0,4923.2,5037.0,Citrobacter rodentium,257,3,insufficient_data,5175.333333333333,46.13265895460852,5184.0,5149.5,5205.5,56.0,5115.0,5227.0,5115.69,5226.57,5118.45,5224.85,1.0,6.9069836511697e-07,169.2555123216602
Citrobacter rodentium,qualibact-v1.0,Genome_Size,non-normal,5274928.929961089,17544.818617305813,5279094.0,5269111.0,5285727.0,16616.0,5186785.0,5292015.0,5188342.28,5288842.32,5201945.2,5286869.6,5188342.28,5444283.0,5201945.2,5286869.6,Citrobacter rodentium,257,3,insufficient_data,5390749.0,40362.61382352073,5381137.0,5363982.0,5412710.0,48728.0,5346827.0,5444283.0,5347170.1,5443651.54,5348542.5,5441125.7,1.0,6.9069836511697e-07,115820.07003891052
Citrobacter sedlakii,qualibact-v1.0,N50,non-normal,499622.41,172977.18535310344,492825.0,376735.25,604450.0,227714.75,195488.0,1056900.0,196643.33,1037991.9899999999,214770.0,929314.9999999984,196643.33,1037991.99,214770.0,929315.0,Citrobacter sedlakii,100,0,,,,,,,,,,,,,,,,
Citrobacter sedlakii,qualibact-v1.0,number,non-normal,65.39,23.617322032779246,58.5,50.0,75.5,25.5,26.0,156.0,29.465,148.07999999999993,35.0,123.62499999999996,29.46,148.08,35.0,123.62,Citrobacter sedlakii,100,0,,,,,,,,,,,,,,,,
Citrobacter sedlakii,qualibact-v1.0,longest,normal,1039622.42,322970.23190356663,1017299.5,790844.25,1278938.5,488094.25,449388.0,1741678.0,477121.365,1722480.91,518779.225,1670550.75,477121.36,1722480.91,518779.22,1670550.75,Citrobacter sedlakii,100,0,,,,,,,,,,,,,,,,
Citrobacter sedlakii,qualibact-v1.0,GC_Content,non-normal,54.60256899999999,0.1571871996665123,54.6374,54.51445,54.70795,0.19350000000000023,54.1225,54.8549,54.1791775,54.854801,54.25108,54.839735,54.1792,54.8548,54.2511,54.8397,Citrobacter sedlakii,100,1,insufficient_data,54.347,0.0,54.347,54.347,54.347,0.0,54.347,54.347,54.347,54.347,54.347,54.347,0.91,0.19801980198019797,0.27402899999999886
Citrobacter sedlakii,qualibact-v1.0,Completeness_Specific,non-normal,100.0,0.0,100.0,100.0,100.0,0.0,100.0,100.0,100.0,100.0,100.0,100.0,98.81,100.0,100.0,100.0,Citrobacter sedlakii,100,1,insufficient_data,98.81,0.0,98.81,98.81,98.81,0.0,98.81,98.81,98.81,98.81,98.81,98.81,1.0,0.019801980198019802,1.1899999999999977
Citrobacter sedlakii,qualibact-v1.0,Contamination,non-normal,0.0119,0.019010260387485493,0.0,0.0,0.02,0.02,0.0,0.14,0.0,0.10039999999999964,0.0,0.05524999999999992,0.0,1.44,0.0,0.06,Citrobacter sedlakii,100,1,insufficient_data,1.44,0.0,1.44,1.44,1.44,0.0,1.44,1.44,1.44,1.44,1.44,1.44,1.0,0.019801980198019802,1.4281
Citrobacter sedlakii,qualibact-v1.0,Total_Coding_Sequences,non-normal,4414.59,194.06824031767798,4340.0,4281.0,4531.5,250.5,4126.0,5037.0,4128.475,5026.605,4185.4,4849.4,4128.48,5026.6,4185.4,4849.4,Citrobacter sedlakii,100,1,insufficient_data,4771.0,0.0,4771.0,4771.0,4771.0,0.0,4771.0,4771.0,4771.0,4771.0,4771.0,4771.0,0.94,0.13861386138613865,370.47
Citrobacter sedlakii,qualibact-v1.0,Genome_Size,non-normal,4740576.79,155442.6577293566,4683096.5,4643626.75,4842880.5,199253.75,4501312.0,5162130.0,4501994.11,5159942.595,4537798.025,5083189.774999999,4501994.11,5159942.6,4537798.03,5083189.77,Citrobacter sedlakii,100,1,insufficient_data,4967243.0,0.0,4967243.0,4967243.0,4967243.0,0.0,4967243.0,4967243.0,4967243.0,4967243.0,4967243.0,4967243.0,0.89,0.23762376237623756,247578.37
Citrobacter werkmanii,qualibact-v1.0,N50,non-normal,740763.918367347,738189.2542816451,482650.0,332565.0,779333.0,446768.0,36321.0,2716527.0,50612.24,2706074.22,107244.5,2671841.8000000003,50612.24,2706074.22,107244.5,2671841.8,Citrobacter werkmanii,245,0,,,,,,,,,,,,,,,,
Citrobacter werkmanii,qualibact-v1.0,number,non-normal,81.26938775510204,58.44754216679639,57.0,44.0,100.0,56.0,24.0,334.0,25.0,294.06000000000006,29.1,256.9,25.0,294.06,29.1,256.9,Citrobacter werkmanii,245,0,,,,,,,,,,,,,,,,
Citrobacter werkmanii,qualibact-v1.0,longest,non-normal,1242646.8163265307,699982.6651407781,1006259.0,755605.0,1707609.0,952004.0,167961.0,2716527.0,241020.9,2706074.22,281304.5,2671841.8000000003,241020.9,2706074.22,281304.5,2671841.8,Citrobacter werkmanii,245,0,,,,,,,,,,,,,,,,
Citrobacter werkmanii,qualibact-v1.0,GC_Content,normal,52.041564489795924,0.11539261181494423,52.0476,51.9662,52.1307,0.16449999999999676,51.7093,52.3215,51.73327,52.294738,51.80664,52.24713,51.7333,52.2947,51.8066,52.2471,Citrobacter werkmanii,245,7,insufficient_data,52.0199,0.14749800967180055,51.9987,51.91265,52.12575,0.21309999999999718,51.8096,52.2542,51.811592000000005,52.251788,51.81956,52.24214,0.2612244897959184,0.658424888716787,0.049245714285713976
Citrobacter werkmanii,qualibact-v1.0,Completeness_Specific,non-normal,100.0,0.0,100.0,100.0,100.0,0.0,100.0,100.0,100.0,100.0,100.0,100.0,99.17,100.0,100.0,100.0,Citrobacter werkmanii,245,7,insufficient_data,99.49000000000001,0.17720045146669253,99.48,99.41,99.595,0.18500000000000227,99.17,99.77,99.1772,99.7661,99.206,99.7505,1.0,1.6988818355377104e-13,0.510000000000001
Citrobacter werkmanii,qualibact-v1.0,Contamination,non-normal,0.3745306122448979,0.3164965810203711,0.26,0.19,0.43,0.24,0.03,1.67,0.05,1.3878,0.06,1.149,0.05,4.09,0.06,1.15,Citrobacter werkmanii,245,7,insufficient_data,2.7985714285714285,0.764487289839753,2.59,2.19,3.35,1.1600000000000001,1.83,4.09,1.8348,4.0702,1.854,3.9909999999999997,1.0,1.6988818355377104e-13,2.4240408163265306
Citrobacter werkmanii,qualibact-v1.0,Total_Coding_Sequences,non-normal,4849.9795918367345,353.57004269834704,4786.0,4585.0,4974.0,389.0,4388.0,5919.0,4421.06,5915.56,4450.0,5894.9,4421.06,5915.56,4450.0,5894.9,Citrobacter werkmanii,245,7,insufficient_data,4997.428571428572,141.9435070148454,5004.0,4890.0,5069.5,179.5,4808.0,5251.0,4808.72,5246.08,4811.6,5226.4,0.5306122448979592,0.02667218474189804,238.42040816326536
Citrobacter werkmanii,qualibact-v1.0,Genome_Size,non-normal,5120117.269387756,282144.7674935704,5073713.0,4910316.0,5233347.0,323031.0,4720877.0,5947843.0,4780187.62,5947354.36,4805956.4,5942563.6,4780187.62,5947354.36,4805956.4,5942563.6,Citrobacter werkmanii,245,7,insufficient_data,5164366.428571428,105283.27111431622,5142338.0,5077937.0,5219274.5,141337.5,5049303.0,5364501.0,5049685.44,5361170.07,5051215.2,5347846.35,0.46122448979591835,0.07834171421719577,142490.98775510208
Citrobacter youngae,qualibact-v1.0,N50,non-normal,393956.1884057971,190876.8312811956,350695.0,262119.75,485253.75,223134.0,122116.0,1115083.0,122490.695,1115083.0,136775.425,875867.8249999982,122490.7,1115083.0,136775.42,875867.82,Citrobacter youngae,138,0,,,,,,,,,,,,,,,,
Citrobacter youngae,qualibact-v1.0,number,non-normal,94.66666666666667,53.40701432156605,78.5,48.25,138.0,89.75,27.0,223.0,30.425,220.26,34.0,210.0,30.42,220.26,34.0,210.0,Citrobacter youngae,138,0,,,,,,,,,,,,,,,,
Citrobacter youngae,qualibact-v1.0,longest,non-normal,867648.5724637681,337819.6735572356,734382.0,660216.0,1005617.75,345401.75,319328.0,1976741.0,336110.5,1893594.3299999996,368157.2,1636008.9749999999,336110.5,1893594.33,368157.2,1636008.98,Citrobacter youngae,138,0,,,,,,,,,,,,,,,,
Citrobacter youngae,qualibact-v1.0,GC_Content,non-normal,51.70719927536233,0.14995245405706356,51.72925,51.594575,51.829525000000004,0.23495000000000488,51.379,51.9982,51.3855075,51.965388499999996,51.40014,51.9277775,51.1635,51.9654,51.4001,51.9278,Citrobacter youngae,138,4,insufficient_data,51.564699999999995,0.24866315569460576,51.64915,51.4563,51.757549999999995,0.301249999999996,51.1635,51.797,51.169356,51.796211,51.19278,51.793054999999995,0.3333333333333333,0.6808320918931621,0.14374130434782711
Citrobacter youngae,qualibact-v1.0,Completeness_Specific,non-normal,100.0,0.0,100.0,100.0,100.0,0.0,100.0,100.0,100.0,100.0,100.0,100.0,96.05,100.0,100.0,100.0,Citrobacter youngae,138,4,insufficient_data,98.4375,1.385881939416199,99.16499999999999,98.2625,99.34,1.0775000000000006,96.05,99.37,96.09425,99.3694,96.27125,99.367,1.0,1.2319439366953297e-07,1.5625
Citrobacter youngae,qualibact-v1.0,Contamination,non-normal,0.2706521739130434,0.2067772256463432,0.18,0.1,0.3875,0.2875,0.04,0.8,0.04685,0.7657499999999999,0.06425,0.69,0.05,2.93,0.06,0.69,Citrobacter youngae,138,4,insufficient_data,2.0975,0.6045401144671874,2.06,1.6475,2.5100000000000002,0.8625000000000003,1.34,2.93,1.3461500000000002,2.9216,1.3707500000000001,2.888,1.0,1.2319439366953297e-07,1.8268478260869565
Citrobacter youngae,qualibact-v1.0,Total_Coding_Sequences,non-normal,4848.275362318841,356.58850087769525,4770.0,4559.75,5151.75,592.0,4275.0,5560.0,4293.495,5559.315,4372.225,5555.575,4293.5,6032.0,4372.23,5555.58,Citrobacter youngae,138,4,insufficient_data,5307.25,482.6553506385276,5214.0,4935.5,5585.75,650.25,4769.0,6032.0,4772.33,6023.075,4785.65,5987.375,0.4927536231884058,0.2141660617308629,458.9746376811594
Citrobacter youngae,qualibact-v1.0,Genome_Size,non-normal,5059190.695652174,295361.4723599407,4992603.5,4811099.0,5322408.75,511309.75,4587143.0,5644983.0,4607053.21,5642295.06,4662880.425,5631861.7,4607053.21,6000265.0,4662880.42,5631861.7,Citrobacter youngae,138,4,insufficient_data,5386414.5,435518.79672495194,5339019.0,5046836.0,5678597.5,631761.5,4867355.0,6000265.0,4870944.62,5993831.65,4885303.1,5968098.25,0.427536231884058,0.37450159398146093,327223.8043478261
Clostridium beijerinckii,qualibact-v1.0,N50,non-normal,156898.51,23953.498208610366,169715.0,147340.0,172039.0,24699.0,86217.0,218909.0,92060.97,205240.5649999999,101246.675,185011.5249999999,92060.97,205240.56,101246.68,185011.52,Clostridium beijerinckii,100,0,,,,,,,,,,,,,,,,
Clostridium beijerinckii,qualibact-v1.0,number,non-normal,190.26,25.890778281079154,189.5,173.75,199.0,25.25,111.0,291.0,120.405,281.0999999999999,144.0,256.4499999999998,120.4,281.1,144.0,256.45,Clostridium beijerinckii,100,0,,,,,,,,,,,,,,,,
Clostridium beijerinckii,qualibact-v1.0,longest,normal,538840.55,118309.85292589752,574906.0,459426.0,575086.0,115660.0,304052.0,754722.0,304052.0,754722.0,304076.0,753910.725,304052.0,754722.0,304076.0,753910.72,Clostridium beijerinckii,100,0,,,,,,,,,,,,,,,,
Clostridium beijerinckii,qualibact-v1.0,GC_Content,normal,29.662558999999998,0.02622995651921682,29.666449999999998,29.659475,29.67235,0.01287500000000108,29.5989,29.7466,29.605929,29.7444715,29.6144325,29.70915,29.6059,30.0022,29.6144,29.7092,Clostridium beijerinckii,100,12,normal,29.869716666666665,0.05304017083515287,29.869300000000003,29.846375,29.895725000000002,0.049350000000004,29.7884,30.0022,29.7892855,29.9968045,29.7928275,29.975222499999997,1.0,4.528057864788542e-16,0.20715766666666688
Clostridium beijerinckii,qualibact-v1.0,Completeness_Specific,non-normal,100.0,0.0,100.0,100.0,100.0,0.0,100.0,100.0,100.0,100.0,100.0,100.0,88.17,100.0,100.0,100.0,Clostridium beijerinckii,100,12,normal,93.25083333333333,2.8216320877975734,92.895,92.2225,95.285,3.0625,88.17,97.26,88.21455,97.26,88.39275,97.26,1.0,4.528057864788542e-16,6.749166666666666
Clostridium beijerinckii,qualibact-v1.0,Contamination,non-normal,0.557,0.3181493360043362,0.41,0.41,0.4525,0.04250000000000004,0.21,1.43,0.21495,1.42505,0.36475,1.42,0.21,8.99,0.36,1.42,Clostridium beijerinckii,100,12,normal,5.7749999999999995,2.092667755123429,5.855,4.6225,7.595,2.9725,2.68,8.99,2.68,8.93445,2.68,8.71225,1.0,4.528057864788542e-16,5.218000000000001
Clostridium beijerinckii,qualibact-v1.0,Total_Coding_Sequences,non-normal,5372.18,98.20940688141843,5334.5,5324.0,5351.25,27.25,5251.0,5656.0,5271.295,5655.505,5306.075,5653.525,4986.0,5896.0,5306.08,5653.52,Clostridium beijerinckii,100,12,normal,5480.75,250.41536328002454,5439.0,5375.25,5600.25,225.0,4986.0,5896.0,4999.53,5892.7,5053.65,5879.5,0.55,0.0015308476713764522,176.01
Clostridium beijerinckii,qualibact-v1.0,Genome_Size,non-normal,5972458.23,87733.03954096825,5929179.5,5927428.0,5939241.25,11813.25,5883661.0,6194254.0,5891143.915,6194038.18,5911841.25,6193392.95,5552291.0,6485394.0,5911841.25,6193392.95,Clostridium beijerinckii,100,12,normal,6079677.583333333,264184.9129374027,6004487.5,5975837.0,6242845.75,267008.75,5552291.0,6485394.0,5565528.4,6484101.225,5618478.0,6478930.125,0.6133333333333333,0.00023440473396617225,189706.38000000003
Clostridium botulinum,qualibact-v1.0,N50,non-normal,274697.2015086207,250664.67851239283,188836.0,93827.25,390632.0,296804.75,9379.0,1987243.0,11751.845,968504.0,18067.55,950113.9499999981,11751.84,968504.0,18067.55,950113.95,Clostridium botulinum,928,0,,,,,,,,,,,,,,,,
Clostridium botulinum,qualibact-v1.0,number,non-normal,108.93426724137932,89.50691669419183,81.0,57.0,125.0,68.0,29.0,692.0,32.635,597.9350000000002,39.0,411.7249999999991,32.64,597.94,39.0,411.72,Clostridium botulinum,928,0,,,,,,,,,,,,,,,,
Clostridium botulinum,qualibact-v1.0,longest,non-normal,572681.3157327586,379365.48711856676,494211.5,287439.0,761622.5,474183.5,47895.0,1987464.0,57195.735,1832008.7400000002,78601.5,1535149.0,57195.74,1832008.74,78601.5,1535149.0,Clostridium botulinum,928,0,,,,,,,,,,,,,,,,
Clostridium botulinum,qualibact-v1.0,GC_Content,non-normal,27.781067780172414,0.40372083863225894,27.99105,27.24455,28.06005,0.8155000000000001,26.8662,28.3678,27.0033785,28.277482,27.06394,28.18238,27.0034,28.3435,27.0639,28.1824,Clostridium botulinum,928,70,non-normal,28.075507142857145,0.2466819718477496,28.1646,28.0523,28.215574999999998,0.16327499999999873,27.3537,28.3435,27.353734499999998,28.330459,27.359165,28.30106,0.5760467980295566,7.182230456198875e-21,0.2944917333743842
Clostridium botulinum,qualibact-v1.0,Completeness_Specific,non-normal,99.99737068965517,0.006209739530900405,100.0,100.0,100.0,0.0,99.94,100.0,99.96634999999999,100.0,99.98,100.0,94.54,100.0,99.98,100.0,Clostridium botulinum,928,70,non-normal,99.14,0.7935291875089213,99.435,98.98,99.49,0.5099999999999909,94.54,100.0,94.80565,99.97585000000001,97.60825,99.8285,0.9857142857142858,1.7374858556870197e-94,0.8573706896551729
Clostridium botulinum,qualibact-v1.0,Contamination,non-normal,0.8552370689655173,0.5065848167453564,0.77,0.56,1.01,0.44999999999999996,0.04,3.57,0.08,2.5074500000000013,0.19,2.16,0.08,2.86,0.19,2.16,Clostridium botulinum,928,55,non-normal,0.6310909090909093,0.5736127066149099,0.63,0.17,0.815,0.6449999999999999,0.17,2.86,0.17,2.6709999999999976,0.17,2.0584999999999996,0.41481191222570535,1.3662646849569268e-08,0.24152742946708466
Clostridium botulinum,qualibact-v1.0,Total_Coding_Sequences,non-normal,3651.2974137931033,201.92464003170147,3609.0,3519.0,3739.0,220.0,2979.0,4275.0,3202.0,4245.65,3343.0,4143.599999999999,2683.0,4385.0,3343.0,4143.6,Clostridium botulinum,928,70,non-normal,3796.3285714285716,297.8179080017362,3767.0,3685.0,3989.5,304.5,2683.0,4385.0,2805.13,4373.615,3084.125,4330.974999999999,0.4015394088669951,5.75163439261856e-10,182.00985221674875
Clostridium botulinum,qualibact-v1.0,Genome_Size,non-normal,3927384.4396551726,165829.95937948077,3898350.0,3826442.75,3996211.75,169769.0,3122939.0,4380908.0,3572778.855,4342791.06,3667710.125,4319437.199999999,2702994.0,4432564.0,3667710.12,4319437.2,Clostridium botulinum,928,70,non-normal,3981469.4142857143,272980.47176269867,3993914.0,3903148.25,4150794.75,247646.5,2702994.0,4432564.0,2852900.985,4426278.79,3188318.625,4388575.875,0.29079433497536944,2.2833932641992203e-05,112361.07419950739
Clostridium cagae,qualibact-v1.0,N50,non-normal,278961.46315789473,220346.67583236867,205868.0,125671.0,341778.0,216107.0,21817.0,875289.0,26482.690000000002,869079.83,40991.8,828782.1999999995,26482.69,869079.83,40991.8,828782.2,Clostridium cagae,95,0
Clostridium cagae,qualibact-v1.0,number,non-normal,86.6842105263158,48.90318322604254,74.0,54.0,102.0,48.0,30.0,354.0,30.94,299.0100000000001,33.0,195.7999999999999,30.94,299.01,33.0,195.8,Clostridium cagae,95,0
Clostridium cagae,qualibact-v1.0,longest,non-normal,690071.6421052632,386638.07472823485,621230.0,334248.0,940768.0,606520.0,70450.0,1699017.0,98089.29000000001,1570393.9800000002,163286.75,1422014.45,98089.29,1570393.98,163286.75,1422014.45,Clostridium cagae,95,0
Clostridium cagae,qualibact-v1.0,GC_Content,normal,27.20032421052631,0.05278512293557813,27.193,27.1535,27.2409,0.08739999999999881,27.1081,27.3404,27.114492000000002,27.336828,27.12774,27.314695,27.11,27.34,27.13,27.31,Clostridium cagae,95,0
Clostridium cagae,qualibact-v1.0,Completeness_Specific,non-normal,99.99136842105261,0.008779225036629864,99.99,99.99,100.0,0.010000000000005116,99.96,100.0,99.96,100.0,99.96,100.0,99.96,100.0,99.96,100.0,Clostridium cagae,95,0
Clostridium cagae,qualibact-v1.0,Contamination,normal,0.22073684210526312,0.09429229030562539,0.21,0.15,0.29,0.13999999999999999,0.0,0.54,0.0047,0.48360000000000014,0.0505,0.3859999999999997,0.0,0.48,0.05,0.39,Clostridium cagae,95,0
Clostridium cagae,qualibact-v1.0,Total_Coding_Sequences,non-normal,3624.6526315789474,151.43369356159275,3567.0,3513.5,3755.5,242.0,3305.0,3939.0,3307.35,3924.43,3324.65,3878.5499999999997,3307.35,3924.43,3324.65,3878.55,Clostridium cagae,95,0
Clostridium cagae,qualibact-v1.0,Genome_Size,non-normal,3878075.5263157897,97194.15232094032,3845163.0,3807016.5,3965514.5,158498.0,3681070.0,4059015.0,3688085.69,4048570.19,3706251.95,4035360.7,3688085.69,4048570.19,3706251.95,4035360.7,Clostridium cagae,95,0
Clostridium difficile,qualibact-v1.0,N50,non-normal,189538.85893336273,129811.30864919377,162665.0,107635.0,231830.0,124195.0,7276.0,784523.0,10201.0,645926.49,16278.7,550681.8999999999,10201.0,645926.49,16278.7,550681.9,Clostridium difficile,27207,0,,,,,,,,,,,,,,,,
Clostridium difficile,qualibact-v1.0,number,non-normal,137.54452898151212,109.81808315068531,101.0,82.0,138.0,56.0,32.0,936.0,50.0,717.9700000000012,57.0,503.0,50.0,717.97,57.0,503.0,Clostridium difficile,27207,0,,,,,,,,,,,,,,,,
Clostridium difficile,qualibact-v1.0,longest,non-normal,508886.15951777116,317933.2474912711,444318.0,277122.0,701348.5,424226.5,29281.0,1960495.0,52285.73,1351357.2100000002,73203.2,1248167.9,52285.73,1351357.21,73203.2,1248167.9,Clostridium difficile,27207,0,,,,,,,,,,,,,,,,
Clostridium difficile,qualibact-v1.0,GC_Content,non-normal,28.516881265850703,0.19163427424851492,28.4889,28.3904,28.607,0.21659999999999968,27.9716,29.4596,28.158703,29.244843000000003,28.2213,28.97287,28.1587,29.5958,28.2213,28.9729,Clostridium difficile,27207,243,non-normal,28.735790534979422,0.1959496763756712,28.73,28.60935,28.86105,0.2516999999999996,28.3076,29.5958,28.321638,29.282952,28.37369,29.12213,0.512957585806485,2.1931497182302376e-59,0.2189092691287237
Clostridium difficile,qualibact-v1.0,Completeness_Specific,non-normal,99.96673760429302,0.05116592964337035,99.98,99.97,99.99,0.01999999999999602,99.23,100.0,99.6803,100.0,99.78,100.0,94.72,100.0,99.78,100.0,Clostridium difficile,27207,243,non-normal,98.64205761316875,0.7236054309677264,98.91,98.71,98.96,0.25,94.72,98.96,94.77,98.96,96.5525,98.96,1.0,0.0,1.324679991124291
Clostridium difficile,qualibact-v1.0,Contamination,non-normal,0.5070654610945712,0.2551842668531729,0.45,0.33,0.7,0.36999999999999994,0.02,2.27,0.11,1.33,0.13,1.09,0.11,3.08,0.13,1.09,Clostridium difficile,27207,243,non-normal,0.5006584362139916,0.32593957031755,0.35,0.35,0.5,0.15000000000000002,0.3,3.08,0.3,2.3448999999999978,0.33,1.14,0.2399532255451688,1.0714380030183285e-12,0.12563462017536337
Clostridium difficile,qualibact-v1.0,Total_Coding_Sequences,non-normal,3793.6787958981145,152.61981218574547,3765.0,3686.0,3881.0,195.0,3444.0,4516.0,3488.0,4277.0,3555.0,4151.0,3488.0,4277.0,3555.0,4151.0,Clostridium difficile,27207,243,non-normal,3858.543209876543,129.37736771529822,3837.0,3762.0,3941.0,179.0,3562.0,4239.0,3606.1,4189.01,3665.0,4138.2,0.2725047611657675,2.651298244049204e-16,67.32599453571999
Clostridium difficile,qualibact-v1.0,Genome_Size,non-normal,4155798.692285074,115394.53656855336,4139980.0,4085907.0,4224190.5,138283.5,3782036.0,4655549.0,3866334.79,4508706.07,3931823.8,4417426.85,3866334.79,4508706.07,3931823.8,4417426.85,Clostridium difficile,27207,243,normal,4178415.8477366255,105046.49918943629,4168276.0,4110317.0,4244974.0,134657.0,3931260.0,4474333.0,3939257.62,4461088.63,3995318.65,4416618.5,0.14387228776907907,8.129076529445654e-05,24176.61462123718
Clostridium innocuum,qualibact-v1.0,N50,non-normal,137228.10227272726,49431.83937275277,116902.0,106751.0,153696.75,46945.75,72481.0,333550.0,80067.25,302310.75,88014.0,262708.5,80067.25,302310.75,88014.0,262708.5,Clostridium innocuum,176,0,,,,,,,,,,,,,,,,
Clostridium innocuum,qualibact-v1.0,number,non-normal,145.0568181818182,48.561432029802454,143.5,105.25,181.25,76.0,55.0,320.0,58.5,309.5,62.375,226.625,58.5,309.5,62.38,226.62,Clostridium innocuum,176,0,,,,,,,,,,,,,,,,
Clostridium innocuum,qualibact-v1.0,longest,non-normal,351510.2784090909,90015.93672212861,328756.5,298130.0,393280.5,95150.5,157500.0,614253.0,182518.0,614242.5,196842.5,570796.0,182518.0,614242.5,196842.5,570796.0,Clostridium innocuum,176,0,,,,,,,,,,,,,,,,
Clostridium innocuum,qualibact-v1.0,GC_Content,non-normal,43.64037613636364,0.27083778459973123,43.708749999999995,43.315374999999996,43.82835,0.5129750000000044,43.1708,44.4274,43.17115,44.326074999999996,43.211537500000006,44.170775,43.1712,44.3261,43.2115,44.1708,Clostridium innocuum,176,6,insufficient_data,43.74,0.15416860899677315,43.77125,43.646425,43.86045,0.21402499999999947,43.4773,43.9252,43.48098,43.923832499999996,43.4957,43.9183625,0.3409090909090909,0.41731589996279955,0.1309625000000004
Clostridium innocuum,qualibact-v1.0,Completeness_Specific,non-normal,100.0,0.0,100.0,100.0,100.0,0.0,100.0,100.0,100.0,100.0,100.0,100.0,87.92,100.0,100.0,100.0,Clostridium innocuum,176,6,insufficient_data,87.92,0.0,87.92,87.92,87.92,0.0,87.92,87.92,87.92,87.92,87.92,87.92,1.0,4.306195318659767e-11,12.079999999999998
Clostridium innocuum,qualibact-v1.0,Contamination,non-normal,2.6192613636363635,0.5369622255699646,2.41,2.4,2.7624999999999997,0.3624999999999998,1.67,5.01,1.88,5.01,1.9875,4.4087499999999995,1.88,5.01,1.99,4.41,Clostridium innocuum,176,6,insufficient_data,3.3083333333333336,0.7444554310963747,2.8,2.8,3.6925,0.8925000000000001,2.8,4.66,2.8,4.64325,2.8,4.57625,0.7670454545454546,0.0004877736384187477,0.7053219696969697
Clostridium innocuum,qualibact-v1.0,Total_Coding_Sequences,non-normal,4339.880681818182,267.04964739213267,4390.0,4102.5,4433.75,331.25,3843.0,5043.0,3941.0,5040.375,3963.0,4912.875,3941.0,5040.38,3963.0,4912.88,Clostridium innocuum,176,6,insufficient_data,4460.166666666667,330.40652569557733,4458.5,4197.0,4696.0,499.0,4007.0,4952.0,4010.9,4946.25,4026.5,4923.25,0.3806818181818182,0.2923369158242348,143.0852272727273
Clostridium innocuum,qualibact-v1.0,Genome_Size,non-normal,4387804.795454546,224961.1238912969,4376580.5,4230271.25,4514330.25,284059.0,4009156.0,4962556.0,4057677.375,4923964.125,4081410.75,4896215.25,4057677.38,5051129.0,4081410.75,4896215.25,Clostridium innocuum,176,6,insufficient_data,4551325.5,323143.1235447383,4531843.5,4303471.75,4765952.75,462481.0,4121800.0,5051129.0,4125997.55,5044391.649999999,4142787.75,5017442.25,0.38636363636363635,0.2765432934824415,171321.7840909091
Clostridium tetani,qualibact-v1.0,N50,non-normal,254904.44444444444,97916.46611932182,232909.0,211077.5,278569.5,67492.0,93945.0,677392.0,95470.475,557250.579999999,121018.0,527735.875,95470.48,557250.58,121018.0,527735.88,Clostridium tetani,162,0,,,,,,,,,,,,,,,,
Clostridium tetani,qualibact-v1.0,number,non-normal,54.135802469135804,16.24218945164733,53.0,42.0,63.0,21.0,26.0,109.0,28.415,103.36499999999995,30.025,95.84999999999997,28.42,103.36,30.02,95.85,Clostridium tetani,162,0,,,,,,,,,,,,,,,,
Clostridium tetani,qualibact-v1.0,longest,non-normal,537878.6790123457,229086.36979226998,427785.0,393065.0,589654.75,196589.75,188957.0,1267314.0,251135.2,1258236.015,333155.225,1215205.75,251135.2,1258236.01,333155.22,1215205.75,Clostridium tetani,162,0,,,,,,,,,,,,,,,,
Clostridium tetani,qualibact-v1.0,GC_Content,normal,28.529506790123456,0.03119152133636534,28.527050000000003,28.504075,28.549125,0.04504999999999981,28.4422,28.6117,28.459266,28.611539,28.476332499999998,28.5901975,28.4593,28.7851,28.4763,28.5902,Clostridium tetani,162,15,non-normal,28.70324666666667,0.06400973745367909,28.7122,28.6694,28.74775,0.07835000000000036,28.5296,28.7851,28.537363,28.784358,28.568414999999998,28.78139,0.9333333333333333,3.0012631854493853e-15,0.17373987654320971
Clostridium tetani,qualibact-v1.0,Completeness_Specific,non-normal,99.99074074074075,0.006040557937147862,99.99,99.99,99.99,0.0,99.97,100.0,99.97,100.0,99.98,100.0,97.08,100.0,99.98,100.0,Clostridium tetani,162,15,non-normal,98.85466666666669,0.6401860840585493,98.76,98.76,99.38,0.6199999999999903,97.08,99.38,97.1542,99.38,97.451,99.38,1.0,9.181229673510286e-22,1.1360740740740716
Clostridium tetani,qualibact-v1.0,Contamination,non-normal,0.005679012345679013,0.01562984416602317,0.0,0.0,0.01,0.01,0.0,0.12,0.0,0.10389999999999987,0.0,0.039749999999999945,0.0,0.78,0.0,0.04,Clostridium tetani,162,15,non-normal,0.24266666666666672,0.21075947322850183,0.16,0.16,0.16,0.0,0.16,0.78,0.16,0.78,0.16,0.78,1.0,9.181229673510286e-22,0.23698765432098762
Clostridium tetani,qualibact-v1.0,Total_Coding_Sequences,normal,2737.925925925926,59.77277504423179,2721.0,2700.25,2772.0,71.75,2595.0,2915.0,2604.66,2873.9449999999997,2631.075,2854.975,2604.66,3157.0,2631.08,2854.98,Clostridium tetani,162,15,non-normal,2870.5333333333333,93.87641994783473,2837.0,2806.5,2912.5,106.0,2776.0,3157.0,2777.12,3142.72,2781.6,3085.6,0.7592592592592593,1.491114306732336e-08,132.6074074074074
Clostridium tetani,qualibact-v1.0,Genome_Size,normal,2828200.524691358,41618.726401245585,2819030.5,2801162.5,2860167.75,59005.25,2728196.0,2937946.0,2738177.195,2923260.385,2759346.35,2916974.675,2738177.2,3070777.0,2759346.35,2916974.68,Clostridium tetani,162,15,non-normal,2886801.8666666667,66402.23397232623,2873333.0,2833921.5,2921101.5,87180.0,2811348.0,3070777.0,2811843.04,3062587.07,2813823.2,3029827.35,0.42098765432098767,0.01026554680994732,58601.341975308635
Corynebacterium diphtheriae,qualibact-v1.0,N50,non-normal,148735.0556186152,55267.889869589635,137198.0,116769.75,162599.75,45830.0,57564.0,403849.0,63816.175,403084.0,76200.0,274195.0,63816.18,403084.0,76200.0,274195.0,Corynebacterium diphtheriae,1762,0,,,,,,,,,,,,,,,,
Corynebacterium diphtheriae,qualibact-v1.0,number,non-normal,56.70431328036322,14.080298083081864,56.0,48.0,65.0,17.0,22.0,104.0,25.805,100.0,29.0,88.0,25.8,100.0,29.0,88.0,Corynebacterium diphtheriae,1762,0,,,,,,,,,,,,,,,,
Corynebacterium diphtheriae,qualibact-v1.0,longest,non-normal,346092.5442678774,83762.29091663694,347712.0,276294.25,404032.0,127737.75,134503.0,637530.0,160334.105,550459.915,197343.15,509142.95,160334.11,550459.92,197343.15,509142.95,Corynebacterium diphtheriae,1762,0,,,,,,,,,,,,,,,,
Corynebacterium diphtheriae,qualibact-v1.0,GC_Content,normal,53.53997139614075,0.08323341902268083,53.547200000000004,53.48375,53.592475,0.10872499999999974,53.3167,53.9117,53.3563025,53.755989500000005,53.374007500000005,53.7076975,53.3162,53.756,53.374,53.7077,Corynebacterium diphtheriae,1762,57,normal,53.54138245614035,0.08220398061563153,53.5242,53.4866,53.6096,0.12299999999999756,53.3162,53.7386,53.346608,53.736472,53.42828,53.72316,0.146633610132027,0.16794358871288756,0.01870731226477096
Corynebacterium diphtheriae,qualibact-v1.0,Completeness_Specific,non-normal,99.99869466515324,0.003628438707371675,100.0,100.0,100.0,0.0,99.98,100.0,99.98,100.0,99.99,100.0,95.89,100.0,99.99,100.0,Corynebacterium diphtheriae,1762,57,non-normal,98.02385964912281,0.6412316941362062,98.37,97.73,98.5,0.769999999999996,95.89,98.61,95.99080000000001,98.5904,96.338,98.532,1.0,3.0434746558953987e-109,1.9748350160304269
Corynebacterium diphtheriae,qualibact-v1.0,Contamination,non-normal,0.561305334846765,0.3534244647546204,0.44,0.3,0.78,0.48000000000000004,0.07,1.93,0.1,1.69,0.11,1.45,0.1,1.69,0.11,1.45,Corynebacterium diphtheriae,1762,57,non-normal,0.1243859649122807,0.0432462367842425,0.12,0.1,0.12,0.01999999999999999,0.1,0.31,0.1,0.30439999999999995,0.1,0.274,0.8498516438656232,4.383215353299298e-45,0.43699882509907007
Corynebacterium diphtheriae,qualibact-v1.0,Total_Coding_Sequences,non-normal,2343.8802497162314,74.8221794096256,2346.0,2287.0,2388.0,101.0,2133.0,2560.0,2188.0,2535.1949999999997,2207.0,2499.0,2188.0,2535.19,2207.0,2499.0,Corynebacterium diphtheriae,1762,57,normal,2351.6666666666665,51.89102391139627,2335.0,2313.0,2382.0,69.0,2268.0,2496.0,2270.52,2485.36,2278.2,2456.0,0.18847203138379434,0.03423647914372607,19.03213055339825
Corynebacterium diphtheriae,qualibact-v1.0,Genome_Size,non-normal,2441691.9313280364,52633.93228151108,2444660.0,2401697.75,2477025.75,75328.0,2286776.0,2582540.0,2335628.5,2571916.15,2344224.45,2543483.125,2335628.5,2571916.15,2344224.45,2543483.12,Corynebacterium diphtheriae,1762,57,normal,2463997.5263157897,42671.41208181802,2456329.0,2437238.0,2489049.0,51811.0,2369432.0,2564229.0,2374145.24,2562311.56,2389935.4,2548567.0,0.24624131270286956,0.0019565487709494647,22465.964782842464
Corynebacterium glutamicum,qualibact-v1.0,N50,non-normal,160363.64388489208,44010.79009938066,147706.5,130857.0,176962.0,46105.0,102770.0,285134.0,102770.0,285134.0,113242.375,285099.0,102770.0,285134.0,113242.38,285099.0,Corynebacterium glutamicum,278,0,,,,,,,,,,,,,,,,
Corynebacterium glutamicum,qualibact-v1.0,number,normal,71.18345323741008,11.695729387980812,69.0,64.0,79.0,15.0,46.0,105.0,46.0,99.23000000000002,48.0,94.14999999999998,46.0,99.23,48.0,94.15,Corynebacterium glutamicum,278,0,,,,,,,,,,,,,,,,
Corynebacterium glutamicum,qualibact-v1.0,longest,non-normal,404101.4316546763,63374.80776228989,366241.0,362155.0,470371.0,108216.0,302531.0,655521.0,305739.015,544324.615,346222.5,544324.0,305739.02,544324.62,346222.5,544324.0,Corynebacterium glutamicum,278,0,,,,,,,,,,,,,,,,
Corynebacterium glutamicum,qualibact-v1.0,GC_Content,non-normal,53.83207661870503,0.024774328063801743,53.833299999999994,53.815625000000004,53.838375,0.02274999999999494,53.7764,53.927,53.7772155,53.9261685,53.80675,53.9234075,53.7391,54.2941,53.8068,53.9234,Corynebacterium glutamicum,278,37,normal,54.11441891891892,0.16869524871605557,54.1628,54.0795,54.2561,0.17660000000000053,53.7391,54.2941,53.750494,54.293938,53.79607,54.29329,0.8108108108108109,5.455136915627437e-23,0.2854105677620061
Corynebacterium glutamicum,qualibact-v1.0,Completeness_Specific,non-normal,99.9994964028777,0.002186861029291861,100.0,100.0,100.0,0.0,99.99,100.0,99.99,100.0,99.99,100.0,91.14,100.0,99.99,100.0,Corynebacterium glutamicum,278,37,non-normal,97.53918918918919,1.3276607723246219,97.85,97.17,98.43,1.2600000000000051,91.14,98.69,91.9248,98.69,95.06400000000001,98.69,1.0,9.081841816749875e-49,2.460307213688508
Corynebacterium glutamicum,qualibact-v1.0,Contamination,non-normal,0.13672661870503597,0.09530189107527552,0.11,0.1,0.12,0.01999999999999999,0.07,0.82,0.07385,0.46,0.08,0.46,0.02,3.57,0.08,0.46,Corynebacterium glutamicum,278,36,non-normal,0.8413888888888889,0.9260854075617244,0.6950000000000001,0.05,1.17,1.1199999999999999,0.02,3.57,0.02,3.5280000000000005,0.02,3.36,0.548960831334932,1.777669527335957e-09,0.7488429256594725
Corynebacterium glutamicum,qualibact-v1.0,Total_Coding_Sequences,non-normal,3064.2697841726617,20.902717990201158,3057.5,3050.0,3085.0,35.0,3017.0,3117.0,3020.385,3114.46,3032.0,3105.0,2654.0,3229.0,3032.0,3105.0,Corynebacterium glutamicum,278,37,non-normal,3043.2702702702704,122.68409193306387,3071.0,2946.0,3114.0,168.0,2654.0,3229.0,2683.7,3225.4,2802.5,3211.0,0.34960139996111217,0.0004577001866515511,76.16945362628815
Corynebacterium glutamicum,qualibact-v1.0,Genome_Size,non-normal,3262854.978417266,19801.621827323637,3254150.0,3252968.0,3275402.5,22434.5,3231735.0,3324073.0,3232209.0,3324041.065,3232985.475,3322506.775,2843369.0,3428365.0,3232985.48,3322506.78,Corynebacterium glutamicum,278,37,non-normal,3259644.5405405406,119678.6168917122,3303123.0,3177080.0,3338086.0,161006.0,2843369.0,3428365.0,2877783.92,3426589.48,3015443.6,3419487.4,0.5857476181217188,4.599956237245743e-11,83233.2430488042
Corynebacterium jeikeium,qualibact-v1.0,N50,non-normal,149845.7786885246,53164.729434970744,141366.5,101744.75,186603.25,84858.5,72732.0,330499.0,77121.88,311352.5649999999,82964.6,285205.49999999977,77121.88,311352.56,82964.6,285205.5,Corynebacterium jeikeium,122,0,,,,,,,,,,,,,,,,
Corynebacterium jeikeium,qualibact-v1.0,number,normal,71.94262295081967,20.181674523258767,71.0,57.0,85.75,28.75,27.0,128.0,31.235,120.13499999999995,37.025,110.89999999999998,31.24,120.13,37.02,110.9,Corynebacterium jeikeium,122,0,,,,,,,,,,,,,,,,
Corynebacterium jeikeium,qualibact-v1.0,longest,non-normal,347398.88524590165,96833.50629498177,346729.5,271912.0,414331.0,142419.0,160990.0,734630.0,179665.745,679250.1149999996,203811.0,610800.6999999995,179665.74,679250.11,203811.0,610800.7,Corynebacterium jeikeium,122,0,,,,,,,,,,,,,,,,
Corynebacterium jeikeium,qualibact-v1.0,GC_Content,non-normal,62.142072950819674,0.3694584752365002,62.31445,61.79585,62.4999,0.7040499999999952,61.5071,62.6276,61.523193,62.624212,61.539655,62.59447,61.3514,62.6242,61.5397,62.5945,Corynebacterium jeikeium,122,3,insufficient_data,61.50820000000001,0.17265783117677191,61.4245,61.387950000000004,61.586600000000004,0.19865000000000066,61.3514,61.7487,61.352131,61.745458,61.355055,61.73249,0.7786885245901639,0.02555468135326514,0.6338729508196727
Corynebacterium jeikeium,qualibact-v1.0,Completeness_Specific,non-normal,99.9677049180328,0.024687784370501537,99.98,99.96,99.98,0.020000000000010232,99.87,100.0,99.88210000000001,100.0,99.9,100.0,95.93,100.0,99.9,100.0,Corynebacterium jeikeium,122,3,insufficient_data,97.71666666666668,1.2633641157199613,98.61,97.27000000000001,98.61,1.3399999999999892,95.93,98.61,95.9568,98.61,96.06400000000001,98.61,1.0,6.294256490952008e-06,2.2510382513661185
Corynebacterium jeikeium,qualibact-v1.0,Contamination,non-normal,0.2308196721311475,0.43173229061601154,0.045,0.01,0.16,0.15,0.0,2.12,0.0,1.8053999999999981,0.0,1.46,0.0,2.15,0.0,1.46,Corynebacterium jeikeium,122,3,insufficient_data,1.57,0.5242772803266098,1.68,1.28,1.915,0.635,0.88,2.15,0.888,2.1452999999999998,0.92,2.1265,0.8688524590163934,0.006099134539732495,1.3391803278688525
Corynebacterium jeikeium,qualibact-v1.0,Total_Coding_Sequences,non-normal,2052.2377049180327,54.87034692601988,2041.5,2014.5,2086.75,72.25,1954.0,2202.0,1957.63,2199.58,1967.025,2173.575,1957.63,2269.0,1967.02,2173.57,Corynebacterium jeikeium,122,3,insufficient_data,2196.6666666666665,58.3913996711464,2195.0,2160.5,2232.0,71.5,2126.0,2269.0,2126.69,2268.26,2129.45,2265.3,0.8688524590163934,0.006099134539732495,144.42896174863387
Corynebacterium jeikeium,qualibact-v1.0,Genome_Size,normal,2341050.729508197,50066.99118231278,2330235.5,2305252.5,2368611.25,63358.75,2227967.0,2454682.0,2235510.14,2454602.14,2259894.15,2442119.475,2235510.14,2524840.0,2259894.15,2442119.48,Corynebacterium jeikeium,122,3,insufficient_data,2472103.6666666665,45108.83965354118,2476822.0,2445735.5,2500831.0,55095.5,2414649.0,2524840.0,2415270.73,2524359.82,2417757.65,2522439.1,0.8524590163934426,0.008371361132966168,131052.93715846997
Corynebacterium pseudodiphtheriticum,qualibact-v1.0,N50,normal,322409.702970297,106784.79974502476,344568.0,240192.0,397255.0,157063.0,103278.0,587490.0,105960.5,571703.0,127782.0,526708.0,105960.5,571703.0,127782.0,526708.0,Corynebacterium pseudodiphtheriticum,101,0,,,,,,,,,,,,,,,,
Corynebacterium pseudodiphtheriticum,qualibact-v1.0,number,non-normal,28.762376237623762,9.3778214393085,28.0,22.0,34.0,12.0,13.0,61.0,13.0,58.0,14.5,49.0,13.0,58.0,14.5,49.0,Corynebacterium pseudodiphtheriticum,101,0,,,,,,,,,,,,,,,,
Corynebacterium pseudodiphtheriticum,qualibact-v1.0,longest,non-normal,575673.3663366337,223385.3020817017,517528.0,430148.0,624536.0,194388.0,256114.0,1090594.0,267454.5,1090594.0,282944.0,1077650.0,267454.5,1090594.0,282944.0,1077650.0,Corynebacterium pseudodiphtheriticum,101,0,,,,,,,,,,,,,,,,
Corynebacterium pseudodiphtheriticum,qualibact-v1.0,GC_Content,normal,55.27957821782178,0.05805022169129095,55.2796,55.2391,55.325,0.08590000000000231,55.117,55.445,55.1324,55.424350000000004,55.1597,55.37035,55.1324,55.4244,55.1597,55.3704,Corynebacterium pseudodiphtheriticum,101,5,insufficient_data,55.316739999999996,0.04937876466660605,55.3022,55.2743,55.3682,0.09390000000000498,55.2582,55.3808,55.258522,55.380548,55.25981,55.37954,0.38613861386138615,0.37206818697718747,0.038886534653465324
Corynebacterium pseudodiphtheriticum,qualibact-v1.0,Completeness_Specific,non-normal,99.9972277227723,0.004476298833846772,100.0,99.99,100.0,0.010000000000005116,99.99,100.0,99.99,100.0,99.99,100.0,98.66,100.0,99.99,100.0,Corynebacterium pseudodiphtheriticum,101,5,insufficient_data,98.81199999999998,0.0759999999999991,98.85,98.85,98.85,0.0,98.66,98.85,98.6638,98.85,98.679,98.85,1.0,1.9735373118345654e-08,1.185227722772281
Corynebacterium pseudodiphtheriticum,qualibact-v1.0,Contamination,non-normal,0.13089108910891087,0.1535010498232297,0.07,0.02,0.18,0.16,0.0,0.76,0.0,0.66,0.0,0.54,0.0,0.66,0.0,0.54,Corynebacterium pseudodiphtheriticum,101,2,insufficient_data,0.275,0.225,0.275,0.1625,0.3875,0.225,0.05,0.5,0.052250000000000005,0.49775,0.061250000000000006,0.48875,0.4504950495049505,0.695412145440701,0.15321782178217822
Corynebacterium pseudodiphtheriticum,qualibact-v1.0,Total_Coding_Sequences,normal,2144.6435643564355,55.094263804202406,2142.0,2107.0,2176.0,69.0,2032.0,2289.0,2040.0,2285.0,2062.5,2266.5,2040.0,2285.0,2062.5,2266.5,Corynebacterium pseudodiphtheriticum,101,5,insufficient_data,2129.8,29.822139426942528,2120.0,2111.0,2153.0,42.0,2091.0,2174.0,2091.4,2173.58,2093.0,2171.9,0.27722772277227725,0.7702154854078822,23.188118811881193
Corynebacterium pseudodiphtheriticum,qualibact-v1.0,Genome_Size,normal,2351690.4653465347,45659.53695539928,2353296.0,2317151.0,2383625.0,66474.0,2259662.0,2461313.0,2260388.0,2457991.5,2271339.5,2445745.0,2260388.0,2457991.5,2271339.5,2445745.0,Corynebacterium pseudodiphtheriticum,101,5,insufficient_data,2357619.8,32609.776886081265,2362766.0,2344021.0,2374277.0,30256.0,2304556.0,2402479.0,2305345.3,2401914.96,2308502.5,2399658.8,0.19603960396039605,0.9742806643984405,14392.356435643565
Corynebacterium striatum,qualibact-v1.0,N50,non-normal,110998.81420765027,22834.948974432475,107854.0,95032.75,125049.0,30016.25,49081.0,194799.0,62982.3,190542.525,73856.5,161008.5,62982.3,190542.52,73856.5,161008.5,Corynebacterium striatum,366,0,,,,,,,,,,,,,,,,
Corynebacterium striatum,qualibact-v1.0,number,non-normal,173.1120218579235,43.832156493910105,165.0,144.25,206.75,62.5,87.0,338.0,89.475,288.175,95.0,262.75,89.48,288.18,95.0,262.75,Corynebacterium striatum,366,0,,,,,,,,,,,,,,,,
Corynebacterium striatum,qualibact-v1.0,longest,non-normal,264145.6775956284,50607.70147318279,263521.5,221822.75,290378.0,68555.25,145763.0,450195.0,161773.625,408120.1250000001,182890.75,360383.375,161773.62,408120.13,182890.75,360383.38,Corynebacterium striatum,366,0,,,,,,,,,,,,,,,,
Corynebacterium striatum,qualibact-v1.0,GC_Content,non-normal,59.245095901639345,0.08643433187323693,59.26715,59.18955,59.298925,0.109375,58.946,59.4219,58.984707500000006,59.403977499999996,59.0503375,59.376487499999996,58.9847,59.4456,59.0503,59.3765,Corynebacterium striatum,366,6,insufficient_data,59.19153333333333,0.15737809744546877,59.14555,59.061025,59.308749999999996,0.24772499999999553,59.0165,59.4456,59.0173425,59.443104999999996,59.0207125,59.433125,0.4371584699453552,0.15451721604687496,0.09962759562841508
Corynebacterium striatum,qualibact-v1.0,Completeness_Specific,non-normal,99.95478142076502,0.21586357583126184,99.99,99.99,100.0,0.010000000000005116,97.33,100.0,98.59225,100.0,99.61,100.0,98.59,100.0,99.61,100.0,Corynebacterium striatum,366,6,insufficient_data,99.65833333333335,0.30295305833669767,99.795,99.53999999999999,99.9,0.36000000000001364,99.07,99.9,99.08049999999999,99.9,99.12249999999999,99.9,0.9453551912568307,1.3027635020011836e-07,0.31491803278688235
Corynebacterium striatum,qualibact-v1.0,Contamination,non-normal,0.6354371584699453,0.513403621761502,0.53,0.29,0.77,0.48000000000000004,0.01,3.09,0.02,2.61,0.05,2.44,0.02,2.61,0.05,2.44,Corynebacterium striatum,366,6,insufficient_data,0.24666666666666662,0.2885403880838098,0.13,0.13,0.13,0.0,0.07,0.89,0.07150000000000001,0.8709999999999998,0.07750000000000001,0.795,0.7021857923497268,0.002009479132603989,0.39101092896174866
Corynebacterium striatum,qualibact-v1.0,Total_Coding_Sequences,non-normal,2797.065573770492,140.98839647473753,2762.0,2688.0,2909.0,221.0,2460.0,3113.0,2551.075,3110.175,2575.5,3062.25,2489.0,3110.18,2575.5,3062.25,Corynebacterium striatum,366,6,insufficient_data,2741.5,131.72667408944426,2779.0,2692.0,2836.75,144.75,2489.0,2883.0,2493.65,2882.025,2512.25,2878.125,0.3224043715846995,0.4768639902178847,65.72950819672133
Corynebacterium striatum,qualibact-v1.0,Genome_Size,non-normal,2874119.4153005467,89167.32259114561,2857177.5,2807939.25,2937549.25,129610.0,2624526.0,3080425.0,2692383.6,3076875.85,2739867.625,3065873.875,2665682.0,3076875.85,2739867.62,3065873.88,Corynebacterium striatum,366,6,insufficient_data,2899738.3333333335,130696.90042316314,2949407.0,2824476.75,3002061.25,177584.5,2665682.0,3031488.0,2668982.25,3030819.65,2682183.25,3028146.25,0.3879781420765027,0.26491359790464125,62396.038251366124
Corynebacterium ulcerans,qualibact-v1.0,N50,normal,333978.9781021898,92818.56648836871,318861.0,268265.0,395408.0,127143.0,132752.0,602974.0,139324.88,578404.9199999998,155058.4,549566.2,139324.88,578404.92,155058.4,549566.2,Corynebacterium ulcerans,137,0,,,,,,,,,,,,,,,,
Corynebacterium ulcerans,qualibact-v1.0,number,non-normal,19.0,6.935574221434149,18.0,14.0,23.0,9.0,8.0,50.0,8.68,39.7999999999999,9.4,33.0,8.68,39.8,9.4,33.0,Corynebacterium ulcerans,137,0,,,,,,,,,,,,,,,,
Corynebacterium ulcerans,qualibact-v1.0,longest,non-normal,543007.0510948905,155266.89190196086,525269.0,438347.0,615035.0,176688.0,268618.0,866973.0,269070.88,866970.96,303291.6,852892.2,269070.88,866970.96,303291.6,852892.2,Corynebacterium ulcerans,137,0,,,,,,,,,,,,,,,,
Corynebacterium ulcerans,qualibact-v1.0,GC_Content,normal,53.34198540145985,0.04593513602014457,53.3287,53.3129,53.3704,0.05749999999999744,53.2077,53.4615,53.232791999999996,53.456808,53.257619999999996,53.44688,53.2032,53.4568,53.2576,53.4469,Corynebacterium ulcerans,137,27,normal,53.32006296296296,0.04932319826934493,53.3111,53.3036,53.35735,0.05374999999999375,53.2032,53.4222,53.205514,53.419275,53.21477,53.407575,0.3741551770748851,0.002486782435270736,0.02192243849689092
Corynebacterium ulcerans,qualibact-v1.0,Completeness_Specific,non-normal,99.98817518248174,0.0038624106730834806,99.99,99.99,99.99,0.0,99.98,99.99,99.98,99.99,99.98,99.99,93.87,99.99,99.98,99.99,Corynebacterium ulcerans,137,27,normal,95.74925925925925,1.3832032761510538,95.32,94.765,96.745,1.980000000000004,93.87,98.26,93.8934,98.2509,93.987,98.2145,1.0,3.321025951218597e-31,4.238915923222489
Corynebacterium ulcerans,qualibact-v1.0,Contamination,non-normal,0.48350364963503645,0.1822350741472505,0.44,0.3,0.63,0.33,0.22,1.06,0.2336,0.9239999999999986,0.26,0.8179999999999998,0.23,0.92,0.26,0.82,Corynebacterium ulcerans,137,27,normal,0.45592592592592596,0.17425522489130832,0.45,0.3,0.53,0.23000000000000004,0.26,0.84,0.26,0.84,0.26,0.84,0.16626115166261152,0.500921773349595,0.05209245742092457
Corynebacterium ulcerans,qualibact-v1.0,Total_Coding_Sequences,non-normal,2291.934306569343,74.38047820757652,2284.0,2224.0,2335.0,111.0,2177.0,2491.0,2181.76,2481.48,2188.8,2445.8,2181.76,2481.48,2188.8,2445.8,Corynebacterium ulcerans,137,27,normal,2268.6296296296296,57.35861725963152,2249.0,2215.5,2300.5,85.0,2193.0,2413.0,2194.04,2406.76,2198.2,2381.7999999999997,0.21627466882941335,0.20701917161743363,25.327926466612592
Corynebacterium ulcerans,qualibact-v1.0,Genome_Size,non-normal,2508447.2554744524,53218.73971714022,2501285.0,2456566.0,2539789.0,83223.0,2421060.0,2645878.0,2422103.8,2640733.12,2425679.0,2614879.0,2422103.8,2640733.12,2425679.0,2614879.0,Corynebacterium ulcerans,137,27,normal,2498537.3703703703,46590.67592153809,2484335.0,2460098.0,2524785.5,64687.5,2434569.0,2606374.0,2434916.23,2602839.82,2436305.15,2588703.1,0.16355771830224386,0.5252470780982594,12314.183022438496
Cronobacter sakazakii,qualibact-v1.0,N50,non-normal,404127.2081151832,181371.15285561973,380581.0,264213.0,529209.0,264996.0,76334.0,1192555.0,92807.715,1056424.0,102576.0,825605.2500000016,92807.72,1056424.0,102576.0,825605.25,Cronobacter sakazakii,1528,0,,,,,,,,,,,,,,,,
Cronobacter sakazakii,qualibact-v1.0,number,non-normal,57.71596858638743,21.830599747106923,53.0,42.0,69.0,27.0,22.0,166.0,25.0,138.365,29.0,111.82500000000005,25.0,138.36,29.0,111.83,Cronobacter sakazakii,1528,0,,,,,,,,,,,,,,,,
Cronobacter sakazakii,qualibact-v1.0,longest,non-normal,875882.804973822,394985.547517748,793142.0,593327.75,1067462.25,474134.5,194195.0,2224661.0,271581.79,2094942.4350000003,325721.525,1891146.0,271581.79,2094942.44,325721.53,1891146.0,Cronobacter sakazakii,1528,0,,,,,,,,,,,,,,,,
Cronobacter sakazakii,qualibact-v1.0,GC_Content,non-normal,56.7881002617801,0.13739959665965223,56.7801,56.689,56.877175,0.1881750000000011,56.4108,57.1767,56.4602115,57.1227,56.53906,57.065495000000006,56.2956,57.1227,56.5391,57.0655,Cronobacter sakazakii,1528,29,non-normal,56.79652413793104,0.16190611936034363,56.8023,56.7279,56.9056,0.17770000000000152,56.2956,57.1123,56.321836,57.097165999999994,56.42678,57.036629999999995,0.16221339591984113,0.3989337913151337,0.032120576818920964
Cronobacter sakazakii,qualibact-v1.0,Completeness_Specific,non-normal,100.0,0.0,100.0,100.0,100.0,0.0,100.0,100.0,100.0,100.0,100.0,100.0,95.92,100.0,100.0,100.0,Cronobacter sakazakii,1528,29,non-normal,98.14103448275864,0.6751569157461871,98.21,97.91,98.6,0.6899999999999977,95.92,99.08,95.9676,99.03659999999999,96.158,98.863,1.0,6.0973638656455745e-62,1.8589655172413795
Cronobacter sakazakii,qualibact-v1.0,Contamination,non-normal,0.12732984293193716,0.1816112905002002,0.05,0.03,0.08,0.05,0.0,0.79,0.0,0.69,0.0,0.64,0.0,3.3,0.0,0.64,Cronobacter sakazakii,1528,29,normal,1.6113793103448277,0.872593139531904,1.75,0.76,2.32,1.5599999999999998,0.1,3.3,0.1476,3.2523999999999997,0.338,3.0620000000000003,0.852703556598664,8.169242371799908e-24,1.4840494674128903
Cronobacter sakazakii,qualibact-v1.0,Total_Coding_Sequences,non-normal,4172.448298429319,117.3355034232896,4173.0,4082.0,4254.0,172.0,3881.0,4481.0,3926.27,4463.0,3964.35,4407.0,3926.27,4714.0,3964.35,4407.0,Cronobacter sakazakii,1528,29,normal,4315.206896551724,160.1715415142723,4318.0,4212.0,4383.0,171.0,4032.0,4714.0,4032.84,4712.18,4036.2,4704.9,0.4342615995667088,2.1486045588974948e-05,142.75859812240475
Cronobacter sakazakii,qualibact-v1.0,Genome_Size,non-normal,4522726.658376964,95102.96166064835,4532769.5,4445669.25,4584013.0,138343.75,4283569.0,4791059.0,4316019.725,4775052.12,4348014.725,4699796.4,4268675.0,4908057.0,4348014.72,4699796.4,Cronobacter sakazakii,1528,29,non-normal,4527580.206896552,135789.22538902084,4516740.0,4444303.0,4585350.0,141047.0,4268675.0,4908057.0,4275214.12,4901935.08,4301370.6,4877447.4,0.11274598302942769,0.8223983293138193,26758.440828669438
Cronobacter turicensis,qualibact-v1.0,N50,non-normal,471239.9417475728,160405.5147067772,479756.0,376322.0,544018.0,167696.0,192430.0,1154800.0,194054.35,1126184.9199999997,217124.55,840832.6000000003,194054.35,1126184.92,217124.55,840832.6,Cronobacter turicensis,103,0,,,,,,,,,,,,,,,,
Cronobacter turicensis,qualibact-v1.0,number,non-normal,44.19417475728155,18.206505959970208,39.0,33.0,51.0,18.0,18.0,106.0,18.51,102.42999999999996,20.0,93.25000000000001,18.51,102.43,20.0,93.25,Cronobacter turicensis,103,0,,,,,,,,,,,,,,,,
Cronobacter turicensis,qualibact-v1.0,longest,non-normal,1034986.3106796116,400492.9768722307,881240.0,772548.0,1249862.0,477314.0,465564.0,1937499.0,477272.07,1920476.2199999997,508585.6,1882454.5,477272.07,1920476.22,508585.6,1882454.5,Cronobacter turicensis,103,0,,,,,,,,,,,,,,,,
Cronobacter turicensis,qualibact-v1.0,GC_Content,non-normal,57.32214271844661,0.19977552966468168,57.3112,57.109849999999994,57.4875,0.3776500000000027,56.9515,57.6563,56.957569,57.656249,57.011025000000004,57.651325,56.9576,57.6562,57.011,57.6513,Cronobacter turicensis,103,5,insufficient_data,57.350300000000004,0.14921713038388038,57.3123,57.2802,57.432,0.1518000000000015,57.1422,57.5848,57.144960000000005,57.581744,57.156000000000006,57.569520000000004,0.27184466019417475,0.7916532907716122,0.06281786407767015
Cronobacter turicensis,qualibact-v1.0,Completeness_Specific,non-normal,100.0,0.0,100.0,100.0,100.0,0.0,100.0,100.0,100.0,100.0,100.0,100.0,98.33,100.0,100.0,100.0,Cronobacter turicensis,103,5,insufficient_data,98.64399999999999,0.27155846515989973,98.62,98.37,98.89,0.519999999999996,98.33,99.01,98.3308,99.00760000000001,98.334,98.998,1.0,1.794217981839213e-08,1.3559999999999974
Cronobacter turicensis,qualibact-v1.0,Contamination,non-normal,0.05776699029126213,0.08655131525572012,0.04,0.02,0.065,0.045,0.0,0.72,0.0,0.5822999999999986,0.0,0.22250000000000014,0.0,1.48,0.0,0.22,Cronobacter turicensis,103,5,insufficient_data,1.012,0.43310045024220417,1.02,0.91,1.39,0.47999999999999987,0.26,1.48,0.273,1.4782,0.325,1.4709999999999999,0.9805825242718447,3.7678577618623454e-07,0.9542330097087378
Cronobacter turicensis,qualibact-v1.0,Total_Coding_Sequences,normal,4168.640776699029,115.47057409960291,4145.0,4086.0,4236.0,150.0,3975.0,4465.0,3975.51,4462.45,3978.1,4438.0,3975.51,4462.45,3978.1,4438.0,Cronobacter turicensis,103,5,insufficient_data,4345.6,85.80815812030929,4347.0,4329.0,4421.0,92.0,4195.0,4436.0,4197.68,4435.7,4208.4,4434.5,0.6640776699029126,0.014118647472553307,178.2407766990291
Cronobacter turicensis,qualibact-v1.0,Genome_Size,normal,4574803.514563107,92098.11539177013,4581612.0,4512432.5,4628355.0,115922.5,4391773.0,4808532.0,4392205.48,4808084.73,4396622.6,4769557.75,4392205.48,4808084.73,4396622.6,4769557.75,Cronobacter turicensis,103,5,insufficient_data,4590816.2,60015.82735712305,4603753.0,4554702.0,4628621.0,73919.0,4496895.0,4670110.0,4498051.14,4669280.22,4502675.7,4665961.1,0.2174757281553398,0.936489743137601,31177.83106796116
Curtobacterium flaccumfaciens,qualibact-v1.0,N50,non-normal,187113.9756097561,104595.44836685986,163574.0,109896.5,222326.0,112429.5,37453.0,479036.0,38483.9,479035.39,56170.95,478647.60000000003,38483.9,479035.39,56170.95,478647.6,Curtobacterium flaccumfaciens,123,0,,,,,,,,,,,,,,,,
Curtobacterium flaccumfaciens,qualibact-v1.0,number,non-normal,62.82113821138211,33.21867251385166,54.0,41.0,79.0,38.0,18.0,212.0,19.83,202.24,25.200000000000003,170.7500000000001,19.83,202.24,25.2,170.75,Curtobacterium flaccumfaciens,123,0,,,,,,,,,,,,,,,,
Curtobacterium flaccumfaciens,qualibact-v1.0,longest,non-normal,489337.162601626,208106.15344575906,382617.0,353104.5,665509.0,312404.5,123786.0,922086.0,159190.4,921923.74,189322.55000000002,921818.0,159190.4,921923.74,189322.55,921818.0,Curtobacterium flaccumfaciens,123,0,,,,,,,,,,,,,,,,
Curtobacterium flaccumfaciens,qualibact-v1.0,GC_Content,non-normal,71.0107975609756,0.056700663828601,71.0254,70.99785,71.03790000000001,0.04005000000000791,70.8022,71.2928,70.803969,71.16683499999999,70.86493499999999,71.084295,70.3678,71.1668,70.8649,71.0843,Curtobacterium flaccumfaciens,123,25,non-normal,70.827332,0.1554598384664019,70.8276,70.7581,70.9361,0.17799999999999727,70.3678,71.0796,70.392628,71.07432,70.49194,71.0532,0.6780487804878049,7.29932191820069e-10,0.183465560975609
Curtobacterium flaccumfaciens,qualibact-v1.0,Completeness_Specific,non-normal,99.9880487804878,0.01323081747410506,99.99,99.99,99.99,0.0,99.9,100.0,99.9,100.0,99.9605,100.0,89.8,100.0,99.96,100.0,Curtobacterium flaccumfaciens,123,25,non-normal,92.6068,0.9976962263134005,92.73,92.23,93.19,0.9599999999999937,89.8,93.98,89.8108,93.97160000000001,89.854,93.938,1.0,1.4740219497999335e-28,7.3812487804878
Curtobacterium flaccumfaciens,qualibact-v1.0,Contamination,non-normal,0.25097560975609756,0.10340082742624972,0.24,0.235,0.27,0.03500000000000003,0.02,0.96,0.0444,0.899,0.07,0.29,0.04,9.47,0.07,0.29,Curtobacterium flaccumfaciens,123,25,normal,7.2592,1.1098393397244486,7.3,6.1,8.17,2.0700000000000003,5.12,9.47,5.204,9.3896,5.54,9.068,1.0,1.4740219497999335e-28,7.008224390243901
Curtobacterium flaccumfaciens,qualibact-v1.0,Total_Coding_Sequences,non-normal,3546.9268292682927,43.972121754271505,3550.0,3539.5,3565.0,25.5,3403.0,3750.0,3404.22,3685.34,3445.05,3639.55,3404.22,3815.0,3445.05,3639.55,Curtobacterium flaccumfaciens,123,25,normal,3643.68,88.77194151307044,3619.0,3577.0,3725.0,148.0,3511.0,3815.0,3512.56,3810.8,3518.8,3794.0,0.671219512195122,1.2349845851560514e-09,97.01463414634146
Curtobacterium flaccumfaciens,qualibact-v1.0,Genome_Size,non-normal,3736738.5853658537,31957.831188540204,3742399.0,3741113.5,3744007.5,2894.0,3601199.0,3907125.0,3602627.62,3851579.62,3653229.85,3761820.8,3602627.62,3970624.0,3653229.85,3761820.8,Curtobacterium flaccumfaciens,123,25,non-normal,3812630.24,90821.00328460592,3779300.0,3748070.0,3922827.0,174757.0,3671850.0,3970624.0,3674466.12,3967477.2399999998,3684930.6,3954890.2,0.6786991869918699,7.006615526634967e-10,77842.01430894308
Cutibacterium acnes,qualibact-v1.0,N50,non-normal,372441.6233624454,247818.25246764388,299874.5,177881.5,661646.5,483765.0,14498.0,893694.0,19709.575,893449.125,40488.375,884474.0,19709.58,893449.12,40488.38,884474.0,Cutibacterium acnes,916,0,,,,,,,,,,,,,,,,
Cutibacterium acnes,qualibact-v1.0,number,non-normal,33.133187772925766,35.43349375037345,24.0,16.0,34.0,18.0,7.0,363.0,8.0,231.22499999999923,10.0,133.375,8.0,231.22,10.0,133.38,Cutibacterium acnes,916,0,,,,,,,,,,,,,,,,
Cutibacterium acnes,qualibact-v1.0,longest,non-normal,625889.0644104803,246292.2880446964,683259.0,427946.5,833780.0,405833.5,55806.0,1177207.0,87156.425,1009260.075,135015.875,991284.625,87156.42,1009260.08,135015.88,991284.62,Cutibacterium acnes,916,0,,,,,,,,,,,,,,,,
Cutibacterium acnes,qualibact-v1.0,GC_Content,non-normal,60.08789104803493,0.05795735319058277,60.067350000000005,60.052675,60.113825000000006,0.06115000000000492,59.8638,60.2382,59.955575,60.235785,59.9946875,60.2322375,59.9556,60.2358,59.9947,60.2322,Cutibacterium acnes,916,48,non-normal,60.0427875,0.03903831784819439,60.028,60.020725,60.0419,0.0211749999999995,59.9862,60.1615,59.991440499999996,60.1609595,60.008604999999996,60.15381,0.6278202328966521,8.094057014171094e-18,0.04680263828238746
Cutibacterium acnes,qualibact-v1.0,Completeness_Specific,non-normal,99.97183406113537,0.24087023535689683,100.0,99.99,100.0,0.010000000000005116,96.2,100.0,98.518,100.0,99.9,100.0,95.37,100.0,99.9,100.0,Cutibacterium acnes,916,48,non-normal,97.40125,0.4186168942680964,97.48,97.25750000000001,97.66,0.4024999999999892,95.37,97.84,95.66845,97.83765,96.654,97.83,0.9956331877729258,1.2838274643698319e-76,2.57058406113537
Cutibacterium acnes,qualibact-v1.0,Contamination,non-normal,0.4238209606986899,0.3090873073714227,0.365,0.2675,0.57,0.30249999999999994,0.0,3.2,0.01,1.7862499999999886,0.05,1.37125,0.01,1.79,0.05,1.37,Cutibacterium acnes,916,48,non-normal,0.6058333333333333,0.12020526425891487,0.62,0.62,0.62,0.0,0.37,1.08,0.37,1.0212500000000002,0.37,0.83,0.6541120815138283,1.6797286148561108e-19,0.22797489082969433
Cutibacterium acnes,qualibact-v1.0,Total_Coding_Sequences,non-normal,2368.03384279476,52.11330818130567,2364.0,2325.0,2389.0,64.0,2286.0,2789.0,2296.3,2578.7,2305.0,2499.375,2296.3,2578.7,2305.0,2499.38,Cutibacterium acnes,916,48,normal,2461.8125,28.765326530680415,2451.0,2443.0,2482.0,39.0,2405.0,2524.0,2406.175,2522.59,2410.35,2517.3,0.8394286754002911,1.0511428408847778e-35,95.76118995633189
Cutibacterium acnes,qualibact-v1.0,Genome_Size,non-normal,2520525.424672489,37916.91839216187,2531287.0,2482823.25,2545674.0,62850.75,2391335.0,2735454.0,2454010.9,2661991.5749999997,2463476.5,2598378.625,2454010.9,2661991.57,2463476.5,2598378.62,Cutibacterium acnes,916,48,non-normal,2520533.3125,28562.304615054738,2501659.0,2494574.0,2549945.75,55371.75,2488626.0,2560907.0,2488860.295,2560886.32,2490032.15,2560789.775,0.31768558951965065,0.00013666471176000994,14801.749909024746
Deinococcus radiodurans,qualibact-v1.0,N50,non-normal,109297.98692810457,44459.425115430815,115616.0,99132.0,149503.0,50371.0,13725.0,155709.0,14399.88,155709.0,15657.2,155708.0,14399.88,155709.0,15657.2,155708.0,Deinococcus radiodurans,153,0,,,,,,,,,,,,,,,,
Deinococcus radiodurans,qualibact-v1.0,number,non-normal,116.0,83.03554636891549,81.0,69.0,118.0,49.0,61.0,472.0,61.0,465.1600000000001,63.0,419.19999999999993,61.0,465.16,63.0,419.2,Deinococcus radiodurans,153,0,,,,,,,,,,,,,,,,
Deinococcus radiodurans,qualibact-v1.0,longest,non-normal,273119.4248366013,99872.4886326673,302412.0,221791.0,360203.0,138412.0,43160.0,385443.0,52916.12,384750.64,64147.6,384356.0,52916.12,384750.64,64147.6,384356.0,Deinococcus radiodurans,153,0,,,,,,,,,,,,,,,,
Deinococcus radiodurans,qualibact-v1.0,GC_Content,non-normal,66.72633398692811,0.05632786626609699,66.7355,66.7206,66.7479,0.02729999999999677,66.4645,66.8917,66.484412,66.886684,66.53322,66.79844,66.4844,66.8867,66.5332,66.7984,Deinococcus radiodurans,153,14,normal,66.64097857142858,0.020119044942237384,66.6439,66.632575,66.65355000000001,0.02097500000000707,66.5906,66.6682,66.592147,66.6681935,66.59833499999999,66.6681675,0.9281045751633987,1.037055696730421e-13,0.09104169000933694
Deinococcus radiodurans,qualibact-v1.0,Completeness_Specific,non-normal,99.62588235294116,1.2751934516379655,99.91,99.89,99.92,0.030000000000001137,90.46,99.97,91.5468,99.97,95.536,99.944,91.55,99.97,95.54,99.94,Deinococcus radiodurans,153,14,normal,96.92214285714286,1.4433551120884411,96.61500000000001,96.2125,98.21,1.997499999999988,93.5,98.98,93.6417,98.96895,94.2085,98.92475,0.954248366013072,2.7052765047600947e-15,2.769752567693744
Deinococcus radiodurans,qualibact-v1.0,Contamination,non-normal,0.024183006535947713,0.011121102773936315,0.02,0.02,0.03,0.009999999999999998,0.0,0.08,0.007600000000000001,0.08,0.01,0.06199999999999989,0.01,1.12,0.01,0.06,Deinococcus radiodurans,153,14,non-normal,0.3814285714285715,0.27341379270405575,0.24,0.21000000000000002,0.41,0.19999999999999996,0.16,1.12,0.1613,1.1050500000000003,0.1665,1.0452499999999998,1.0,2.326519181940227e-20,0.3572455648926237
Deinococcus radiodurans,qualibact-v1.0,Total_Coding_Sequences,non-normal,3165.1960784313724,74.81524597548906,3140.0,3129.0,3173.0,44.0,3078.0,3505.0,3092.44,3491.32,3108.4,3435.3999999999996,3092.44,3491.32,3108.4,3435.4,Deinococcus radiodurans,153,14,normal,3216.785714285714,51.497820441297144,3214.5,3181.75,3256.75,75.0,3134.0,3304.0,3134.39,3302.83,3135.95,3298.15,0.5901027077497666,8.630079582207885e-05,66.58683473389354
Deinococcus radiodurans,qualibact-v1.0,Genome_Size,non-normal,3246504.843137255,10754.971287137812,3249170.0,3242462.0,3252888.0,10426.0,3198919.0,3266700.0,3201471.08,3266530.52,3210314.6,3258207.2,3193850.0,3344765.0,3210314.6,3258207.2,Deinococcus radiodurans,153,14,normal,3264283.6428571427,39374.995304502474,3281131.0,3235258.25,3283914.25,48656.0,3193850.0,3344765.0,3194259.76,3340884.89,3195898.8,3325364.4499999997,0.6428571428571429,1.112000315334422e-05,31322.305788982256
Dichelobacter nodosus,qualibact-v1.0,N50,non-normal,204600.42,85405.79327362363,194798.0,143318.5,237452.75,94134.25,51304.0,383514.0,61387.575,381367.65499999997,72544.175,378023.65,61387.58,381367.66,72544.18,378023.65,Dichelobacter nodosus,150,0,,,,,,,,,,,,,,,,
Dichelobacter nodosus,qualibact-v1.0,number,non-normal,32.973333333333336,16.680506253974695,28.0,22.25,40.75,18.5,9.0,95.0,9.745,94.255,11.0,78.10000000000002,9.74,94.26,11.0,78.1,Dichelobacter nodosus,150,0,,,,,,,,,,,,,,,,
Dichelobacter nodosus,qualibact-v1.0,longest,normal,304878.5933333333,73233.60984940332,315211.0,241548.25,346908.0,105359.75,111762.0,477661.0,134099.335,458717.1399999999,164205.275,451359.975,134099.34,458717.14,164205.28,451359.98,Dichelobacter nodosus,150,0,,,,,,,,,,,,,,,,
Dichelobacter nodosus,qualibact-v1.0,GC_Content,non-normal,44.06063866666667,0.1380381115425092,44.03735,43.96205,44.09795,0.13589999999999947,43.8206,44.4182,43.827453999999996,44.411792999999996,43.863135,44.39776,43.8275,44.4118,43.8631,44.3978,Dichelobacter nodosus,150,17,normal,44.193305882352945,0.11092834714666958,44.1801,44.1233,44.2889,0.16559999999999775,43.9593,44.3958,43.967363999999996,44.388176,43.99962,44.35768,0.5835294117647059,1.9745968616810022e-05,0.13658972549019674
Dichelobacter nodosus,qualibact-v1.0,Completeness_Specific,non-normal,100.0,0.0,100.0,100.0,100.0,0.0,100.0,100.0,100.0,100.0,100.0,100.0,97.09,100.0,100.0,100.0,Dichelobacter nodosus,150,17,non-normal,98.54529411764706,0.4811397943738428,98.58,98.51,98.86,0.3499999999999943,97.09,99.15,97.13640000000001,99.14760000000001,97.322,99.138,1.0,2.7030547019173093e-23,1.4547058823529397
Dichelobacter nodosus,qualibact-v1.0,Contamination,non-normal,0.09646666666666666,0.5832485309787663,0.0,0.0,0.0,0.0,0.0,4.52,0.0,4.043199999999997,0.0,0.7002500000000051,0.0,4.04,0.0,0.7,Dichelobacter nodosus,150,17,non-normal,0.2658823529411765,0.10599993471304381,0.2,0.2,0.25,0.04999999999999999,0.2,0.49,0.2,0.49,0.2,0.49,0.96,2.728652629944464e-18,0.3247490196078432
Dichelobacter nodosus,qualibact-v1.0,Total_Coding_Sequences,non-normal,1267.02,52.55187532334122,1256.5,1219.5,1289.75,70.25,1202.0,1409.0,1203.49,1406.7649999999999,1206.0,1394.65,1203.49,1422.0,1206.0,1394.65,Dichelobacter nodosus,150,17,normal,1334.1176470588234,49.279374462393946,1351.0,1277.0,1369.0,92.0,1262.0,1422.0,1262.4,1418.4,1264.0,1404.0,0.56,5.200717565717013e-05,67.09764705882353
Dichelobacter nodosus,qualibact-v1.0,Genome_Size,non-normal,1349921.84,42120.765308666145,1341179.5,1313971.0,1370030.75,56059.75,1295699.0,1458752.0,1296774.035,1458286.375,1299637.125,1447655.5,1296774.03,1466660.0,1299637.12,1447655.5,Dichelobacter nodosus,150,17,normal,1384790.1764705882,45648.07691488965,1392350.0,1338131.0,1423842.0,85711.0,1317479.0,1466660.0,1317681.08,1463332.16,1318489.4,1450020.8,0.4470588235294118,0.0026968461510437284,35126.47529411764
Elizabethkingia anophelis,qualibact-v1.0,N50,non-normal,479975.1525423729,210820.78316094112,486712.0,273507.0,617166.0,343659.0,107080.0,1099966.0,116025.55,1035131.0,162266.0,894323.25,116025.55,1035131.0,162266.0,894323.25,Elizabethkingia anophelis,531,0,,,,,,,,,,,,,,,,
Elizabethkingia anophelis,qualibact-v1.0,number,non-normal,36.72316384180791,20.71601112474178,32.0,19.0,49.0,30.0,8.0,105.0,9.65,96.75000000000011,12.0,86.0,9.65,96.75,12.0,86.0,Elizabethkingia anophelis,531,0,,,,,,,,,,,,,,,,
Elizabethkingia anophelis,qualibact-v1.0,longest,non-normal,902455.6346516007,362916.5383634588,784454.0,640545.5,1190810.0,550264.5,295918.0,1607305.0,349275.5,1556302.3000000003,388660.25,1544838.0,349275.5,1556302.3,388660.25,1544838.0,Elizabethkingia anophelis,531,0,,,,,,,,,,,,,,,,
Elizabethkingia anophelis,qualibact-v1.0,GC_Content,non-normal,35.59218210922787,0.09141301876686356,35.5789,35.53665,35.67755,0.14089999999999492,35.3169,35.8027,35.372699999999995,35.787275,35.4348,35.77215,35.3727,35.9704,35.4348,35.7722,Elizabethkingia anophelis,531,115,normal,35.693249565217386,0.12635146314523407,35.6844,35.62565,35.80815,0.18249999999999744,35.3788,35.9704,35.3788,35.957974,35.44204,35.885135,0.4005895357406043,3.897852309261161e-14,0.10197501351019382
Elizabethkingia anophelis,qualibact-v1.0,Completeness_Specific,non-normal,99.99762711864408,0.004298243299801012,100.0,100.0,100.0,0.0,99.98,100.0,99.99,100.0,99.99,100.0,94.63,100.0,99.99,100.0,Elizabethkingia anophelis,531,115,non-normal,96.36478260869565,0.8577212964047461,96.46,95.82,96.87,1.0500000000000114,94.63,98.92,94.6927,98.8972,94.919,98.88,1.0,1.920712665390684e-130,3.6328445099484146
Elizabethkingia anophelis,qualibact-v1.0,Contamination,non-normal,0.3099623352165725,0.21433995933341843,0.3,0.14,0.44,0.3,0.0,0.87,0.0,0.86,0.0,0.82,0.0,5.72,0.0,0.82,Elizabethkingia anophelis,531,115,non-normal,2.3813043478260867,0.9498086962890546,2.39,1.76,2.665,0.905,0.62,5.72,0.62,5.286799999999994,0.62,4.624499999999998,0.9478260869565217,2.378161444173166e-101,2.0713420126095143
Elizabethkingia anophelis,qualibact-v1.0,Total_Coding_Sequences,non-normal,3794.828625235405,171.29676787207853,3782.0,3641.5,3973.5,332.0,3458.0,4143.0,3491.55,4128.85,3515.0,4059.75,3491.55,4128.85,3515.0,4059.75,Elizabethkingia anophelis,531,115,non-normal,3763.878260869565,125.96425633978987,3772.0,3647.5,3868.0,220.5,3523.0,4074.0,3538.96,4068.2999999999997,3551.85,3989.2,0.2540735282076476,7.270990185963449e-06,44.019814951281425
Elizabethkingia anophelis,qualibact-v1.0,Genome_Size,non-normal,4086872.5197740113,139756.27830641915,4104697.0,3956018.0,4231226.0,275208.0,3793475.0,4394868.0,3814988.85,4334993.6,3843475.0,4286086.25,3814988.85,4369828.0,3843475.0,4286086.25,Elizabethkingia anophelis,531,115,non-normal,4075998.747826087,117935.00220153276,4093812.0,3974237.0,4174630.5,200393.5,3853453.0,4369828.0,3861438.13,4339238.949999999,3876194.25,4286002.149999999,0.21059526733808237,0.0003685941333790238,24832.14296241709
Enterobacter asburiae,qualibact-v1.0,N50,non-normal,269238.89361702127,184500.04733858688,217016.0,134008.0,340131.0,206123.0,20744.0,1125241.0,29418.75,887571.125,72742.5,804208.125,29418.75,887571.12,72742.5,804208.12,Enterobacter asburiae,376,0,,,,,,,,,,,,,,,,
Enterobacter asburiae,qualibact-v1.0,number,non-normal,125.17819148936171,71.21007767645487,116.0,70.0,162.25,92.25,28.0,619.0,29.0,467.125,37.0,263.0,29.0,467.12,37.0,263.0,Enterobacter asburiae,376,0,,,,,,,,,,,,,,,,
Enterobacter asburiae,qualibact-v1.0,longest,non-normal,750620.4707446808,472298.6073689822,625359.5,381426.0,930112.0,548686.0,105689.0,2316784.0,111212.875,2232021.625,215845.875,1973212.875,111212.88,2232021.62,215845.88,1973212.88,Enterobacter asburiae,376,0,,,,,,,,,,,,,,,,
Enterobacter asburiae,qualibact-v1.0,GC_Content,non-normal,55.60085425531915,0.29482424070524504,55.59665,55.415,55.78545,0.37044999999999817,54.6549,57.2754,54.8988125,56.197425,55.0281875,56.093825,54.8988,56.1974,55.0282,56.0938,Enterobacter asburiae,376,71,normal,55.603050704225346,0.31585028093116035,55.5748,55.4224,55.8771,0.45469999999999544,54.9428,56.1178,54.94525,56.10828,54.9744,56.078525,0.11432424333233443,0.38284966821177274,0.04808423733892725
Enterobacter asburiae,qualibact-v1.0,Completeness_Specific,non-normal,100.0,0.0,100.0,100.0,100.0,0.0,100.0,100.0,100.0,100.0,100.0,100.0,96.4,100.0,100.0,100.0,Enterobacter asburiae,376,71,non-normal,99.08478873239437,0.6546967025023164,99.32,98.95,99.55,0.5999999999999943,96.4,99.82,96.58550000000001,99.73949999999999,97.035,99.57499999999999,1.0,4.085299467763546e-84,0.9152112676056353
Enterobacter asburiae,qualibact-v1.0,Contamination,non-normal,0.13670212765957448,0.19220107101054543,0.07,0.02,0.1625,0.14250000000000002,0.0,1.22,0.0,1.0825,0.0,0.67625,0.0,4.97,0.0,0.68,Enterobacter asburiae,376,71,non-normal,0.788169014084507,0.8340860053927207,0.58,0.15000000000000002,1.21,1.06,0.03,4.97,0.03,4.140500000000014,0.03,2.5475,0.5555888522625112,1.098902648619268e-17,0.6514668864249326
Enterobacter asburiae,qualibact-v1.0,Total_Coding_Sequences,normal,4642.98670212766,272.7355849375943,4649.5,4456.75,4810.0,353.25,4083.0,5417.0,4114.875,5340.875,4170.25,5245.375,4114.88,5644.0,4170.25,5245.38,Enterobacter asburiae,376,71,normal,4824.732394366197,339.32903794526425,4723.0,4567.0,5019.5,452.5,4302.0,5644.0,4319.15,5640.85,4358.5,5562.25,0.2887698531615223,6.64788270244862e-05,181.7456922385376
Enterobacter asburiae,qualibact-v1.0,Genome_Size,non-normal,4897540.795212766,232912.16173479796,4902714.0,4729098.75,5028424.5,299325.75,4433510.0,5573051.0,4462870.375,5493213.75,4504721.0,5409032.25,4462870.38,5615356.0,4504721.0,5409032.25,Enterobacter asburiae,376,71,normal,4949909.3802816905,289688.67816691566,4870997.0,4731391.0,5111443.0,380052.0,4509736.0,5615356.0,4519334.4,5605065.65,4550444.75,5574966.75,0.16376985316152232,0.0713644044483454,69194.97246778542
Enterobacter bugandensis,qualibact-v1.0,N50,non-normal,361394.8357664234,192146.48117252623,312230.5,217347.75,490611.0,273263.25,68440.0,1209630.0,86890.465,1100734.9749999985,125866.225,725556.1000000002,86890.46,1100734.97,125866.22,725556.1,Enterobacter bugandensis,274,0,,,,,,,,,,,,,,,,
Enterobacter bugandensis,qualibact-v1.0,number,non-normal,72.53649635036497,30.339089420226948,63.5,52.0,89.5,37.5,27.0,280.0,29.095,177.6049999999998,33.65,149.22500000000008,29.1,177.6,33.65,149.23,Enterobacter bugandensis,274,0,,,,,,,,,,,,,,,,
Enterobacter bugandensis,qualibact-v1.0,longest,non-normal,1016301.4635036497,467382.069338329,882076.0,679494.75,1335145.0,655650.25,214095.0,2326707.0,266575.055,2264961.215,360597.325,2102518.975,266575.06,2264961.22,360597.32,2102518.98,Enterobacter bugandensis,274,0,,,,,,,,,,,,,,,,
Enterobacter bugandensis,qualibact-v1.0,GC_Content,non-normal,55.86676788321168,0.20961941127111916,55.925650000000005,55.69925,56.02485,0.32560000000000144,55.4009,56.2741,55.4284715,56.224319,55.4415475,56.1677375,55.4285,56.2243,55.4415,56.1677,Enterobacter bugandensis,274,29,non-normal,55.85599655172415,0.1959694777127443,55.9052,55.7585,55.9837,0.22520000000000095,55.4339,56.1617,55.43453,56.146314000000004,55.43705,56.08477,0.17191039516737983,0.37377084335478544,0.03926730430405254
Enterobacter bugandensis,qualibact-v1.0,Completeness_Specific,non-normal,100.0,0.0,100.0,100.0,100.0,0.0,100.0,100.0,100.0,100.0,100.0,100.0,99.15,100.0,100.0,100.0,Enterobacter bugandensis,274,29,normal,99.52206896551725,0.16390449932484877,99.61,99.34,99.61,0.269999999999996,99.15,99.88,99.15140000000001,99.84219999999999,99.157,99.691,1.0,7.705719155530068e-41,0.4779310344827581
Enterobacter bugandensis,qualibact-v1.0,Contamination,non-normal,0.07284671532846716,0.0734394721240102,0.04,0.02,0.12,0.09999999999999999,0.0,0.54,0.0,0.3753999999999996,0.01,0.23525000000000035,0.0,0.88,0.01,0.24,Enterobacter bugandensis,274,29,non-normal,0.24275862068965515,0.22967588184558207,0.21,0.03,0.4,0.37,0.03,0.88,0.03,0.8702,0.03,0.8310000000000001,0.48074502894538135,4.493692865440123e-06,0.169911905361188
Enterobacter bugandensis,qualibact-v1.0,Total_Coding_Sequences,non-normal,4519.715328467153,213.57914305704034,4457.5,4364.0,4627.75,263.75,4185.0,5112.0,4219.585,5110.0,4239.825,5097.35,4219.58,5175.0,4239.82,5097.35,Enterobacter bugandensis,274,29,non-normal,4657.758620689655,154.26838574211118,4631.0,4563.0,4759.0,196.0,4413.0,5175.0,4424.62,5128.94,4471.1,4944.7,0.5385099421092373,1.343196776565624e-07,148.62773722627742
Enterobacter bugandensis,qualibact-v1.0,Genome_Size,non-normal,4837096.572992701,174269.9828212803,4787876.0,4701527.5,4959810.5,258283.0,4537474.0,5286128.0,4573549.51,5283804.99,4595218.525,5274412.9,4573549.51,5348661.0,4595218.53,5274412.9,Enterobacter bugandensis,274,29,non-normal,4854218.413793104,143821.46746251115,4828652.0,4750456.0,4917759.0,167303.0,4635750.0,5348661.0,4644060.68,5305124.92,4677303.4,5130980.600000001,0.2084067455323433,0.17578834325141257,44418.16448527561
Enterobacter cloacae,qualibact-v1.0,N50,non-normal,223924.76967213114,144233.8930469667,194771.0,135766.0,260080.75,124314.75,28908.0,1113663.0,41721.52,870199.09,65389.7,713691.7749999985,41721.52,870199.09,65389.7,713691.77,Enterobacter cloacae,1220,0,,,,,,,,,,,,,,,,
Enterobacter cloacae,qualibact-v1.0,number,non-normal,123.24508196721311,59.87850896998598,115.0,80.0,153.0,73.0,26.0,447.0,32.0,408.2399999999998,42.0,271.0499999999997,32.0,408.24,42.0,271.05,Enterobacter cloacae,1220,0,,,,,,,,,,,,,,,,
Enterobacter cloacae,qualibact-v1.0,longest,non-normal,648664.1450819672,378628.60986454366,560509.0,401697.75,812077.0,410379.25,78715.0,2469589.0,132319.755,2184531.474999999,217821.62500000003,1781084.6999999997,132319.76,2184531.47,217821.63,1781084.7,Enterobacter cloacae,1220,0,,,,,,,,,,,,,,,,
Enterobacter cloacae,qualibact-v1.0,GC_Content,non-normal,54.92885516393442,0.6135398730729592,54.9343,54.696374999999996,55.399825,0.7034500000000037,52.7127,56.5723,52.9256605,56.140032000000005,53.173105,55.8179,52.9257,56.9467,53.1731,55.8179,Enterobacter cloacae,1220,46,non-normal,54.71401956521739,0.48905789539888295,54.6974,54.579025,54.936625,0.3575999999999979,53.2839,56.9467,53.2908075,56.5214275,53.4381625,55.0555875,0.37498218104062725,4.197659855523831e-06,0.3132244796863865
Enterobacter cloacae,qualibact-v1.0,Completeness_Specific,non-normal,99.99998360655738,0.000572363614757135,100.0,100.0,100.0,0.0,99.98,100.0,100.0,100.0,100.0,100.0,90.4,100.0,100.0,100.0,Enterobacter cloacae,1220,46,non-normal,97.99695652173912,2.0146775225451763,98.685,98.2025,98.9975,0.7950000000000017,90.4,99.35,90.652,99.3455,91.6925,99.33,1.0,4.8868839628732804e-85,2.0030270848182474
Enterobacter cloacae,qualibact-v1.0,Contamination,non-normal,0.25471311475409836,0.259535208120657,0.16,0.07,0.36,0.29,0.0,1.71,0.0,1.2971499999999991,0.01,0.9904999999999973,0.0,3.97,0.01,0.99,Enterobacter cloacae,1220,46,non-normal,1.1828260869565215,0.8684710779482032,0.9,0.62,1.43,0.8099999999999999,0.39,3.97,0.40125,3.94975,0.44,3.80375,0.8044903777619387,4.109245734680961e-31,0.9281129722024235
Enterobacter cloacae,qualibact-v1.0,Total_Coding_Sequences,non-normal,4870.083606557377,287.84946753600786,4864.5,4634.75,5071.25,436.5,4207.0,5709.0,4341.855,5579.905,4425.95,5502.525,4310.0,5859.0,4425.95,5502.52,Enterobacter cloacae,1220,46,normal,4981.326086956522,348.55877517895505,4923.0,4685.25,5229.5,544.25,4310.0,5859.0,4358.15,5802.299999999999,4528.25,5598.75,0.1563791874554526,0.2051504659935813,114.05138987883107
Enterobacter cloacae,qualibact-v1.0,Genome_Size,non-normal,5105778.106557377,227577.6605701421,5071381.0,4922677.75,5284613.25,361935.5,4512046.0,5792179.0,4662594.595,5656726.755,4751061.5,5611166.575,4557402.0,5786228.0,4751061.5,5611166.58,Enterobacter cloacae,1220,46,normal,5161062.0,283460.9536161903,5115531.5,4927420.5,5402044.25,474623.75,4557402.0,5786228.0,4610352.375,5767640.975,4793738.875,5690994.75,0.18178902352102638,0.09360129486605723,61511.30420527442
Enterobacter hormaechei,qualibact-v1.0,N50,non-normal,302505.6870723803,152197.72089811697,280768.0,191838.0,366971.5,175133.5,31652.0,1217813.0,68788.25,856531.6500000006,101984.5,702287.5,68788.25,856531.65,101984.5,702287.5,Enterobacter hormaechei,8331,0,,,,,,,,,,,,,,,,
Enterobacter hormaechei,qualibact-v1.0,number,non-normal,100.49081742888009,40.50498967876529,95.0,70.0,122.0,52.0,23.0,396.0,34.0,252.35000000000036,43.0,192.0,34.0,252.35,43.0,192.0,Enterobacter hormaechei,8331,0,,,,,,,,,,,,,,,,
Enterobacter hormaechei,qualibact-v1.0,longest,non-normal,754107.0128435962,332392.7109346107,690538.0,503963.5,937352.5,433389.0,137780.0,2229695.0,211446.35,1943672.7000000002,285883.0,1576493.75,211446.35,1943672.7,285883.0,1576493.75,Enterobacter hormaechei,8331,0,,,,,,,,,,,,,,,,
Enterobacter hormaechei,qualibact-v1.0,GC_Content,non-normal,55.10920364902172,0.28673375150595565,55.1191,54.89265,55.3381,0.4454499999999939,54.2862,55.9191,54.48115,55.726725,54.58645,55.621249999999996,54.2885,55.7652,54.5864,55.6212,Enterobacter hormaechei,8331,531,non-normal,55.0226220338983,0.327638267852808,54.9908,54.77745,55.278999999999996,0.5015499999999946,54.2885,55.7652,54.3438,55.707235,54.48005,55.602525,0.15345381452569432,9.938475996972761e-11,0.08731370444741472
Enterobacter hormaechei,qualibact-v1.0,Completeness_Specific,non-normal,99.99980554555276,0.013878621349832147,100.0,100.0,100.0,0.0,98.77,100.0,100.0,100.0,100.0,100.0,97.18,100.0,100.0,100.0,Enterobacter hormaechei,8331,531,non-normal,99.19293785310734,0.4286869914371161,99.29,99.12,99.46,0.3399999999999892,97.18,99.82,97.2855,99.76050000000001,97.87,99.68,0.9997599327811787,5e-324,0.8068676924454105
Enterobacter hormaechei,qualibact-v1.0,Contamination,non-normal,0.2747365262273436,0.30935214764303587,0.15,0.06,0.38,0.32,0.0,2.43,0.0,1.5635000000000037,0.01,1.11,0.0,3.3,0.01,1.11,Enterobacter hormaechei,8331,531,non-normal,1.303879472693032,0.8201081738008337,1.12,0.74,1.7,0.96,0.03,3.3,0.03,3.1405000000000007,0.06,2.99,0.6828542500374681,2.1584616525834623e-229,1.0291429464656887
Enterobacter hormaechei,qualibact-v1.0,Total_Coding_Sequences,non-normal,4722.0606169727525,234.93842577259412,4718.0,4554.0,4898.0,344.0,4099.0,5480.0,4189.95,5252.35,4276.0,5150.0,4189.95,5690.0,4276.0,5150.0,Enterobacter hormaechei,8331,531,normal,4913.858757062147,257.6515859627381,4924.0,4723.5,5085.5,362.0,4291.0,5690.0,4312.25,5564.700000000001,4402.5,5393.25,0.3153330390136357,1.4509698491687017e-44,191.7981400893945
Enterobacter hormaechei,qualibact-v1.0,Genome_Size,non-normal,4968820.257832193,197818.61997924602,4961476.0,4822425.5,5120135.5,297710.0,4407058.0,5571002.0,4521965.65,5408157.0,4604911.75,5335826.25,4514131.0,5668552.0,4604911.75,5335826.25,Enterobacter hormaechei,8331,531,non-normal,5053198.380414313,227765.987436552,5059453.0,4879815.5,5213828.0,334012.5,4514131.0,5668552.0,4550116.5,5627315.15,4629446.75,5451908.25,0.18688215751257808,9.874199169344966e-16,84378.1225821196
Enterobacter kobei,qualibact-v1.0,N50,non-normal,214786.77124868834,109843.94096829419,187883.0,142661.0,248408.0,105747.0,52622.0,802971.0,67744.56,663147.1200000003,79734.4,523691.99999999994,67744.56,663147.12,79734.4,523692.0,Enterobacter kobei,953,0,,,,,,,,,,,,,,,,
Enterobacter kobei,qualibact-v1.0,number,non-normal,119.37355718782791,58.39233923974926,109.0,82.0,140.0,58.0,30.0,337.0,33.76,327.24,40.0,289.39999999999986,33.76,327.24,40.0,289.4,Enterobacter kobei,953,0,,,,,,,,,,,,,,,,
Enterobacter kobei,qualibact-v1.0,longest,non-normal,576157.6998950682,268517.9962351553,526309.0,378320.0,693368.0,315048.0,169276.0,1680644.0,199897.16,1490538.64,238600.8,1238489.2,199897.16,1490538.64,238600.8,1238489.2,Enterobacter kobei,953,0,,,,,,,,,,,,,,,,
Enterobacter kobei,qualibact-v1.0,GC_Content,non-normal,54.71177009443861,0.2435297590958004,54.7923,54.4865,54.8964,0.4099000000000004,53.9741,55.2959,54.15482,55.167272000000004,54.26658,55.1015,53.8408,55.4359,54.2666,55.1015,Enterobacter kobei,953,57,non-normal,54.75433859649122,0.3246573242042043,54.8389,54.5939,55.0059,0.41199999999999903,53.8408,55.4359,53.897164000000004,55.3771,54.06262,55.18174,0.21610426906721159,0.010960175998745051,0.09327101121113411
Enterobacter kobei,qualibact-v1.0,Completeness_Specific,non-normal,100.0,0.0,100.0,100.0,100.0,0.0,100.0,100.0,100.0,100.0,100.0,100.0,94.44,100.0,100.0,100.0,Enterobacter kobei,953,57,non-normal,99.14035087719299,1.1670550204445573,99.55,99.37,99.61,0.23999999999999488,94.44,99.91,94.58,99.9044,95.24799999999999,99.794,1.0,2.300878852227834e-94,0.8596491228070178
Enterobacter kobei,qualibact-v1.0,Contamination,non-normal,0.2730640083945436,0.21696913745039514,0.21,0.14,0.33,0.19,0.02,1.74,0.03,1.24,0.05,0.89,0.03,2.05,0.05,0.89,Enterobacter kobei,953,57,non-normal,0.6456140350877192,0.5987707218517586,0.42,0.08,1.08,1.0,0.03,2.05,0.03,1.9715999999999996,0.03,1.762,0.37013309769702324,4.1225068206462733e-07,0.40693893705933254
Enterobacter kobei,qualibact-v1.0,Total_Coding_Sequences,non-normal,4811.815320041973,254.99465150107082,4805.0,4625.0,5004.0,379.0,4222.0,5631.0,4254.76,5458.360000000001,4331.6,5295.4,4254.76,5794.0,4331.6,5295.4,Enterobacter kobei,953,57,non-normal,4888.6140350877195,354.0006816519339,4808.0,4589.0,5075.0,486.0,4394.0,5794.0,4405.48,5767.96,4444.6,5659.8,0.16779882550026692,0.08545184674343592,97.46118444063991
Enterobacter kobei,qualibact-v1.0,Genome_Size,non-normal,5042494.252885625,198741.892768803,5034219.0,4899538.0,5208776.0,309238.0,4586627.0,5628512.0,4612464.24,5527840.92,4660746.6,5433157.2,4612464.24,5812923.0,4660746.6,5433157.2,Enterobacter kobei,953,57,non-normal,5043562.631578947,296756.4298719963,4975968.0,4780485.0,5183338.0,402853.0,4659650.0,5812923.0,4664040.96,5800779.68,4680212.8,5729692.8,0.16363837190037003,0.09953614932726988,94106.24276062666
Enterobacter ludwigii,qualibact-v1.0,N50,non-normal,486815.81052631576,228535.91213779032,490408.0,286766.0,682523.0,395757.0,61465.0,1138849.0,80737.34,1034745.2999999998,150199.0,938411.7999999991,80737.34,1034745.3,150199.0,938411.8,Enterobacter ludwigii,285,0,,,,,,,,,,,,,,,,
Enterobacter ludwigii,qualibact-v1.0,number,non-normal,60.564912280701755,36.31161667695422,48.0,37.0,69.0,32.0,21.0,217.0,22.0,195.31999999999994,27.0,160.5999999999999,22.0,195.32,27.0,160.6,Enterobacter ludwigii,285,0,,,,,,,,,,,,,,,,
Enterobacter ludwigii,qualibact-v1.0,longest,non-normal,1065433.8666666667,504197.1164563255,941382.0,695323.0,1411104.0,715781.0,178121.0,2421013.0,251924.9,2395735.32,312392.9,1974013.0999999994,251924.9,2395735.32,312392.9,1974013.1,Enterobacter ludwigii,285,0,,,,,,,,,,,,,,,,
Enterobacter ludwigii,qualibact-v1.0,GC_Content,non-normal,54.483007017543855,0.1815972154315931,54.5196,54.3932,54.6102,0.21699999999999875,53.8699,54.8051,53.920154000000004,54.785742,53.952510000000004,54.742079999999994,53.7961,54.7857,53.9525,54.7421,Enterobacter ludwigii,285,51,non-normal,54.52950196078431,0.19232319559736644,54.564,54.45205,54.6605,0.20844999999999914,53.7961,54.7847,53.8585,54.778775,54.077475,54.760825000000004,0.19711042311661506,0.059389679414846824,0.05301329205366336
Enterobacter ludwigii,qualibact-v1.0,Completeness_Specific,non-normal,100.0,0.0,100.0,100.0,100.0,0.0,100.0,100.0,100.0,100.0,100.0,100.0,93.57,100.0,100.0,100.0,Enterobacter ludwigii,285,51,non-normal,99.19784313725492,1.1518430478006234,99.56,99.44,99.6,0.1599999999999966,93.57,99.68,93.78,99.66,94.9375,99.6,1.0,2.4308243986395167e-61,0.8021568627450999
Enterobacter ludwigii,qualibact-v1.0,Contamination,non-normal,0.10978947368421052,0.15703823836967004,0.05,0.02,0.13,0.11,0.0,0.82,0.0,0.7121999999999986,0.0,0.6589999999999998,0.0,1.08,0.0,0.66,Enterobacter ludwigii,285,51,non-normal,0.2147058823529412,0.2348746260569624,0.17,0.035,0.315,0.28,0.03,1.08,0.03,1.045,0.03,0.9075,0.3539731682146543,2.401622792998138e-05,0.10491640866873064
Enterobacter ludwigii,qualibact-v1.0,Total_Coding_Sequences,non-normal,4647.298245614035,256.59740908239763,4571.0,4473.0,4743.0,270.0,4288.0,5521.0,4305.36,5518.58,4356.0,5514.5,4305.36,5690.0,4356.0,5514.5,Enterobacter ludwigii,285,51,non-normal,4721.274509803921,236.9970694309897,4693.0,4555.0,4796.0,241.0,4425.0,5690.0,4428.0,5598.0,4437.5,5313.25,0.2646026831785346,0.0036417884204898005,82.4315789473684
Enterobacter ludwigii,qualibact-v1.0,Genome_Size,non-normal,4918023.568421053,207568.3890857392,4861895.0,4781176.0,4998937.0,217761.0,4581441.0,5630861.0,4607358.28,5630561.82,4674510.0,5628924.9,4607358.28,5711988.0,4674510.0,5628924.9,Enterobacter ludwigii,285,51,non-normal,4905123.901960785,206709.62906399573,4877601.0,4749690.5,4983446.5,233756.0,4633081.0,5711988.0,4640693.75,5632559.5,4668034.5,5388187.75,0.12858617131062952,0.4317793407569478,27707.21775025799
Enterobacter roggenkampii,qualibact-v1.0,N50,non-normal,229066.34834437087,160264.6889850496,190368.0,108656.0,292635.0,183979.0,26858.0,1255048.0,46555.75,844819.1800000014,54628.5,689623.3499999999,46555.75,844819.18,54628.5,689623.35,Enterobacter roggenkampii,755,0,,,,,,,,,,,,,,,,
Enterobacter roggenkampii,qualibact-v1.0,number,non-normal,133.59470198675496,78.41175052846147,121.0,77.0,164.0,87.0,32.0,706.0,34.0,489.23000000000184,41.0,308.15,34.0,489.23,41.0,308.15,Enterobacter roggenkampii,755,0,,,,,,,,,,,,,,,,
Enterobacter roggenkampii,qualibact-v1.0,longest,non-normal,591615.6344370861,377383.9263725739,486630.0,304247.5,776878.5,472631.0,114960.0,2259685.0,145017.22,2137495.060000001,170464.0,1638297.999999999,145017.22,2137495.06,170464.0,1638298.0,Enterobacter roggenkampii,755,0,,,,,,,,,,,,,,,,
Enterobacter roggenkampii,qualibact-v1.0,GC_Content,non-normal,55.723744105960265,0.25260256856189767,55.7438,55.562749999999994,55.909400000000005,0.346650000000011,55.0374,56.3923,55.074121000000005,56.227442,55.191,56.15413,55.0741,56.2274,55.191,56.1541,Enterobacter roggenkampii,755,74,normal,55.77726621621622,0.2190788308553022,55.7714,55.6121,55.967,0.35490000000000066,55.231,56.1551,55.237643,56.139258999999996,55.3030725,56.103697499999996,0.1083228924288527,0.37795111932691894,0.05893904957938091
Enterobacter roggenkampii,qualibact-v1.0,Completeness_Specific,non-normal,100.0,0.0,100.0,100.0,100.0,0.0,100.0,100.0,100.0,100.0,100.0,100.0,94.78,100.0,100.0,100.0,Enterobacter roggenkampii,755,74,non-normal,99.08729729729731,0.8638432310497853,99.34,98.94,99.61,0.6700000000000017,94.78,99.88,95.32385,99.88,96.44325,99.8635,1.0,2.024488250011916e-107,0.9127027027027036
Enterobacter roggenkampii,qualibact-v1.0,Contamination,non-normal,0.15672847682119206,0.20926620246400615,0.08,0.04,0.18,0.13999999999999999,0.0,1.6,0.0,1.2392000000000007,0.01,0.7414999999999997,0.0,2.39,0.01,0.74,Enterobacter roggenkampii,755,74,non-normal,0.6552702702702703,0.6126045922235976,0.48,0.14750000000000002,0.96,0.8125,0.03,2.39,0.03,2.3827000000000003,0.03,2.2874999999999996,0.5177913012350098,3.1840413742797555e-17,0.4985417934490781
Enterobacter roggenkampii,qualibact-v1.0,Total_Coding_Sequences,non-normal,4694.219867549669,253.2263639381965,4679.0,4502.5,4872.0,369.5,4153.0,5507.0,4195.01,5443.84,4255.25,5234.65,4195.01,5620.0,4255.25,5234.65,Enterobacter roggenkampii,755,74,normal,4846.486486486487,265.3504181492457,4831.0,4651.25,4999.5,348.25,4355.0,5620.0,4376.535,5547.000000000001,4418.95,5324.299999999999,0.24601754071952747,0.00044319224658444586,152.2666189368176
Enterobacter roggenkampii,qualibact-v1.0,Genome_Size,non-normal,4974016.458278146,209448.51899812484,4959560.0,4814091.0,5120103.5,306012.5,4545196.0,5667175.0,4578829.54,5622804.09,4642310.65,5430827.2,4578829.54,5689850.0,4642310.65,5430827.2,Enterobacter roggenkampii,755,74,normal,4995618.0,223901.53053482648,4982584.0,4815333.0,5151270.25,335937.25,4634203.0,5689850.0,4643075.055,5616174.020000001,4665519.2,5396849.524999999,0.09224986575979953,0.5802121659209137,25521.02359047789
Enterococcus avium,qualibact-v1.0,N50,normal,67141.65656565657,21922.17078582459,65764.0,52592.0,78321.5,25729.5,24489.0,122034.0,24812.4,115100.50000000007,30710.5,103239.0,24812.4,115100.5,30710.5,103239.0,Enterococcus avium,99,0,,,,,,,,,,,,,,,,
Enterococcus avium,qualibact-v1.0,number,normal,222.94949494949495,56.34102040745273,217.0,186.5,253.0,66.5,110.0,401.0,111.96,384.34000000000015,132.95,339.29999999999995,111.96,384.34,132.95,339.3,Enterococcus avium,99,0,,,,,,,,,,,,,,,,
Enterococcus avium,qualibact-v1.0,longest,non-normal,208428.0303030303,60086.72231008095,192890.0,163871.0,269286.0,105415.0,89671.0,324678.0,90666.19,324579.51,120571.45,323659.65,90666.19,324579.51,120571.45,323659.65,Enterococcus avium,99,0,,,,,,,,,,,,,,,,
Enterococcus avium,qualibact-v1.0,GC_Content,normal,38.999523232323234,0.10253328883267596,39.0018,38.9463,39.05385,0.10754999999999626,38.7859,39.2626,38.787223,39.26162,38.78938,39.253614999999996,38.5274,39.2616,38.7894,39.2536,Enterococcus avium,99,4,insufficient_data,38.86705,0.2038414641332822,38.93625,38.819375,38.983925,0.16454999999999842,38.5274,39.0683,38.5332395,39.0666125,38.5565975,39.0598625,0.39646464646464646,0.47225268729043085,0.13346464646464576
Enterococcus avium,qualibact-v1.0,Completeness_Specific,non-normal,99.98454545454545,0.034590613757881375,99.99,99.98,100.0,0.01999999999999602,99.82,100.0,99.8249,100.0,99.83,100.0,93.73,100.0,99.83,100.0,Enterococcus avium,99,4,insufficient_data,97.11250000000001,1.9593669258206847,98.17500000000001,96.9175,98.37,1.4525000000000006,93.73,98.37,93.79375,98.37,94.04875,98.37,1.0,4.52358199840544e-07,2.87204545454545
Enterococcus avium,qualibact-v1.0,Contamination,non-normal,2.2793939393939397,0.6540531257294016,2.16,1.78,2.85,1.07,1.02,3.81,1.0396,3.6483000000000017,1.1385,3.4439999999999995,1.04,10.2,1.14,3.44,Enterococcus avium,99,4,insufficient_data,9.467500000000001,1.0957503137120241,10.045,9.3275,10.184999999999999,0.8574999999999982,7.58,10.2,7.61495,10.1997,7.7547500000000005,10.1985,1.0,4.52358199840544e-07,7.188106060606061
Enterococcus avium,qualibact-v1.0,Total_Coding_Sequences,non-normal,4402.949494949495,138.36982897457088,4395.0,4288.0,4509.5,221.5,4104.0,4634.0,4113.8,4631.06,4164.2,4624.0,3729.0,4887.0,4164.2,4624.0,Enterococcus avium,99,4,insufficient_data,4377.5,417.1555465291095,4447.0,4225.5,4599.0,373.5,3729.0,4887.0,3738.93,4881.24,3778.65,4858.2,0.25,0.9185755240287025,231.32323232323233
Enterococcus avium,qualibact-v1.0,Genome_Size,non-normal,4394939.636363637,124795.49029734463,4374407.0,4295754.5,4470412.0,174657.5,4117902.0,4610316.0,4124917.82,4610300.81,4195378.4,4609490.6,3723378.0,4882096.0,4195378.4,4609490.6,Enterococcus avium,99,4,insufficient_data,4402896.5,425646.0407348458,4503056.0,4247075.25,4658877.25,411802.0,3723378.0,4882096.0,3733851.945,4877631.625,3775747.725,4859774.125,0.398989898989899,0.46139609049425795,272376.25757575757
Enterococcus casseliflavus,qualibact-v1.0,N50,non-normal,254084.21495327103,119886.35954570485,229246.0,163912.0,320725.5,156813.5,81810.0,560852.0,82899.68,560527.11,91086.8,532441.8999999999,82899.68,560527.11,91086.8,532441.9,Enterococcus casseliflavus,107,0,,,,,,,,,,,,,,,,
Enterococcus casseliflavus,qualibact-v1.0,number,normal,70.93457943925233,28.325303580967496,69.0,50.0,86.0,36.0,23.0,145.0,25.65,142.35,28.65,133.44999999999996,25.65,142.35,28.65,133.45,Enterococcus casseliflavus,107,0,,,,,,,,,,,,,,,,
Enterococcus casseliflavus,qualibact-v1.0,longest,normal,534302.3831775701,160182.14520956227,555104.0,397884.0,661852.0,263968.0,190410.0,967060.0,206778.52,955554.76,237236.35,862205.4999999998,206778.52,955554.76,237236.35,862205.5,Enterococcus casseliflavus,107,0,,,,,,,,,,,,,,,,
Enterococcus casseliflavus,qualibact-v1.0,GC_Content,non-normal,42.56664112149533,0.22545385418106587,42.6165,42.431349999999995,42.759600000000006,0.32825000000001125,42.0463,42.918,42.058172,42.91535,42.084715,42.88628,41.9797,42.9153,42.0847,42.8863,Enterococcus casseliflavus,107,16,normal,42.48528125,0.2393180734366662,42.4483,42.328275000000005,42.7137,0.3854249999999979,41.9797,42.8693,42.000392500000004,42.8677325,42.0831625,42.8614625,0.25759345794392524,0.26199415176948365,0.09159550233644864
Enterococcus casseliflavus,qualibact-v1.0,Completeness_Specific,non-normal,99.99523364485982,0.007894845638110128,100.0,99.99,100.0,0.010000000000005116,99.95,100.0,99.9606,100.0,99.9765,100.0,95.52,100.0,99.98,100.0,Enterococcus casseliflavus,107,16,normal,96.79624999999999,1.1294958775931845,96.225,95.9275,97.76,1.8325000000000102,95.52,98.78,95.52225,98.756,95.53125,98.66,1.0,4.225519751427838e-20,3.198983644859812
Enterococcus casseliflavus,qualibact-v1.0,Contamination,non-normal,0.5504672897196261,0.28466863234021544,0.49,0.335,0.715,0.37999999999999995,0.09,1.36,0.09,1.307,0.12,1.1609999999999996,0.09,11.22,0.12,1.16,Enterococcus casseliflavus,107,16,normal,5.295625,2.5918646008954638,4.57,3.285,7.125,3.84,1.73,11.22,1.7855,11.077500000000002,2.0075000000000003,10.5075,1.0,4.225519751427838e-20,4.745157710280375
Enterococcus casseliflavus,qualibact-v1.0,Total_Coding_Sequences,normal,3391.214953271028,124.90175788272188,3389.0,3299.0,3470.0,171.0,3138.0,3744.0,3138.0,3712.73,3206.55,3612.15,3138.0,3750.0,3206.55,3612.15,Enterococcus casseliflavus,107,16,normal,3431.625,138.66275410145292,3436.0,3375.0,3507.5,132.5,3189.0,3750.0,3189.6,3737.925,3192.0,3689.625,0.2891355140186916,0.1572442355433501,51.12032710280374
Enterococcus casseliflavus,qualibact-v1.0,Genome_Size,normal,3587886.2803738317,124895.37746336244,3573606.0,3499248.0,3676943.0,177695.0,3280794.0,3881343.0,3319918.07,3864310.92,3384889.85,3821785.9499999997,3319918.07,3864310.92,3384889.85,3821785.95,Enterococcus casseliflavus,107,16,normal,3570053.625,108334.97305514677,3570958.0,3531015.25,3650593.75,119578.5,3337345.0,3786868.0,3342977.05,3777978.1,3365505.25,3742418.5,0.1991822429906542,0.5638894940923111,29991.323598130846
Enterococcus cecorum,qualibact-v1.0,N50,normal,114156.4829059829,32287.59773540317,114247.5,94458.75,134099.25,39640.5,45479.0,208138.0,49283.37,193590.49500000008,50654.0,180991.37499999997,49283.37,193590.5,50654.0,180991.37,Enterococcus cecorum,234,0,,,,,,,,,,,,,,,,
Enterococcus cecorum,qualibact-v1.0,number,non-normal,88.99145299145299,34.31278840776666,78.0,66.0,102.75,36.75,28.0,219.0,38.66,201.67000000000002,48.825,178.0,38.66,201.67,48.82,178.0,Enterococcus cecorum,234,0,,,,,,,,,,,,,,,,
Enterococcus cecorum,qualibact-v1.0,longest,non-normal,289392.23504273506,109380.06611286633,265659.5,226650.5,310797.5,84147.0,113485.0,614315.0,133771.84,611723.1400000001,141934.0,586664.175,133771.84,611723.14,141934.0,586664.18,Enterococcus cecorum,234,0,,,,,,,,,,,,,,,,
Enterococcus cecorum,qualibact-v1.0,GC_Content,normal,36.41940769230769,0.15773928595626013,36.408500000000004,36.33885,36.519774999999996,0.1809249999999949,35.9996,36.7664,36.04365,36.7649565,36.096055,36.679567500000005,36.0436,36.765,36.0961,36.6796,Enterococcus cecorum,234,16,non-normal,36.50745,0.13124645709503863,36.5298,36.4573,36.6074,0.1501000000000019,36.1555,36.6937,36.168752500000004,36.6887275,36.221762500000004,36.6688375,0.43803418803418803,0.003967411464929437,0.09447211538461578
Enterococcus cecorum,qualibact-v1.0,Completeness_Specific,non-normal,99.8925213675214,0.17851012556167353,99.96,99.88,99.98,0.10000000000000853,98.63,100.0,98.86,99.99835,99.4065,99.99,93.66,100.0,99.41,99.99,Enterococcus cecorum,234,16,normal,95.131875,0.6559936999506911,95.27,94.82,95.6825,0.8625000000000114,93.66,95.85,93.678,95.85,93.75,95.85,1.0,2.9343883424846793e-25,4.760646367521368
Enterococcus cecorum,qualibact-v1.0,Contamination,non-normal,0.16316239316239314,0.13560658010816345,0.13,0.07,0.1875,0.1175,0.0,0.53,0.0,0.52,0.01,0.52,0.0,1.62,0.01,0.52,Enterococcus cecorum,234,16,normal,0.9968750000000001,0.32520606448066125,0.95,0.705,1.24,0.535,0.56,1.62,0.5637500000000001,1.6080000000000003,0.57875,1.56,1.0,2.9343883424846793e-25,0.8337126068376067
Enterococcus cecorum,qualibact-v1.0,Total_Coding_Sequences,non-normal,2306.0726495726494,155.13181278327215,2276.5,2207.0,2374.75,167.75,1963.0,2840.0,1976.32,2787.4500000000007,2027.65,2688.35,1976.32,2818.0,2027.65,2688.35,Enterococcus cecorum,234,16,normal,2494.1875,167.8772686927864,2480.5,2360.0,2601.25,241.25,2230.0,2818.0,2232.7,2812.975,2243.5,2792.875,0.5464743589743589,0.00010388004114775586,188.30288461538458
Enterococcus cecorum,qualibact-v1.0,Genome_Size,non-normal,2334584.606837607,136835.59262109065,2319828.0,2256421.5,2393227.5,136806.0,2038954.0,2795277.0,2047231.42,2733715.975,2079069.775,2678883.6,2047231.42,2799887.0,2079069.78,2678883.6,Enterococcus cecorum,234,16,normal,2480416.9375,159381.75621344996,2468517.5,2371684.25,2566085.5,194401.25,2242110.0,2799887.0,2243489.55,2793545.3000000003,2249007.75,2768178.5,0.4951923076923077,0.0006592463365399511,145832.33066239313
Enterococcus durans,qualibact-v1.0,N50,non-normal,93429.68265682657,42779.267373589566,84694.0,58911.0,120061.5,61150.5,25275.0,240863.0,34926.7,230403.89999999982,37885.5,196668.25,34926.7,230403.9,37885.5,196668.25,Enterococcus durans,271,0,,,,,,,,,,,,,,,,
Enterococcus durans,qualibact-v1.0,number,non-normal,120.70848708487085,45.76701669617852,112.0,82.0,155.5,73.5,31.0,246.0,40.35,222.94999999999993,49.25,215.0,40.35,222.95,49.25,215.0,Enterococcus durans,271,0,,,,,,,,,,,,,,,,
Enterococcus durans,qualibact-v1.0,longest,non-normal,250325.71217712178,89313.76751992665,235185.0,179222.0,306407.5,127185.5,91961.0,537599.0,92926.65,514273.3499999985,107276.0,449023.0,92926.65,514273.35,107276.0,449023.0,Enterococcus durans,271,0,,,,,,,,,,,,,,,,
Enterococcus durans,qualibact-v1.0,GC_Content,non-normal,37.681526937269375,0.18250720830285466,37.7891,37.5072,37.8041,0.29690000000000083,37.2847,37.9665,37.299005,37.94248,37.3361,37.901650000000004,37.299,38.0401,37.3361,37.9017,Enterococcus durans,271,12,normal,37.95156666666667,0.05071737593983172,37.95255,37.905950000000004,37.9944,0.08844999999999459,37.8787,38.0401,37.879624,38.0380045,37.88332,38.0296225,0.940959409594096,1.3989386564031484e-13,0.270039729397295
Enterococcus durans,qualibact-v1.0,Completeness_Specific,non-normal,99.99944649446493,0.0024426817953418453,100.0,100.0,100.0,0.0,99.98,100.0,99.99,100.0,99.99,100.0,97.98,100.0,99.99,100.0,Enterococcus durans,271,12,normal,98.39083333333333,0.28123117220930827,98.46,98.07,98.5225,0.45250000000000057,97.98,98.84,97.98165,98.83285000000001,97.98825000000001,98.80425,1.0,4.598481108020057e-21,1.6086131611316148
Enterococcus durans,qualibact-v1.0,Contamination,non-normal,0.37387453874538745,0.28520745174790985,0.33,0.11,0.6,0.49,0.02,1.82,0.02,1.3869999999999958,0.0275,1.0075,0.02,1.39,0.03,1.01,Enterococcus durans,271,12,normal,0.22499999999999998,0.06800735254367721,0.20500000000000002,0.17,0.24,0.06999999999999998,0.17,0.36,0.17,0.36,0.17,0.36,0.47232472324723246,0.0071512223274790045,0.2090959409594096
Enterococcus durans,qualibact-v1.0,Total_Coding_Sequences,normal,2816.719557195572,96.30089465442695,2841.0,2743.5,2882.0,138.5,2570.0,3122.0,2623.7,3101.199999999999,2657.75,2995.75,2623.7,3101.2,2657.75,2995.75,Enterococcus durans,271,12,normal,2885.4166666666665,91.88530743389947,2861.5,2820.0,2915.75,95.75,2792.0,3090.0,2792.495,3085.82,2794.475,3069.1,0.4059040590405904,0.03184954116101295,69.13991389913899
Enterococcus durans,qualibact-v1.0,Genome_Size,normal,2974540.6420664205,91550.4595407315,2991905.0,2929903.0,3013253.5,83350.5,2741068.0,3260992.0,2761224.3,3213220.65,2781749.0,3162940.75,2761224.3,3213220.65,2781749.0,3162940.75,Enterococcus durans,271,12,normal,3033575.0,56478.12079469358,3016609.0,2988821.5,3059061.75,70240.25,2962084.0,3137200.0,2963536.165,3136548.525,2969344.825,3133942.625,0.40744157441574413,0.03086549912107803,63120.16605166052
Enterococcus faecalis,qualibact-v1.0,N50,non-normal,239307.16991887745,130337.89956965978,203120.0,146820.75,292310.0,145489.25,30106.0,809483.0,51907.51,646124.095,75820.575,599413.3250000002,51907.51,646124.1,75820.58,599413.33,Enterococcus faecalis,9122,0,,,,,,,,,,,,,,,,
Enterococcus faecalis,qualibact-v1.0,number,non-normal,69.84257838193379,39.13069296103892,59.0,42.0,89.0,47.0,10.0,305.0,17.0,211.0,21.0,170.0,17.0,211.0,21.0,170.0,Enterococcus faecalis,9122,0,,,,,,,,,,,,,,,,
Enterococcus faecalis,qualibact-v1.0,longest,non-normal,554706.0889059417,232253.95311952956,516115.5,368565.0,711894.0,343329.0,94184.0,1448309.0,149303.17,1217080.8400000045,206204.0,1012692.7750000003,149303.17,1217080.84,206204.0,1012692.78,Enterococcus faecalis,9122,0,,,,,,,,,,,,,,,,
Enterococcus faecalis,qualibact-v1.0,GC_Content,non-normal,37.35363778776584,0.17986078362727012,37.3589,37.2363,37.4836,0.24730000000000274,36.7042,37.9416,36.896042,37.7156975,36.98702,37.6848,36.896,37.8014,36.987,37.6848,Enterococcus faecalis,9122,379,non-normal,37.44038232189974,0.1614462258151767,37.4402,37.3257,37.567800000000005,0.24210000000000775,36.9689,37.8014,37.041826,37.782872,37.123305,37.73404,0.20683273757837903,3.973151983015626e-14,0.08680888405715789
Enterococcus faecalis,qualibact-v1.0,Completeness_Specific,non-normal,99.99869436527077,0.0035621750727861078,100.0,100.0,100.0,0.0,99.96,100.0,99.98,100.0,99.99,100.0,95.95,100.0,99.99,100.0,Enterococcus faecalis,9122,379,non-normal,99.23891820580474,0.5164268766276371,99.33,98.99,99.63,0.6400000000000006,95.95,99.66,96.15,99.66,97.9125,99.66,1.0,5e-324,0.7597761594660262
Enterococcus faecalis,qualibact-v1.0,Contamination,non-normal,0.26846196009647005,0.17141572356421111,0.23,0.14,0.36,0.21999999999999997,0.0,1.66,0.03,0.9139500000000044,0.06,0.7,0.03,2.21,0.06,0.7,Enterococcus faecalis,9122,377,non-normal,0.3134482758620689,0.36815878984409384,0.16,0.05,0.45,0.4,0.05,2.21,0.05,1.4584000000000004,0.05,1.2219999999999993,0.3464463735615706,2.764727012317356e-39,0.14713030903805016
Enterococcus faecalis,qualibact-v1.0,Total_Coding_Sequences,non-normal,2865.1385661039244,216.53863682478277,2840.5,2717.0,2993.0,276.0,2408.0,3597.0,2468.0,3457.0,2517.0,3337.0,2468.0,3586.0,2517.0,3337.0,Enterococcus faecalis,9122,379,non-normal,2921.065963060686,197.44836238162617,2901.0,2792.5,3037.5,245.0,2520.0,3586.0,2540.35,3506.9600000000005,2584.9,3393.85,0.16322451621785947,6.1320799180133895e-09,57.17460701288138
Enterococcus faecalis,qualibact-v1.0,Genome_Size,non-normal,2976911.3217496164,163246.93070045154,2959625.5,2862585.0,3071806.5,209221.5,2612929.0,3488138.0,2665433.07,3394937.0100000002,2712039.475,3323636.1,2642626.0,3505610.0,2712039.48,3323636.1,Enterococcus faecalis,9122,379,non-normal,2987004.9551451188,162436.5239652916,2971202.0,2877043.5,3088780.5,211737.0,2642626.0,3505610.0,2672915.78,3456312.5900000003,2717192.05,3358306.75,0.041916119167960085,0.5303996646056968,13481.840466580543
Enterococcus faecium,qualibact-v1.0,N50,non-normal,40400.43826604182,9002.713527850916,39423.5,34714.0,47013.0,12299.0,10735.0,113343.0,18366.785,72032.0,24038.175,57884.0,18366.78,72032.0,24038.18,57884.0,Enterococcus faecium,33288,0,,,,,,,,,,,,,,,,
Enterococcus faecium,qualibact-v1.0,number,non-normal,255.88136866137947,59.29221404522179,247.0,221.0,278.0,57.0,91.0,969.0,135.0,533.0,171.0,407.0,135.0,533.0,171.0,407.0,Enterococcus faecium,33288,0,,,,,,,,,,,,,,,,
Enterococcus faecium,qualibact-v1.0,longest,non-normal,135957.19337298727,30441.52431328842,132792.0,115113.5,151721.0,36607.5,43863.0,386612.0,68565.395,243203.0,85265.175,211869.62500000003,68565.4,243203.0,85265.18,211869.63,Enterococcus faecium,33288,0,,,,,,,,,,,,,,,,
Enterococcus faecium,qualibact-v1.0,GC_Content,non-normal,37.7068437184571,0.14026319539926926,37.6871,37.6027,37.8057,0.20300000000000296,37.1557,38.5348,37.394830500000005,38.0911565,37.472235,37.9990825,37.3948,38.5528,37.4722,37.9991,Enterococcus faecium,33288,387,non-normal,37.89005452196382,0.21012930754753043,37.8445,37.74235,38.02915,0.2867999999999995,37.4978,38.5528,37.513311,38.435784,37.564845,38.366695,0.37979186577466284,3.644227436025359e-50,0.18321080350672275
Enterococcus faecium,qualibact-v1.0,Completeness_Specific,non-normal,99.99989305455419,0.0010687055372099702,100.0,100.0,100.0,0.0,99.97,100.0,99.99,100.0,100.0,100.0,95.85,100.0,100.0,100.0,Enterococcus faecium,33288,387,non-normal,98.8180103359173,0.7369396315608246,99.03,98.565,99.38499999999999,0.8199999999999932,95.85,99.61,96.1879,99.61,96.7465,99.61,1.0,0.0,1.181882718636881
Enterococcus faecium,qualibact-v1.0,Contamination,non-normal,2.0488683609709204,0.900305331380828,1.99,1.39,2.56,1.1700000000000002,0.03,9.63,0.22,4.46,0.45,4.09,0.13,4.46,0.45,4.09,Enterococcus faecium,33288,381,non-normal,0.3375590551181102,0.28060316512162253,0.23,0.13,0.42,0.29,0.13,2.42,0.13,1.5450000000000126,0.13,1.0,0.8737695076327427,0.0,1.7113856096259417
Enterococcus faecium,qualibact-v1.0,Total_Coding_Sequences,non-normal,2979.698509973564,122.08307287938256,2988.0,2919.0,3052.0,133.0,2392.0,3616.0,2550.0,3288.0,2699.175,3206.0,2353.0,3512.0,2699.18,3206.0,Enterococcus faecium,33288,387,non-normal,2996.4806201550387,251.24839004537043,3081.0,2800.0,3190.5,390.5,2353.0,3512.0,2409.62,3443.31,2491.6,3365.2499999999986,0.3343300376884656,1.137099124494503e-38,128.73131738233766
Enterococcus faecium,qualibact-v1.0,Genome_Size,non-normal,3007863.599224946,99472.63650970567,3017715.5,2958850.0,3069456.5,110606.5,2486522.0,3447551.0,2621129.915,3237774.9850000003,2776824.0,3179456.075,2432228.0,3440588.0,2776824.0,3179456.08,Enterococcus faecium,33288,387,non-normal,3018501.0335917315,227119.66777778146,3095842.0,2837210.5,3189466.0,352255.5,2432228.0,3440588.0,2490081.43,3404576.4499999997,2553457.5,3338366.8499999996,0.35426319329171396,1.6585469629634327e-43,123867.04226888099
Enterococcus gallinarum,qualibact-v1.0,N50,normal,217431.6791044776,66379.00617806861,211430.5,177233.0,261222.25,83989.25,64222.0,346157.0,76601.63,337489.11000000004,88108.0,335804.0,76601.63,337489.11,88108.0,335804.0,Enterococcus gallinarum,268,0,,,,,,,,,,,,,,,,
Enterococcus gallinarum,qualibact-v1.0,number,non-normal,79.98507462686567,29.95468843641658,73.5,60.0,93.0,33.0,30.0,182.0,35.335,174.0,37.0,161.64999999999998,35.34,174.0,37.0,161.65,Enterococcus gallinarum,268,0,,,,,,,,,,,,,,,,
Enterococcus gallinarum,qualibact-v1.0,longest,normal,481617.7388059702,128430.14509678415,504978.0,365407.25,531060.5,165653.25,158232.0,914044.0,207133.72,842200.0900000004,254310.025,770555.2999999999,207133.72,842200.09,254310.02,770555.3,Enterococcus gallinarum,268,0,,,,,,,,,,,,,,,,
Enterococcus gallinarum,qualibact-v1.0,GC_Content,non-normal,40.28721455223881,0.17504925994598008,40.195949999999996,40.13549999999999,40.445425,0.3099250000000069,40.0503,40.7266,40.123005,40.698984,40.1271675,40.624590000000005,39.871,40.8364,40.1272,40.6246,Enterococcus gallinarum,268,10,normal,40.4127,0.3108505267809585,40.5236,40.24385,40.5988,0.3549499999999952,39.871,40.8364,39.8719315,40.8295555,39.8756575,40.8021775,0.42014925373134326,0.04676075806349615,0.22430649253731327
Enterococcus gallinarum,qualibact-v1.0,Completeness_Specific,non-normal,100.0,0.0,100.0,100.0,100.0,0.0,100.0,100.0,100.0,100.0,100.0,100.0,90.54,100.0,100.0,100.0,Enterococcus gallinarum,268,10,normal,92.74,1.112960017251294,92.815,92.2075,93.4325,1.2250000000000085,90.54,94.68,90.58590000000001,94.63095000000001,90.76950000000001,94.43475000000001,1.0,3.1006963550219185e-18,7.259999999999999
Enterococcus gallinarum,qualibact-v1.0,Contamination,non-normal,0.45951492537313426,0.11693914957193066,0.52,0.39,0.52,0.13,0.1,0.82,0.1,0.6933000000000004,0.14,0.5932499999999998,0.1,11.72,0.14,0.59,Enterococcus gallinarum,268,10,normal,4.207,3.8746252722037524,2.765,0.8724999999999999,6.2025,5.33,0.51,11.72,0.5136000000000001,11.653400000000001,0.528,11.387,0.8701492537313433,7.711262282661419e-09,3.7474850746268658
Enterococcus gallinarum,qualibact-v1.0,Total_Coding_Sequences,non-normal,3321.25,151.6007897086902,3426.0,3163.75,3436.0,272.25,2944.0,3505.0,2970.71,3487.2950000000005,3029.4,3452.0,2970.71,3713.0,3029.4,3452.0,Enterococcus gallinarum,268,10,normal,3304.8,230.23631338257655,3190.5,3173.75,3455.75,282.0,3020.0,3713.0,3021.665,3710.57,3028.325,3700.85,0.29776119402985074,0.2966320653825852,124.91716417910449
Enterococcus gallinarum,qualibact-v1.0,Genome_Size,non-normal,3508837.4552238807,188519.5290881587,3653797.0,3303079.0,3656297.5,353218.5,3113970.0,3725113.0,3119693.695,3672241.2800000003,3168720.65,3664575.375,3119693.7,3792603.0,3168720.65,3664575.38,Enterococcus gallinarum,268,10,normal,3416524.2,236690.38814611803,3279765.5,3265825.0,3632821.25,366996.25,3150305.0,3792603.0,3151534.715,3792124.245,3156453.575,3790209.225,0.3723880597014925,0.10434973065460446,148600.20597014923
Enterococcus hirae,qualibact-v1.0,N50,non-normal,150099.48302300108,60352.100429967286,156750.0,104901.0,186931.0,82030.0,27403.0,470405.0,38090.76,327556.9599999999,49702.8,283835.0,38090.76,327556.96,49702.8,283835.0,Enterococcus hirae,913,0,,,,,,,,,,,,,,,,
Enterococcus hirae,qualibact-v1.0,number,non-normal,81.65826944140197,36.13309612170435,74.0,56.0,99.0,43.0,23.0,261.0,28.0,209.43999999999994,33.8,177.0,28.0,209.44,33.8,177.0,Enterococcus hirae,913,0,,,,,,,,,,,,,,,,
Enterococcus hirae,qualibact-v1.0,longest,non-normal,343415.7907995619,135985.98311326225,329087.0,242716.0,411108.0,168392.0,103200.0,970914.0,108299.32,850437.6799999943,132085.4,615099.7999999992,108299.32,850437.68,132085.4,615099.8,Enterococcus hirae,913,0,,,,,,,,,,,,,,,,
Enterococcus hirae,qualibact-v1.0,GC_Content,non-normal,36.736233953997804,0.12306147533371299,36.732,36.6531,36.8356,0.18249999999999744,36.3554,37.5888,36.383912,37.038968,36.497820000000004,36.95196,36.3839,37.1576,36.4978,36.952,Enterococcus hirae,913,34,non-normal,36.92859705882353,0.15296455661225858,36.96055,36.87325,37.017325,0.14407500000000084,36.4876,37.1576,36.513274,37.154877500000005,36.61597,37.1439875,0.657528509760969,2.3462909385902827e-14,0.19347019844082175
Enterococcus hirae,qualibact-v1.0,Completeness_Specific,non-normal,99.99960569550929,0.0019461677408501756,100.0,100.0,100.0,0.0,99.99,100.0,99.99,100.0,99.99,100.0,92.62,100.0,99.99,100.0,Enterococcus hirae,913,34,non-normal,98.28588235294117,1.0404498960349642,98.46,98.2775,98.8175,0.539999999999992,92.62,98.84,93.45490000000001,98.84,96.79450000000001,98.84,1.0,6.849495418856921e-63,1.7137233425681344
Enterococcus hirae,qualibact-v1.0,Contamination,non-normal,0.3014567360350493,0.3221956480803557,0.19,0.13,0.3,0.16999999999999998,0.0,1.77,0.01,1.6543999999999994,0.05,1.395999999999998,0.01,1.65,0.05,1.4,Enterococcus hirae,913,33,non-normal,0.33636363636363636,0.3352142524436011,0.14,0.08,0.46,0.38,0.08,1.25,0.08,1.1956,0.08,0.9779999999999998,0.42460752099306315,1.0230471334717665e-05,0.125618838992333
Enterococcus hirae,qualibact-v1.0,Total_Coding_Sequences,non-normal,2722.5848849945237,124.10858789672224,2727.0,2626.0,2803.0,177.0,2425.0,3086.0,2469.12,3066.0,2501.8,2965.0,2469.12,3128.0,2501.8,2965.0,Enterococcus hirae,913,34,non-normal,2722.735294117647,141.95697542555746,2701.5,2616.75,2786.0,169.25,2528.0,3128.0,2528.495,3108.2000000000003,2530.475,3028.9999999999995,0.15121448360286063,0.40053019320124744,26.330423297467952
Enterococcus hirae,qualibact-v1.0,Genome_Size,normal,2920979.797371303,111872.85481470283,2915131.0,2847329.0,2991550.0,144221.0,2627907.0,3228228.0,2669761.72,3206737.0399999996,2697096.4,3156452.9999999995,2669761.72,3233855.0,2697096.4,3156453.0,Enterococcus hirae,913,34,normal,2882742.382352941,129250.07793398827,2853553.5,2818142.75,2949631.75,131489.0,2671783.0,3233855.0,2672586.55,3214185.35,2675800.75,3135506.7499999995,0.29469750660395594,0.005101399370604463,43864.01897429289
Enterococcus lactis,qualibact-v1.0,N50,non-normal,122005.82115869017,53028.97465191877,106849.0,87828.5,137873.0,50044.5,26815.0,354110.0,36092.65,298926.4999999999,52016.0,276191.75,36092.65,298926.5,52016.0,276191.75,Enterococcus lactis,1191,0,,,,,,,,,,,,,,,,
Enterococcus lactis,qualibact-v1.0,number,non-normal,94.92191435768262,34.628794845321266,90.0,72.0,112.0,40.0,21.0,262.0,27.0,222.0,39.0,178.5,27.0,222.0,39.0,178.5,Enterococcus lactis,1191,0,,,,,,,,,,,,,,,,
Enterococcus lactis,qualibact-v1.0,longest,non-normal,290699.17128463474,130031.07814290692,253387.0,208321.5,349474.0,141152.5,82546.0,1030009.0,114417.6,892660.2499999998,136068.0,649349.5,114417.6,892660.25,136068.0,649349.5,Enterococcus lactis,1191,0,,,,,,,,,,,,,,,,
Enterococcus lactis,qualibact-v1.0,GC_Content,non-normal,38.153980604534006,0.10352018977468283,38.1579,38.08125,38.226749999999996,0.1454999999999984,37.8264,38.446,37.904885,38.40384,37.955275,38.349875000000004,37.9049,38.4702,37.9553,38.3499,Enterococcus lactis,1191,28,normal,38.31158214285715,0.1296968472289227,38.3608,38.23625,38.4141,0.1778499999999994,38.0415,38.4702,38.0488305,38.4701595,38.078152499999995,38.4699975,0.5442905121746432,4.1406587273680864e-08,0.15760153832313756
Enterococcus lactis,qualibact-v1.0,Completeness_Specific,non-normal,100.0,0.0,100.0,100.0,100.0,0.0,100.0,100.0,100.0,100.0,100.0,100.0,96.05,100.0,100.0,100.0,Enterococcus lactis,1191,28,non-normal,99.10107142857143,0.6219229355435468,99.28,99.03,99.38250000000001,0.35250000000000625,96.05,99.42,96.4145,99.42,97.8725,99.42,1.0,3.25658047235033e-57,0.8989285714285715
Enterococcus lactis,qualibact-v1.0,Contamination,non-normal,0.43820319059613766,0.30427151419004494,0.38,0.19,0.61,0.42,0.0,1.88,0.03,1.5204999999999995,0.06,1.1524999999999999,0.03,1.52,0.06,1.15,Enterococcus lactis,1191,28,non-normal,0.33892857142857136,0.24773746596107812,0.27,0.27,0.27,0.0,0.08,1.27,0.08,1.2254499999999995,0.08,1.0472499999999998,0.454510015593139,1.1169776636106856e-05,0.14603544440446206
Enterococcus lactis,qualibact-v1.0,Total_Coding_Sequences,normal,2682.7287993282957,103.95082720721295,2686.0,2606.0,2758.0,152.0,2387.0,3029.0,2430.0,2940.25,2479.0,2890.5,2430.0,3078.0,2479.0,2890.5,Enterococcus lactis,1191,28,non-normal,2682.214285714286,128.5402541571142,2676.0,2595.75,2734.25,138.5,2506.0,3078.0,2506.0,3051.1349999999998,2506.0,2943.6749999999997,0.1307124865059374,0.6890842813154914,26.196293630802447
Enterococcus lactis,qualibact-v1.0,Genome_Size,normal,2768545.8052057093,92951.6982981818,2766679.0,2705424.0,2832309.0,126885.0,2513693.0,3042719.0,2533136.65,2994763.7499999995,2591221.75,2953885.25,2533136.65,3073413.0,2591221.75,2953885.25,Enterococcus lactis,1191,28,normal,2754136.5,107091.20099392587,2764409.0,2706560.75,2807409.75,100849.0,2590833.0,3073413.0,2590833.135,3047793.9149999996,2590833.675,2945317.5749999997,0.16138898884490824,0.4283784034013049,24617.687777377956
Erwinia amylovora,qualibact-v1.0,N50,non-normal,314306.7833333333,77996.20072255479,344509.0,262266.25,376205.5,113939.25,40119.0,435596.0,45923.225,435581.72,129580.725,429109.05,45923.22,435581.72,129580.72,429109.05,Erwinia amylovora,120,0,,,,,,,,,,,,,,,,
Erwinia amylovora,qualibact-v1.0,number,non-normal,88.90833333333333,20.819860643679203,88.5,78.0,95.0,17.0,48.0,239.0,50.975,191.9950000000001,58.95,135.09999999999997,50.98,192.0,58.95,135.1,Erwinia amylovora,120,0,,,,,,,,,,,,,,,,
Erwinia amylovora,qualibact-v1.0,longest,non-normal,610834.2416666667,194491.76290766985,557716.0,461472.25,837420.0,375947.75,100281.0,1029547.0,128920.135,990376.3650000001,266033.775,839305.0749999996,128920.14,990376.37,266033.78,839305.07,Erwinia amylovora,120,0,,,,,,,,,,,,,,,,
Erwinia amylovora,qualibact-v1.0,GC_Content,non-normal,53.53313083333333,0.039191144399028856,53.545,53.522625,53.552025,0.029400000000002535,53.3278,53.6386,53.355408000000004,53.622416,53.4096325,53.582077500000004,53.3554,53.7283,53.4096,53.5821,Erwinia amylovora,120,33,non-normal,53.5948909090909,0.026566706934721327,53.5837,53.5835,53.6081,0.02459999999999951,53.5764,53.7283,53.576512,53.710364,53.57696,53.638619999999996,0.9666666666666667,3.8309476172084204e-29,0.06176007575757548
Erwinia amylovora,qualibact-v1.0,Completeness_Specific,non-normal,100.0,0.0,100.0,100.0,100.0,0.0,100.0,100.0,100.0,100.0,100.0,100.0,95.4,100.0,100.0,100.0,Erwinia amylovora,120,33,normal,97.52636363636363,0.7955018167772244,97.98,97.07,98.21,1.1400000000000006,95.4,98.23,95.47840000000001,98.23,95.792,98.23,1.0,5.790341163538069e-34,2.473636363636365
Erwinia amylovora,qualibact-v1.0,Contamination,non-normal,0.17591666666666667,0.06392046924803423,0.16,0.15,0.18,0.03,0.12,0.66,0.12,0.5410000000000003,0.13,0.3117499999999994,0.12,0.89,0.13,0.31,Erwinia amylovora,120,33,non-normal,0.2893939393939394,0.21097090699817522,0.2,0.2,0.2,0.0,0.18,0.89,0.1832,0.8692,0.196,0.7859999999999999,0.753030303030303,4.028702015675342e-15,0.11347727272727273
Erwinia amylovora,qualibact-v1.0,Total_Coding_Sequences,non-normal,3475.15,41.646258335333485,3453.5,3443.0,3516.0,73.0,3417.0,3588.0,3417.595,3573.7200000000003,3420.0,3560.025,3417.6,3586.0,3420.0,3560.02,Erwinia amylovora,120,33,non-normal,3499.060606060606,24.060453400019476,3501.0,3493.0,3503.0,10.0,3464.0,3586.0,3464.8,3582.16,3468.0,3566.8,0.5333333333333333,2.458015668843447e-07,31.203030303030303
Erwinia amylovora,qualibact-v1.0,Genome_Size,normal,3824882.1666666665,36313.489064747766,3802914.0,3800908.5,3866302.25,65393.75,3703322.0,3898964.0,3745555.695,3898385.065,3784029.375,3895338.65,3745555.7,3905604.0,3784029.38,3895338.65,Erwinia amylovora,120,33,non-normal,3829084.5757575757,21530.851311168695,3832316.0,3825209.0,3832351.0,7142.0,3799623.0,3905604.0,3799973.08,3903123.52,3801373.4,3893201.6,0.4893939393939394,3.39969303175602e-06,23327.67272727273
Erysipelothrix rhusiopathiae,qualibact-v1.0,N50,non-normal,141262.92682926828,62346.82725545895,133521.0,95272.0,177254.0,81982.0,20508.0,312389.0,22351.22,311976.76,34884.9,286216.8,22351.22,311976.76,34884.9,286216.8,Erysipelothrix rhusiopathiae,533,0,,,,,,,,,,,,,,,,
Erysipelothrix rhusiopathiae,qualibact-v1.0,number,non-normal,43.924953095684806,20.34390063176795,38.0,32.0,48.0,16.0,17.0,158.0,18.66,137.74000000000035,22.0,110.19999999999959,18.66,137.74,22.0,110.2,Erysipelothrix rhusiopathiae,533,0,,,,,,,,,,,,,,,,
Erysipelothrix rhusiopathiae,qualibact-v1.0,longest,non-normal,275536.3752345216,93082.37594221954,278695.0,216629.0,317341.0,100712.0,63125.0,744964.0,72074.8,587570.6000000006,99899.9,477075.79999999946,72074.8,587570.6,99899.9,477075.8,Erysipelothrix rhusiopathiae,533,0,,,,,,,,,,,,,,,,
Erysipelothrix rhusiopathiae,qualibact-v1.0,GC_Content,non-normal,36.355257786116326,0.07525823436010949,36.3662,36.3038,36.4149,0.11110000000000042,36.1199,36.5265,36.153786,36.503678,36.19198,36.4861,36.1538,36.6356,36.192,36.4861,Erysipelothrix rhusiopathiae,533,23,normal,36.47953478260869,0.09996655792420575,36.4831,36.4137,36.5481,0.1343999999999994,36.2666,36.6356,36.274553,36.635413,36.306365,36.634665,0.6547026674280121,9.681441383826607e-10,0.12427699649237214
Erysipelothrix rhusiopathiae,qualibact-v1.0,Completeness_Specific,non-normal,99.976191369606,0.016740401763991324,99.98,99.97,99.99,0.01999999999999602,99.86,100.0,99.89,100.0,99.933,99.99,89.71,100.0,99.93,99.99,Erysipelothrix rhusiopathiae,533,23,normal,95.01347826086956,2.1630727111854653,96.44,93.62,96.81,3.1899999999999977,89.71,96.99,89.9498,96.99,90.90899999999999,96.99,1.0,5.986111707571359e-41,4.962713108736438
Erysipelothrix rhusiopathiae,qualibact-v1.0,Contamination,non-normal,1.2170356472795498,0.1619366628710259,1.2,1.11,1.35,0.24,0.85,1.77,0.8766,1.76,0.91,1.54,0.72,3.63,0.91,1.54,Erysipelothrix rhusiopathiae,533,22,non-normal,1.6422727272727267,0.7373597359262907,1.52,1.05,1.7349999999999999,0.6849999999999998,0.72,3.63,0.7546499999999999,3.5858999999999996,0.89325,3.409499999999999,0.506054920689067,1.578309690850784e-05,0.4694004775712092
Erysipelothrix rhusiopathiae,qualibact-v1.0,Total_Coding_Sequences,non-normal,1694.9774859287054,37.439074455954035,1693.0,1669.0,1715.0,46.0,1606.0,1858.0,1618.32,1819.68,1632.0,1780.0,1618.32,1919.0,1632.0,1780.0,Erysipelothrix rhusiopathiae,533,23,normal,1792.0434782608695,61.6247256001437,1760.0,1750.5,1844.5,94.0,1708.0,1919.0,1708.66,1916.3600000000001,1711.3,1905.8,0.7266498083041031,2.7856842835384454e-12,97.06599233216413
Erysipelothrix rhusiopathiae,qualibact-v1.0,Genome_Size,non-normal,1773800.7073170731,33068.52853956081,1768692.0,1750725.0,1794449.0,43724.0,1694786.0,1917547.0,1705705.24,1899476.1,1720679.6,1854202.3,1705705.24,1945689.0,1720679.6,1854202.3,Erysipelothrix rhusiopathiae,533,23,normal,1821078.8260869565,59126.51435152472,1786225.0,1779374.0,1864239.0,84865.0,1752910.0,1945689.0,1754835.11,1944131.18,1762535.55,1937899.9,0.4705930336895342,5.3858040749503596e-05,47278.118769883346
Escherichia albertii,qualibact-v1.0,N50,non-normal,159907.74307692307,82637.01313585535,151783.5,111638.0,201437.5,89799.5,26270.0,501462.0,27733.76,439536.62,33561.325,380863.225,27733.76,439536.62,33561.32,380863.22,Escherichia albertii,650,0,,,,,,,,,,,,,,,,
Escherichia albertii,qualibact-v1.0,number,non-normal,191.77076923076922,87.1540002578582,178.0,129.25,246.0,116.75,43.0,487.0,53.47,467.03999999999996,63.0,409.32499999999993,53.47,467.04,63.0,409.32,Escherichia albertii,650,0,,,,,,,,,,,,,,,,
Escherichia albertii,qualibact-v1.0,longest,non-normal,404117.2753846154,149157.26234310144,403610.0,315814.0,498332.5,182518.5,107113.0,871108.0,111016.63,744038.875,130313.0,682193.2,111016.63,744038.88,130313.0,682193.2,Escherichia albertii,650,0,,,,,,,,,,,,,,,,
Escherichia albertii,qualibact-v1.0,GC_Content,non-normal,49.6384443076923,0.14415974069353904,49.6381,49.5254,49.742900000000006,0.21750000000000824,49.2251,50.028,49.308895,49.9595465,49.3796225,49.9101775,49.3089,50.1667,49.3796,49.9102,Escherichia albertii,650,81,non-normal,49.68359382716049,0.14807563745039415,49.657,49.5846,49.7609,0.17629999999999768,49.4145,50.1667,49.428979999999996,50.10722,49.4814,50.008,0.1515099715099715,0.06519649965195594,0.045799547958214705
Escherichia albertii,qualibact-v1.0,Completeness_Specific,non-normal,99.99992307692307,0.000873678207046643,100.0,100.0,100.0,0.0,99.99,100.0,99.99,100.0,100.0,100.0,97.42,100.0,100.0,100.0,Escherichia albertii,650,81,non-normal,99.14061728395062,0.5052351748675931,99.28,98.87,99.56,0.6899999999999977,97.42,99.66,97.428,99.66,97.69,99.66,1.0,1.2208974658992577e-109,0.8593057929724599
Escherichia albertii,qualibact-v1.0,Contamination,non-normal,0.5198461538461538,0.2692341977803672,0.48,0.34,0.64,0.3,0.05,1.78,0.05,1.4901999999999997,0.10225000000000002,1.1677499999999996,0.05,1.49,0.1,1.17,Escherichia albertii,650,81,normal,0.675679012345679,0.265552944067145,0.63,0.57,0.88,0.31000000000000005,0.26,1.38,0.26,1.3399999999999994,0.26,1.13,0.4547388414055081,4.582709802658545e-14,0.15942602089268754
Escherichia albertii,qualibact-v1.0,Total_Coding_Sequences,non-normal,4748.452307692308,271.49006221092134,4717.0,4530.0,4925.25,395.25,4125.0,5526.0,4178.92,5461.665,4280.125,5309.875,4178.92,5461.66,4280.12,5309.88,Escherichia albertii,650,81,normal,4918.135802469136,245.04349591658763,4928.0,4772.0,5115.0,343.0,4343.0,5357.0,4403.4,5353.4,4495.0,5344.0,0.3284710351377018,2.0228538043137002e-07,171.91665716999054
Escherichia albertii,qualibact-v1.0,Genome_Size,non-normal,4881570.526153846,218562.37868251727,4866022.0,4724434.75,5031959.5,307524.75,4353436.0,5438587.0,4400527.36,5366623.12,4462536.75,5359297.075,4400527.36,5366623.12,4462536.75,5359297.08,Escherichia albertii,650,81,normal,4970034.074074074,200039.79358116354,4958082.0,4838649.0,5097144.0,258495.0,4560575.0,5346483.0,4572867.0,5342690.2,4598983.0,5336845.0,0.26978157644824313,4.0432176690377785e-05,90225.56736942074
Escherichia coli,qualibact-v1.0,N50,non-normal,131118.34903007586,74142.96215800027,124344.0,84292.0,173827.0,89535.0,12543.0,527395.0,20626.0,370002.95999999996,23301.0,309404.35,20626.0,370002.96,23301.0,309404.35,Escherichia coli,371627,0,,,,,,,,,,,,,,,,
Escherichia coli,qualibact-v1.0,number,non-normal,286.0615644180859,158.26813968275493,240.0,149.0,411.0,262.0,29.0,1184.0,68.0,669.0,86.0,598.0,68.0,669.0,86.0,598.0,Escherichia coli,371627,0,,,,,,,,,,,,,,,,
Escherichia coli,qualibact-v1.0,longest,non-normal,356089.4244713113,176662.3164181309,347604.0,237219.0,457626.0,220407.0,39742.0,1130336.0,76416.13,842642.61,86643.0,725546.35,76416.13,842642.61,86643.0,725546.35,Escherichia coli,371627,0,,,,,,,,,,,,,,,,
Escherichia coli,qualibact-v1.0,GC_Content,non-normal,50.58636813821385,0.16637867356251757,50.5925,50.4667,50.7209,0.2541999999999973,49.3749,52.0959,50.1916,50.958186999999995,50.2591,50.8727,50.0941,51.1241,50.2591,50.8727,Escherichia coli,371627,5033,non-normal,50.657634909596666,0.14732207502025677,50.6638,50.5565,50.7739,0.21739999999999782,50.0941,51.1241,50.24376,50.995488,50.35952,50.91678,0.18347511343505318,8.807588929290242e-147,0.07132458756078122
Escherichia coli,qualibact-v1.0,Completeness_Specific,non-normal,99.99991362306827,0.01362977447085751,100.0,100.0,100.0,0.0,95.99,100.0,100.0,100.0,100.0,100.0,95.93,100.0,100.0,100.0,Escherichia coli,371627,5031,non-normal,98.82732061220433,0.6440264913933904,98.99,98.52,99.28,0.7600000000000051,95.93,99.59,96.3,99.56,97.01,99.56,0.9999623278179465,0.0,1.1725930108639586
Escherichia coli,qualibact-v1.0,Contamination,non-normal,0.3340211825297947,0.35400774754323333,0.21,0.09,0.45,0.36,0.0,2.19,0.0,1.68,0.0,1.3,0.0,15.57,0.0,1.3,Escherichia coli,371627,5031,non-normal,0.7049572649572649,0.6614100400415562,0.53,0.28,0.88,0.6,0.12,15.57,0.15,3.4,0.15,2.34,0.37362031750666364,0.0,0.3709360824274701
Escherichia coli,qualibact-v1.0,Total_Coding_Sequences,non-normal,4980.502159423293,397.35587262378834,4930.0,4700.0,5267.0,567.0,3804.0,6412.0,4190.0,5967.0,4292.0,5796.0,3998.0,6496.0,4292.0,5796.0,Escherichia coli,371627,5032,non-normal,5097.62380763116,362.62863428662087,5071.5,4856.0,5322.0,466.0,3998.0,6496.0,4409.155,6159.535000000001,4483.0,5864.224999999999,0.1742231587296429,2.8627425263829064e-132,117.18920068153625
Escherichia coli,qualibact-v1.0,Genome_Size,non-normal,5071676.283515461,332597.0742750449,5108717.0,4824002.0,5334353.0,510351.0,4061665.0,6273067.0,4343917.55,5735294.76,4434826.3,5618220.35,4165587.0,6250413.0,4434826.3,5618220.35,Escherichia coli,371627,5033,non-normal,5166025.897675343,308842.3316300117,5159456.0,4963842.0,5375655.0,411813.0,4165587.0,6250413.0,4524299.92,6007186.36,4596363.2,5773386.0,0.1063162549016134,2.4773740153476874e-49,94367.31295861618
Escherichia fergusonii,qualibact-v1.0,N50,non-normal,291521.20454545453,168382.13202193874,260397.0,175212.0,350877.0,175665.0,62775.0,1144805.0,70614.56999999999,1107179.86,102359.25,680973.05,70614.57,1107179.86,102359.25,680973.05,Escherichia fergusonii,220,0,,,,,,,,,,,,,,,,
Escherichia fergusonii,qualibact-v1.0,number,non-normal,89.13181818181818,38.884629895998245,81.5,59.0,111.0,52.0,27.0,265.0,27.38,209.10000000000002,35.475,184.20000000000005,27.38,209.1,35.48,184.2,Escherichia fergusonii,220,0,,,,,,,,,,,,,,,,
Escherichia fergusonii,qualibact-v1.0,longest,non-normal,627822.9772727273,269209.59844151244,554952.0,442717.75,721853.75,279136.0,223548.0,1569930.0,230908.78,1528193.87,271723.575,1253308.1000000003,230908.78,1528193.87,271723.58,1253308.1,Escherichia fergusonii,220,0,,,,,,,,,,,,,,,,
Escherichia fergusonii,qualibact-v1.0,GC_Content,normal,49.84264318181819,0.11367670385337071,49.84365,49.772999999999996,49.91745,0.14445000000000618,49.4836,50.0951,49.49696,50.0949715,49.6088775,50.0690525,49.497,50.1238,49.6089,50.0691,Escherichia fergusonii,220,68,normal,49.863858823529405,0.12083189737046,49.8769,49.77265,49.9473,0.17464999999999975,49.5953,50.1238,49.614462,50.1238,49.6591825,50.1011875,0.1179144385026738,0.4272862233802383,0.023076711229946808
Escherichia fergusonii,qualibact-v1.0,Completeness_Specific,non-normal,100.0,0.0,100.0,100.0,100.0,0.0,100.0,100.0,100.0,100.0,100.0,100.0,89.94,100.0,100.0,100.0,Escherichia fergusonii,220,68,normal,93.9910294117647,1.6802845869829888,93.8,93.0325,94.605,1.5725000000000051,89.94,98.49,90.1879,98.49,90.74075,98.48325,1.0,1.5740550400493784e-67,6.008970588235295
Escherichia fergusonii,qualibact-v1.0,Contamination,non-normal,0.31181818181818177,0.1797912012114549,0.3,0.16,0.4,0.24000000000000002,0.02,1.0,0.0519,0.92905,0.08,0.7872500000000004,0.05,8.29,0.08,0.79,Escherichia fergusonii,220,68,normal,3.716617647058824,1.3605822826730751,3.705,2.8024999999999998,4.535,1.7325000000000004,1.22,8.29,1.2669,7.70710000000001,1.36,6.44875,1.0,1.5740550400493784e-67,3.4047994652406417
Escherichia fergusonii,qualibact-v1.0,Total_Coding_Sequences,non-normal,4480.713636363636,210.59507633771014,4462.5,4314.25,4636.25,322.0,4092.0,5076.0,4098.76,5021.24,4114.95,4903.45,4098.76,5130.0,4114.95,4903.45,Escherichia fergusonii,220,68,normal,4717.044117647059,207.70683765002633,4726.5,4569.5,4827.0,257.5,4289.0,5130.0,4289.335,5128.66,4357.5,5123.975,0.45267379679144387,3.6145120540139505e-10,236.33048128342244
Escherichia fergusonii,qualibact-v1.0,Genome_Size,non-normal,4730215.6454545455,180587.20881024297,4703626.5,4597305.75,4858782.0,261476.25,4367970.0,5193242.0,4373190.17,5166035.715,4409847.35,5104037.75,4373190.17,5228048.0,4409847.35,5104037.75,Escherichia fergusonii,220,68,normal,4834295.867647059,184200.33622525554,4844083.0,4718140.5,4951519.25,233378.75,4457616.0,5228048.0,4457616.0,5211839.36,4503047.55,5161146.05,0.29197860962566846,0.0002044544645552718,104080.22219251338
Escherichia marmotae,qualibact-v1.0,N50,non-normal,156991.69330453564,45257.27107025646,157287.0,123810.0,183543.0,59733.0,53492.0,347172.0,54729.0,313940.87,68467.35,253771.2,54729.0,313940.87,68467.35,253771.2,Escherichia marmotae,463,0,,,,,,,,,,,,,,,,
Escherichia marmotae,qualibact-v1.0,number,non-normal,147.68682505399568,61.502701298605984,132.0,104.0,174.5,70.5,51.0,543.0,58.86,334.59,73.55,303.0,58.86,334.59,73.55,303.0,Escherichia marmotae,463,0,,,,,,,,,,,,,,,,
Escherichia marmotae,qualibact-v1.0,longest,normal,415601.46004319657,112127.44553413683,418020.0,331987.0,490737.5,158750.5,147513.0,821608.0,167076.0,706094.41,198039.1,635296.1,167076.0,706094.41,198039.1,635296.1,Escherichia marmotae,463,0,,,,,,,,,,,,,,,,
Escherichia marmotae,qualibact-v1.0,GC_Content,normal,50.38070345572354,0.08232916672918213,50.3779,50.324299999999994,50.43365,0.10935000000000628,50.14,50.5803,50.18219,50.556278999999996,50.206055,50.529845,50.1694,50.5778,50.2061,50.5298,Escherichia marmotae,463,15,normal,50.37921333333333,0.1096262125994009,50.3798,50.31245,50.45535,0.14290000000000447,50.1694,50.5778,50.173691000000005,50.575357000000004,50.190855,50.565585000000006,0.14485241180705544,0.8778220749850828,0.025601137509000598
Escherichia marmotae,qualibact-v1.0,Completeness_Specific,non-normal,100.0,0.0,100.0,100.0,100.0,0.0,100.0,100.0,100.0,100.0,100.0,100.0,98.07,100.0,100.0,100.0,Escherichia marmotae,463,15,non-normal,99.36599999999999,0.44156992651221305,99.55,99.35,99.65,0.30000000000001137,98.07,99.66,98.1113,99.66,98.2765,99.66,1.0,2.1013098494583466e-28,0.6340000000000003
Escherichia marmotae,qualibact-v1.0,Contamination,non-normal,0.1729157667386609,0.15160739704896614,0.14,0.1,0.19,0.09,0.02,1.58,0.03,0.9758999999999998,0.04,0.56,0.03,1.72,0.04,0.56,Escherichia marmotae,463,15,normal,0.7346666666666667,0.40915957223992155,0.59,0.49,0.935,0.44500000000000006,0.18,1.72,0.1926,1.6905999999999999,0.243,1.5730000000000002,0.8642188624910008,7.615402592514596e-13,0.5617508999280058
Escherichia marmotae,qualibact-v1.0,Total_Coding_Sequences,non-normal,4506.630669546436,261.1710620229826,4462.0,4311.0,4668.5,357.5,4035.0,5206.0,4073.75,5159.07,4115.2,5091.45,4073.75,5159.07,4115.2,5091.45,Escherichia marmotae,463,15,normal,4785.6,232.55445240487944,4822.0,4657.0,4961.0,304.0,4276.0,5135.0,4289.09,5128.07,4341.45,5100.35,0.4979121670266379,0.000750267088057235,279.612958963283
Escherichia marmotae,qualibact-v1.0,Genome_Size,non-normal,4766439.438444925,200849.29556185476,4740542.0,4610489.5,4907050.5,296561.0,4384280.0,5306414.0,4417623.6,5271453.55,4450821.75,5210189.25,4417623.6,5271453.55,4450821.75,5210189.25,Escherichia marmotae,463,15,normal,4905640.866666666,195506.2838542934,4909184.0,4818590.5,5056510.0,237919.5,4450344.0,5200167.0,4463446.18,5192770.52,4515854.9,5163184.6,0.413678905687545,0.00917405984607229,144046.51763858894
Escherichia ruysiae,qualibact-v1.0,N50,non-normal,310530.1818181818,180242.54387251742,273815.0,157087.0,419134.0,262047.0,47094.0,899627.0,60489.6,899627.0,84539.0,747358.0,60489.6,899627.0,84539.0,747358.0,Escherichia ruysiae,121,0,,,,,,,,,,,,,,,,
Escherichia ruysiae,qualibact-v1.0,number,non-normal,88.72727272727273,45.864695005351166,80.0,54.0,105.0,51.0,33.0,242.0,33.6,236.60000000000005,35.0,211.0,33.6,236.6,35.0,211.0,Escherichia ruysiae,121,0,,,,,,,,,,,,,,,,
Escherichia ruysiae,qualibact-v1.0,longest,non-normal,701105.9421487603,330081.33972179313,674812.0,414595.0,908639.0,494044.0,135728.0,1553817.0,165870.2,1475265.6000000008,243725.0,1386054.0,165870.2,1475265.6,243725.0,1386054.0,Escherichia ruysiae,121,0,,,,,,,,,,,,,,,,
Escherichia ruysiae,qualibact-v1.0,GC_Content,normal,50.58008347107438,0.10824180334444461,50.5805,50.5061,50.6571,0.15099999999999625,50.3533,50.8824,50.36566,50.847359999999995,50.3977,50.7813,50.3657,50.8474,50.3977,50.7813,Escherichia ruysiae,121,1,insufficient_data,50.6989,0.0,50.6989,50.6989,50.6989,0.0,50.6989,50.6989,50.6989,50.6989,50.6989,50.6989,0.8512396694214877,0.3114754098360656,0.13377685950413326
Escherichia ruysiae,qualibact-v1.0,Completeness_Specific,non-normal,100.0,0.0,100.0,100.0,100.0,0.0,100.0,100.0,100.0,100.0,100.0,100.0,99.53,100.0,100.0,100.0,Escherichia ruysiae,121,1,insufficient_data,99.53,0.0,99.53,99.53,99.53,0.0,99.53,99.53,99.53,99.53,99.53,99.53,1.0,0.01639344262295082,0.46999999999999886
Escherichia ruysiae,qualibact-v1.0,Contamination,non-normal,0.2602479338842975,0.2189360554591881,0.22,0.1,0.33,0.23,0.0,1.13,0.006,1.0580000000000007,0.01,0.89,0.01,1.06,0.01,0.89,Escherichia ruysiae,121,1,insufficient_data,0.21,0.0,0.21,0.21,0.21,0.0,0.21,0.21,0.21,0.21,0.21,0.21,0.5206611570247934,0.9672131147540983,0.1528925619834711
Escherichia ruysiae,qualibact-v1.0,Total_Coding_Sequences,non-normal,4315.909090909091,187.04094217466607,4275.0,4175.0,4444.0,269.0,3986.0,4989.0,4000.4,4925.400000000001,4044.0,4705.0,4000.4,4925.4,4044.0,4705.0,Escherichia ruysiae,121,1,insufficient_data,4313.0,0.0,4313.0,4313.0,4313.0,0.0,4313.0,4313.0,4313.0,4313.0,4313.0,4313.0,0.5702479338842975,0.8688524590163934,151.15702479338842
Escherichia ruysiae,qualibact-v1.0,Genome_Size,non-normal,4600688.578512397,144764.27117063847,4570633.0,4489050.0,4710020.0,220970.0,4349338.0,5057165.0,4356238.0,5005625.000000001,4368401.0,4883948.0,4356238.0,5005625.0,4368401.0,4883948.0,Escherichia ruysiae,121,1,insufficient_data,4501754.0,0.0,4501754.0,4501754.0,4501754.0,0.0,4501754.0,4501754.0,4501754.0,4501754.0,4501754.0,4501754.0,0.7024793388429752,0.6065573770491803,132359.9338842975
Flavobacterium psychrophilum,qualibact-v1.0,N50,normal,126917.42857142857,33268.11112154622,132599.5,104661.0,149793.5,45132.5,49501.0,193208.0,49501.765,191764.44499999998,58732.85,189974.175,49501.76,191764.44,58732.85,189974.18,Flavobacterium psychrophilum,154,0,,,,,,,,,,,,,,,,
Flavobacterium psychrophilum,qualibact-v1.0,number,non-normal,182.63636363636363,59.685737401112185,178.5,145.0,199.75,54.75,80.0,462.0,83.825,457.4099999999999,100.825,336.47499999999934,83.82,457.41,100.82,336.47,Flavobacterium psychrophilum,154,0,,,,,,,,,,,,,,,,
Flavobacterium psychrophilum,qualibact-v1.0,longest,non-normal,286959.56493506493,73057.21035198795,275536.5,233829.0,339639.25,105810.25,121899.0,488708.0,152912.1,488644.505,166190.9,433397.37499999884,152912.1,488644.5,166190.9,433397.37,Flavobacterium psychrophilum,154,0,,,,,,,,,,,,,,,,
Flavobacterium psychrophilum,qualibact-v1.0,GC_Content,non-normal,32.44190649350649,0.07940418932593968,32.443,32.368875,32.509775,0.14089999999999492,32.3256,32.6121,32.3272065,32.582571,32.331495000000004,32.566804999999995,32.3272,32.8182,32.3315,32.5668,Flavobacterium psychrophilum,154,41,normal,32.567275609756095,0.0972030456726682,32.5535,32.5346,32.6058,0.07120000000000459,32.3517,32.8182,32.35448,32.81078,32.3656,32.7811,0.6507760532150776,1.2723848938641417e-13,0.12536911624960376
Flavobacterium psychrophilum,qualibact-v1.0,Completeness_Specific,non-normal,100.0,0.0,100.0,100.0,100.0,0.0,100.0,100.0,100.0,100.0,100.0,100.0,92.33,100.0,100.0,100.0,Flavobacterium psychrophilum,154,41,non-normal,98.35390243902438,1.7780461708301634,99.47,97.81,99.53,1.7199999999999989,92.33,99.53,92.522,99.53,93.29,99.53,1.0,7.975665625389442e-43,1.646097560975609
Flavobacterium psychrophilum,qualibact-v1.0,Contamination,non-normal,0.019805194805194805,0.015436118010943207,0.02,0.01,0.02,0.01,0.0,0.09,0.0,0.07469999999999971,0.0,0.06,0.0,0.62,0.0,0.06,Flavobacterium psychrophilum,154,41,non-normal,0.41414634146341467,0.10644993349116591,0.47,0.31,0.47,0.15999999999999998,0.16,0.62,0.16,0.5899999999999995,0.16,0.47,1.0,7.975665625389442e-43,0.39434114665821984
Flavobacterium psychrophilum,qualibact-v1.0,Total_Coding_Sequences,non-normal,2559.8246753246754,82.61309706525212,2551.0,2501.5,2604.75,103.25,2385.0,2811.0,2388.06,2799.5249999999996,2428.6,2774.325,2388.06,2890.0,2428.6,2774.32,Flavobacterium psychrophilum,154,41,non-normal,2528.878048780488,74.8032199391571,2536.0,2506.0,2544.0,38.0,2402.0,2890.0,2403.2,2833.999999999999,2408.0,2610.0,0.34716503009185934,0.000536298434098785,36.576655052264805
Flavobacterium psychrophilum,qualibact-v1.0,Genome_Size,non-normal,2793917.6818181816,59329.71542456444,2790976.5,2745701.75,2821883.5,76181.75,2662097.0,2963596.0,2663246.795,2950444.885,2685143.85,2931133.625,2663246.8,3208574.0,2685143.85,2931133.62,Flavobacterium psychrophilum,154,41,non-normal,2831643.7560975607,81555.01791048504,2851029.0,2787950.0,2858044.0,70094.0,2684585.0,3208574.0,2687272.0,3147484.7999999993,2698020.0,2903128.0,0.5190053848590434,1.5365692055161884e-08,42126.737250554324
Francisella tularensis,qualibact-v1.0,N50,non-normal,28217.790049751246,4142.089754823695,26969.0,26618.0,27609.0,991.0,16855.0,39281.0,20615.42,38285.0,22355.3,37872.6,20615.42,38285.0,22355.3,37872.6,Francisella tularensis,1005,0,,,,,,,,,,,,,,,,
Francisella tularensis,qualibact-v1.0,number,non-normal,104.85771144278607,16.862058228396357,107.0,104.0,111.0,7.0,62.0,265.0,69.0,160.94000000000005,70.0,137.89999999999998,69.0,160.94,70.0,137.9,Francisella tularensis,1005,0,,,,,,,,,,,,,,,,
Francisella tularensis,qualibact-v1.0,longest,non-normal,92870.63582089552,17702.21534099098,87682.0,87680.0,88031.0,351.0,48526.0,149042.0,56126.0,148635.1000000001,58013.5,133961.1,56126.0,148635.1,58013.5,133961.1,Francisella tularensis,1005,0,,,,,,,,,,,,,,,,
Francisella tularensis,qualibact-v1.0,GC_Content,non-normal,32.20256875621891,0.047451463119532564,32.181,32.1694,32.218,0.04860000000000042,32.1576,32.3822,32.159022,32.345589999999994,32.1623,32.3138,32.1465,32.5368,32.1623,32.3138,Francisella tularensis,1005,64,non-normal,32.2409921875,0.09970558426043565,32.23675,32.156324999999995,32.2737,0.11737500000000267,32.1465,32.5368,32.1474765,32.5183725,32.1496575,32.47761,0.35907960199004973,1.9044162048490694e-07,0.04915135105721383
Francisella tularensis,qualibact-v1.0,Completeness_Specific,non-normal,99.99689552238806,0.00599452734253924,100.0,100.0,100.0,0.0,99.95,100.0,99.98,100.0,99.98,100.0,92.53,100.0,99.98,100.0,Francisella tularensis,1005,64,non-normal,98.20984375,1.275449053504663,98.665,98.215,98.715,0.5,92.53,99.59,92.59615,99.5081,93.6715,99.26675,1.0,2.430050316336028e-104,1.7870517723880561
Francisella tularensis,qualibact-v1.0,Contamination,non-normal,0.5715223880597016,0.13026864987619174,0.54,0.49,0.56,0.07000000000000006,0.29,1.51,0.46,1.0498000000000003,0.47,0.8589999999999998,0.08,3.77,0.47,0.86,Francisella tularensis,1005,34,non-normal,0.6349999999999999,0.8643469142857481,0.37,0.29500000000000004,0.49750000000000005,0.2025,0.08,3.77,0.08,3.7073000000000005,0.08,3.4564999999999992,0.7342990927714369,1.5213503681345892e-18,0.41504506877377834
Francisella tularensis,qualibact-v1.0,Total_Coding_Sequences,non-normal,1962.4577114427861,35.82907811462082,1945.0,1939.0,1998.0,59.0,1863.0,2100.0,1894.06,2029.98,1902.0,2023.0,1814.0,2043.0,1902.0,2023.0,Francisella tularensis,1005,64,non-normal,1946.0625,41.90833561178492,1953.5,1940.75,1972.0,31.25,1814.0,2043.0,1822.505,2032.92,1842.15,1991.4499999999998,0.37173507462686567,5.8164601896500565e-08,21.28566542288557
Francisella tularensis,qualibact-v1.0,Genome_Size,non-normal,1791299.8437810945,8716.210425155858,1790017.0,1786736.0,1793090.0,6354.0,1757717.0,1831493.0,1766601.94,1813799.56,1775894.6,1812792.0,1766601.94,2047033.0,1775894.6,1812792.0,Francisella tularensis,1005,64,non-normal,1900097.78125,29349.05854722428,1892822.0,1892176.25,1896530.5,4354.25,1857929.0,2047033.0,1858000.505,2032245.01,1860621.6,1987937.825,1.0,2.430050316336028e-104,108797.93746890547
Fusobacterium necrophorum,qualibact-v1.0,N50,non-normal,122744.66571428571,46877.000361306906,117542.0,92779.75,155569.5,62789.75,36811.0,382644.0,38824.545,305700.70499999955,47849.275,211290.32499999978,38824.54,305700.7,47849.28,211290.32,Fusobacterium necrophorum,350,0,,,,,,,,,,,,,,,,
Fusobacterium necrophorum,qualibact-v1.0,number,non-normal,69.48285714285714,20.938781322352696,66.0,55.0,81.0,26.0,31.0,151.0,34.235,143.52999999999997,39.725,118.27499999999998,34.24,143.53,39.72,118.27,Fusobacterium necrophorum,350,0,,,,,,,,,,,,,,,,
Fusobacterium necrophorum,qualibact-v1.0,longest,non-normal,270133.36,120166.76119734181,232809.5,186900.5,318816.5,131916.0,107746.0,755621.0,114092.815,731596.495,139920.925,581334.2499999995,114092.82,731596.5,139920.92,581334.25,Fusobacterium necrophorum,350,0,,,,,,,,,,,,,,,,
Fusobacterium necrophorum,qualibact-v1.0,GC_Content,non-normal,35.092107999999996,0.14282941111289763,35.1088,35.0314,35.174775,0.14337499999999892,34.4996,35.4624,34.5189485,35.4248165,34.66169,35.341785,34.5189,35.5222,34.6617,35.3418,Fusobacterium necrophorum,350,6,insufficient_data,35.21933333333333,0.2643292622637319,35.290949999999995,35.22765,35.32575,0.0981000000000023,34.668,35.5222,34.6816575,35.517385,34.7362875,35.498125,0.6876190476190476,0.0027559173189123454,0.19652609523809453
Fusobacterium necrophorum,qualibact-v1.0,Completeness_Specific,non-normal,99.99928571428572,0.003513821107499569,100.0,100.0,100.0,0.0,99.97,100.0,99.98,100.0,99.99,100.0,91.5,100.0,99.99,100.0,Fusobacterium necrophorum,350,6,insufficient_data,95.22666666666669,3.137375052846284,95.36500000000001,92.35000000000001,98.26,5.909999999999997,91.5,98.56,91.51975,98.553,91.59875,98.525,1.0,7.380000541852746e-13,4.772619047619045
Fusobacterium necrophorum,qualibact-v1.0,Contamination,non-normal,0.17471428571428574,0.09789967792988652,0.16,0.1,0.22,0.12,0.01,0.56,0.024900000000000002,0.5025499999999999,0.04,0.4382499999999993,0.02,4.13,0.04,0.44,Fusobacterium necrophorum,350,6,insufficient_data,2.1783333333333332,1.316591770021706,2.495,1.205,2.8625000000000003,1.6575000000000002,0.19,4.13,0.206,4.1,0.27,3.98,0.8333333333333334,5.533130314252251e-05,2.003619047619048
Fusobacterium necrophorum,qualibact-v1.0,Total_Coding_Sequences,normal,2099.1714285714284,117.05329328723627,2086.5,2020.5,2180.75,160.25,1809.0,2535.0,1844.9,2415.59,1884.7,2350.2,1844.9,2415.59,1884.7,2350.2,Fusobacterium necrophorum,350,6,insufficient_data,2145.1666666666665,92.69199294197722,2131.5,2088.5,2183.5,95.0,2020.0,2313.0,2021.525,2310.025,2027.625,2298.125,0.32476190476190475,0.46496560164380857,51.195238095238096
Fusobacterium necrophorum,qualibact-v1.0,Genome_Size,non-normal,2154176.4485714287,78436.53224535061,2148401.0,2100910.75,2202240.25,101329.5,1953171.0,2474571.0,1980036.11,2369897.275,2013889.275,2329692.15,1980036.11,2369897.28,2013889.28,2329692.15,Fusobacterium necrophorum,350,6,insufficient_data,2203437.0,61732.15937148697,2181337.0,2153742.75,2262039.5,108296.75,2135983.0,2288480.0,2136270.1,2288418.45,2137418.5,2288172.25,0.3942857142857143,0.2468226709026826,54557.55142857142
Glaesserella parasuis,qualibact-v1.0,N50,non-normal,38406.80785123967,9415.473336320545,36644.0,32702.75,43036.75,10334.0,15780.0,79283.0,16770.25,71324.14999999992,21519.125,61649.85000000002,16770.25,71324.15,21519.12,61649.85,Glaesserella parasuis,484,0,,,,,,,,,,,,,,,,
Glaesserella parasuis,qualibact-v1.0,number,non-normal,200.2479338842975,38.46604835301457,196.0,172.75,221.0,48.25,104.0,344.0,136.415,327.75499999999994,141.15,305.85,136.42,327.75,141.15,305.85,Glaesserella parasuis,484,0,,,,,,,,,,,,,,,,
Glaesserella parasuis,qualibact-v1.0,longest,non-normal,133090.5785123967,39018.42860931908,122231.5,107024.5,159661.5,52637.0,57914.0,264634.0,59703.48,254296.61999999994,70860.6,219813.77500000002,59703.48,254296.62,70860.6,219813.78,Glaesserella parasuis,484,0,,,,,,,,,,,,,,,,
Glaesserella parasuis,qualibact-v1.0,GC_Content,non-normal,39.89073904958678,0.10570434629838761,39.9025,39.861875,39.946325,0.08445000000000391,39.4934,40.1766,39.4984185,40.121777,39.5651625,40.0733075,39.4984,40.1218,39.5652,40.0733,Glaesserella parasuis,484,45,non-normal,39.952017777777776,0.12749591416353395,39.9917,39.97,40.0204,0.05040000000000333,39.5543,40.0769,39.5543,40.071752000000004,39.55614,40.05278,0.6414141414141414,7.756966585853795e-17,0.07628230027548216
Glaesserella parasuis,qualibact-v1.0,Completeness_Specific,non-normal,100.0,0.0,100.0,100.0,100.0,0.0,100.0,100.0,100.0,100.0,100.0,100.0,85.06,100.0,100.0,100.0,Glaesserella parasuis,484,45,non-normal,92.74377777777777,2.157836662430313,92.76,91.98,93.45,1.4699999999999989,85.06,97.88,85.8806,97.77,88.79700000000001,97.298,1.0,4.569821928843532e-66,7.256222222222221
Glaesserella parasuis,qualibact-v1.0,Contamination,non-normal,0.6403305785123967,0.42976436727467787,0.785,0.16,0.99,0.83,0.01,2.06,0.01,1.5433999999999992,0.02,1.3977500000000003,0.01,6.93,0.02,1.4,Glaesserella parasuis,484,45,normal,4.209333333333333,1.3048412419396724,4.21,3.21,5.2,1.9900000000000002,1.77,6.93,1.7766,6.853,1.852,6.545999999999999,0.9979338842975206,2.1021180872680213e-64,3.5690027548209367
Glaesserella parasuis,qualibact-v1.0,Total_Coding_Sequences,non-normal,2275.785123966942,84.87391782794036,2267.5,2213.75,2350.25,136.5,2073.0,2518.0,2079.735,2494.1899999999996,2123.15,2444.0,2079.74,2579.0,2123.15,2444.0,Glaesserella parasuis,484,45,normal,2365.5777777777776,82.37920149835257,2367.0,2307.0,2410.0,103.0,2224.0,2579.0,2225.32,2574.6,2231.1,2553.4,0.4389348025711662,1.0262767455436515e-07,89.79265381083563
Glaesserella parasuis,qualibact-v1.0,Genome_Size,non-normal,2256778.628099174,60180.99155174286,2253240.0,2207836.0,2301167.25,93331.25,2122879.0,2439114.0,2142500.4,2423398.645,2160539.15,2388624.35,2142500.4,2570730.0,2160539.15,2388624.35,Glaesserella parasuis,484,45,non-normal,2353314.2666666666,75334.28689231307,2326913.0,2298773.0,2385680.0,86907.0,2248335.0,2570730.0,2252205.24,2570725.6,2266023.6,2561561.1999999997,0.5640036730945822,8.272909910489658e-13,96535.63856749311
Haemophilus haemolyticus,qualibact-v1.0,N50,non-normal,159950.81118881117,76906.3199845484,149502.0,100476.5,187021.5,86545.0,44903.0,377445.0,46476.36,377348.44,50173.1,327217.0999999999,46476.36,377348.44,50173.1,327217.1,Haemophilus haemolyticus,143,0,,,,,,,,,,,,,,,,
Haemophilus haemolyticus,qualibact-v1.0,number,non-normal,47.6013986013986,18.504635541005733,44.0,34.5,57.5,23.0,18.0,113.0,18.71,100.21999999999986,20.0,91.89999999999998,18.71,100.22,20.0,91.9,Haemophilus haemolyticus,143,0,,,,,,,,,,,,,,,,
Haemophilus haemolyticus,qualibact-v1.0,longest,normal,323745.32867132867,110852.85250495984,341965.0,233608.5,406077.0,172468.5,93684.0,636889.0,114925.07,603463.6199999996,136121.55,509863.14999999973,114925.07,603463.62,136121.55,509863.15,Haemophilus haemolyticus,143,0,,,,,,,,,,,,,,,,
Haemophilus haemolyticus,qualibact-v1.0,GC_Content,non-normal,38.433911888111886,0.0834781756073332,38.4213,38.37285,38.476,0.10314999999999941,38.2742,38.7434,38.289038999999995,38.731187999999996,38.308965,38.627795,38.289,38.7312,38.309,38.6278,Haemophilus haemolyticus,143,6,insufficient_data,38.519466666666666,0.034245908109177055,38.5102,38.500924999999995,38.51385,0.01292500000000274,38.4898,38.5937,38.490015,38.591719999999995,38.490875,38.5838,0.7832167832167832,0.0003516891477250729,0.09160932400932222
Haemophilus haemolyticus,qualibact-v1.0,Completeness_Specific,non-normal,100.0,0.0,100.0,100.0,100.0,0.0,100.0,100.0,100.0,100.0,100.0,100.0,94.18,100.0,100.0,100.0,Haemophilus haemolyticus,143,6,insufficient_data,95.71499999999999,1.1742054050860653,95.74000000000001,94.6625,96.69749999999999,2.0349999999999966,94.18,97.31,94.18775000000001,97.298,94.21875,97.25,1.0,1.457182085533771e-10,4.284999999999998
Haemophilus haemolyticus,qualibact-v1.0,Contamination,non-normal,0.031118881118881125,0.07749671678229227,0.0,0.0,0.0,0.0,0.0,0.38,0.0,0.33739999999999953,0.0,0.25,0.0,1.62,0.0,0.25,Haemophilus haemolyticus,143,6,insufficient_data,1.1733333333333336,0.43392267616349456,1.245,0.96,1.5525,0.5925,0.41,1.62,0.4235,1.6187500000000001,0.4775,1.61375,1.0,1.457182085533771e-10,1.1422144522144524
Haemophilus haemolyticus,qualibact-v1.0,Total_Coding_Sequences,normal,1829.062937062937,61.17968683218435,1823.0,1789.5,1855.0,65.5,1699.0,2002.0,1701.13,1989.9299999999998,1714.95,1957.8999999999996,1701.13,1989.93,1714.95,1957.9,Haemophilus haemolyticus,143,6,insufficient_data,1846.8333333333333,45.736260839246086,1865.0,1823.25,1868.5,45.25,1766.0,1906.0,1767.1,1905.075,1771.5,1901.375,0.4358974358974359,0.16322584104144916,28.562937062937067
Haemophilus haemolyticus,qualibact-v1.0,Genome_Size,normal,1938272.86013986,53185.09353805602,1946482.0,1910986.0,1961898.0,50912.0,1795908.0,2069839.0,1804755.31,2048873.4099999997,1826996.6,2038765.35,1804755.31,2048873.41,1826996.6,2038765.35,Haemophilus haemolyticus,143,6,insufficient_data,1909612.5,45673.36609283358,1916045.5,1900425.25,1930063.0,29637.75,1822569.0,1973061.0,1824387.525,1972100.575,1831661.625,1968258.875,0.4557109557109557,0.13090219545563697,29500.924242424244
Haemophilus haemolyticus,qualibact-v1.1,N50,non-normal,159950.81118881117,76906.3199845484,149502.0,100476.5,187021.5,86545.0,44903.0,377445.0,46476.36,377348.44,50173.1,327217.0999999999,46476.36,377348.44,50173.1,327217.1,Haemophilus haemolyticus,143,0,,,,,,,,,,,,,,,,
Haemophilus haemolyticus,qualibact-v1.1,number,non-normal,47.6013986013986,18.504635541005733,44.0,34.5,57.5,23.0,18.0,113.0,18.71,100.21999999999986,20.0,91.89999999999998,18.71,100.22,20.0,91.9,Haemophilus haemolyticus,143,0,,,,,,,,,,,,,,,,
Haemophilus haemolyticus,qualibact-v1.1,longest,normal,323745.32867132867,110852.85250495984,341965.0,233608.5,406077.0,172468.5,93684.0,636889.0,114925.07,603463.6199999996,136121.55,509863.14999999973,114925.07,603463.62,136121.55,509863.15,Haemophilus haemolyticus,143,0,,,,,,,,,,,,,,,,
Haemophilus haemolyticus,qualibact-v1.1,GC_Content,non-normal,38.433911888111886,0.0834781756073332,38.4213,38.37285,38.476,0.10314999999999941,38.2742,38.7434,38.289038999999995,38.731187999999996,38.308965,38.627795,38.289,38.7312,38.309,38.6278,Haemophilus haemolyticus,143,6,insufficient_data,38.519466666666666,0.034245908109177055,38.5102,38.500924999999995,38.51385,0.01292500000000274,38.4898,38.5937,38.490015,38.591719999999995,38.490875,38.5838,0.7832167832167832,0.0003516891477250729,0.09160932400932222
Haemophilus haemolyticus,qualibact-v1.1,Completeness_Specific,non-normal,100.0,0.0,100.0,100.0,100.0,0.0,100.0,100.0,100.0,100.0,100.0,100.0,94.18,100.0,100.0,100.0,Haemophilus haemolyticus,143,6,insufficient_data,95.71499999999999,1.1742054050860653,95.74000000000001,94.6625,96.69749999999999,2.0349999999999966,94.18,97.31,94.18775000000001,97.298,94.21875,97.25,1.0,1.457182085533771e-10,4.284999999999998
Haemophilus haemolyticus,qualibact-v1.1,Contamination,non-normal,0.031118881118881125,0.07749671678229227,0.0,0.0,0.0,0.0,0.0,0.38,0.0,0.33739999999999953,0.0,0.25,0.0,1.62,0.0,0.25,Haemophilus haemolyticus,143,6,insufficient_data,1.1733333333333336,0.43392267616349456,1.245,0.96,1.5525,0.5925,0.41,1.62,0.4235,1.6187500000000001,0.4775,1.61375,1.0,1.457182085533771e-10,1.1422144522144524
Haemophilus haemolyticus,qualibact-v1.1,Total_Coding_Sequences,normal,1829.062937062937,61.17968683218435,1823.0,1789.5,1855.0,65.5,1699.0,2002.0,1701.13,1989.9299999999998,1714.95,1957.8999999999996,1701.13,1989.93,1714.95,1957.9,Haemophilus haemolyticus,143,6,insufficient_data,1846.8333333333333,45.736260839246086,1865.0,1823.25,1868.5,45.25,1766.0,1906.0,1767.1,1905.075,1771.5,1901.375,0.4358974358974359,0.16322584104144916,28.562937062937067
Haemophilus haemolyticus,qualibact-v1.1,Genome_Size,normal,1938272.86013986,53185.09353805602,1946482.0,1910986.0,1961898.0,50912.0,1795908.0,2069839.0,1804755.31,2048873.4099999997,1826996.6,2038765.35,1804755.31,2048873.41,1826996.6,2038765.35,Haemophilus haemolyticus,143,6,insufficient_data,1909612.5,45673.36609283358,1916045.5,1900425.25,1930063.0,29637.75,1822569.0,1973061.0,1824387.525,1972100.575,1831661.625,1968258.875,0.4557109557109557,0.13090219545563697,29500.924242424244
Haemophilus influenzae,qualibact-v1.0,N50,non-normal,284724.27577791334,268107.9296473255,202427.0,122077.0,322198.0,200121.0,16210.0,1158059.0,30065.36,1150431.76,52950.8,1076993.8,30065.36,1150431.76,52950.8,1076993.8,Haemophilus influenzae,11473,0,,,,,,,,,,,,,,,,
Haemophilus influenzae,qualibact-v1.0,number,non-normal,43.197245707312824,19.606907089786084,40.0,30.0,52.0,22.0,12.0,223.0,16.0,132.0,18.0,93.0,16.0,132.0,18.0,93.0,Haemophilus influenzae,11473,0,,,,,,,,,,,,,,,,
Haemophilus influenzae,qualibact-v1.0,longest,non-normal,476128.7630088033,246469.53106250204,502311.0,287119.0,563401.0,276282.0,56596.0,1158059.0,90974.0,1150431.76,140567.6,1076993.8,90974.0,1150431.76,140567.6,1076993.8,Haemophilus influenzae,11473,0,,,,,,,,,,,,,,,,
Haemophilus influenzae,qualibact-v1.0,GC_Content,non-normal,37.99155579185915,0.09533788512480589,37.9904,37.9244,38.0459,0.1215000000000046,37.728,38.3761,37.77188,38.282948,37.81776,38.21002,37.7719,38.4638,37.8178,38.21,Haemophilus influenzae,11473,299,non-normal,38.1288050167224,0.10107134210827677,38.1303,38.05215,38.177800000000005,0.12565000000000737,37.8356,38.4638,37.863326,38.446119,37.96894,38.36484,0.5621900713817842,2.951869310819035e-87,0.13724922486326052
Haemophilus influenzae,qualibact-v1.0,Completeness_Specific,non-normal,99.99986228536564,0.001194951861734722,100.0,100.0,100.0,0.0,99.98,100.0,99.99,100.0,100.0,100.0,93.62,100.0,100.0,100.0,Haemophilus influenzae,11473,299,non-normal,98.85909698996655,1.0080595887176784,99.18,98.655,99.495,0.8400000000000034,93.62,99.81,94.4194,99.7651,95.7475,99.68299999999999,1.0,0.0,1.1407652953990859
Haemophilus influenzae,qualibact-v1.0,Contamination,non-normal,0.1612019524100061,0.2808324473992799,0.04,0.0,0.18,0.18,0.0,3.76,0.0,1.3827999999999883,0.0,0.97,0.0,5.13,0.0,0.97,Haemophilus influenzae,11473,289,non-normal,0.3048096885813149,0.7383902216923695,0.02,0.02,0.09,0.06999999999999999,0.02,5.13,0.02,4.508,0.02,2.5540000000000056,0.34672709840495075,8.572540567229602e-31,0.1878261735013785
Haemophilus influenzae,qualibact-v1.0,Total_Coding_Sequences,non-normal,1783.1056393271158,70.25308804439128,1774.0,1729.0,1830.0,101.0,1642.0,2108.0,1669.0,1997.0,1677.0,1934.0,1669.0,2157.0,1677.0,1934.0,Haemophilus influenzae,11473,299,non-normal,1883.1705685618729,91.2830927028062,1860.0,1816.0,1942.0,126.0,1705.0,2157.0,1746.45,2132.3399999999997,1762.8,2100.0,0.4462115066141911,2.393486566325666e-53,100.06492923475703
Haemophilus influenzae,qualibact-v1.0,Genome_Size,non-normal,1848416.801359714,50138.55196685723,1842859.0,1810454.0,1881744.0,71290.0,1743262.0,2104737.0,1760698.48,1988387.1199999994,1766581.2,1955792.0,1753596.0,2103303.0,1766581.2,1955792.0,Haemophilus influenzae,11473,299,non-normal,1892566.0468227426,69609.84926868115,1880448.0,1840437.0,1936471.0,96034.0,1753596.0,2103303.0,1786223.33,2102044.64,1801661.4,2072697.1000000003,0.26160679122453273,4.6332696095688455e-18,44168.615428924735
Haemophilus influenzae,qualibact-v1.1,N50,non-normal,284724.27577791334,268107.9296473255,202427.0,122077.0,322198.0,200121.0,16210.0,1158059.0,30065.36,1150431.76,52950.8,1076993.8,30065.36,1150431.76,52950.8,1076993.8,Haemophilus influenzae,11473,0,,,,,,,,,,,,,,,,
Haemophilus influenzae,qualibact-v1.1,number,non-normal,43.197245707312824,19.606907089786084,40.0,30.0,52.0,22.0,12.0,223.0,16.0,132.0,18.0,93.0,16.0,132.0,18.0,93.0,Haemophilus influenzae,11473,0,,,,,,,,,,,,,,,,
Haemophilus influenzae,qualibact-v1.1,longest,non-normal,476128.7630088033,246469.53106250204,502311.0,287119.0,563401.0,276282.0,56596.0,1158059.0,90974.0,1150431.76,140567.6,1076993.8,90974.0,1150431.76,140567.6,1076993.8,Haemophilus influenzae,11473,0,,,,,,,,,,,,,,,,
Haemophilus influenzae,qualibact-v1.1,GC_Content,non-normal,37.99155579185915,0.09533788512480589,37.9904,37.9244,38.0459,0.1215000000000046,37.728,38.3761,37.77188,38.282948,37.81776,38.21002,37.7719,38.4638,37.8178,38.21,Haemophilus influenzae,11473,299,non-normal,38.1288050167224,0.10107134210827677,38.1303,38.05215,38.177800000000005,0.12565000000000737,37.8356,38.4638,37.863326,38.446119,37.96894,38.36484,0.5621900713817842,2.951869310819035e-87,0.13724922486326052
Haemophilus influenzae,qualibact-v1.1,Completeness_Specific,non-normal,99.99986228536564,0.001194951861734722,100.0,100.0,100.0,0.0,99.98,100.0,99.99,100.0,100.0,100.0,93.62,100.0,100.0,100.0,Haemophilus influenzae,11473,299,non-normal,98.85909698996655,1.0080595887176784,99.18,98.655,99.495,0.8400000000000034,93.62,99.81,94.4194,99.7651,95.7475,99.68299999999999,1.0,0.0,1.1407652953990859
Haemophilus influenzae,qualibact-v1.1,Contamination,non-normal,0.1612019524100061,0.2808324473992799,0.04,0.0,0.18,0.18,0.0,3.76,0.0,1.3827999999999883,0.0,0.97,0.0,5.13,0.0,0.97,Haemophilus influenzae,11473,289,non-normal,0.3048096885813149,0.7383902216923695,0.02,0.02,0.09,0.06999999999999999,0.02,5.13,0.02,4.508,0.02,2.5540000000000056,0.34672709840495075,8.572540567229602e-31,0.1878261735013785
Haemophilus influenzae,qualibact-v1.1,Total_Coding_Sequences,non-normal,1783.1056393271158,70.25308804439128,1774.0,1729.0,1830.0,101.0,1642.0,2108.0,1669.0,1997.0,1677.0,1934.0,1669.0,2157.0,1677.0,1934.0,Haemophilus influenzae,11473,299,non-normal,1883.1705685618729,91.2830927028062,1860.0,1816.0,1942.0,126.0,1705.0,2157.0,1746.45,2132.3399999999997,1762.8,2100.0,0.4462115066141911,2.393486566325666e-53,100.06492923475703
Haemophilus influenzae,qualibact-v1.1,Genome_Size,non-normal,1848416.801359714,50138.55196685723,1842859.0,1810454.0,1881744.0,71290.0,1743262.0,2104737.0,1760698.48,1988387.1199999994,1766581.2,1955792.0,1753596.0,2103303.0,1766581.2,1955792.0,Haemophilus influenzae,11473,299,non-normal,1892566.0468227426,69609.84926868115,1880448.0,1840437.0,1936471.0,96034.0,1753596.0,2103303.0,1786223.33,2102044.64,1801661.4,2072697.1000000003,0.26160679122453273,4.6332696095688455e-18,44168.615428924735
Haemophilus parainfluenzae,qualibact-v1.0,N50,non-normal,137820.1726618705,88516.87689877358,125653.0,75203.0,198442.0,123239.0,10347.0,449246.0,11078.4,441357.23000000004,12323.7,336924.249999999,11078.4,441357.23,12323.7,336924.25,Haemophilus parainfluenzae,139,0,,,,,,,,,,,,,,,,
Haemophilus parainfluenzae,qualibact-v1.0,number,non-normal,82.35251798561151,65.35281814109847,64.0,40.5,91.0,50.5,18.0,332.0,19.38,323.03000000000003,22.45,303.0,19.38,323.03,22.45,303.0,Haemophilus parainfluenzae,139,0,,,,,,,,,,,,,,,,
Haemophilus parainfluenzae,qualibact-v1.0,longest,non-normal,292397.6330935252,156522.27548093177,258892.0,176077.0,433513.5,257436.5,31757.0,610159.0,32857.55,590376.7000000001,43032.85,577534.7999999998,32857.55,590376.7,43032.85,577534.8,Haemophilus parainfluenzae,139,0,,,,,,,,,,,,,,,,
Haemophilus parainfluenzae,qualibact-v1.0,GC_Content,non-normal,39.42147697841727,0.12670496876718945,39.4263,39.33845,39.49565,0.157199999999996,39.0576,39.9322,39.108039,39.821041,39.20977,39.650555,39.108,39.821,39.2098,39.6506,Haemophilus parainfluenzae,139,21,normal,39.535333333333334,0.12298262879011407,39.5677,39.4707,39.6322,0.16149999999999665,39.3072,39.7068,39.3072,39.706160000000004,39.3072,39.7036,0.4940047961630695,0.00012982180308239091,0.11869808153477199
Haemophilus parainfluenzae,qualibact-v1.0,Completeness_Specific,non-normal,100.0,0.0,100.0,100.0,100.0,0.0,100.0,100.0,100.0,100.0,100.0,100.0,98.23,100.0,100.0,100.0,Haemophilus parainfluenzae,139,21,normal,99.01333333333332,0.40653393618471856,98.94,98.71,99.42,0.710000000000008,98.23,99.74,98.254,99.726,98.35,99.66999999999999,1.0,2.084009141251432e-26,0.9866666666666672
Haemophilus parainfluenzae,qualibact-v1.0,Contamination,non-normal,0.3249640287769784,0.38927598188557383,0.14,0.035,0.51,0.475,0.0,1.54,0.0,1.4986000000000002,0.0,1.425999999999998,0.0,1.5,0.0,1.43,Haemophilus parainfluenzae,139,20,normal,0.6485000000000001,0.27835723450271593,0.645,0.48,0.775,0.29500000000000004,0.19,1.42,0.19,1.3867500000000004,0.19,1.2537499999999995,0.5827338129496403,4.498351237397658e-06,0.3314496402877698
Haemophilus parainfluenzae,qualibact-v1.0,Total_Coding_Sequences,non-normal,1995.5827338129495,107.60839602987951,1993.0,1903.5,2086.0,182.5,1762.0,2211.0,1791.67,2204.79,1813.35,2185.2,1791.67,2244.0,1813.35,2185.2,Haemophilus parainfluenzae,139,21,normal,2005.1904761904761,95.41718875180221,1994.0,1938.0,2057.0,119.0,1854.0,2244.0,1856.0,2236.1,1864.0,2204.5,0.19527235354573483,0.42996577725143925,26.401849948612536
Haemophilus parainfluenzae,qualibact-v1.0,Genome_Size,non-normal,2050815.3021582733,87364.15906555984,2062687.0,1974146.5,2118379.0,144232.5,1849171.0,2222165.0,1855648.03,2212501.55,1887278.05,2198476.9499999997,1855648.03,2228071.0,1887278.05,2198476.95,Haemophilus parainfluenzae,139,21,normal,2057158.8095238095,83097.71245010244,2042976.0,2000745.0,2141689.0,140944.0,1909915.0,2228071.0,1911576.5,2222969.3,1918222.5,2202562.5,0.1459403905447071,0.7748076227409229,15462.045906132242
Hafnia paralvei,qualibact-v1.0,N50,non-normal,413010.9,174588.94127053465,381341.0,284354.5,531015.25,246660.75,71190.0,1198779.0,79747.985,946699.275,115615.15000000001,805655.4750000001,79747.98,946699.28,115615.15,805655.48,Hafnia paralvei,210,0,,,,,,,,,,,,,,,,
Hafnia paralvei,qualibact-v1.0,number,non-normal,70.48095238095237,28.091722540340005,62.0,50.0,84.0,34.0,35.0,183.0,37.0,170.77500000000006,38.0,150.10000000000002,37.0,170.78,38.0,150.1,Hafnia paralvei,210,0,,,,,,,,,,,,,,,,
Hafnia paralvei,qualibact-v1.0,longest,non-normal,925194.0,404845.54639520065,860300.5,617541.0,1133173.75,515632.75,226449.0,2245375.0,272350.58,2244623.23,351133.025,1874260.7750000004,272350.58,2244623.23,351133.02,1874260.78,Hafnia paralvei,210,0,,,,,,,,,,,,,,,,
Hafnia paralvei,qualibact-v1.0,GC_Content,non-normal,48.08781904761904,0.09769388692211049,48.07,48.025725,48.143474999999995,0.1177499999999938,47.7904,48.3513,47.876118,48.3316685,47.923880000000004,48.301695,47.8761,48.3636,47.9239,48.3017,Hafnia paralvei,210,9,non-normal,48.11407777777778,0.10620646326615849,48.0885,48.0668,48.1142,0.04739999999999611,47.9881,48.3636,47.988792000000004,48.357195999999995,47.99156,48.331579999999995,0.26825396825396824,0.48316131598294176,0.03285650793650904
Hafnia paralvei,qualibact-v1.0,Completeness_Specific,non-normal,100.0,0.0,100.0,100.0,100.0,0.0,100.0,100.0,100.0,100.0,100.0,100.0,99.59,100.0,100.0,100.0,Hafnia paralvei,210,9,non-normal,99.59,0.0,99.59,99.59,99.59,0.0,99.59,99.59,99.59,99.59,99.59,99.59,1.0,7.398246241339378e-16,0.4099999999999966
Hafnia paralvei,qualibact-v1.0,Contamination,non-normal,0.19342857142857145,0.1722309002275645,0.12,0.07,0.27,0.2,0.01,0.95,0.02,0.9186500000000004,0.03,0.6510000000000002,0.02,0.92,0.03,0.65,Hafnia paralvei,210,0,,,,,,,,,,,,,,,,
Hafnia paralvei,qualibact-v1.0,Total_Coding_Sequences,normal,4388.061904761905,141.66832820154087,4369.0,4301.0,4469.75,168.75,3968.0,4749.0,3979.375,4742.685,4099.25,4674.0,3979.38,4742.69,4099.25,4674.0,Hafnia paralvei,210,9,normal,4382.666666666667,149.52666057336472,4335.0,4305.0,4532.0,227.0,4095.0,4607.0,4103.08,4604.68,4135.4,4595.4,0.1984126984126984,0.8244787950098961,38.33492063492065
Hafnia paralvei,qualibact-v1.0,Genome_Size,normal,4803887.757142857,111603.15750688995,4797507.5,4738784.25,4861951.0,123166.75,4460613.0,5063442.0,4470800.24,5057347.8950000005,4566231.95,5045899.3,4470800.24,5057347.9,4566231.95,5045899.3,Hafnia paralvei,210,9,normal,4784139.0,134392.94335393258,4767916.0,4700148.0,4894359.0,194211.0,4513714.0,4970885.0,4520871.12,4969870.96,4549499.6,4965814.8,0.20952380952380953,0.7724734855138147,39523.68412698413
Helicobacter pylori,qualibact-v1.0,N50,non-normal,90458.18464841653,33246.53619110787,82516.0,67990.0,104658.0,36668.0,20268.0,247242.0,31379.83,193268.07000000012,39593.75,177416.2,31379.83,193268.07,39593.75,177416.2,Helicobacter pylori,1863,0,,,,,,,,,,,,,,,,
Helicobacter pylori,qualibact-v1.0,number,non-normal,54.331723027375205,18.350248311141716,51.0,42.0,62.0,20.0,20.0,175.0,22.0,132.3800000000001,29.0,102.0,22.0,132.38,29.0,102.0,Helicobacter pylori,1863,0,,,,,,,,,,,,,,,,
Helicobacter pylori,qualibact-v1.0,longest,non-normal,226708.54535695116,81416.34601187824,225860.0,172191.5,270090.0,97898.5,64641.0,556175.0,84234.86,501880.69,99900.1,433128.85,84234.86,501880.69,99900.1,433128.85,Helicobacter pylori,1863,0,,,,,,,,,,,,,,,,
Helicobacter pylori,qualibact-v1.0,GC_Content,non-normal,38.91984535695116,0.14717869617692675,38.9058,38.814899999999994,39.022,0.20710000000000406,38.511,39.3715,38.536024,39.268856,38.653175,39.192495,38.4248,39.3011,38.6532,39.1925,Helicobacter pylori,1863,376,normal,38.86601622340426,0.13723338998664533,38.8642,38.77475,38.9504,0.17565000000000452,38.4248,39.3011,38.539812500000004,39.259462500000005,38.6325125,39.139987500000004,0.19599764735441577,5.3241789645668274e-11,0.054106664925023966
Helicobacter pylori,qualibact-v1.0,Completeness_Specific,non-normal,99.99042404723565,0.006300959834687433,99.99,99.99,99.99,0.0,99.95,100.0,99.97,100.0,99.98,100.0,95.98,100.0,99.98,100.0,Helicobacter pylori,1863,376,non-normal,98.59739361702127,0.6220061181556719,98.725,98.27,99.0525,0.7824999999999989,95.98,99.57,96.16,99.5425,96.99625,99.5,1.0,5e-324,1.393030430214362
Helicobacter pylori,qualibact-v1.0,Contamination,non-normal,0.10548577563070317,0.1731569388792934,0.03,0.01,0.14,0.13,0.0,1.77,0.0,1.0597000000000072,0.0,0.48450000000000043,0.0,1.06,0.0,0.48,Helicobacter pylori,1863,31,non-normal,0.29903225806451605,0.25739833368773724,0.17,0.07,0.5249999999999999,0.4549999999999999,0.04,0.76,0.04,0.7510000000000001,0.04,0.715,0.5083199141170156,8.021128903312647e-08,0.20205963326580437
Helicobacter pylori,qualibact-v1.0,Total_Coding_Sequences,non-normal,1568.2962962962963,40.754507994457995,1568.0,1538.0,1597.0,59.0,1454.0,1692.0,1477.0,1658.69,1486.55,1641.0,1456.0,1677.0,1486.55,1641.0,Helicobacter pylori,1863,376,normal,1564.8989361702127,37.97157950272935,1563.5,1536.0,1598.0,62.0,1456.0,1677.0,1474.625,1670.375,1504.125,1636.875,0.09517507794566074,0.006384625738792351,5.220768949646531
Helicobacter pylori,qualibact-v1.0,Genome_Size,non-normal,1624832.9704777242,37697.265999036776,1634123.0,1594830.5,1655163.0,60332.5,1508313.0,1705736.0,1540143.38,1692593.07,1548408.55,1684823.45,1507930.0,1745797.0,1548408.55,1684823.45,Helicobacter pylori,1863,376,non-normal,1620262.8670212766,43238.43611367998,1617918.0,1583342.25,1658605.5,75263.25,1507930.0,1745797.0,1514160.25,1729143.5,1552914.75,1696798.5,0.11533673667500371,0.00043742228215498517,8814.82824259659
Hungateiclostridium thermocellum,qualibact-v1.0,N50,non-normal,97621.06711409397,15266.961333038378,91922.0,83753.0,114814.0,31061.0,76244.0,146248.0,77884.245,127100.0,80528.0,127068.0,77884.24,127100.0,80528.0,127068.0,Hungateiclostridium thermocellum,298,0,,,,,,,,,,,,,,,,
Hungateiclostridium thermocellum,qualibact-v1.0,number,non-normal,138.88926174496643,16.896382365431723,136.0,130.0,142.0,12.0,109.0,210.0,116.97,208.54499999999996,121.0,201.0,116.97,208.54,121.0,201.0,Hungateiclostridium thermocellum,298,0,,,,,,,,,,,,,,,,
Hungateiclostridium thermocellum,qualibact-v1.0,longest,non-normal,310640.5033557047,28524.94799332333,330958.0,282531.0,331071.0,48540.0,202115.0,362316.0,206414.145,347109.2499999996,241349.0,331072.0,206414.14,347109.25,241349.0,331072.0,Hungateiclostridium thermocellum,298,0,,,,,,,,,,,,,,,,
Hungateiclostridium thermocellum,qualibact-v1.0,GC_Content,non-normal,39.0881610738255,0.008224539410284785,39.087500000000006,39.0823,39.09365,0.011350000000000193,39.0719,39.1214,39.0721455,39.114103,39.0750825,39.10759,38.8963,39.1703,39.0751,39.1076,Hungateiclostridium thermocellum,298,6,insufficient_data,39.05781666666667,0.1035966121818449,39.071749999999994,38.9888,39.149675,0.16087500000000432,38.8963,39.1703,38.898557499999995,39.169797499999994,38.9075875,39.167787499999996,0.5,0.07021321412009192,0.0919115212527964
Hungateiclostridium thermocellum,qualibact-v1.0,Completeness_Specific,non-normal,99.99057046979867,0.0034771643031890295,99.99,99.99,99.99,0.0,99.98,100.0,99.98,100.0,99.98,100.0,97.48,100.0,99.98,100.0,Hungateiclostridium thermocellum,298,6,insufficient_data,98.16000000000001,0.4370354676682438,98.2,97.85499999999999,98.485,0.6300000000000097,97.48,98.76,97.48725,98.75475,97.51625,98.73375,1.0,1.917257292752674e-12,1.8305704697986518
Hungateiclostridium thermocellum,qualibact-v1.0,Contamination,non-normal,0.40691275167785235,0.04198752337628294,0.41,0.38,0.42,0.03999999999999998,0.34,0.72,0.34485,0.6363499999999987,0.35,0.5,0.34,3.06,0.35,0.5,Hungateiclostridium thermocellum,298,6,insufficient_data,1.5916666666666668,0.675584109411174,1.38,1.335,1.4324999999999999,0.09749999999999992,0.96,3.06,0.969,3.0197499999999993,1.005,2.85875,1.0,1.917257292752674e-12,1.1847539149888142
Hungateiclostridium thermocellum,qualibact-v1.0,Total_Coding_Sequences,non-normal,3061.55033557047,17.089357040230222,3059.0,3053.25,3064.75,11.5,3033.0,3133.0,3034.485,3129.515,3038.0,3118.575,3034.48,3495.0,3038.0,3118.58,Hungateiclostridium thermocellum,298,6,insufficient_data,3224.1666666666665,161.88516162871616,3117.0,3110.0,3334.0,224.0,3102.0,3495.0,3102.175,3492.75,3102.875,3483.75,0.9395973154362416,2.580551625753388e-07,162.6163310961969
Hungateiclostridium thermocellum,qualibact-v1.0,Genome_Size,non-normal,3488367.154362416,8767.325957552332,3489236.0,3484743.75,3493728.5,8984.75,3462651.0,3503294.0,3465419.78,3502850.025,3466648.425,3501771.8,3465419.78,3971483.0,3466648.42,3501771.8,Hungateiclostridium thermocellum,298,6,insufficient_data,3685184.3333333335,162108.95956903664,3589924.5,3565609.0,3783043.25,217434.25,3554854.0,3971483.0,3555023.125,3968278.45,3555699.625,3955460.25,1.0,1.917257292752674e-12,196817.17897091722
Janthinobacterium lividum,qualibact-v1.0,N50,normal,326974.7166666667,199329.67413091406,345091.0,134580.5,500402.0,365821.5,13766.0,978876.0,14631.13,808657.8050000003,18006.875,569168.8499999999,14631.13,808657.81,18006.88,569168.85,Janthinobacterium lividum,120,0,,,,,,,,,,,,,,,,
Janthinobacterium lividum,qualibact-v1.0,number,non-normal,145.60833333333332,161.4436586879632,83.0,65.0,137.5,72.5,51.0,889.0,51.595,850.325,56.975,726.7499999999994,51.6,850.32,56.98,726.75,Janthinobacterium lividum,120,0,,,,,,,,,,,,,,,,
Janthinobacterium lividum,qualibact-v1.0,longest,non-normal,652006.8083333333,357207.86662929883,658684.5,452339.0,747739.0,295400.0,66559.0,1650843.0,70230.15,1542324.5200000003,98871.25,1468327.15,70230.15,1542324.52,98871.25,1468327.15,Janthinobacterium lividum,120,0,,,,,,,,,,,,,,,,
Janthinobacterium lividum,qualibact-v1.0,GC_Content,non-normal,62.67762916666667,0.07571042684227079,62.696650000000005,62.687749999999994,62.6993,0.011550000000006833,62.3616,62.8665,62.3616,62.844128,62.450424999999996,62.7919425,62.3616,62.8441,62.4504,62.7919,Janthinobacterium lividum,120,6,insufficient_data,62.53133333333333,0.13829533212979023,62.524550000000005,62.398075000000006,62.628375,0.23029999999999262,62.3836,62.7364,62.3837725,62.733700000000006,62.3844625,62.7229,0.6916666666666667,0.003363213143605974,0.14934083333333278
Janthinobacterium lividum,qualibact-v1.0,Completeness_Specific,non-normal,100.0,0.0,100.0,100.0,100.0,0.0,100.0,100.0,100.0,100.0,100.0,100.0,99.03,100.0,100.0,100.0,Janthinobacterium lividum,120,6,insufficient_data,99.31166666666667,0.16456170743995974,99.31,99.31,99.31,0.0,99.03,99.6,99.037,99.59275,99.065,99.56375,1.0,4.0607844407145803e-10,0.6883333333333326
Janthinobacterium lividum,qualibact-v1.0,Contamination,non-normal,0.10233333333333335,0.07551747406321856,0.09,0.07,0.09,0.01999999999999999,0.0,0.49,0.011899999999999999,0.41860000000000014,0.02975,0.3504999999999998,0.01,8.14,0.03,0.35,Janthinobacterium lividum,120,6,insufficient_data,7.583333333333333,0.3893869826049946,7.615,7.532500000000001,7.7425,0.20999999999999908,6.84,8.14,6.85725,8.1305,6.92625,8.092500000000001,1.0,4.0607844407145803e-10,7.481000000000001
Janthinobacterium lividum,qualibact-v1.0,Total_Coding_Sequences,non-normal,5446.641666666666,155.4388838007473,5375.5,5367.75,5426.25,58.5,5347.0,6069.0,5348.785,6038.06,5351.975,5919.999999999999,5348.78,6077.0,5351.98,5920.0,Janthinobacterium lividum,120,6,insufficient_data,5869.166666666667,133.32343713274454,5812.5,5792.25,5970.75,178.5,5704.0,6077.0,5706.1,6075.6,5714.5,6070.0,0.9083333333333333,5.025626823828365e-06,422.5250000000001
Janthinobacterium lividum,qualibact-v1.0,Genome_Size,non-normal,6111102.258333334,111486.83325894707,6086140.0,6081319.5,6089940.0,8620.5,6040682.0,6688050.0,6042276.6,6671668.46,6053003.575,6549651.724999999,6042276.6,6762807.0,6053003.58,6549651.72,Janthinobacterium lividum,120,6,insufficient_data,6550264.5,155339.72676229134,6493333.5,6430178.0,6700381.75,270203.75,6373589.0,6762807.0,6374807.6,6762641.6,6379682.0,6761980.0,0.95,3.752164823220269e-07,439162.2416666668
Klebsiella aerogenes,qualibact-v1.0,N50,non-normal,437278.86213720316,190636.79553954393,411148.0,309099.5,512607.0,203507.5,52500.0,1277518.0,78974.95,1120751.7249999987,132412.625,822926.25,78974.95,1120751.72,132412.62,822926.25,Klebsiella aerogenes,1516,0,,,,,,,,,,,,,,,,
Klebsiella aerogenes,qualibact-v1.0,number,non-normal,68.45976253298153,25.349074099999203,63.0,52.0,78.0,26.0,27.0,231.0,31.575,191.8499999999999,37.0,133.0,31.58,191.85,37.0,133.0,Klebsiella aerogenes,1516,0,,,,,,,,,,,,,,,,
Klebsiella aerogenes,qualibact-v1.0,longest,non-normal,949439.9703166226,384295.3046943746,903017.0,672592.25,1185420.75,512828.5,162573.0,2500848.0,234374.025,2322445.624999997,346617.5,1893199.375,234374.02,2322445.62,346617.5,1893199.38,Klebsiella aerogenes,1516,0,,,,,,,,,,,,,,,,
Klebsiella aerogenes,qualibact-v1.0,GC_Content,non-normal,54.97619736147758,0.14995267201781018,54.9951,54.893,55.086574999999996,0.1935749999999956,54.1616,55.2768,54.468305,55.24554,54.609674999999996,55.200737499999995,54.2393,55.2455,54.6097,55.2007,Klebsiella aerogenes,1516,98,non-normal,54.90524999999999,0.18528343111821624,54.94685,54.822075,55.032775,0.21070000000000277,54.2393,55.2105,54.279264,55.1949315,54.378887500000005,55.16093,0.18025415971137795,0.004327614843487571,0.07104986807387864
Klebsiella aerogenes,qualibact-v1.0,Completeness_Specific,non-normal,99.9994327176781,0.01862900073379714,100.0,100.0,100.0,0.0,99.29,100.0,100.0,100.0,100.0,100.0,90.9,100.0,100.0,100.0,Klebsiella aerogenes,1516,98,non-normal,96.14938775510204,0.9489197040572089,96.12,95.7625,96.6575,0.894999999999996,90.9,98.02,92.43260000000001,98.02,94.29175,97.82275,1.0,1.6082297399643755e-159,3.8500449625760593
Klebsiella aerogenes,qualibact-v1.0,Contamination,non-normal,0.44031002638522426,0.3903509299011205,0.275,0.14,0.6525000000000001,0.5125000000000001,0.03,3.19,0.05,2.1369999999999982,0.08,1.49125,0.05,9.34,0.08,1.49,Klebsiella aerogenes,1516,98,non-normal,2.865102040816327,1.687224653211302,2.505,1.41,3.9475,2.5374999999999996,0.51,9.34,0.56335,8.394250000000001,0.64125,6.6530000000000005,0.8497253782779602,7.055035442374406e-74,2.424792014431102
Klebsiella aerogenes,qualibact-v1.0,Total_Coding_Sequences,non-normal,4875.288258575198,153.197078977563,4855.5,4758.0,4973.0,215.0,4499.0,5439.0,4597.725,5334.25,4640.875,5211.375,4597.73,5906.0,4640.88,5211.38,Klebsiella aerogenes,1516,98,non-normal,5093.938775510204,204.89159982813663,5062.5,4945.5,5204.75,259.25,4770.0,5906.0,4777.76,5826.945,4809.275,5592.900000000001,0.473870550858866,1.9336557091257471e-19,218.65051693500615
Klebsiella aerogenes,qualibact-v1.0,Genome_Size,non-normal,5224166.607519789,136238.41496755005,5210130.0,5118201.5,5313534.5,195333.0,4903560.0,5797496.0,4959710.175,5621231.75,5010476.875,5513501.25,4959710.18,5977734.0,5010476.88,5513501.25,Klebsiella aerogenes,1516,98,non-normal,5304187.857142857,177499.50393658763,5281057.0,5190724.5,5397472.25,206747.75,5021602.0,5977734.0,5027366.225,5924745.8100000005,5060391.1,5726016.525,0.21695116041139412,0.00027670368672868016,80021.24962306822
Klebsiella africana,REFSEQ-QC-v1,N50,insufficient_data,286688.0,4111.330765903745,287163.0,282864.75,290392.5,7527.75,281432.0,291469.0,281432.0,291469.0,281432.0,291469.0,281432.0,291469.0,281432.0,291469.0,Klebsiella africana,6,0,,,,,,,,,,,,,,,,
Klebsiella africana,REFSEQ-QC-v1,number,insufficient_data,50.0,5.887840577551898,48.0,45.0,55.5,10.5,44.0,58.0,44.0,58.0,44.0,58.0,44.0,58.0,44.0,58.0,Klebsiella africana,6,0,,,,,,,,,,,,,,,,
Klebsiella africana,REFSEQ-QC-v1,longest,insufficient_data,677751.6666666666,159763.98864644757,578310.0,558407.25,821956.5,263549.25,551773.0,903172.0,551773.0,903172.0,551773.0,903172.0,551773.0,903172.0,551773.0,903172.0,Klebsiella africana,6,0,,,,,,,,,,,,,,,,
Klebsiella africana,REFSEQ-QC-v1,GC_Content,insufficient_data,56.98797315932058,0.20904459438225828,57.01015630772163,56.793721880656534,57.17667865088438,0.38295677022784247,56.72157707163484,57.23218609860529,56.72157707163484,57.23218609860529,56.72157707163484,57.23218609860529,56.7216,57.2322,56.7216,57.2322,Klebsiella africana,6,6,insufficient_data,56.96393333333333,0.21165907072984572,56.9801,56.767775,57.15605,0.38827500000000015,56.697,57.2147,56.697,57.2147,56.697,57.2147,0.3333333333333333,0.9307359307359307,0.024039825987252073
Klebsiella africana,REFSEQ-QC-v1,Completeness_Specific,insufficient_data,100.0,0.0,100.0,100.0,100.0,0.0,100.0,100.0,100.0,100.0,100.0,100.0,100.0,100.0,100.0,100.0,Klebsiella africana,6,6,insufficient_data,98.94,0.1235583532856728,98.99,98.82499999999999,99.0425,0.21750000000001535,98.77,99.06,98.77,99.06,98.77,99.06,1.0,0.0021645021645021645,1.0600000000000023
Klebsiella africana,REFSEQ-QC-v1,Contamination,insufficient_data,0.06999999999999999,0.021602468994692866,0.08,0.05,0.0875,0.03749999999999999,0.04,0.09,0.04,0.09,0.04,0.09,0.04,0.09,0.04,0.09,Klebsiella africana,6,6,insufficient_data,0.8933333333333332,0.15173075568988054,0.98,0.755,1.01,0.255,0.68,1.02,0.68,1.02,0.68,1.02,1.0,0.0021645021645021645,0.8233333333333334
Klebsiella africana,REFSEQ-QC-v1,Total_Coding_Sequences,insufficient_data,4943.5,87.29404332484548,4991.5,4863.5,5011.5,148.0,4821.0,5018.0,4821.0,5018.0,4821.0,5018.0,4821.0,5018.0,4821.0,5018.0,Klebsiella africana,6,6,insufficient_data,5168.5,94.11473494269286,5221.5,5088.25,5241.5,153.25,5025.0,5251.0,5025.625,5250.775,5028.125,5249.875,1.0,0.0021645021645021645,225.00000000000003
Klebsiella africana,REFSEQ-QC-v1,Genome_Size,insufficient_data,5329804.333333333,79858.74653550619,5373311.0,5256672.5,5392059.5,135387.0,5217793.0,5398309.0,5217793.0,5398309.0,5217793.0,5398309.0,5217793.0,5398309.0,5217793.0,5398309.0,Klebsiella africana,6,6,insufficient_data,5378157.333333333,78091.28180248776,5422247.0,5306879.0,5438413.25,131534.25,5268423.0,5443802.0,5268423.0,5443802.0,5268423.0,5443802.0,0.6666666666666666,0.14285714285714285,48353.0
Klebsiella grimontii,qualibact-v1.0,N50,non-normal,338141.79833333334,176118.24288810723,299754.5,193101.0,435102.75,242001.75,55261.0,949179.0,93108.73,934424.98,110068.0,725870.0249999999,93108.73,934424.98,110068.0,725870.02,Klebsiella grimontii,600,0,,,,,,,,,,,,,,,,
Klebsiella grimontii,qualibact-v1.0,number,non-normal,118.32166666666667,56.249309897001304,108.0,71.75,153.25,81.5,32.0,317.0,39.0,312.015,45.975,249.02499999999998,39.0,312.02,45.98,249.02,Klebsiella grimontii,600,0,,,,,,,,,,,,,,,,
Klebsiella grimontii,qualibact-v1.0,longest,non-normal,903803.8583333333,489945.31570835697,758734.0,538969.25,1136182.0,597212.75,206938.0,2817754.0,289854.505,2395092.319999999,322918.225,2301708.9499999997,289854.5,2395092.32,322918.22,2301708.95,Klebsiella grimontii,600,0,,,,,,,,,,,,,,,,
Klebsiella grimontii,qualibact-v1.0,GC_Content,non-normal,55.609732666666666,0.2801531810746084,55.6639,55.41615,55.818225,0.4020749999999964,54.7423,56.1881,54.7720815,56.129667000000005,55.040805,56.050104999999995,54.7721,56.1297,55.0408,56.0501,Klebsiella grimontii,600,35,normal,55.68121714285715,0.3149607490155047,55.769,55.44305,55.976600000000005,0.5335500000000053,55.0871,56.0573,55.087338,56.053509,55.08829,56.038345,0.22404761904761905,0.061081664386495566,0.0958942380952377
Klebsiella grimontii,qualibact-v1.0,Completeness_Specific,non-normal,100.0,0.0,100.0,100.0,100.0,0.0,100.0,100.0,100.0,100.0,100.0,100.0,97.99,100.0,100.0,100.0,Klebsiella grimontii,600,35,non-normal,99.40371428571427,0.44191845216888925,99.58,99.455,99.64,0.18500000000000227,97.99,99.64,98.00189999999999,99.64,98.0495,99.64,1.0,4.292361270331485e-58,0.5962857142857153
Klebsiella grimontii,qualibact-v1.0,Contamination,non-normal,0.4298666666666666,0.3190428114776378,0.32,0.21,0.53,0.32000000000000006,0.05,1.92,0.06,1.58005,0.1,1.35025,0.06,1.77,0.1,1.35,Klebsiella grimontii,600,35,normal,0.9951428571428571,0.27921698094668174,1.05,0.8,1.1349999999999998,0.33499999999999974,0.41,1.77,0.4219,1.7172999999999994,0.4695,1.5064999999999995,0.7592857142857142,4.441451248698081e-20,0.5662095238095238
Klebsiella grimontii,qualibact-v1.0,Total_Coding_Sequences,non-normal,5698.88,300.1263716059176,5727.5,5443.75,5899.25,455.5,5101.0,6542.0,5138.925,6443.1,5200.975,6337.15,5138.92,6621.0,5200.98,6337.15,Klebsiella grimontii,600,35,normal,5788.057142857143,415.3461167926021,5809.0,5438.5,6042.0,603.5,5263.0,6621.0,5263.17,6616.41,5263.85,6598.05,0.17595238095238094,0.22836002547973752,125.83190476190477
Klebsiella grimontii,qualibact-v1.0,Genome_Size,non-normal,6077097.208333333,237471.98316215802,6089087.5,5893400.5,6225989.0,332588.5,5562661.0,6707109.0,5615495.905,6667353.895,5669505.425,6579215.824999999,5592035.0,6778239.0,5669505.42,6579215.82,Klebsiella grimontii,600,35,normal,6048319.171428571,350023.06386404106,6043975.0,5769195.0,6266827.0,497632.0,5592035.0,6778239.0,5592035.34,6767861.86,5592036.7,6726353.3,0.20523809523809525,0.10631095305242935,106291.6511904762
Klebsiella huaxiensis,REFSEQ-QC-v1,N50,insufficient_data,305297.5,129112.5,305297.5,176185.0,434410.0,258225.0,176185.0,434410.0,176185.0,434410.0,176185.0,434410.0,176185.0,434410.0,176185.0,434410.0,Klebsiella huaxiensis,4,0,,,,,,,,,,,,,,,,
Klebsiella huaxiensis,REFSEQ-QC-v1,number,insufficient_data,55.25,21.75287337341897,55.5,33.75,77.0,43.25,33.0,77.0,33.015,77.0,33.075,77.0,33.0,77.0,33.08,77.0,Klebsiella huaxiensis,4,0,,,,,,,,,,,,,,,,
Klebsiella huaxiensis,REFSEQ-QC-v1,longest,insufficient_data,637280.5,175702.5,637280.5,461578.0,812983.0,351405.0,461578.0,812983.0,461578.0,812983.0,461578.0,812983.0,461578.0,812983.0,461578.0,812983.0,Klebsiella huaxiensis,4,0,,,,,,,,,,,,,,,,
Klebsiella huaxiensis,REFSEQ-QC-v1,GC_Content,insufficient_data,53.30028107589302,0.035113085991422245,53.30026183413037,53.26518547782621,53.335357432197185,0.07017195437097712,53.26513315500907,53.33546748030228,53.26513420146541,53.33546527934018,53.26513838729078,53.33545647549177,53.2651,53.3355,53.2651,53.3355,Klebsiella huaxiensis,4,4,insufficient_data,53.305350000000004,0.02645000000000053,53.305350000000004,53.2789,53.3318,0.05290000000000106,53.2789,53.3318,53.2789,53.3318,53.2789,53.3318,0.5,0.7714285714285716,0.008663039005860185
Klebsiella huaxiensis,REFSEQ-QC-v1,Completeness_Specific,insufficient_data,100.0,0.0,100.0,100.0,100.0,0.0,100.0,100.0,100.0,100.0,100.0,100.0,100.0,100.0,100.0,100.0,Klebsiella huaxiensis,4,4,insufficient_data,98.225,0.02499999999999858,98.225,98.2,98.25,0.04999999999999716,98.2,98.25,98.2,98.25,98.2,98.25,1.0,0.028571428571428577,1.7749999999999986
Klebsiella huaxiensis,REFSEQ-QC-v1,Contamination,insufficient_data,1.28,0.38999999999999996,1.28,0.89,1.67,0.7799999999999999,0.89,1.67,0.89,1.67,0.89,1.67,0.89,1.67,0.89,1.67,Klebsiella huaxiensis,4,4,insufficient_data,2.785,0.17500000000000004,2.785,2.61,2.96,0.3500000000000001,2.61,2.96,2.61,2.96,2.61,2.96,1.0,0.028571428571428577,1.505
Klebsiella huaxiensis,REFSEQ-QC-v1,Total_Coding_Sequences,insufficient_data,5863.75,83.25075074736563,5864.0,5780.75,5947.0,166.25,5780.0,5947.0,5780.015,5947.0,5780.075,5947.0,5780.0,5947.0,5780.08,5947.0,Klebsiella huaxiensis,4,4,insufficient_data,6032.0,47.97916214358062,6054.0,6023.5,6062.5,39.0,5950.0,6070.0,5951.47,6069.85,5957.35,6069.25,1.0,0.028571428571428577,168.25
Klebsiella huaxiensis,REFSEQ-QC-v1,Genome_Size,insufficient_data,6273678.0,42697.00735414603,6273666.0,6230986.0,6316358.0,85372.0,6230971.0,6316409.0,6230971.3,6316407.98,6230972.5,6316403.9,6230971.0,6316409.0,6230972.5,6316403.9,Klebsiella huaxiensis,4,4,insufficient_data,6331018.0,30189.0,6331018.0,6300829.0,6361207.0,60378.0,6300829.0,6361207.0,6300829.0,6361207.0,6300829.0,6361207.0,0.5,0.7714285714285716,57340.0
Klebsiella michiganensis,qualibact-v1.0,N50,non-normal,199282.4740827024,82467.78312336598,182681.0,135545.0,249615.0,114070.0,42414.0,492281.0,53190.12,421915.0,72342.7,381875.6999999996,53190.12,421915.0,72342.7,381875.7,Klebsiella michiganensis,1717,0,,,,,,,,,,,,,,,,
Klebsiella michiganensis,qualibact-v1.0,number,non-normal,165.23995340710542,65.9632940904737,157.0,116.0,200.0,84.0,50.0,677.0,61.0,374.4200000000001,74.0,315.0,61.0,374.42,74.0,315.0,Klebsiella michiganensis,1717,0,,,,,,,,,,,,,,,,
Klebsiella michiganensis,qualibact-v1.0,longest,non-normal,545567.3902154921,211166.4643533476,489102.0,407331.0,656595.0,249264.0,121832.0,1394674.0,192116.04,1164230.0,238744.8,1054478.7,192116.04,1164230.0,238744.8,1054478.7,Klebsiella michiganensis,1717,0,,,,,,,,,,,,,,,,
Klebsiella michiganensis,qualibact-v1.0,GC_Content,non-normal,55.70344845661037,0.21401813307802364,55.7221,55.572,55.8524,0.2804000000000002,54.8876,56.2592,55.060531999999995,56.1396,55.21392,56.07502,55.04,56.183,55.2139,56.075,Klebsiella michiganensis,1717,115,normal,55.64747478260869,0.2418747098750232,55.643,55.482,55.83135,0.34935000000000116,55.04,56.183,55.078817,56.148002,55.15598,56.069835000000005,0.18115013547390546,0.0014390677491427023,0.05784878377351792
Klebsiella michiganensis,qualibact-v1.0,Completeness_Specific,non-normal,99.99999417588818,0.00024126167940848652,100.0,100.0,100.0,0.0,99.99,100.0,100.0,100.0,100.0,100.0,95.74,100.0,100.0,100.0,Klebsiella michiganensis,1717,115,non-normal,99.16956521739131,0.7286692949472106,99.37,99.07499999999999,99.66,0.585000000000008,95.74,99.99,96.0991,99.80189999999999,97.01950000000001,99.66,0.9994175888177053,1.5224880645572914e-183,0.8304289584968729
Klebsiella michiganensis,qualibact-v1.0,Contamination,non-normal,0.786691904484566,0.6672585845437539,0.55,0.34,0.97,0.6299999999999999,0.08,3.81,0.1058,3.41,0.15,2.680999999999999,0.06,3.41,0.15,2.68,Klebsiella michiganensis,1717,115,non-normal,0.8253043478260867,0.36400984635304307,0.83,0.57,1.03,0.4600000000000001,0.06,2.37,0.11130000000000001,2.136299999999997,0.3065,1.5149999999999957,0.2715909954166772,1.6407544471771692e-07,0.26707310526449063
Klebsiella michiganensis,qualibact-v1.0,Total_Coding_Sequences,non-normal,5887.606872451951,277.04471656932554,5851.0,5697.0,6076.0,379.0,5270.0,6719.0,5333.58,6613.620000000001,5414.9,6458.299999999999,5333.58,6827.0,5414.9,6458.3,Klebsiella michiganensis,1717,115,normal,6074.921739130435,294.61001924655193,6079.0,5834.0,6269.0,435.0,5439.0,6827.0,5503.98,6779.119999999999,5563.2,6701.9,0.27630092932566913,9.219409812963472e-08,187.31486667848372
Klebsiella michiganensis,qualibact-v1.0,Genome_Size,non-normal,6247768.516598718,224090.0863010725,6215719.0,6096534.0,6397596.0,301062.0,5712491.0,7002895.0,5770975.34,6847666.500000001,5848916.4,6694792.8,5770975.34,6977354.0,5848916.4,6694792.8,Klebsiella michiganensis,1717,115,normal,6331654.382608696,254216.70964857773,6312572.0,6148549.5,6504334.5,355785.0,5791694.0,6977354.0,5822436.38,6947778.9799999995,5886885.25,6872864.6,0.18601200273480034,0.0009712365849525071,84013.25041655058
Klebsiella ornithinolytica,qualibact-v1.0,N50,non-normal,303792.1895093063,143206.44076682144,276916.0,193736.0,377167.5,183431.5,71370.0,908369.0,84892.6,822604.7499999983,107170.5,641525.0,84892.6,822604.75,107170.5,641525.0,Klebsiella ornithinolytica,591,0,,,,,,,,,,,,,,,,
Klebsiella ornithinolytica,qualibact-v1.0,number,non-normal,130.25211505922167,65.82972233909436,121.0,71.0,183.0,112.0,33.0,350.0,41.8,324.59999999999945,48.0,287.25,41.8,324.6,48.0,287.25,Klebsiella ornithinolytica,591,0,,,,,,,,,,,,,,,,
Klebsiella ornithinolytica,qualibact-v1.0,longest,non-normal,808462.3316412859,376351.4329746729,750840.0,492076.5,1062969.0,570892.5,230758.0,2309956.0,249535.95,2147008.5999999964,332916.0,1736625.5,249535.95,2147008.6,332916.0,1736625.5,Klebsiella ornithinolytica,591,0,,,,,,,,,,,,,,,,
Klebsiella ornithinolytica,qualibact-v1.0,GC_Content,non-normal,55.462454822335026,0.25879058380654274,55.4652,55.28295,55.624700000000004,0.34175000000000466,54.6694,56.0137,54.713005,55.98642,54.925275,55.9338,54.713,57.4667,54.9253,55.9338,Klebsiella ornithinolytica,591,67,non-normal,55.459473134328356,0.37671373413666676,55.4777,55.2374,55.6284,0.39099999999999824,54.75,57.4667,54.771186,56.950646000000006,54.816475000000004,55.890745,0.10566457054827386,0.47721665673054137,0.06593081546581822
Klebsiella ornithinolytica,qualibact-v1.0,Completeness_Specific,non-normal,100.0,0.0,100.0,100.0,100.0,0.0,100.0,100.0,100.0,100.0,100.0,100.0,95.94,100.0,100.0,100.0,Klebsiella ornithinolytica,591,67,non-normal,99.08955223880596,0.6426192504138446,99.31,99.02,99.45,0.4300000000000068,95.94,99.51,96.2304,99.51,96.89150000000001,99.51,1.0,3.5723952832194153e-93,0.9104477611940291
Klebsiella ornithinolytica,qualibact-v1.0,Contamination,non-normal,1.6673434856175975,0.7943922846955336,1.42,0.99,2.28,1.2899999999999998,0.49,4.31,0.6375000000000001,3.7459999999999947,0.77,3.14,0.06,3.75,0.77,3.14,Klebsiella ornithinolytica,591,67,normal,1.0328358208955222,0.48308957783148326,0.96,0.735,1.34,0.6050000000000001,0.06,2.07,0.0765,2.0667,0.11,2.0079999999999996,0.3834633936914413,1.876578159059265e-08,0.634507664722075
Klebsiella ornithinolytica,qualibact-v1.0,Total_Coding_Sequences,non-normal,5498.637901861252,331.49768972456104,5517.0,5257.5,5729.0,471.5,4835.0,6286.0,4874.8,6262.05,4917.25,6107.75,4874.8,6562.0,4917.25,6107.75,Klebsiella ornithinolytica,591,67,normal,5613.776119402985,334.5183581913413,5630.0,5374.0,5787.5,413.5,5066.0,6562.0,5068.97,6470.26,5088.0,6255.4,0.1941308685001389,0.01827595705898903,115.15281460716723
Klebsiella ornithinolytica,qualibact-v1.0,Genome_Size,non-normal,5825562.824027073,255286.3241750359,5838403.0,5641654.0,6004887.5,363233.5,5253296.0,6454970.0,5337752.7,6434289.6,5360787.0,6299883.5,5337752.7,6679661.0,5360787.0,6299883.5,Klebsiella ornithinolytica,591,67,normal,5863744.626865672,295333.163208707,5846290.0,5634893.5,6009953.0,375059.5,5398151.0,6679661.0,5398190.93,6632193.8,5419744.1,6480618.449999999,0.10965477182614844,0.43066516915005065,43067.395181453154
Klebsiella oxytoca,qualibact-v1.0,N50,non-normal,279705.54143646406,106220.06778363959,265107.0,199103.25,359180.25,160077.0,37578.0,719002.0,64912.299999999996,597994.3250000003,106577.125,507621.75,64912.3,597994.33,106577.12,507621.75,Klebsiella oxytoca,1086,0,,,,,,,,,,,,,,,,
Klebsiella oxytoca,qualibact-v1.0,number,non-normal,124.64364640883979,52.546770284829925,111.0,90.0,148.0,58.0,47.0,536.0,53.85,350.2750000000017,64.0,259.625,53.85,350.28,64.0,259.62,Klebsiella oxytoca,1086,0,,,,,,,,,,,,,,,,
Klebsiella oxytoca,qualibact-v1.0,longest,non-normal,734714.7071823204,304015.47494384606,654921.0,536752.0,883401.75,346649.75,162532.0,2093161.0,184914.05,1703932.775000001,294790.5,1446060.0,184914.05,1703932.78,294790.5,1446060.0,Klebsiella oxytoca,1086,0,,,,,,,,,,,,,,,,
Klebsiella oxytoca,qualibact-v1.0,GC_Content,non-normal,55.002519981583795,0.19826265248536784,55.0424,54.899775,55.1516,0.25182500000000374,54.1964,55.346,54.4535025,55.3252,54.573724999999996,55.2869,54.115,55.3252,54.5737,55.2869,Klebsiella oxytoca,1086,60,non-normal,54.88944500000001,0.24915917430764378,54.963499999999996,54.742425,55.07215,0.3297250000000034,54.115,55.264,54.128216,55.256861,54.222595,55.22232,0.252670349907919,0.0010964758711017749,0.11307498158379287
Klebsiella oxytoca,qualibact-v1.0,Completeness_Specific,non-normal,100.0,0.0,100.0,100.0,100.0,0.0,100.0,100.0,100.0,100.0,100.0,100.0,96.13,100.0,100.0,100.0,Klebsiella oxytoca,1086,60,non-normal,99.05199999999999,0.5756874151829269,99.225,99.0175,99.33,0.3125,96.13,99.6,96.2421,99.5823,97.35075,99.54,1.0,2.2532870816971437e-101,0.9480000000000002
Klebsiella oxytoca,qualibact-v1.0,Contamination,non-normal,0.6556169429097606,0.4390223701372102,0.48,0.35,0.82,0.47,0.09,2.54,0.1485,2.4,0.21,1.81,0.15,7.61,0.21,1.81,Klebsiella oxytoca,1086,60,non-normal,1.6573333333333335,1.1042340734141873,1.49,0.9,2.095,1.1950000000000003,0.32,7.61,0.3377,6.376899999999994,0.4655,3.40625,0.5485267034990792,1.6153749670209312e-16,1.001716390423573
Klebsiella oxytoca,qualibact-v1.0,Total_Coding_Sequences,non-normal,5624.706261510129,279.79549111530486,5591.0,5393.0,5797.0,404.0,5148.0,6417.0,5180.275,6312.3,5223.0,6254.875,5071.0,6504.0,5223.0,6254.88,Klebsiella oxytoca,1086,60,normal,5830.533333333334,307.40881936311166,5800.0,5655.5,6067.75,412.25,5071.0,6504.0,5159.5,6491.61,5384.3,6440.625,0.34484346224677714,1.5454683767096577e-06,209.98526703499078
Klebsiella oxytoca,qualibact-v1.0,Genome_Size,non-normal,6025870.85543278,228226.9240132444,6002485.5,5836983.75,6179829.25,342845.5,5565564.0,6700630.0,5663940.375,6600876.225000001,5700019.125,6520342.125,5394761.0,6736859.0,5700019.12,6520342.12,Klebsiella oxytoca,1086,60,normal,6153488.35,272851.1122847541,6121061.5,6006949.75,6337756.5,330806.75,5394761.0,6736859.0,5503816.01,6718055.11,5765020.875,6652891.5,0.26850828729281767,0.0004137458667389123,136590.1807550645
Klebsiella pasteurii,REFSEQ-QC-v1,N50,normal,343702.0,95659.81580580218,394313.0,223549.0,405588.0,182039.0,216678.0,489082.0,216678.0,489082.0,216678.0,489082.0,216678.0,489082.0,216678.0,489082.0,Klebsiella pasteurii,18,0,,,,,,,,,,,,,,,,
Klebsiella pasteurii,REFSEQ-QC-v1,number,normal,63.77777777777778,21.456818536968502,53.0,46.0,78.0,32.0,42.0,109.0,42.0,109.0,42.0,109.0,42.0,109.0,42.0,109.0,Klebsiella pasteurii,18,0,,,,,,,,,,,,,,,,
Klebsiella pasteurii,REFSEQ-QC-v1,longest,normal,806555.0,312481.1400730184,660910.0,609421.0,888367.0,278946.0,474932.0,1456430.0,474932.0,1456430.0,474932.0,1456430.0,474932.0,1456430.0,474932.0,1456430.0,Klebsiella pasteurii,18,0,,,,,,,,,,,,,,,,
Klebsiella pasteurii,REFSEQ-QC-v1,GC_Content,normal,55.247201101621904,0.14194061387320694,55.28365165169756,55.171658037043926,55.33510572167465,0.16344768463072512,54.95051783021805,55.45136958295767,54.95051783021805,55.45136958295767,54.95051783021805,55.45136958295767,54.9505,55.4514,54.9505,55.4514,Klebsiella pasteurii,18,18,normal,55.2298,0.146843143826631,55.2733,55.166,55.2979,0.13190000000000168,54.9089,55.44,54.9089,55.44,54.9089,55.44,0.2222222222222222,0.7810478607409853,0.017401101621901362
Klebsiella pasteurii,REFSEQ-QC-v1,Completeness_Specific,non-normal,100.0,0.0,100.0,100.0,100.0,0.0,100.0,100.0,100.0,100.0,100.0,100.0,100.0,100.0,100.0,100.0,Klebsiella pasteurii,18,18,non-normal,99.55666666666667,0.40685787854401034,99.66,99.51,99.8,0.28999999999999204,98.52,99.99,98.52,99.99,98.52,99.99,1.0,2.2038238923005368e-10,0.44333333333333436
Klebsiella pasteurii,REFSEQ-QC-v1,Contamination,non-normal,0.6744444444444445,0.5775448248329804,0.43,0.27,0.53,0.26,0.23,1.85,0.23,1.85,0.23,1.85,0.23,1.85,0.23,1.85,Klebsiella pasteurii,18,18,normal,0.6655555555555556,0.16553691170189952,0.65,0.57,0.81,0.2400000000000001,0.42,0.93,0.42,0.93,0.42,0.93,0.5555555555555556,0.006668846028113762,0.36000000000000004
Klebsiella pasteurii,REFSEQ-QC-v1,Total_Coding_Sequences,normal,5743.0,236.72581420519205,5809.0,5632.25,5867.0,234.75,5388.0,6196.0,5388.0,6195.915,5388.0,6195.575,5388.0,6196.0,5388.0,6195.58,Klebsiella pasteurii,18,18,normal,5919.388888888889,277.0457521158411,5965.0,5802.0,6027.0,225.0,5520.0,6510.0,5521.36,6509.575,5526.8,6507.875,0.4444444444444444,0.05601816779525039,176.38888888888889
Klebsiella pasteurii,REFSEQ-QC-v1,Genome_Size,normal,6147419.111111111,197429.35418042264,6213402.0,6061825.0,6249744.0,187919.0,5845210.0,6497593.0,5845210.0,6497593.0,5845210.0,6497593.0,5845210.0,6497593.0,5845210.0,6497593.0,Klebsiella pasteurii,18,18,normal,6220133.222222222,221071.96978599916,6265239.0,6110064.0,6310126.0,200062.0,5897538.0,6650500.0,5897538.0,6650500.0,5897538.0,6650500.0,0.3333333333333333,0.2754184632376776,72714.11111111111
Klebsiella planticola,qualibact-v1.0,N50,non-normal,308341.9405594406,117366.15463796818,299780.0,227638.0,365594.5,137956.5,63242.0,693693.0,70996.475,618195.6999999993,93559.0,531187.0,70996.48,618195.7,93559.0,531187.0,Klebsiella planticola,286,0,,,,,,,,,,,,,,,,
Klebsiella planticola,qualibact-v1.0,number,non-normal,119.56643356643356,69.88277491583956,95.0,70.25,140.0,69.75,42.0,443.0,45.7,401.22499999999974,52.375,321.0,45.7,401.22,52.38,321.0,Klebsiella planticola,286,0,,,,,,,,,,,,,,,,
Klebsiella planticola,qualibact-v1.0,longest,non-normal,836925.4650349651,358541.5054283426,781046.0,554171.5,1012156.0,457984.5,172956.0,2049480.0,225949.925,1871269.649999999,244724.5,1719527.5,225949.92,1871269.65,244724.5,1719527.5,Klebsiella planticola,286,0,,,,,,,,,,,,,,,,
Klebsiella planticola,qualibact-v1.0,GC_Content,non-normal,55.51974615384616,0.26603377112748666,55.57805,55.322975,55.715925,0.392949999999999,54.905,55.9661,54.91819,55.93226,54.9835,55.91305,54.7763,55.9323,54.9835,55.913,Klebsiella planticola,286,27,non-normal,55.41991481481482,0.31747918532378516,55.6106,55.13435,55.6619,0.5275500000000051,54.7763,55.8848,54.798985,55.873971,54.889725,55.830655,0.2305102305102305,0.12208408182911344,0.10292084952084961
Klebsiella planticola,qualibact-v1.0,Completeness_Specific,non-normal,100.0,0.0,100.0,100.0,100.0,0.0,100.0,100.0,100.0,100.0,100.0,100.0,97.77,100.0,100.0,100.0,Klebsiella planticola,286,27,non-normal,99.25444444444445,0.33825624007639166,99.35,99.28999999999999,99.38,0.09000000000000341,97.77,99.66,97.8779,99.6314,98.3095,99.517,1.0,2.8819960715142014e-39,0.745555555555558
Klebsiella planticola,qualibact-v1.0,Contamination,non-normal,1.1098251748251746,0.5909601386896365,1.05,0.5825,1.4575,0.875,0.07,2.82,0.2185,2.7504999999999984,0.28,2.2512499999999998,0.22,3.01,0.28,2.25,Klebsiella planticola,286,27,non-normal,1.785925925925926,0.43031650074024336,1.63,1.55,1.915,0.365,1.01,3.01,1.0529,2.9619,1.2245000000000001,2.7694999999999994,0.6420616420616421,2.5394188224041027e-10,0.6761007511007513
Klebsiella planticola,qualibact-v1.0,Total_Coding_Sequences,non-normal,5531.601398601399,370.58354361094706,5495.5,5173.5,5891.75,718.25,4947.0,6311.0,4958.5,6274.5,4994.25,6186.625,4921.0,6628.0,4994.25,6186.62,Klebsiella planticola,286,27,normal,5679.777777777777,384.9959435412403,5624.0,5376.0,6048.0,672.0,4921.0,6628.0,4961.95,6574.05,5125.75,6358.249999999999,0.2531727531727532,0.06965640399628,152.3680393680394
Klebsiella planticola,qualibact-v1.0,Genome_Size,non-normal,5876297.206293706,290229.4625465252,5851328.5,5602761.0,6147787.0,545026.0,5392769.0,6410175.0,5410183.05,6398601.625,5439504.5,6345075.5,5229639.0,6745406.0,5439504.5,6345075.5,Klebsiella planticola,286,27,normal,5930837.703703703,342689.38497732085,5864425.0,5649936.5,6232477.0,582540.5,5229639.0,6745406.0,5270331.34,6703338.5200000005,5433100.7,6535068.6,0.1686091686091686,0.4341131279301499,73875.31610981615
Klebsiella pneumoniae,qualibact-v1.0,N50,non-normal,249611.11873760837,98819.12939934783,231635.5,176307.0,314206.0,137899.0,29390.0,766567.0,58735.075,550083.799999999,97240.5,473617.0,58735.08,550083.8,97240.5,473617.0,Klebsiella pneumoniae,67586,0,,,,,,,,,,,,,,,,
Klebsiella pneumoniae,qualibact-v1.0,number,non-normal,135.1778474832066,52.45314969785322,125.0,99.0,160.0,61.0,36.0,576.0,53.0,349.0,64.0,268.0,53.0,349.0,64.0,268.0,Klebsiella pneumoniae,67586,0,,,,,,,,,,,,,,,,
Klebsiella pneumoniae,qualibact-v1.0,longest,non-normal,615583.0241174208,252683.5344005129,557755.0,434179.0,746782.0,312603.0,94884.0,2159855.0,195153.1,1526463.1999999979,271540.625,1252701.0,195153.1,1526463.2,271540.62,1252701.0,Klebsiella pneumoniae,67586,0,,,,,,,,,,,,,,,,
Klebsiella pneumoniae,qualibact-v1.0,GC_Content,non-normal,57.133095441363594,0.22015024633738345,57.1613,57.0208,57.2794,0.2586000000000013,56.2082,57.8924,56.520692499999996,57.6170225,56.6065,57.511337499999996,55.8906,58.0198,56.6065,57.5113,Klebsiella pneumoniae,67586,3288,non-normal,57.0643251216545,0.2517096151649145,57.08485,56.93025,57.241225,0.3109749999999991,55.8906,58.0198,56.247400999999996,57.6260475,56.5349225,57.5019475,0.15925741686378414,6.323921819372888e-70,0.06960165065714602
Klebsiella pneumoniae,qualibact-v1.0,Completeness_Specific,non-normal,99.99993800491225,0.006737552367921893,100.0,100.0,100.0,0.0,98.26,100.0,100.0,100.0,100.0,100.0,95.57,100.0,100.0,100.0,Klebsiella pneumoniae,67586,3288,non-normal,98.46415145985402,0.5508881991476631,98.55,98.22,98.89,0.6700000000000017,95.57,99.31,96.37435,99.08,97.03175,99.07,0.9999852040363388,0.0,1.5357865450582457
Klebsiella pneumoniae,qualibact-v1.0,Contamination,non-normal,0.3716837806646347,0.3739110722088918,0.21,0.1,0.56,0.4600000000000001,0.0,3.35,0.02,1.830749999999971,0.04,1.35,0.02,4.14,0.04,1.35,Klebsiella pneumoniae,67586,3288,non-normal,0.8669920924574209,0.5157784586709249,0.79,0.43,1.19,0.76,0.07,4.14,0.19,2.6256500000000007,0.19,1.96,0.4954803641002258,0.0,0.49530831179278634
Klebsiella pneumoniae,qualibact-v1.0,Total_Coding_Sequences,non-normal,5280.1573254816085,199.92140201506075,5278.0,5138.0,5423.0,285.0,4627.0,6040.0,4801.0,5780.0,4893.0,5674.0,4801.0,6490.0,4893.0,5674.0,Klebsiella pneumoniae,67586,3288,non-normal,5623.27798053528,253.10970444357326,5620.0,5430.75,5809.25,378.5,4840.0,6490.0,5035.785,6215.13,5160.35,6109.65,0.522942113654169,0.0,343.1206550536712
Klebsiella pneumoniae,qualibact-v1.0,Genome_Size,non-normal,5585173.212913917,165754.25648811136,5583739.5,5474285.0,5694954.75,220669.75,4998717.0,6182746.0,5166485.825,5997932.225,5249426.75,5907021.5,4996433.0,6374553.0,5249426.75,5907021.5,Klebsiella pneumoniae,67586,3288,non-normal,5678279.009428224,205946.20082214146,5681405.0,5536190.75,5822732.75,286542.0,4996433.0,6374553.0,5184714.85,6178907.99,5286244.55,6081019.075,0.23015317674379798,1.8034016719020924e-146,93398.58122045352
Klebsiella quasipneumoniae,qualibact-v1.0,N50,non-normal,336986.7624521073,201293.95009074084,301687.0,190036.0,419120.0,229084.0,32363.0,1418708.0,51385.72,1234605.68,92248.4,828105.3999999982,51385.72,1234605.68,92248.4,828105.4,Klebsiella quasipneumoniae,3393,0,,,,,,,,,,,,,,,,
Klebsiella quasipneumoniae,qualibact-v1.0,number,non-normal,127.69643383436487,69.72984229741733,114.0,74.0,166.0,92.0,29.0,525.0,35.0,380.5599999999995,42.0,308.39999999999964,35.0,380.56,42.0,308.4,Klebsiella quasipneumoniae,3393,0,,,,,,,,,,,,,,,,
Klebsiella quasipneumoniae,qualibact-v1.0,longest,non-normal,823059.2569997052,457516.8947686945,719157.0,486861.0,1031589.0,544728.0,117389.0,2631140.0,180468.0,2515582.4,264087.2,2016355.5999999992,180468.0,2515582.4,264087.2,2016355.6,Klebsiella quasipneumoniae,3393,0,,,,,,,,,,,,,,,,
Klebsiella quasipneumoniae,qualibact-v1.0,GC_Content,non-normal,57.7032897141173,0.32441875155946504,57.7356,57.4965,57.9266,0.43010000000000304,56.7424,58.4108,56.874576,58.385304,57.0064,58.2547,56.4969,58.6333,57.0064,58.2547,Klebsiella quasipneumoniae,3393,176,non-normal,57.65458295454546,0.3738633170332292,57.74615,57.396975,57.909425,0.5124500000000012,56.4969,58.6333,56.5900875,58.2783125,56.816925,58.17715,0.08056694263590815,0.21509890568138956,0.06074876483669599
Klebsiella quasipneumoniae,qualibact-v1.0,Completeness_Specific,non-normal,99.99993221338048,0.0008205310288609245,100.0,100.0,100.0,0.0,99.99,100.0,99.99,100.0,100.0,100.0,97.07,100.0,100.0,100.0,Klebsiella quasipneumoniae,3393,176,non-normal,98.96926136363636,0.42203244689775316,99.1,98.8375,99.24,0.4024999999999892,97.07,99.42,97.14874999999999,99.37625,97.93,99.37,1.0,1.797780786460858e-303,1.0306708497441248
Klebsiella quasipneumoniae,qualibact-v1.0,Contamination,non-normal,0.2070822281167109,0.23307875088447766,0.11,0.05,0.29,0.24,0.0,1.61,0.0,1.17,0.0,0.8519999999999982,0.0,2.94,0.0,0.85,Klebsiella quasipneumoniae,3393,176,non-normal,0.6981818181818181,0.4086495093446257,0.59,0.38,0.8725,0.49250000000000005,0.31,2.94,0.31,2.3975,0.31,1.55,0.7609784851164162,2.9220513481703933e-100,0.4910995900651073
Klebsiella quasipneumoniae,qualibact-v1.0,Total_Coding_Sequences,non-normal,5146.605658709107,271.42459333086504,5126.0,4945.0,5334.0,389.0,4595.0,5923.0,4644.96,5828.0,4698.8,5699.0,4470.0,6246.0,4698.8,5699.0,Klebsiella quasipneumoniae,3393,175,normal,5427.725714285714,334.3967261825879,5390.0,5183.0,5608.0,425.0,4470.0,6246.0,4831.05,6200.76,4929.1,6136.45,0.34692939244663384,2.2181296942442995e-18,282.9427291482464
Klebsiella quasipneumoniae,qualibact-v1.0,Genome_Size,non-normal,5474622.045977011,227182.6431157281,5461083.0,5304734.0,5621736.0,317002.0,4989417.0,6134940.0,5029523.96,6039108.88,5087263.4,5933842.8,4579303.0,6212153.0,5087263.4,5933842.8,Klebsiella quasipneumoniae,3393,176,normal,5544414.3352272725,291194.5352026212,5504650.5,5342893.5,5688322.5,345429.0,4579303.0,6212153.0,5021842.125,6209976.0,5089216.875,6141536.25,0.12161234359510222,0.012902517159360636,75368.38701504434
Klebsiella quasipneumoniae,qualibact-v1.1,N50,non-normal,336752.6893939394,204370.71191861667,305686.0,198894.0,399733.0,200839.0,24129.0,1472835.0,33680.0,1231691.205,60749.425,870882.7749999997,33680.0,1231691.2,60749.42,870882.77,Klebsiella quasipneumoniae,1980,0,,,,,,,,,,,,,,,,
Klebsiella quasipneumoniae,qualibact-v1.1,number,non-normal,82.91717171717171,57.25098215452187,69.0,46.0,102.0,56.0,16.0,505.0,18.0,387.31500000000005,21.0,228.0,18.0,387.32,21.0,228.0,Klebsiella quasipneumoniae,1980,0,,,,,,,,,,,,,,,,
Klebsiella quasipneumoniae,qualibact-v1.1,longest,non-normal,802882.3944444444,463295.0549592979,702615.0,465492.75,996683.75,531191.0,89734.0,2613339.0,117364.58,2443736.9400000004,208401.0,1961462.6999999995,117364.58,2443736.94,208401.0,1961462.7,Klebsiella quasipneumoniae,1980,0,,,,,,,,,,,,,,,,
Klebsiella quasipneumoniae,qualibact-v1.1,GC_Content,non-normal,57.69677459595959,0.3164635150689353,57.7326,57.50255,57.912800000000004,0.4102500000000049,56.5903,58.4272,56.8116605,58.3161105,56.985055,58.24605,56.4969,58.6333,56.9851,58.246,Klebsiella quasipneumoniae,1980,176,non-normal,57.65458295454546,0.3738633170332292,57.74615,57.396975,57.909425,0.5124500000000012,56.4969,58.6333,56.5900875,58.2783125,56.816925,58.17715,0.0880050505050505,0.15393713745118537,0.058744520202020256
Klebsiella quasipneumoniae,qualibact-v1.1,Completeness_Specific,non-normal,99.999,0.01664574444357489,100.0,100.0,100.0,0.0,99.43,100.0,99.98895,100.0,99.99,100.0,97.07,100.0,99.99,100.0,Klebsiella quasipneumoniae,1980,176,non-normal,98.96926136363636,0.42203244689775316,99.1,98.8375,99.24,0.4024999999999892,97.07,99.42,97.14874999999999,99.37625,97.93,99.37,1.0,1.161926914819396e-263,1.0297386363636354
Klebsiella quasipneumoniae,qualibact-v1.1,Contamination,non-normal,0.2210606060606061,0.2886010954353801,0.11,0.04,0.31,0.27,0.0,3.72,0.0,1.5421000000000005,0.0,0.95,0.0,2.94,0.0,0.95,Klebsiella quasipneumoniae,1980,176,non-normal,0.6981818181818181,0.4086495093446257,0.59,0.38,0.8725,0.49250000000000005,0.31,2.94,0.31,2.3975,0.31,1.55,0.747979797979798,3.334202915826357e-92,0.477909090909091
Klebsiella quasipneumoniae,qualibact-v1.1,Total_Coding_Sequences,non-normal,5142.422222222222,258.577760242507,5131.5,4946.75,5308.25,361.5,4610.0,5953.0,4664.895,5779.47,4717.475,5694.624999999999,4470.0,6246.0,4717.48,5694.62,Klebsiella quasipneumoniae,1980,176,normal,5430.892045454545,336.0659343186281,5398.0,5183.5,5608.25,424.75,4470.0,6246.0,4833.125,6200.5,4929.25,6136.125,0.37272727272727274,1.2993527331215822e-20,290.4561868686869
Klebsiella quasipneumoniae,qualibact-v1.1,Genome_Size,non-normal,5472394.830808081,221270.40609986268,5457049.5,5309497.0,5603863.75,294366.75,4974325.0,6208270.0,5035959.595,6048719.31,5097356.325,5962049.375,4579303.0,6212153.0,5097356.32,5962049.38,Klebsiella quasipneumoniae,1980,176,normal,5544414.3352272725,291194.5352026212,5504650.5,5342893.5,5688322.5,345429.0,4579303.0,6212153.0,5021842.125,6209976.0,5089216.875,6141536.25,0.14154040404040405,0.0027471351795145616,78725.50012626266
Klebsiella quasivariicola,REFSEQ-QC-v1,N50,insufficient_data,154942.5,2107.5,154942.5,152835.0,157050.0,4215.0,152835.0,157050.0,152835.0,157050.0,152835.0,157050.0,152835.0,157050.0,152835.0,157050.0,Klebsiella quasivariicola,4,0,,,,,,,,,,,,,,,,
Klebsiella quasivariicola,REFSEQ-QC-v1,number,insufficient_data,112.5,5.545268253204709,113.0,107.5,118.0,10.5,106.0,118.0,106.03,118.0,106.15,118.0,106.0,118.0,106.15,118.0,Klebsiella quasivariicola,4,0,,,,,,,,,,,,,,,,
Klebsiella quasivariicola,REFSEQ-QC-v1,longest,insufficient_data,464135.0,50697.0,464135.0,413438.0,514832.0,101394.0,413438.0,514832.0,413438.0,514832.0,413438.0,514832.0,413438.0,514832.0,413438.0,514832.0,Klebsiella quasivariicola,4,0,,,,,,,,,,,,,,,,
Klebsiella quasivariicola,REFSEQ-QC-v1,GC_Content,insufficient_data,56.68815248164246,0.00390615472829466,56.68820787112117,56.68430250189757,56.692057850866064,0.007755348968494502,56.68413633346143,56.692057850866064,56.684139656830155,56.692057850866064,56.68415295030505,56.692057850866064,56.6841,56.6921,56.6842,56.6921,Klebsiella quasivariicola,4,4,insufficient_data,56.6679,0.00969999999999871,56.6679,56.6582,56.6776,0.01939999999999742,56.6582,56.6776,56.6582,56.6776,56.6582,56.6776,1.0,0.028571428571428577,0.020252481642460296
Klebsiella quasivariicola,REFSEQ-QC-v1,Completeness_Specific,insufficient_data,100.0,0.0,100.0,100.0,100.0,0.0,100.0,100.0,100.0,100.0,100.0,100.0,100.0,100.0,100.0,100.0,Klebsiella quasivariicola,4,4,insufficient_data,98.295,0.375,98.295,97.92,98.67,0.75,97.92,98.67,97.92,98.67,97.92,98.67,1.0,0.028571428571428577,1.7049999999999983
Klebsiella quasivariicola,REFSEQ-QC-v1,Contamination,insufficient_data,0.35,0.04000000000000001,0.35,0.31,0.39,0.08000000000000002,0.31,0.39,0.31,0.39,0.31,0.39,0.31,0.39,0.31,0.39,Klebsiella quasivariicola,4,4,insufficient_data,1.185,0.21499999999999997,1.185,0.97,1.4,0.42999999999999994,0.97,1.4,0.97,1.4,0.97,1.4,1.0,0.028571428571428577,0.835
Klebsiella quasivariicola,REFSEQ-QC-v1,Total_Coding_Sequences,insufficient_data,5501.5,57.504347661720324,5501.0,5444.0,5558.5,114.5,5444.0,5560.0,5444.0,5559.97,5444.0,5559.85,5444.0,5560.0,5444.0,5559.85,Klebsiella quasivariicola,4,4,insufficient_data,5878.25,124.96874609277313,5844.5,5766.0,5956.75,190.75,5760.0,6064.0,5760.12,6061.855,5760.6,6053.275,1.0,0.028571428571428577,376.75
Klebsiella quasivariicola,REFSEQ-QC-v1,Genome_Size,insufficient_data,5773113.0,21773.14147062844,5773057.5,5751340.0,5794830.5,43490.5,5751340.0,5794997.0,5751340.0,5794993.67,5751340.0,5794980.35,5751340.0,5794997.0,5751340.0,5794980.35,Klebsiella quasivariicola,4,4,insufficient_data,5911776.0,34930.0,5911776.0,5876846.0,5946706.0,69860.0,5876846.0,5946706.0,5876846.0,5946706.0,5876846.0,5946706.0,1.0,0.028571428571428577,138663.0
Klebsiella spallanzanii,REFSEQ-QC-v1,N50,insufficient_data,305428.14285714284,141099.2847237399,325204.0,195717.0,387850.5,192133.5,103978.0,541680.0,105320.17,537537.99,110688.85,520969.94999999995,103978.0,541680.0,110688.85,520969.95,Klebsiella spallanzanii,7,0,,,,,,,,,,,,,,,,
Klebsiella spallanzanii,REFSEQ-QC-v1,number,insufficient_data,79.42857142857143,41.20630029101702,67.0,52.0,88.5,36.5,40.0,168.0,40.21,166.14,41.05,158.7,40.0,168.0,41.05,158.7,Klebsiella spallanzanii,7,0,,,,,,,,,,,,,,,,
Klebsiella spallanzanii,REFSEQ-QC-v1,longest,insufficient_data,671207.4285714285,282426.67540182994,632390.0,469385.5,789474.0,320088.5,325022.0,1223321.0,326578.34,1211897.0,332803.7,1166200.9999999998,325022.0,1223321.0,332803.7,1166201.0,Klebsiella spallanzanii,7,0,,,,,,,,,,,,,,,,
Klebsiella spallanzanii,REFSEQ-QC-v1,GC_Content,insufficient_data,53.38018443743066,0.10082199864919626,53.40120221275898,53.337413450562416,53.43333585704782,0.09592240648540695,53.19077791005951,53.52781232397565,53.19405176180906,53.52562233946744,53.207147168807246,53.51686240143459,53.1908,53.5278,53.2071,53.5169,Klebsiella spallanzanii,7,7,insufficient_data,53.38018571428571,0.10081478673532766,53.4012,53.3374,53.433350000000004,0.09595000000000198,53.1908,53.5278,53.194073,53.52561,53.207165,53.51685,0.14285714285714285,0.9999609537692629,1.6784920208782038e-05
Klebsiella spallanzanii,REFSEQ-QC-v1,Completeness_Specific,insufficient_data,100.0,0.0,100.0,100.0,100.0,0.0,100.0,100.0,100.0,100.0,100.0,100.0,100.0,100.0,100.0,100.0,Klebsiella spallanzanii,7,7,insufficient_data,97.91428571428571,0.36264335659382085,98.16,97.83,98.16,0.3299999999999983,97.1,98.16,97.121,98.16,97.205,98.16,1.0,0.0005827505827505828,2.085714285714289
Klebsiella spallanzanii,REFSEQ-QC-v1,Contamination,insufficient_data,1.672857142857143,0.366867601097036,1.51,1.455,1.725,0.27,1.37,2.47,1.3712000000000002,2.4538,1.3760000000000001,2.389,1.37,2.47,1.38,2.39,Klebsiella spallanzanii,7,7,insufficient_data,1.9257142857142857,0.1590019894625889,1.89,1.82,2.05,0.22999999999999976,1.7,2.15,1.7021,2.1496999999999997,1.7105,2.1485,0.7142857142857143,0.05303030303030303,0.34428571428571436
Klebsiella spallanzanii,REFSEQ-QC-v1,Total_Coding_Sequences,insufficient_data,5757.285714285715,108.43920520037851,5801.0,5712.0,5813.5,101.5,5549.0,5900.0,5552.24,5897.69,5565.2,5888.45,5549.0,5900.0,5565.2,5888.45,Klebsiella spallanzanii,7,7,insufficient_data,5888.142857142857,116.00052779612508,5932.0,5829.5,5960.0,130.5,5679.0,6027.0,5681.22,6025.38,5690.1,6018.9,0.7142857142857143,0.05303030303030303,130.85714285714286
Klebsiella spallanzanii,REFSEQ-QC-v1,Genome_Size,insufficient_data,6116004.571428572,133790.84642921167,6161142.0,6083931.5,6206529.5,122598.0,5831599.0,6238369.0,5837254.6,6238018.3,5859877.0,6236615.5,5831599.0,6238369.0,5859877.0,6236615.5,Klebsiella spallanzanii,7,7,insufficient_data,6116004.571428572,133790.84642921167,6161142.0,6083931.5,6206529.5,122598.0,5831599.0,6238369.0,5837254.6,6238018.3,5859877.0,6236615.5,0.0,1.0,0.0
Klebsiella variicola,qualibact-v1.0,N50,non-normal,341090.42160404625,158898.87668544744,333623.0,220270.5,443564.75,223294.25,34024.0,1344111.0,62956.545,855291.8699999993,98188.6,712230.45,62956.54,855291.87,98188.6,712230.45,Klebsiella variicola,2768,0,,,,,,,,,,,,,,,,
Klebsiella variicola,qualibact-v1.0,number,non-normal,113.09429190751445,59.3781612782161,98.0,71.0,137.0,66.0,34.0,602.0,39.0,349.16499999999996,47.0,274.47499999999945,39.0,349.16,47.0,274.47,Klebsiella variicola,2768,0,,,,,,,,,,,,,,,,
Klebsiella variicola,qualibact-v1.0,longest,non-normal,848529.5426300578,415977.4896889513,766971.0,530817.0,1057019.0,526202.0,120106.0,2706325.0,205087.285,2217914.2499999995,283401.6,1810932.0749999995,205087.28,2217914.25,283401.6,1810932.07,Klebsiella variicola,2768,0,,,,,,,,,,,,,,,,
Klebsiella variicola,qualibact-v1.0,GC_Content,non-normal,57.20505567196531,0.2606455434446171,57.23795,57.044,57.4062,0.3622000000000014,56.4008,57.724,56.447317500000004,57.673462,56.5950575,57.611065,56.26,57.6735,56.5951,57.6111,Klebsiella variicola,2768,189,non-normal,57.18646931216931,0.2846617776057852,57.2332,57.0638,57.4121,0.34830000000000183,56.26,57.6502,56.40053,57.636946,56.50357,57.5853,0.06228209010000917,0.47851021033315716,0.028791716938862833
Klebsiella variicola,qualibact-v1.0,Completeness_Specific,non-normal,99.99994942196531,0.0007586017034577546,100.0,100.0,100.0,0.0,99.98,100.0,100.0,100.0,100.0,100.0,98.06,100.0,100.0,100.0,Klebsiella variicola,2768,189,non-normal,99.43449735449737,0.2759483623257248,99.49,99.34,99.66,0.3199999999999932,98.06,99.66,98.201,99.66,98.697,99.66,1.0,4.828812619374415e-304,0.5654520674679644
Klebsiella variicola,qualibact-v1.0,Contamination,non-normal,0.34559248554913297,0.3137001971640414,0.22,0.13,0.45,0.32,0.02,2.15,0.03,1.6565999999999985,0.05,1.2,0.03,2.64,0.05,1.2,Klebsiella variicola,2768,189,non-normal,0.6081481481481481,0.3810681996193344,0.45,0.35,0.69,0.33999999999999997,0.11,2.64,0.298,2.1418000000000013,0.31,1.5819999999999976,0.6088708444199774,5.032369059105396e-63,0.2625556625990153
Klebsiella variicola,qualibact-v1.0,Total_Coding_Sequences,non-normal,5360.537572254335,246.9679471934098,5324.0,5162.0,5523.0,361.0,4870.0,6036.0,4951.0,5981.66,4982.0,5911.825,4951.0,6440.0,4982.0,5911.82,Klebsiella variicola,2768,189,non-normal,5597.248677248677,265.06662147656704,5583.0,5360.0,5802.0,442.0,5097.0,6440.0,5097.0,6226.620000000001,5213.1,6133.9,0.362108909074227,2.9610332086001702e-21,236.71110499434198
Klebsiella variicola,qualibact-v1.0,Genome_Size,non-normal,5697696.894147399,201420.98628194246,5677337.0,5531015.5,5844059.25,313043.75,5280534.0,6234250.0,5335982.815,6171778.45,5376670.625,6127637.024999999,5279245.0,6498364.0,5376670.62,6127637.02,Klebsiella variicola,2768,189,non-normal,5736757.53968254,229114.74712585553,5718021.0,5527376.0,5920257.0,392881.0,5279245.0,6498364.0,5279256.28,6235354.82,5408866.4,6187641.0,0.11022800256904303,0.024975786440851015,41336.737581047215
Klebsiella variicola,qualibact-v1.1,N50,non-normal,329105.8391393443,180212.06661597543,302903.0,200801.0,424069.25,223268.25,22263.0,1365479.0,35683.485,996645.6849999989,68234.15000000001,762613.6749999997,35683.48,996645.68,68234.15,762613.67,Klebsiella variicola,1952,0,,,,,,,,,,,,,,,,
Klebsiella variicola,qualibact-v1.1,number,non-normal,76.67418032786885,52.498100954571065,64.0,39.0,97.0,58.0,12.0,504.0,17.0,315.4899999999998,21.0,222.2249999999999,17.0,315.49,21.0,222.22,Klebsiella variicola,1952,0,,,,,,,,,,,,,,,,
Klebsiella variicola,qualibact-v1.1,longest,non-normal,850693.5804303279,474732.504022227,751211.0,491157.75,1079210.0,588052.25,79893.0,2741805.0,133650.115,2627437.4899999993,217967.075,2042130.7249999996,133650.12,2627437.49,217967.08,2042130.72,Klebsiella variicola,1952,0,,,,,,,,,,,,,,,,
Klebsiella variicola,qualibact-v1.1,GC_Content,non-normal,57.16949718237705,0.2879778848970992,57.213750000000005,57.016725,57.3765,0.35977499999999907,56.2112,57.8621,56.418499499999996,57.6811715,56.455665,57.6155225,56.26,57.6812,56.4557,57.6155,Klebsiella variicola,1952,189,non-normal,57.18646931216931,0.2846617776057852,57.2332,57.0638,57.4121,0.34830000000000183,56.26,57.6502,56.40053,57.636946,56.50357,57.5853,0.08846170526498395,0.12633999330173984,0.028079345834417423
Klebsiella variicola,qualibact-v1.1,Completeness_Specific,non-normal,99.99831454918032,0.03922634811809546,100.0,100.0,100.0,0.0,98.39,100.0,99.98,100.0,99.99,100.0,98.06,100.0,99.99,100.0,Klebsiella variicola,1952,189,non-normal,99.43449735449737,0.2759483623257248,99.49,99.34,99.66,0.3199999999999932,98.06,99.66,98.201,99.66,98.697,99.66,0.9989754098360656,3.124815892260142e-272,0.5638171946829742
Klebsiella variicola,qualibact-v1.1,Contamination,non-normal,0.39220799180327864,0.3928707549564685,0.25,0.13,0.56,0.43000000000000005,0.0,4.64,0.03,2.14,0.05,1.3744999999999983,0.03,2.64,0.05,1.37,Klebsiella variicola,1952,189,non-normal,0.6081481481481481,0.3810681996193344,0.45,0.35,0.69,0.33999999999999997,0.11,2.64,0.298,2.1418000000000013,0.31,1.5819999999999976,0.5669426012663717,1.9184156075908175e-52,0.22040753209298297
Klebsiella variicola,qualibact-v1.1,Total_Coding_Sequences,non-normal,5389.1900614754095,255.3570271505371,5345.5,5194.0,5551.25,357.25,4882.0,6184.0,4948.02,6053.49,4991.0,5920.0,4948.02,6440.0,4991.0,5920.0,Klebsiella variicola,1952,189,non-normal,5597.248677248677,265.06662147656704,5583.0,5360.0,5802.0,442.0,5097.0,6440.0,5097.0,6226.620000000001,5213.1,6133.9,0.3161267239136092,8.681719131600358e-16,208.05861577326743
Klebsiella variicola,qualibact-v1.1,Genome_Size,non-normal,5716591.90215164,214954.28658681663,5691891.0,5549953.25,5866158.75,316205.5,5228435.0,6335047.0,5318016.495,6257647.184999996,5367587.3,6140320.575,5279245.0,6498364.0,5367587.3,6140320.58,Klebsiella variicola,1952,189,non-normal,5736757.53968254,229114.74712585553,5718021.0,5527376.0,5920257.0,392881.0,5279245.0,6498364.0,5279256.28,6235354.82,5408866.4,6187641.0,0.07927563101743429,0.216258953569091,26519.820937960812
Lacticaseibacillus paracasei,qualibact-v1.0,N50,non-normal,104521.85106382979,46028.23974669385,102875.0,73983.0,120006.0,46023.0,27439.0,284626.0,29856.2,266150.0,39784.5,236765.0,29856.2,266150.0,39784.5,236765.0,Lacticaseibacillus paracasei,611,0,,,,,,,,,,,,,,,,
Lacticaseibacillus paracasei,qualibact-v1.0,number,non-normal,131.67757774140753,59.33468393942604,127.0,78.5,177.0,98.5,48.0,332.0,49.0,306.2000000000007,53.0,248.75,49.0,306.2,53.0,248.75,Lacticaseibacillus paracasei,611,0,,,,,,,,,,,,,,,,
Lacticaseibacillus paracasei,qualibact-v1.0,longest,non-normal,295835.6153846154,104027.70462846014,260678.0,235615.0,333482.0,97867.0,82120.0,679879.0,94854.1,640737.7500000001,138979.0,593473.25,94854.1,640737.75,138979.0,593473.25,Lacticaseibacillus paracasei,611,0,,,,,,,,,,,,,,,,
Lacticaseibacillus paracasei,qualibact-v1.0,GC_Content,non-normal,46.29448592471359,0.1058105175698533,46.2756,46.2282,46.3635,0.13530000000000086,46.0309,46.5791,46.055040000000005,46.568085,46.10345,46.5186,45.9646,46.6405,46.1034,46.5186,Lacticaseibacillus paracasei,611,123,non-normal,46.33181951219512,0.10828330401413414,46.3335,46.283550000000005,46.389849999999996,0.10629999999999029,45.9646,46.6405,45.9646,46.613416,46.12306,46.553545,0.3008928452623315,1.0535918638720882e-08,0.040611529812515985
Lacticaseibacillus paracasei,qualibact-v1.0,Completeness_Specific,non-normal,99.88499181669395,0.18729653427046467,99.94,99.85,99.97,0.12000000000000455,96.17,100.0,99.316,100.0,99.5625,99.99,85.06,100.0,99.56,99.99,Lacticaseibacillus paracasei,611,123,non-normal,93.04772357723579,2.4167174582859183,93.25,91.87,94.59,2.719999999999999,85.06,99.09,85.1271,98.0957,87.395,96.7085,0.9983633387888707,5.100010796313689e-141,6.837268239458171
Lacticaseibacillus paracasei,qualibact-v1.0,Contamination,non-normal,0.17895253682487725,0.18732123883786136,0.11,0.04,0.26,0.22,0.0,1.24,0.0,0.95,0.01,0.7425,0.0,13.09,0.01,0.74,Lacticaseibacillus paracasei,611,123,normal,6.766829268292683,2.463706744332652,6.51,5.029999999999999,8.105,3.075000000000001,0.74,13.09,1.7831000000000001,13.0656,2.7355,11.7,0.991869918699187,4.250789901807007e-136,6.587876731467805
Lacticaseibacillus paracasei,qualibact-v1.0,Total_Coding_Sequences,non-normal,2905.2618657937805,162.78567286105528,2935.0,2770.0,3019.0,249.0,2563.0,3444.0,2587.05,3244.95,2619.5,3193.5,2587.05,3355.0,2619.5,3193.5,Lacticaseibacillus paracasei,611,123,normal,3036.390243902439,111.4094939938829,3049.0,2963.5,3109.5,146.0,2768.0,3355.0,2774.1,3311.08,2823.5,3253.6,0.36128963580961504,1.972304410271988e-12,131.41970380423933
Lacticaseibacillus paracasei,qualibact-v1.0,Genome_Size,non-normal,2983075.022913257,140173.3462609877,3028197.0,2841969.5,3082687.5,240718.0,2635549.0,3300567.0,2651542.35,3268537.5000000005,2681803.25,3214443.5,2651542.35,3434047.0,2681803.25,3214443.5,Lacticaseibacillus paracasei,611,123,normal,3101566.6585365855,106341.54477088148,3102530.0,3040541.0,3169955.0,129414.0,2829327.0,3434047.0,2852624.12,3364547.87,2895382.15,3299917.95,0.37861429350791054,1.166891389353612e-13,118491.63562332843
Lacticaseibacillus rhamnosus,qualibact-v1.0,N50,non-normal,228803.61538461538,184771.19482458726,136078.5,93803.0,323430.5,229627.5,36441.0,722373.0,50872.7,722224.0,67210.1,708309.0,50872.7,722224.0,67210.1,708309.0,Lacticaseibacillus rhamnosus,598,0,,,,,,,,,,,,,,,,
Lacticaseibacillus rhamnosus,qualibact-v1.0,number,non-normal,62.12207357859532,30.30497405635681,64.0,38.0,80.0,42.0,16.0,287.0,19.0,177.13499999999988,21.0,123.0,19.0,177.13,21.0,123.0,Lacticaseibacillus rhamnosus,598,0,,,,,,,,,,,,,,,,
Lacticaseibacillus rhamnosus,qualibact-v1.0,longest,non-normal,439323.0702341137,213570.96101036627,349231.5,291302.0,697502.0,406200.0,151076.0,1065302.0,166730.305,1064218.0,192183.825,899390.15,166730.3,1064218.0,192183.82,899390.15,Lacticaseibacillus rhamnosus,598,0,,,,,,,,,,,,,,,,
Lacticaseibacillus rhamnosus,qualibact-v1.0,GC_Content,non-normal,46.64892073578595,0.043740636128855495,46.643,46.6226,46.686899999999994,0.0642999999999958,46.4437,46.7652,46.519658,46.7506195,46.5808925,46.742214999999995,46.5197,46.8913,46.5809,46.7422,Lacticaseibacillus rhamnosus,598,98,normal,46.72541632653061,0.05425249866130969,46.7194,46.6902,46.7643,0.07410000000000139,46.5801,46.8913,46.595329,46.880193500000004,46.6289975,46.8144375,0.6168520920073715,6.16840916327535e-31,0.0764955907446587
Lacticaseibacillus rhamnosus,qualibact-v1.0,Completeness_Specific,non-normal,99.97948160535118,0.01660777599529164,99.99,99.97,99.99,0.01999999999999602,99.93,100.0,99.93,100.0,99.94,100.0,96.44,100.0,99.94,100.0,Lacticaseibacillus rhamnosus,598,98,non-normal,98.63948979591835,0.6486428098682934,98.86,98.45,99.0675,0.6174999999999926,96.44,99.33,96.51275,99.33,96.637,99.33,1.0,6.525133960865432e-122,1.3399918094328007
Lacticaseibacillus rhamnosus,qualibact-v1.0,Contamination,non-normal,0.17025083612040134,0.12553872122200685,0.12,0.08,0.27,0.19,0.03,1.23,0.04,0.9011999999999989,0.04,0.38,0.04,2.21,0.04,0.38,Lacticaseibacillus rhamnosus,598,98,non-normal,0.5328571428571429,0.4014641570398971,0.45,0.2475,0.5075000000000001,0.26000000000000006,0.24,2.21,0.24,2.0208500000000003,0.24,1.75,0.717391304347826,2.4127905670019355e-43,0.3626063067367415
Lacticaseibacillus rhamnosus,qualibact-v1.0,Total_Coding_Sequences,non-normal,2791.563545150502,53.85228597273067,2791.0,2762.0,2812.75,50.75,2618.0,3035.0,2652.7,3000.18,2689.925,2939.0,2652.7,3081.0,2689.92,2939.0,Lacticaseibacillus rhamnosus,598,98,non-normal,2801.5714285714284,63.14544273956364,2788.5,2771.0,2827.75,56.75,2680.0,3081.0,2682.91,3031.53,2692.975,2956.15,0.15899938570746025,0.024882395071580993,13.005835779127707
Lacticaseibacillus rhamnosus,qualibact-v1.0,Genome_Size,non-normal,2957473.872909699,45719.15892979728,2947527.0,2939237.5,2979971.5,40734.0,2772647.0,3132819.0,2822309.89,3105598.145,2865456.9,3059506.75,2822309.89,3251532.0,2865456.9,3059506.75,Lacticaseibacillus rhamnosus,598,98,non-normal,2993345.0306122447,52163.58515432125,2991147.5,2968540.0,3007518.0,38978.0,2867184.0,3251532.0,2875037.12,3191444.865,2890676.725,3106288.575,0.4751552795031056,7.260913686895123e-18,35871.157702545905
Lactiplantibacillus plantarum,qualibact-v1.0,N50,non-normal,251354.47422680413,117480.57159321861,231993.0,149878.5,367096.5,217218.0,50186.0,631906.0,54515.25,549233.71,77842.5,484030.39999999997,54515.25,549233.71,77842.5,484030.4,Lactiplantibacillus plantarum,679,0,,,,,,,,,,,,,,,,
Lactiplantibacillus plantarum,qualibact-v1.0,number,non-normal,76.71870397643593,41.46612209952545,68.0,47.0,91.0,44.0,22.0,284.0,23.0,247.44000000000005,29.0,189.0,23.0,247.44,29.0,189.0,Lactiplantibacillus plantarum,679,0,,,,,,,,,,,,,,,,
Lactiplantibacillus plantarum,qualibact-v1.0,longest,non-normal,501344.4241531664,167714.23355521445,528484.0,356182.0,579126.0,222944.0,149959.0,904649.0,173703.96,853499.22,203291.1,836204.25,173703.96,853499.22,203291.1,836204.25,Lactiplantibacillus plantarum,679,0,,,,,,,,,,,,,,,,
Lactiplantibacillus plantarum,qualibact-v1.0,GC_Content,non-normal,44.45107378497791,0.1951598484343083,44.4324,44.35675,44.50215,0.1454000000000022,44.0122,45.2345,44.043002,45.125505000000004,44.13921,45.053405000000005,44.043,45.1255,44.1392,45.0534,Lactiplantibacillus plantarum,679,370,non-normal,44.47071054054054,0.14681515726385524,44.48035,44.37355,44.554050000000004,0.1805000000000021,44.0839,45.0954,44.110666,44.942783,44.192965,44.801485,0.19185606814472794,3.3923121593566915e-08,0.05002630776579229
Lactiplantibacillus plantarum,qualibact-v1.0,Completeness_Specific,non-normal,99.98181148748158,0.23714884704750547,100.0,100.0,100.0,0.0,95.98,100.0,99.2811,100.0,99.99,100.0,97.49,100.0,99.99,100.0,Lactiplantibacillus plantarum,679,370,non-normal,99.09972972972973,0.31821449918965145,99.02,99.02,99.35,0.3299999999999983,97.49,99.35,97.56224999999999,99.35,98.07825,99.35,0.9941089837997055,1.2571850806446538e-285,0.8909917605381563
Lactiplantibacillus plantarum,qualibact-v1.0,Contamination,non-normal,0.7089248895434462,0.32639440341751863,0.61,0.49,0.88,0.39,0.26,2.47,0.3,2.0561000000000003,0.3595,1.5304999999999995,0.3,3.02,0.36,1.53,Lactiplantibacillus plantarum,679,370,non-normal,1.4876756756756757,0.22633389041163898,1.39,1.39,1.39,0.0,0.74,3.02,1.2216500000000001,2.7,1.39,2.04,0.9359113163236874,1.6273104770207204e-232,0.7787507861322294
Lactiplantibacillus plantarum,qualibact-v1.0,Total_Coding_Sequences,non-normal,3128.7054491899853,127.87214648466251,3134.0,3037.5,3190.0,152.5,2787.0,3530.0,2797.34,3495.59,2913.0,3402.0,2707.0,3619.0,2913.0,3402.0,Lactiplantibacillus plantarum,679,370,non-normal,3164.0972972972972,122.64660832340999,3148.0,3086.0,3239.5,153.5,2707.0,3619.0,2832.195,3542.074999999998,2924.6,3422.1,0.1766190343509931,5.221759328524702e-07,36.109915217131714
Lactiplantibacillus plantarum,qualibact-v1.0,Genome_Size,non-normal,3285233.5699558174,109416.73741222513,3293209.0,3218044.0,3353924.0,135880.0,2944055.0,3579229.0,2946669.93,3535010.75,3056122.45,3506621.05,2839103.0,3697306.0,3056122.45,3506621.05,Lactiplantibacillus plantarum,679,370,non-normal,3309936.8351351353,109355.21023033823,3304978.5,3244435.75,3372720.5,128284.75,2839103.0,3697306.0,2977328.02,3656093.504999999,3070386.45,3538978.275,0.12475818970664332,0.0010268209686299249,25943.045858376783
Lactobacillus acidophilus,qualibact-v1.0,N50,non-normal,187710.07633587785,34340.98684124867,167848.0,167514.0,229411.0,61897.0,105616.0,242650.0,115477.8,237694.39999999997,121311.0,235026.0,115477.8,237694.4,121311.0,235026.0,Lactobacillus acidophilus,131,0,,,,,,,,,,,,,,,,
Lactobacillus acidophilus,qualibact-v1.0,number,normal,33.900763358778626,7.353510831887579,34.0,29.0,38.0,9.0,20.0,57.0,20.0,55.69999999999999,20.0,47.0,20.0,55.7,20.0,47.0,Lactobacillus acidophilus,131,0,,,,,,,,,,,,,,,,
Lactobacillus acidophilus,qualibact-v1.0,longest,non-normal,611322.9923664122,132725.85887842358,670350.0,669888.0,676090.0,6202.0,167684.0,718866.0,203867.55,718866.0,235733.75,685284.0,203867.55,718866.0,235733.75,685284.0,Lactobacillus acidophilus,131,0,,,,,,,,,,,,,,,,
Lactobacillus acidophilus,qualibact-v1.0,GC_Content,non-normal,34.58286488549618,0.011198118187494053,34.5776,34.57615,34.5857,0.009550000000004388,34.5707,34.6236,34.570895,34.62035,34.572,34.615175,34.5709,34.7594,34.572,34.6152,Lactobacillus acidophilus,131,28,non-normal,34.71372142857143,0.015936220136684987,34.706649999999996,34.706075,34.7204,0.014324999999999477,34.6723,34.7594,34.676593,34.759022,34.693765,34.757509999999996,1.0,1.7530690067983132e-31,0.13085654307524525
Lactobacillus acidophilus,qualibact-v1.0,Completeness_Specific,non-normal,99.97015267175576,0.003703667013956553,99.97,99.97,99.97,0.0,99.94,99.99,99.95949999999999,99.99,99.97,99.97,92.64,99.99,99.97,99.97,Lactobacillus acidophilus,131,28,non-normal,95.84357142857144,1.0217814075906628,96.525,95.08250000000001,96.6,1.517499999999984,92.64,96.85,92.883,96.81625,93.855,96.68124999999999,1.0,1.7530690067983132e-31,4.126581243184296
Lactobacillus acidophilus,qualibact-v1.0,Contamination,non-normal,0.3275572519083969,0.050946635799807446,0.3,0.3,0.36,0.06,0.26,0.63,0.273,0.512999999999999,0.28,0.4325,0.24,1.51,0.28,0.43,Lactobacillus acidophilus,131,28,non-normal,0.30642857142857144,0.25152696938207364,0.24,0.24,0.24,0.0,0.24,1.51,0.24,1.4100999999999988,0.24,1.0104999999999995,0.920937840785169,8.718290452982154e-23,0.12185932388222462
Lactobacillus acidophilus,qualibact-v1.0,Total_Coding_Sequences,non-normal,1871.5343511450383,10.206492253510604,1870.0,1866.0,1875.0,9.0,1857.0,1919.0,1857.0,1919.0,1858.25,1906.5,1857.0,2048.0,1858.25,1906.5,Lactobacillus acidophilus,131,28,non-normal,1939.2142857142858,24.40046419765871,1930.0,1927.0,1944.5,17.5,1921.0,2048.0,1921.0,2037.6049999999998,1921.0,1996.0249999999999,1.0,1.7530690067983132e-31,67.67993456924755
Lactobacillus acidophilus,qualibact-v1.0,Genome_Size,non-normal,1969557.9923664122,8103.180254479283,1969124.0,1967075.5,1969859.5,2784.0,1952803.0,2015786.0,1954687.35,2015769.75,1960670.5,1992990.5,1954687.35,2092540.0,1960670.5,1992990.5,Lactobacillus acidophilus,131,28,non-normal,2005315.857142857,25620.441833920548,1991976.5,1991824.25,2030918.75,39094.5,1978847.0,2092540.0,1978857.665,2085525.4,1978900.325,2057467.0,0.9618320610687023,4.162872724923408e-26,35757.86477644493
Lactobacillus crispatus,qualibact-v1.0,N50,non-normal,46567.47222222222,35103.32987435447,27013.5,20880.75,66873.0,45992.25,9178.0,128733.0,10152.235,127151.54000000001,17128.0,125777.0,10152.24,127151.54,17128.0,125777.0,Lactobacillus crispatus,108,0,,,,,,,,,,,,,,,,
Lactobacillus crispatus,qualibact-v1.0,number,non-normal,212.11111111111111,113.77758789046652,240.5,95.75,291.25,195.5,50.0,454.0,52.14,442.2300000000001,54.675,421.225,52.14,442.23,54.68,421.22,Lactobacillus crispatus,108,0,,,,,,,,,,,,,,,,
Lactobacillus crispatus,qualibact-v1.0,longest,non-normal,146448.34259259258,81807.93710453343,124473.5,90662.25,173595.25,82933.0,49525.0,375579.0,49942.3,375579.0,53878.475,341514.0,49942.3,375579.0,53878.48,341514.0,Lactobacillus crispatus,108,0,,,,,,,,,,,,,,,,
Lactobacillus crispatus,qualibact-v1.0,GC_Content,normal,36.749739814814816,0.13579657985371232,36.7425,36.6636,36.8323,0.16869999999999408,36.3967,37.1174,36.399482,37.065077,36.4419875,37.01004,36.3995,37.3254,36.442,37.01,Lactobacillus crispatus,108,35,normal,37.06326285714285,0.17092197565926176,37.0892,37.001599999999996,37.183949999999996,0.18234999999999957,36.5936,37.3254,36.611382,37.322884,36.68251,37.31282,0.7343915343915344,1.4294962583665857e-14,0.31352304232804196
Lactobacillus crispatus,qualibact-v1.0,Completeness_Specific,non-normal,99.87527777777777,0.21777264024552254,99.95,99.89500000000001,99.97,0.07499999999998863,98.67,100.0,98.9054,100.0,99.16050000000001,100.0,93.05,100.0,99.16,100.0,Lactobacillus crispatus,108,35,normal,95.72114285714287,1.184460748740169,95.47,95.08,96.67500000000001,1.595000000000013,93.05,98.32,93.18769999999999,98.28259999999999,93.7385,98.133,1.0,7.1024408014768685e-34,4.15413492063492
Lactobacillus crispatus,qualibact-v1.0,Contamination,non-normal,0.34314814814814826,0.3091734744627771,0.275,0.1,0.455,0.355,0.01,1.3,0.01535,1.3,0.03350000000000001,1.1790000000000003,0.02,8.2,0.03,1.18,Lactobacillus crispatus,108,35,non-normal,1.9680000000000002,1.7279331997670346,1.12,0.57,3.2,2.6300000000000003,0.27,8.2,0.28700000000000003,7.652599999999994,0.355,5.462999999999996,0.6534391534391535,2.915845890990067e-11,1.6248518518518522
Lactobacillus crispatus,qualibact-v1.0,Total_Coding_Sequences,non-normal,2240.064814814815,203.36922602826633,2195.5,2061.25,2395.5,334.25,1897.0,2753.0,1898.605,2749.255,1960.025,2667.775,1898.6,2868.0,1960.02,2667.78,Lactobacillus crispatus,108,35,normal,2381.0285714285715,210.60952165617988,2369.0,2292.0,2481.5,189.5,2037.0,2868.0,2037.0,2864.2599999999998,2037.0,2849.3,0.37328042328042327,0.0008238661100549188,140.96375661375663
Lactobacillus crispatus,qualibact-v1.0,Genome_Size,non-normal,2166581.9166666665,138889.62217018372,2159262.5,2066910.75,2253216.25,186305.5,1917401.0,2582903.0,1918453.88,2581713.695,1948493.725,2497198.1,1918453.88,2882143.0,1948493.72,2497198.1,Lactobacillus crispatus,108,35,normal,2357389.257142857,194677.80468872044,2349358.0,2268188.0,2440237.5,172049.5,2039404.0,2882143.0,2039435.62,2871402.57,2039562.1,2828440.85,0.6031746031746031,1.4728278621355305e-09,190807.3404761905
Lactobacillus gasseri,qualibact-v1.0,N50,non-normal,396485.85365853657,305025.629620491,358191.0,103644.0,585604.0,481960.0,42419.0,1049973.0,44632.69,1042476.71,47954.0,1033329.95,44632.69,1042476.71,47954.0,1033329.95,Lactobacillus gasseri,123,0,,,,,,,,,,,,,,,,
Lactobacillus gasseri,qualibact-v1.0,number,non-normal,38.24390243902439,26.89012314925969,24.0,19.0,56.5,37.5,12.0,142.0,12.61,140.78,14.0,94.95,12.61,140.78,14.0,94.95,Lactobacillus gasseri,123,0,,,,,,,,,,,,,,,,
Lactobacillus gasseri,qualibact-v1.0,longest,non-normal,582854.1463414634,307728.9387759786,585486.0,311688.0,887654.0,575966.0,98636.0,1049973.0,108224.59,1042476.71,126343.45,1033329.95,108224.59,1042476.71,126343.45,1033329.95,Lactobacillus gasseri,123,0,,,,,,,,,,,,,,,,
Lactobacillus gasseri,qualibact-v1.0,GC_Content,normal,34.899380487804876,0.13195885454970815,34.897,34.80485,35.017250000000004,0.21240000000000236,34.6586,35.2427,34.663907,35.208967,34.674705,35.135625,34.6639,35.3332,34.6747,35.1356,Lactobacillus gasseri,123,23,normal,35.03766086956522,0.1531374566940502,34.9991,34.9423,35.119,0.17669999999999675,34.6675,35.3332,34.685672,35.32517,34.75836,35.29305,0.528101802757158,1.5865258625553022e-05,0.13869367267585647
Lactobacillus gasseri,qualibact-v1.0,Completeness_Specific,non-normal,99.9587804878049,0.03974686909699965,99.97,99.95,99.98,0.030000000000001137,99.71,100.0,99.7893,99.9939,99.86,99.99,91.0,99.99,99.86,99.99,Lactobacillus gasseri,123,23,non-normal,97.19434782608695,2.1168903076610244,97.14,95.96,99.215,3.2550000000000097,91.0,99.62,91.3553,99.6156,92.7765,99.598,1.0,5.344803589974556e-27,2.7644326617179207
Lactobacillus gasseri,qualibact-v1.0,Contamination,non-normal,0.08260162601626016,0.11249453391146476,0.03,0.0,0.13,0.13,0.0,0.47,0.0,0.47,0.0,0.36950000000000005,0.0,4.94,0.0,0.37,Lactobacillus gasseri,123,23,non-normal,1.2121739130434783,1.3740544781356698,0.59,0.27,1.3050000000000002,1.0350000000000001,0.27,4.94,0.27,4.8256000000000006,0.27,4.367999999999999,0.9105691056910569,1.5775001796644982e-18,1.1295722870272182
Lactobacillus gasseri,qualibact-v1.0,Total_Coding_Sequences,non-normal,1848.9024390243903,99.7421402762979,1850.0,1767.5,1932.5,165.0,1689.0,2047.0,1690.22,2042.12,1694.0,2014.8,1690.22,2262.0,1694.0,2014.8,Lactobacillus gasseri,123,23,normal,1994.4347826086957,143.11771563751486,1995.0,1890.5,2139.0,248.5,1771.0,2262.0,1771.33,2253.64,1772.65,2220.2,0.46482856132909156,0.00024695650501851203,145.53234358430544
Lactobacillus gasseri,qualibact-v1.0,Genome_Size,non-normal,1906687.268292683,77671.29619860816,1902016.0,1849783.0,1975843.0,126060.0,1789459.0,2087640.0,1790691.2,2080962.94,1792323.85,2053899.85,1790691.2,2176460.0,1792323.85,2053899.85,Lactobacillus gasseri,123,23,normal,1997354.043478261,110468.23261107919,2035459.0,1894302.5,2094314.5,200012.0,1815045.0,2176460.0,1815580.04,2171280.1,1817720.2,2150560.5,0.47295864262990456,0.00017789964587951317,90666.77518557794
Lactobacillus johnsonii,qualibact-v1.0,N50,non-normal,57673.23737373737,16724.799682610603,55504.0,47817.75,67476.5,19658.75,27439.0,143809.0,31976.895,133632.96499999985,36743.95,90432.14999999992,31976.9,133632.96,36743.95,90432.15,Lactobacillus johnsonii,198,0,,,,,,,,,,,,,,,,
Lactobacillus johnsonii,qualibact-v1.0,number,non-normal,120.77272727272727,19.21289191647907,118.5,110.0,132.0,22.0,38.0,182.0,38.0,158.35999999999967,88.55000000000001,153.075,38.0,158.36,88.55,153.07,Lactobacillus johnsonii,198,0,,,,,,,,,,,,,,,,
Lactobacillus johnsonii,qualibact-v1.0,longest,non-normal,147354.54545454544,52901.52501053116,151991.5,115802.25,162610.0,46807.75,70478.0,407299.0,70478.0,335966.284999999,70478.0,304792.0,70478.0,335966.28,70478.0,304792.0,Lactobacillus johnsonii,198,0,,,,,,,,,,,,,,,,
Lactobacillus johnsonii,qualibact-v1.0,GC_Content,non-normal,34.48212323232323,0.0948087094071589,34.4977,34.41525,34.548875,0.1336250000000021,34.2853,34.6563,34.28924,34.655906,34.29385,34.653545,34.2892,35.1749,34.2938,34.6535,Lactobacillus johnsonii,198,27,normal,34.78282222222222,0.21935557525411073,34.775,34.64085,34.9945,0.3536500000000018,34.4096,35.1749,34.412147999999995,35.163837,34.42234,35.119585,0.7407407407407407,1.3935809676902444e-13,0.30069898989898936
Lactobacillus johnsonii,qualibact-v1.0,Completeness_Specific,non-normal,99.99631313131312,0.005864025687664966,100.0,99.99,100.0,0.010000000000005116,99.98,100.0,99.98,100.0,99.98,100.0,90.34,100.0,99.98,100.0,Lactobacillus johnsonii,198,27,non-normal,95.2462962962963,1.676683561099219,95.53,94.435,96.37,1.9350000000000023,90.34,97.72,90.678,97.7031,92.03,97.63550000000001,1.0,3.4266375116963744e-35,4.750016835016831
Lactobacillus johnsonii,qualibact-v1.0,Contamination,non-normal,0.055959595959595966,0.07814024160067914,0.02,0.0,0.1,0.1,0.0,0.5,0.0,0.4802999999999997,0.0,0.24149999999999977,0.0,6.88,0.0,0.24,Lactobacillus johnsonii,198,27,non-normal,2.2362962962962962,1.5991969006421065,1.85,0.905,3.0,2.0949999999999998,0.37,6.88,0.37,6.6941000000000015,0.37,5.950499999999997,0.98989898989899,1.3912148297487268e-32,2.1803367003367007
Lactobacillus johnsonii,qualibact-v1.0,Total_Coding_Sequences,normal,1866.0252525252524,82.81593542483093,1866.5,1798.25,1921.0,122.75,1717.0,2055.0,1725.865,2054.015,1729.925,2045.075,1725.86,2265.0,1729.92,2045.08,Lactobacillus johnsonii,198,27,normal,1966.888888888889,121.30870730963957,1949.0,1881.5,2040.0,158.5,1763.0,2265.0,1764.56,2251.48,1770.8,2197.3999999999996,0.45454545454545453,5.63519708502052e-05,100.86363636363637
Lactobacillus johnsonii,qualibact-v1.0,Genome_Size,non-normal,1857192.5555555555,74902.1681797309,1864750.5,1794672.5,1900459.75,105787.25,1715072.0,1997529.0,1715385.23,1988377.3649999998,1716054.25,1986504.475,1715385.23,2215438.0,1716054.25,1986504.48,Lactobacillus johnsonii,198,27,normal,2001688.111111111,120429.70364070342,1992676.0,1944637.5,2094698.5,150061.0,1762869.0,2215438.0,1765761.11,2213228.52,1777329.55,2204390.6,0.6212121212121212,2.988406289383749e-09,144495.55555555556
Lactobacillus paragasseri,qualibact-v1.0,N50,non-normal,402986.92957746476,356884.28387724294,258967.5,109396.0,576682.25,467286.25,28032.0,1170853.0,41646.13,1131722.4849999999,45895.275,1116961.3,41646.13,1131722.48,45895.28,1116961.3,Lactobacillus paragasseri,284,0,,,,,,,,,,,,,,,,
Lactobacillus paragasseri,qualibact-v1.0,number,non-normal,39.04577464788732,26.147092379323524,31.5,20.0,50.0,30.0,10.0,196.0,11.415,152.39999999999918,12.0,91.70000000000005,11.42,152.4,12.0,91.7,Lactobacillus paragasseri,284,0,,,,,,,,,,,,,,,,
Lactobacillus paragasseri,qualibact-v1.0,longest,non-normal,581268.4295774648,322725.60025915573,558472.5,289812.0,862766.0,572954.0,118103.0,1170853.0,119258.84,1131722.4849999999,141268.55,1116961.3,119258.84,1131722.48,141268.55,1116961.3,Lactobacillus paragasseri,284,0,,,,,,,,,,,,,,,,
Lactobacillus paragasseri,qualibact-v1.0,GC_Content,normal,34.788669014084505,0.09609243765814407,34.78830000000001,34.717075,34.847725,0.13064999999999571,34.4989,35.0847,34.554672499999995,35.038818,34.619505,34.9852775,34.5547,35.0611,34.6195,34.9853,Lactobacillus paragasseri,284,8,insufficient_data,34.9294625,0.0974602731565541,34.9358,34.877700000000004,35.009299999999996,0.13159999999999172,34.7628,35.0611,34.764627,35.059707,34.771935,35.054135,0.6232394366197183,0.001975120478654539,0.1409596830985912
Lactobacillus paragasseri,qualibact-v1.0,Completeness_Specific,non-normal,99.9505985915493,0.0651541573759365,99.97,99.95,99.98,0.030000000000001137,99.17,100.0,99.75075,100.0,99.81075,99.99,97.9,100.0,99.81,99.99,Lactobacillus paragasseri,284,8,insufficient_data,98.99875,0.4925808943716728,99.31,98.71,99.35,0.6400000000000006,97.9,99.35,97.92835000000001,99.35,98.04175000000001,99.35,0.9964788732394366,1.5126417038666764e-14,0.9518485915492995
Lactobacillus paragasseri,qualibact-v1.0,Contamination,non-normal,0.1071830985915493,0.10849395515830221,0.095,0.04,0.13,0.09,0.0,1.08,0.01,0.7811499999999961,0.01,0.33,0.01,0.78,0.01,0.33,Lactobacillus paragasseri,284,8,insufficient_data,0.16,0.0,0.16,0.16,0.16,0.0,0.16,0.16,0.16,0.16,0.16,0.16,0.8450704225352113,1.2673963480979183e-06,0.08788732394366197
Lactobacillus paragasseri,qualibact-v1.0,Total_Coding_Sequences,non-normal,1929.5528169014085,81.98643411802352,1929.0,1866.0,1980.0,114.0,1770.0,2215.0,1773.66,2179.324999999999,1797.15,2132.7,1773.66,2179.32,1797.15,2132.7,Lactobacillus paragasseri,284,8,insufficient_data,1965.75,54.37772981653427,1975.5,1932.75,2003.75,71.0,1884.0,2045.0,1884.21,2043.635,1885.05,2038.175,0.33098591549295775,0.29352478138212945,45.443661971830984
Lactobacillus paragasseri,qualibact-v1.0,Genome_Size,non-normal,1978644.411971831,57483.41679706232,1970869.5,1939883.25,2015477.5,75594.25,1844619.0,2139568.0,1862133.415,2130665.45,1871676.725,2106743.525,1862133.42,2130665.45,1871676.72,2106743.52,Lactobacillus paragasseri,284,8,insufficient_data,1996616.375,32566.006824361735,1999636.0,1977423.75,2028070.0,50646.25,1937632.0,2033016.0,1938527.72,2032921.115,1942110.6,2032541.575,0.352112676056338,0.22978783744041778,31840.515845070426
Lactococcus lactis,qualibact-v1.0,N50,non-normal,179464.67105263157,107331.20556782074,168047.5,84229.0,227457.75,143228.75,14158.0,458242.0,15207.885,432517.0,42676.075000000004,431918.325,15207.88,432517.0,42676.08,431918.32,Lactococcus lactis,228,0,,,,,,,,,,,,,,,,
Lactococcus lactis,qualibact-v1.0,number,non-normal,104.12719298245614,56.78944302851608,82.0,71.0,120.0,49.0,21.0,331.0,21.675,273.9200000000001,33.0,249.29999999999995,21.68,273.92,33.0,249.3,Lactococcus lactis,228,0,,,,,,,,,,,,,,,,
Lactococcus lactis,qualibact-v1.0,longest,normal,376616.4254385965,132731.79727343944,399915.5,243076.75,465450.0,222373.25,70530.0,746529.0,79295.23,706409.9800000001,146315.15,645931.975,79295.23,706409.98,146315.15,645931.98,Lactococcus lactis,228,0,,,,,,,,,,,,,,,,
Lactococcus lactis,qualibact-v1.0,GC_Content,non-normal,35.08620833333333,0.16598980118435674,35.11165,34.958149999999996,35.241150000000005,0.28300000000000836,34.6605,35.4292,34.673854,35.385871,34.729335,35.2995,34.6739,35.4764,34.7293,35.2995,Lactococcus lactis,228,111,normal,35.13311171171171,0.14025895660484905,35.139,35.024100000000004,35.23195,0.20784999999999343,34.8234,35.4764,34.843035,35.462869999999995,34.875125,35.381575,0.180891417733523,0.012805841408946481,0.0553065552394497
Lactococcus lactis,qualibact-v1.0,Completeness_Specific,non-normal,99.99973684210528,0.001854594255427125,100.0,100.0,100.0,0.0,99.98,100.0,99.99,100.0,100.0,100.0,94.77,100.0,100.0,100.0,Lactococcus lactis,228,111,non-normal,98.97306306306305,0.8520603463727721,99.18,98.815,99.46,0.644999999999996,94.77,99.82,95.078,99.809,96.335,99.7475,1.0,3.461984226489886e-92,1.0266737790422
Lactococcus lactis,qualibact-v1.0,Contamination,non-normal,0.5050000000000001,0.3375654582395705,0.44,0.35,0.5425,0.1925,0.05,1.88,0.09,1.8492000000000008,0.16,1.6822499999999985,0.08,4.76,0.16,1.68,Lactococcus lactis,228,109,non-normal,0.8781651376146786,0.7944418906903743,0.7,0.34,1.04,0.7,0.08,4.76,0.08,4.171399999999993,0.08,2.731,0.4181152422340254,4.211146206755897e-12,0.4038596491228069
Lactococcus lactis,qualibact-v1.0,Total_Coding_Sequences,normal,2565.3201754385964,151.70665985902943,2575.5,2489.0,2625.25,136.25,2102.0,2941.0,2192.455,2918.03,2293.75,2852.625,2173.0,3087.0,2293.75,2852.62,Lactococcus lactis,228,111,normal,2605.747747747748,161.80187353275963,2592.0,2490.0,2720.0,230.0,2173.0,3087.0,2243.4,3012.7500000000005,2319.0,2902.25,0.20483641536273114,0.003117426408300719,42.53449502133713
Lactococcus lactis,qualibact-v1.0,Genome_Size,normal,2516310.0263157897,117455.37462443332,2531169.0,2458829.25,2559889.25,101060.0,2150170.0,2836550.0,2243617.39,2818029.9000000004,2269708.425,2726315.45,2208218.0,2987858.0,2269708.42,2726315.45,Lactococcus lactis,228,111,normal,2570814.2702702703,128323.68272149235,2566861.0,2486367.5,2669254.5,182887.0,2208218.0,2987858.0,2284362.75,2903409.9000000004,2361306.5,2810948.25,0.2632764343290659,4.6552758138595554e-05,54809.16856330015
Legionella fraseri,qualibact-v1.0,N50,non-normal,235962.8957952468,91610.52525801535,237494.0,188000.0,263983.5,75983.5,38120.0,505426.0,46178.31,504526.49,76097.3,503792.15,46178.31,504526.49,76097.3,503792.15,Legionella fraseri,547,0
Legionella fraseri,qualibact-v1.0,number,non-normal,63.691042047531994,29.0341407214564,55.0,46.5,71.0,24.5,32.0,256.0,33.0,181.3499999999999,35.0,162.10000000000014,33.0,181.35,35.0,162.1,Legionella fraseri,547,0
Legionella fraseri,qualibact-v1.0,longest,non-normal,553217.2486288848,174220.86770630183,560223.0,455544.0,585009.0,129465.0,134824.0,1171403.0,144728.0,1040517.3699999994,214002.6,924959.9500000002,144728.0,1040517.37,214002.6,924959.95,Legionella fraseri,547,0
Legionella fraseri,qualibact-v1.0,GC_Content,non-normal,38.19910767824497,0.03283033019782627,38.1952,38.18470000000001,38.21685,0.03214999999999435,38.0081,38.3171,38.074633,38.285225000000004,38.13247,38.26299,38.07,38.29,38.13,38.26,Legionella fraseri,547,0
Legionella fraseri,qualibact-v1.0,Completeness_Specific,non-normal,99.99767824497258,0.004222203674253592,100.0,100.0,100.0,0.0,99.99,100.0,99.99,100.0,99.99,100.0,99.99,100.0,99.99,100.0,Legionella fraseri,547,0
Legionella fraseri,qualibact-v1.0,Contamination,non-normal,0.2555941499085923,0.1646817433778677,0.19,0.16,0.29,0.12999999999999998,0.04,1.25,0.1,1.0927,0.12,0.67,0.1,1.09,0.12,0.67,Legionella fraseri,547,0
Legionella fraseri,qualibact-v1.0,Total_Coding_Sequences,non-normal,3174.0767824497257,92.59215257631185,3158.0,3100.0,3219.0,119.0,2932.0,3533.0,2981.14,3500.27,3042.1,3435.05,2981.14,3500.27,3042.1,3435.05,Legionella fraseri,547,0
Legionella fraseri,qualibact-v1.0,Genome_Size,non-normal,3509160.7404021937,84635.47482303904,3486641.0,3444656.5,3542474.5,97818.0,3296115.0,3853591.0,3339012.78,3819940.65,3385668.65,3728619.5000000005,3339012.78,3819940.65,3385668.65,3728619.5,Legionella fraseri,547,0
Legionella longbeachae,qualibact-v1.0,N50,non-normal,159645.25308641975,63743.30469012933,158815.0,109024.0,207468.0,98444.0,31450.0,264318.0,32482.01,263288.40499999997,39869.25,262526.525,32482.01,263288.4,39869.25,262526.53,Legionella longbeachae,162,0,,,,,,,,,,,,,,,,
Legionella longbeachae,qualibact-v1.0,number,non-normal,108.29629629629629,47.46901379040011,96.0,73.0,130.5,57.5,45.0,263.0,46.61,252.5349999999999,48.0,239.92499999999998,46.61,252.53,48.0,239.92,Legionella longbeachae,162,0,,,,,,,,,,,,,,,,
Legionella longbeachae,qualibact-v1.0,longest,normal,336711.4259259259,108955.102285968,326040.5,257016.5,406105.75,149089.25,114862.0,655737.0,118555.34,655737.0,151370.30000000002,564988.0,118555.34,655737.0,151370.3,564988.0,Legionella longbeachae,162,0,,,,,,,,,,,,,,,,
Legionella longbeachae,qualibact-v1.0,GC_Content,normal,37.100614197530874,0.03102312332996413,37.09925,37.08,37.1181,0.03810000000000002,37.0437,37.1855,37.0437,37.185339,37.049,37.16566,37.0437,37.202,37.049,37.1657,Legionella longbeachae,162,7,insufficient_data,37.13404285714286,0.04817758391447875,37.1441,37.1002,37.1639,0.0636999999999972,37.064,37.202,37.064117,37.201313,37.064585,37.198564999999995,0.5291005291005291,0.02891077662369305,0.03571384479717746
Legionella longbeachae,qualibact-v1.0,Completeness_Specific,non-normal,100.0,0.0,100.0,100.0,100.0,0.0,100.0,100.0,100.0,100.0,100.0,100.0,95.49,100.0,100.0,100.0,Legionella longbeachae,162,7,insufficient_data,96.47285714285715,1.0177666626451474,96.23,95.49,97.195,1.7049999999999983,95.49,98.22,95.49,98.1987,95.49,98.1135,1.0,2.9035184491669658e-12,3.527142857142859
Legionella longbeachae,qualibact-v1.0,Contamination,non-normal,0.36969135802469133,0.23215954188505633,0.31,0.21,0.39,0.18000000000000002,0.12,1.28,0.12,1.28,0.13,0.9594999999999998,0.12,7.69,0.13,0.96,Legionella longbeachae,162,7,insufficient_data,3.0142857142857147,2.3301248105312,1.51,1.23,4.220000000000001,2.9900000000000007,1.0,7.69,1.0006,7.6003,1.0030000000000001,7.241499999999999,0.9753086419753086,9.581610882250991e-10,2.6445943562610235
Legionella longbeachae,qualibact-v1.0,Total_Coding_Sequences,normal,3630.641975308642,77.17253535670645,3639.0,3563.5,3687.0,123.5,3437.0,3806.0,3437.0,3805.195,3483.65,3781.375,3437.0,3830.0,3483.65,3781.38,Legionella longbeachae,162,7,insufficient_data,3687.714285714286,77.51813481044158,3659.0,3642.0,3732.0,90.0,3577.0,3830.0,3578.53,3827.39,3584.65,3816.95,0.3236331569664903,0.39970030481389335,57.07231040564374
Legionella longbeachae,qualibact-v1.0,Genome_Size,non-normal,4138144.8703703703,71173.91485928519,4140033.0,4082599.5,4199049.0,116449.5,3977100.0,4311034.0,3977100.0,4275913.46,4002443.625,4255147.0,3977100.0,4349858.0,4002443.62,4255147.0,Legionella longbeachae,162,7,insufficient_data,4197196.285714285,80947.70157279556,4165456.0,4155945.0,4237961.5,82016.5,4077247.0,4349858.0,4079404.33,4346896.7,4088033.65,4335051.5,0.42504409171075835,0.12921351843686613,59051.41534391535
Legionella pneumophila,qualibact-v1.0,N50,non-normal,215787.9709085252,109782.91538620951,190532.0,148741.25,242963.0,94221.75,29876.0,657397.0,50832.479999999996,638015.6,74438.77500000001,486177.0,50832.48,638015.6,74438.78,486177.0,Legionella pneumophila,6428,0,,,,,,,,,,,,,,,,
Legionella pneumophila,qualibact-v1.0,number,non-normal,72.9295270690728,30.35852729961102,69.0,54.0,86.0,32.0,19.0,272.0,20.0,203.86499999999978,24.0,146.0,20.0,203.86,24.0,146.0,Legionella pneumophila,6428,0,,,,,,,,,,,,,,,,
Legionella pneumophila,qualibact-v1.0,longest,non-normal,473057.46655258245,189074.7863867004,430105.0,342091.0,536071.0,193980.0,90183.0,1228584.0,145586.015,1132601.0,184585.0,969927.0,145586.02,1132601.0,184585.0,969927.0,Legionella pneumophila,6428,0,,,,,,,,,,,,,,,,
Legionella pneumophila,qualibact-v1.0,GC_Content,non-normal,38.26096712818917,0.0490256173656945,38.2585,38.2365,38.289625,0.05312500000000142,38.0412,38.566,38.1143725,38.393459500000006,38.1524675,38.3613975,38.1144,38.4785,38.1525,38.3614,Legionella pneumophila,6428,207,non-normal,38.33865845410628,0.0539145263202307,38.3378,38.31555,38.37,0.05444999999999567,38.1189,38.4785,38.152905999999994,38.461184,38.227855,38.430369999999996,0.6448238233092539,1.928626959621426e-81,0.07773640992457526
Legionella pneumophila,qualibact-v1.0,Completeness_Specific,non-normal,100.0,0.0,100.0,100.0,100.0,0.0,100.0,100.0,100.0,100.0,100.0,100.0,95.32,100.0,100.0,100.0,Legionella pneumophila,6428,207,non-normal,98.87927536231884,0.5683657022715126,98.93,98.47,99.31,0.8400000000000034,95.32,99.4,97.143,99.4,97.626,99.4,1.0,3.5e-323,1.1207246376811595
Legionella pneumophila,qualibact-v1.0,Contamination,non-normal,0.2730289359054138,0.18104813356502866,0.26,0.14,0.33,0.19,0.01,1.88,0.04,0.9,0.06,0.87,0.04,2.38,0.06,0.87,Legionella pneumophila,6428,207,non-normal,0.557487922705314,0.38293485098079655,0.4,0.34,0.58,0.23999999999999994,0.22,2.38,0.25,2.3160999999999996,0.25,1.7554999999999998,0.6115981109217223,2.509860389965773e-72,0.28445898679990017
Legionella pneumophila,qualibact-v1.0,Total_Coding_Sequences,non-normal,3162.7319539514624,122.51947837765192,3155.0,3066.0,3258.0,192.0,2800.0,3610.0,2878.0,3450.0,2949.0,3390.0,2878.0,3450.0,2949.0,3390.0,Legionella pneumophila,6428,207,non-normal,3113.7487922705313,97.04062940119482,3092.0,3048.5,3182.0,133.5,2886.0,3371.0,2969.51,3356.2799999999997,2988.0,3320.55,0.23398687505448687,3.8783774480316913e-10,53.043746561691165
Legionella pneumophila,qualibact-v1.0,Genome_Size,non-normal,3496859.751244555,116550.76256423416,3487224.0,3398609.0,3587186.75,188577.75,3181576.0,3919823.0,3226377.97,3772720.909999999,3293957.5,3711755.05,3226377.97,3772720.91,3293957.5,3711755.05,Legionella pneumophila,6428,207,non-normal,3467163.61352657,93964.89008317623,3442463.0,3406963.5,3524688.0,117724.5,3247408.0,3717912.0,3332986.59,3711132.48,3342538.15,3641458.75,0.1898946036212344,8.319473357204313e-07,36834.47380346852
Leptospira borgpetersenii,qualibact-v1.0,N50,non-normal,107753.70063694268,40909.81897327713,111890.0,76439.0,143650.0,67211.0,29667.0,190308.0,32382.96,184020.41999999998,35516.2,168216.2,32382.96,184020.42,35516.2,168216.2,Leptospira borgpetersenii,157,0,,,,,,,,,,,,,,,,
Leptospira borgpetersenii,qualibact-v1.0,number,non-normal,179.0764331210191,57.20468795110334,155.0,141.0,208.0,67.0,98.0,496.0,98.78,393.8199999999998,121.0,321.5999999999999,98.78,393.82,121.0,321.6,Leptospira borgpetersenii,157,0,,,,,,,,,,,,,,,,
Leptospira borgpetersenii,qualibact-v1.0,longest,non-normal,299980.2356687898,99046.38065853757,312376.0,221452.0,396924.0,175472.0,80202.0,471677.0,80220.72,457932.62,134187.0,424501.3,80220.72,457932.62,134187.0,424501.3,Leptospira borgpetersenii,157,0,,,,,,,,,,,,,,,,
Leptospira borgpetersenii,qualibact-v1.0,GC_Content,non-normal,40.12004012738853,0.08536537347495643,40.08,40.0759,40.2001,0.12420000000000186,40.0094,40.3313,40.010102,40.31258,40.012220000000006,40.29927,40.0101,40.3126,40.0122,40.2993,Leptospira borgpetersenii,157,27,non-normal,40.14648888888889,0.07393391109549444,40.1658,40.09125,40.219049999999996,0.12779999999999347,40.0134,40.244,40.018405,40.242063,40.038425000000004,40.234315,0.42627978296768104,0.00026517976580608314,0.038431210191083406
Leptospira borgpetersenii,qualibact-v1.0,Completeness_Specific,non-normal,99.99363057324842,0.006498688377419677,99.99,99.99,100.0,0.010000000000005116,99.97,100.0,99.9778,100.0,99.98,100.0,69.64,100.0,99.98,100.0,Leptospira borgpetersenii,157,27,non-normal,71.52037037037037,1.4552013516819238,72.52,69.88,72.77,2.8900000000000006,69.64,73.13,69.6452,73.13,69.66600000000001,73.13,1.0,1.1463164718505308e-32,28.473260202878038
Leptospira borgpetersenii,qualibact-v1.0,Contamination,non-normal,0.1624203821656051,0.1301121577613183,0.15,0.12,0.16,0.04000000000000001,0.06,1.52,0.06,1.0129999999999992,0.07,0.2319999999999999,0.06,8.7,0.07,0.23,Leptospira borgpetersenii,157,27,normal,5.335185185185185,1.242734053878548,5.64,4.02,6.03,2.0100000000000007,3.5,8.7,3.5546,8.5466,3.773,7.932999999999997,1.0,1.1463164718505308e-32,5.1727648030195805
Leptospira borgpetersenii,qualibact-v1.0,Total_Coding_Sequences,non-normal,3489.8853503184714,59.47155485055225,3475.0,3453.0,3513.0,60.0,3310.0,3700.0,3327.16,3667.24,3377.9,3612.3,3327.16,3680.0,3377.9,3612.3,Leptospira borgpetersenii,157,27,non-normal,3474.5925925925926,62.92103178927227,3452.0,3431.5,3485.5,54.0,3416.0,3680.0,3417.17,3675.06,3421.85,3655.2999999999997,0.3309742863882991,0.009329719894671568,28.111347015805617
Leptospira borgpetersenii,qualibact-v1.0,Genome_Size,non-normal,3901095.101910828,71421.28494111048,3911228.0,3907044.0,3942992.0,35948.0,3698416.0,3984640.0,3700183.48,3980659.66,3703745.2,3972660.6,3700183.48,4063410.0,3703745.2,3972660.6,Leptospira borgpetersenii,157,27,non-normal,3934917.6296296297,49450.59963322031,3917353.0,3902947.0,3939249.0,36302.0,3866849.0,4063410.0,3868069.18,4063371.65,3872949.9,4063218.25,0.2781316348195329,0.045160814456506077,35992.10969568295
Leptospira interrogans,qualibact-v1.0,N50,non-normal,65779.06774193549,34320.63998987731,63078.5,42223.0,86294.5,44071.5,10128.0,216572.0,11135.575,203924.0949999994,14805.9,141493.22499999983,11135.58,203924.09,14805.9,141493.22,Leptospira interrogans,620,0,,,,,,,,,,,,,,,,
Leptospira interrogans,qualibact-v1.0,number,non-normal,278.4129032258065,156.33317552263384,226.0,172.0,315.0,143.0,73.0,849.0,108.0,824.5749999999996,120.0,676.0,108.0,824.57,120.0,676.0,Leptospira interrogans,620,0,,,,,,,,,,,,,,,,
Leptospira interrogans,qualibact-v1.0,longest,non-normal,235213.58387096773,105856.36794167962,218233.5,145695.0,349789.0,204094.0,42770.0,586595.0,48905.115,525266.115,66450.90000000001,414485.15,48905.12,525266.12,66450.9,414485.15,Leptospira interrogans,620,0,,,,,,,,,,,,,,,,
Leptospira interrogans,qualibact-v1.0,GC_Content,non-normal,35.02486564516129,0.09048973171333592,34.98675,34.964175,35.071374999999996,0.10719999999999885,34.8973,35.671,34.9080285,35.348587,34.9197275,35.2582025,34.908,35.5967,34.9197,35.2582,Leptospira interrogans,620,62,non-normal,35.099995161290316,0.11095485049133572,35.0482,35.0283,35.159875,0.131574999999998,34.9832,35.5967,34.985213,35.542471,34.9898525,35.35821,0.5258064516129032,6.435633270532971e-15,0.07536919354838731
Leptospira interrogans,qualibact-v1.0,Completeness_Specific,non-normal,99.93612903225807,0.19331784656955328,99.96,99.94,99.98,0.04000000000000625,96.57,100.0,99.07900000000001,100.0,99.78,99.99,73.36,100.0,99.78,99.99,Leptospira interrogans,620,62,normal,74.5948387096774,0.4711473365043145,74.66,74.295,74.875,0.5799999999999983,73.36,75.46,73.3905,75.42035,73.53349999999999,75.3195,1.0,2.2202260033262863e-89,25.341290322580644
Leptospira interrogans,qualibact-v1.0,Contamination,non-normal,0.15737096774193549,0.22490791906990246,0.12,0.06,0.16,0.1,0.03,3.79,0.04,1.4929999999999837,0.05,0.5704999999999996,0.04,12.19,0.05,0.57,Leptospira interrogans,620,62,non-normal,9.153548387096775,0.6108933088154289,8.98,8.8225,9.4925,0.6699999999999999,8.44,12.19,8.4522,11.63795,8.4905,10.26975,1.0,2.2202260033262863e-89,8.996177419354837
Leptospira interrogans,qualibact-v1.0,Total_Coding_Sequences,non-normal,3871.2951612903225,206.49428245417428,3778.5,3705.75,3994.25,288.5,3645.0,4667.0,3647.0,4519.339999999999,3652.0,4370.15,3647.0,4721.0,3652.0,4370.15,Leptospira interrogans,620,62,non-normal,4019.6290322580644,240.29613677851,3931.5,3835.25,4091.0,255.75,3770.0,4721.0,3772.44,4707.275,3781.15,4617.2,0.4806451612903226,2.0883629824912327e-12,148.33387096774194
Leptospira interrogans,qualibact-v1.0,Genome_Size,non-normal,4678263.901612903,139382.03648106186,4617673.5,4574900.0,4771517.25,196617.25,4313359.0,5154849.0,4381724.89,5081758.52,4507551.875,5013109.675,4381724.89,5521455.0,4507551.88,5013109.68,Leptospira interrogans,620,62,non-normal,4837563.870967742,225498.06203648218,4760319.0,4667366.75,4929306.5,261939.75,4598973.0,5521455.0,4603214.635,5496641.42,4612880.0,5392674.7,0.45161290322580644,6.11735453773809e-11,159299.96935483874
Ligilactobacillus salivarius,qualibact-v1.0,N50,non-normal,94360.3395522388,51770.78379440418,84279.5,53452.5,126985.25,73532.75,14400.0,359206.0,16784.72,317736.65500000067,24706.075,222469.17499999964,16784.72,317736.66,24706.08,222469.17,Ligilactobacillus salivarius,268,0,,,,,,,,,,,,,,,,
Ligilactobacillus salivarius,qualibact-v1.0,number,non-normal,84.75,40.47978351145579,74.0,57.0,105.0,48.0,26.0,267.0,31.67,251.64500000000027,38.0,201.5999999999999,31.67,251.65,38.0,201.6,Ligilactobacillus salivarius,268,0,,,,,,,,,,,,,,,,
Ligilactobacillus salivarius,qualibact-v1.0,longest,non-normal,293555.3619402985,160260.66130696068,258083.0,160468.25,385430.75,224962.5,62900.0,759343.0,69351.68,756515.6000000002,88046.25,746358.975,69351.68,756515.6,88046.25,746358.98,Ligilactobacillus salivarius,268,0,,,,,,,,,,,,,,,,
Ligilactobacillus salivarius,qualibact-v1.0,GC_Content,normal,32.77500858208955,0.1440106682701024,32.80075,32.6686,32.8598,0.19120000000000203,32.4573,33.139,32.4633805,33.118412,32.5327575,33.042685,32.4634,33.2063,32.5328,33.0427,Ligilactobacillus salivarius,268,44,non-normal,32.97958863636364,0.12156766020299736,32.996849999999995,32.8879,33.059025,0.17112499999999642,32.7967,33.2063,32.796721500000004,33.201054,32.7970025,33.181795,0.582089552238806,1.505708397508306e-12,0.20458005427408388
Ligilactobacillus salivarius,qualibact-v1.0,Completeness_Specific,non-normal,99.88638059701493,0.1449676904186415,99.95,99.88,99.97,0.09000000000000341,98.92,100.0,99.3367,99.99,99.43050000000001,99.99,92.47,99.99,99.43,99.99,Ligilactobacillus salivarius,268,44,non-normal,95.98454545454547,1.1425379535081583,96.08000000000001,95.4425,96.57499999999999,1.1324999999999932,92.47,98.19,92.57535,98.14485,93.04249999999999,97.9785,1.0,2.3199955776725547e-54,3.901835142469471
Ligilactobacillus salivarius,qualibact-v1.0,Contamination,non-normal,0.09160447761194031,0.07862650408183042,0.08,0.03,0.15,0.12,0.0,0.42,0.0,0.3466000000000008,0.0,0.2832499999999999,0.0,3.24,0.0,0.28,Ligilactobacillus salivarius,268,44,non-normal,1.9347727272727269,0.8210621962831375,1.71,1.3175000000000001,2.5175,1.2,0.82,3.24,0.8264499999999999,3.24,0.85,3.24,1.0,2.3199955776725547e-54,1.843168249660787
Ligilactobacillus salivarius,qualibact-v1.0,Total_Coding_Sequences,non-normal,1969.063432835821,108.70242005369094,1963.5,1897.75,2023.5,125.75,1581.0,2290.0,1738.335,2279.9900000000002,1783.35,2209.65,1738.34,2346.0,1783.35,2209.65,Ligilactobacillus salivarius,268,43,normal,2087.813953488372,153.98085894545216,2065.0,1970.0,2246.5,276.5,1804.0,2346.0,1809.25,2342.64,1829.8,2329.65,0.39370010413051026,1.123790063748202e-05,118.75052065255119
Ligilactobacillus salivarius,qualibact-v1.0,Genome_Size,normal,1990991.078358209,83403.25900857426,1999578.0,1937808.5,2035658.75,97850.25,1653331.0,2214169.0,1795641.955,2206261.0300000003,1833987.475,2178734.9,1795641.96,2320461.0,1833987.48,2178734.9,Ligilactobacillus salivarius,268,44,non-normal,2087848.5909090908,127841.91769779906,2055410.0,1989675.75,2221644.5,231968.75,1871449.0,2320461.0,1876009.58,2320032.935,1892844.6,2317835.05,0.3514246947082768,0.0001133933836900462,96857.51255088193
Limosilactobacillus fermentum,qualibact-v1.0,N50,non-normal,45998.06359649123,10358.537853320553,44258.5,38447.75,51748.5,13300.75,26108.0,82432.0,27099.975,76056.55,30574.5,70150.125,27099.98,76056.55,30574.5,70150.12,Limosilactobacillus fermentum,456,0,,,,,,,,,,,,,,,,
Limosilactobacillus fermentum,qualibact-v1.0,number,non-normal,201.6030701754386,45.50431721618142,195.0,171.0,226.0,55.0,108.0,355.0,113.375,326.5250000000002,127.0,305.625,113.38,326.53,127.0,305.62,Limosilactobacillus fermentum,456,0,,,,,,,,,,,,,,,,
Limosilactobacillus fermentum,qualibact-v1.0,longest,non-normal,145796.6754385965,34443.77745542794,141290.0,119661.5,164193.5,44532.0,71814.0,278626.0,78480.775,255886.47500000062,91575.875,233917.0,78480.77,255886.48,91575.88,233917.0,Limosilactobacillus fermentum,456,0,,,,,,,,,,,,,,,,
Limosilactobacillus fermentum,qualibact-v1.0,GC_Content,non-normal,51.79882061403508,0.2684355966988386,51.8209,51.594375,51.991225,0.3968500000000006,51.0803,52.5143,51.148312499999996,52.342575000000004,51.2390625,52.268875,50.4877,52.3426,51.2391,52.2689,Limosilactobacillus fermentum,456,86,normal,51.45889883720929,0.35222852996915155,51.46855,51.224225000000004,51.6553,0.43107499999999277,50.4877,52.2996,50.538104999999995,52.295519999999996,50.9836,52.25716250000001,0.4820991432068543,7.020157483207447e-16,0.3401273459812321
Limosilactobacillus fermentum,qualibact-v1.0,Completeness_Specific,non-normal,99.87473684210526,0.13278204358571855,99.91,99.82,99.97,0.15000000000000568,98.99,100.0,99.14275,100.0,99.55,100.0,85.17,100.0,99.55,100.0,Limosilactobacillus fermentum,456,86,non-normal,93.56116279069768,2.9340033047193117,94.32,92.66499999999999,95.335,2.6700000000000017,85.17,97.9,85.34,97.611,86.1975,97.14500000000001,1.0,4.5447197850050745e-102,6.313574051407588
Limosilactobacillus fermentum,qualibact-v1.0,Contamination,non-normal,0.22074561403508772,0.21971146595077143,0.16,0.07,0.3,0.22999999999999998,0.0,1.58,0.0,1.2272500000000002,0.0,0.81,0.0,10.1,0.0,0.81,Limosilactobacillus fermentum,456,86,non-normal,5.057441860465116,2.2538154657372766,4.63,3.4050000000000002,7.6125,4.2075,0.92,10.1,0.92,9.815250000000002,1.35375,9.43,0.9846491228070176,4.305513484672478e-92,4.836696246430028
Limosilactobacillus fermentum,qualibact-v1.0,Total_Coding_Sequences,non-normal,2072.7083333333335,88.01054323221304,2060.0,2013.0,2133.25,120.25,1868.0,2329.0,1902.55,2311.0750000000003,1919.125,2262.5,1902.55,2421.0,1919.12,2262.5,Limosilactobacillus fermentum,456,86,normal,2154.7906976744184,105.35301855247384,2151.5,2092.0,2203.0,111.0,1919.0,2421.0,1921.975,2415.475,1936.375,2340.75,0.41697266421868623,7.483342498522481e-12,82.08236434108528
Limosilactobacillus fermentum,qualibact-v1.0,Genome_Size,non-normal,2023122.4495614036,64037.38523687179,2013133.0,1982148.75,2062858.25,80709.5,1844795.0,2208263.0,1883287.175,2192636.3,1918449.25,2168108.375,1883287.18,2330492.0,1918449.25,2168108.38,Limosilactobacillus fermentum,456,86,normal,2108347.418604651,96178.11679312131,2098275.0,2054697.0,2164978.25,110281.25,1905333.0,2330492.0,1906061.45,2329205.1,1912346.25,2271700.125,0.4748572011423909,2.130679447448139e-15,85606.35562015505
Limosilactobacillus mucosae,qualibact-v1.0,N50,non-normal,156849.625,52903.81273166306,151257.0,125587.5,184644.0,59056.5,69957.0,304550.0,70877.55,299166.82500000007,75092.75,280241.0,70877.55,299166.83,75092.75,280241.0,Limosilactobacillus mucosae,96,0,,,,,,,,,,,,,,,,
Limosilactobacillus mucosae,qualibact-v1.0,number,non-normal,69.0625,18.04381963674358,66.5,56.0,83.0,27.0,31.0,107.0,32.9,106.05000000000001,40.375,102.625,32.9,106.05,40.38,102.62,Limosilactobacillus mucosae,96,0,,,,,,,,,,,,,,,,
Limosilactobacillus mucosae,qualibact-v1.0,longest,non-normal,339362.9270833333,96431.77454706912,321434.5,259331.25,436894.25,177563.0,173961.0,563344.0,184709.3,550746.0500000002,196804.375,509587.5,184709.3,550746.05,196804.38,509587.5,Limosilactobacillus mucosae,96,0,,,,,,,,,,,,,,,,
Limosilactobacillus mucosae,qualibact-v1.0,GC_Content,non-normal,46.63491666666666,0.1555880174709979,46.66585,46.4973,46.765550000000005,0.2682500000000019,46.262,46.9339,46.28271,46.913665,46.3464875,46.8611875,46.1033,46.9137,46.3465,46.8612,Limosilactobacillus mucosae,96,7,insufficient_data,46.654557142857136,0.2321143736371797,46.6986,46.6842,46.78805,0.10385000000000133,46.1033,46.8355,46.120354999999996,46.834702,46.188575,46.83151,0.35714285714285715,0.29798495849278783,0.10376160714285716
Limosilactobacillus mucosae,qualibact-v1.0,Completeness_Specific,non-normal,99.95739583333334,0.036550330358365184,99.97,99.94,99.98,0.04000000000000625,99.82,100.0,99.82,100.0,99.83125,100.0,97.66,100.0,99.83,100.0,Limosilactobacillus mucosae,96,7,insufficient_data,98.68571428571428,0.4779078555196033,99.02,98.53,99.02,0.4899999999999949,97.66,99.02,97.6813,99.02,97.7665,99.02,1.0,1.0094126831805768e-10,1.2716815476190493
Limosilactobacillus mucosae,qualibact-v1.0,Contamination,non-normal,0.22406250000000003,0.16212506826649808,0.2,0.08,0.3025,0.22249999999999998,0.03,0.77,0.03,0.7320000000000004,0.03,0.655,0.03,0.84,0.03,0.66,Limosilactobacillus mucosae,96,5,insufficient_data,0.6060000000000001,0.13169662106523458,0.54,0.54,0.65,0.10999999999999999,0.46,0.84,0.4616,0.8361999999999999,0.468,0.821,0.9166666666666666,3.249641185452438e-05,0.38193750000000004
Limosilactobacillus mucosae,qualibact-v1.0,Total_Coding_Sequences,normal,1951.46875,100.4541720890883,1957.0,1864.5,2019.25,154.75,1772.0,2189.0,1772.0,2173.8,1792.75,2136.0,1772.0,2336.0,1792.75,2136.0,Limosilactobacillus mucosae,96,7,insufficient_data,2089.0,126.5565937775327,2046.0,2001.0,2146.0,145.0,1947.0,2336.0,1947.93,2331.95,1951.65,2315.75,0.49255952380952384,0.0563685142141571,137.53125000000003
Limosilactobacillus mucosae,qualibact-v1.0,Genome_Size,normal,2079632.78125,104241.24507394726,2066275.5,1991348.75,2165222.75,173874.0,1882947.0,2353560.0,1883073.35,2318063.7250000006,1905603.375,2262033.875,1883073.35,2434610.0,1905603.38,2262033.88,Limosilactobacillus mucosae,96,7,insufficient_data,2151400.285714286,131983.79246463158,2136340.0,2061107.0,2179644.5,118537.5,2007349.0,2434610.0,2007834.79,2427075.7399999998,2009777.95,2396938.6999999997,0.28720238095238093,0.556363341150803,73583.89732142858
Limosilactobacillus reuteri,qualibact-v1.0,N50,non-normal,53673.15611814346,22285.075073571075,51686.0,37893.0,64762.0,26869.0,15641.0,121477.0,15954.0,120037.31999999996,17109.8,110439.0,15954.0,120037.32,17109.8,110439.0,Limosilactobacillus reuteri,237,0,,,,,,,,,,,,,,,,
Limosilactobacillus reuteri,qualibact-v1.0,number,non-normal,165.27426160337552,62.18385605258566,160.0,125.0,191.0,66.0,55.0,376.0,57.18,373.64,65.0,348.0,57.18,373.64,65.0,348.0,Limosilactobacillus reuteri,237,0,,,,,,,,,,,,,,,,
Limosilactobacillus reuteri,qualibact-v1.0,longest,non-normal,150552.96624472574,64932.3169032247,138946.0,110146.0,175039.0,64893.0,53477.0,419292.0,54088.98,407339.87999999983,54605.0,345244.39999999997,54088.98,407339.88,54605.0,345244.4,Limosilactobacillus reuteri,237,0,,,,,,,,,,,,,,,,
Limosilactobacillus reuteri,qualibact-v1.0,GC_Content,non-normal,38.640545147679326,0.12981228425353916,38.6664,38.5615,38.7261,0.16460000000000008,38.2377,38.9614,38.282704,38.909902,38.35557,38.855909999999994,38.2827,39.4323,38.3556,38.8559,Limosilactobacillus reuteri,237,72,non-normal,38.88650972222222,0.16370986459767634,38.8865,38.821625,38.977075,0.15545000000000186,38.3331,39.4323,38.337644000000004,39.3403195,38.381007499999996,39.0911275,0.7695147679324894,2.704741496788284e-33,0.24611344936708832
Limosilactobacillus reuteri,qualibact-v1.0,Completeness_Specific,non-normal,99.96759493670886,0.03524053057858341,99.99,99.95,99.99,0.03999999999999204,99.83,100.0,99.8636,100.0,99.89,100.0,93.18,100.0,99.89,100.0,Limosilactobacillus reuteri,237,72,non-normal,98.93597222222223,1.0518444906742275,99.35,98.96249999999999,99.35,0.38750000000000284,93.18,99.35,93.5279,99.35,95.7565,99.35,1.0,5.222121243677487e-72,1.0316227144866412
Limosilactobacillus reuteri,qualibact-v1.0,Contamination,non-normal,0.3964556962025317,0.24567158264273503,0.35,0.21,0.5,0.29000000000000004,0.02,1.27,0.03,1.2019999999999993,0.07,1.041,0.03,1.49,0.07,1.04,Limosilactobacillus reuteri,237,41,non-normal,0.7414634146341463,0.2604364158682336,0.65,0.65,0.65,0.0,0.22,1.49,0.242,1.4579999999999995,0.33,1.33,0.8044663990943707,5.531091333052356e-24,0.3450077184316147
Limosilactobacillus reuteri,qualibact-v1.0,Total_Coding_Sequences,non-normal,2074.9198312236285,121.56093568048833,2047.0,1997.0,2156.0,159.0,1693.0,2529.0,1792.86,2440.5599999999995,1851.6,2311.2,1792.86,2744.0,1851.6,2311.2,Limosilactobacillus reuteri,237,72,non-normal,2173.4861111111113,145.78446734206588,2162.5,2088.75,2228.5,139.75,1939.0,2744.0,1939.71,2674.774999999999,1966.575,2532.725,0.38115330520393814,1.0790488211056894e-07,98.56627988748242
Limosilactobacillus reuteri,qualibact-v1.0,Genome_Size,non-normal,2049890.9746835444,110094.80047717542,2031273.0,1962836.0,2124638.0,161802.0,1732202.0,2402511.0,1816608.88,2342170.44,1859974.4,2294884.8,1816608.88,2695904.0,1859974.4,2294884.8,Limosilactobacillus reuteri,237,72,non-normal,2156883.6944444445,142775.5617739915,2152251.5,2040376.75,2244696.75,204320.0,1943662.0,2695904.0,1945111.465,2644981.0249999994,1947765.925,2464805.724999999,0.36445147679324896,4.6264294801148166e-07,106992.71976090015
Listeria grayi,qualibact-v1.0,N50,normal,397751.09345794393,125800.58588986879,380872.0,300254.0,445473.5,145219.5,144956.0,688459.0,144956.0,683667.27,163756.1,679418.0,144956.0,683667.27,163756.1,679418.0,Listeria grayi,107,0,,,,,,,,,,,,,,,,
Listeria grayi,qualibact-v1.0,number,non-normal,40.12149532710281,13.977759557596423,37.0,30.0,48.5,18.5,22.0,91.0,22.0,88.88,23.0,78.74999999999997,22.0,88.88,23.0,78.75,Listeria grayi,107,0,,,,,,,,,,,,,,,,
Listeria grayi,qualibact-v1.0,longest,non-normal,701602.8130841121,251600.54971639314,648548.0,487987.0,1002331.0,514344.0,262261.0,1125325.0,262261.0,1124323.3,276462.35,1099215.0499999998,262261.0,1124323.3,276462.35,1099215.05,Listeria grayi,107,0,,,,,,,,,,,,,,,,
Listeria grayi,qualibact-v1.0,GC_Content,normal,41.485032710280365,0.0930311020002628,41.4807,41.4273,41.5556,0.12829999999999586,41.2079,41.6901,41.220779,41.683157,41.315365,41.657195,41.2208,41.6832,41.3154,41.6572,Listeria grayi,107,1,insufficient_data,41.574,0.0,41.574,41.574,41.574,0.0,41.574,41.574,41.574,41.574,41.574,41.574,0.8598130841121495,0.2962962962962963,0.10094672897196129
Listeria grayi,qualibact-v1.0,Completeness_Specific,non-normal,99.97635514018691,0.014233862701678035,99.98,99.97,99.99,0.01999999999999602,99.93,99.99,99.9353,99.99,99.94,99.99,83.76,99.99,99.94,99.99,Listeria grayi,107,1,insufficient_data,83.76,0.0,83.76,83.76,83.76,0.0,83.76,83.76,83.76,83.76,83.76,83.76,1.0,0.018518518518518517,16.21635514018691
Listeria grayi,qualibact-v1.0,Contamination,non-normal,0.04626168224299065,0.04412224658716995,0.04,0.01,0.08499999999999999,0.075,0.0,0.25,0.0,0.18639999999999987,0.0,0.12,0.0,6.25,0.0,0.12,Listeria grayi,107,1,insufficient_data,6.25,0.0,6.25,6.25,6.25,0.0,6.25,6.25,6.25,6.25,6.25,6.25,1.0,0.018518518518518517,6.20373831775701
Listeria grayi,qualibact-v1.0,Total_Coding_Sequences,normal,2706.2523364485983,70.82769581555657,2705.0,2645.5,2739.5,94.0,2574.0,2877.0,2576.65,2874.88,2595.0,2857.8,2576.65,2874.88,2595.0,2857.8,Listeria grayi,107,1,insufficient_data,2747.0,0.0,2747.0,2747.0,2747.0,0.0,2747.0,2747.0,2747.0,2747.0,2747.0,2747.0,0.7570093457943925,0.5000000000000001,67.77570093457945
Listeria grayi,qualibact-v1.0,Genome_Size,normal,2721538.2429906544,60473.786588660565,2709646.0,2681696.5,2767656.5,85960.0,2568021.0,2887237.0,2577124.28,2860271.13,2611687.45,2835419.35,2577124.28,2860271.13,2611687.45,2835419.35,Listeria grayi,107,1,insufficient_data,2751104.0,0.0,2751104.0,2751104.0,2751104.0,0.0,2751104.0,2751104.0,2751104.0,2751104.0,2751104.0,2751104.0,0.6822429906542056,0.6481481481481481,55661.813084112146
Listeria innocua,qualibact-v1.0,N50,non-normal,578873.5209003215,441530.87327348074,504339.0,263298.5,585755.0,322456.5,39488.0,1525238.0,48951.61,1502609.8,70783.40000000001,1467886.0,48951.61,1502609.8,70783.4,1467886.0,Listeria innocua,1555,0,,,,,,,,,,,,,,,,
Listeria innocua,qualibact-v1.0,number,non-normal,34.12926045016077,27.420590036940606,24.0,18.0,41.0,23.0,11.0,219.0,12.0,173.92000000000007,13.0,111.0,12.0,173.92,13.0,111.0,Listeria innocua,1555,0,,,,,,,,,,,,,,,,
Listeria innocua,qualibact-v1.0,longest,non-normal,960879.2559485531,467491.13960507204,972954.0,497780.0,1432362.0,934582.0,119657.0,1525238.0,143726.21,1502609.8,194794.45,1502200.45,143726.21,1502609.8,194794.45,1502200.45,Listeria innocua,1555,0,,,,,,,,,,,,,,,,
Listeria innocua,qualibact-v1.0,GC_Content,non-normal,37.35979819935691,0.06755572864414917,37.3656,37.30745,37.41105,0.10360000000000014,37.1615,37.5379,37.198001999999995,37.497237,37.223355,37.47629,37.198,37.5607,37.2234,37.4763,Listeria innocua,1555,21,normal,37.45359047619048,0.07519185559216002,37.4763,37.3949,37.5146,0.1197000000000017,37.2789,37.5607,37.28253,37.55836,37.29705,37.549,0.5669575868932782,8.244628533258508e-07,0.09379227683356366
Listeria innocua,qualibact-v1.0,Completeness_Specific,non-normal,99.99665594855307,0.004717820936582792,100.0,99.99,100.0,0.010000000000005116,99.99,100.0,99.99,100.0,99.99,100.0,95.16,100.0,99.99,100.0,Listeria innocua,1555,21,non-normal,98.9242857142857,0.9182155127698279,99.22,99.06,99.35,0.28999999999999204,95.16,99.4,95.432,99.4,96.52,99.4,1.0,8.294976819967881e-48,1.0723702342673387
Listeria innocua,qualibact-v1.0,Contamination,non-normal,0.6538135048231511,0.12864989234951804,0.64,0.57,0.74,0.17000000000000004,0.26,1.48,0.2777,1.091500000000001,0.37,0.89,0.07,1.09,0.37,0.89,Listeria innocua,1555,21,normal,0.24285714285714288,0.16564859124759537,0.21,0.1,0.36,0.26,0.07,0.68,0.07,0.6649999999999998,0.07,0.605,0.8700352166590108,1.2975183207834022e-18,0.4109563619660082
Listeria innocua,qualibact-v1.0,Total_Coding_Sequences,non-normal,2873.032797427653,87.59949539317581,2861.0,2812.0,2916.0,104.0,2709.0,3131.0,2723.0,3102.0,2738.0,3093.1499999999996,2723.0,3219.0,2738.0,3093.15,Listeria innocua,1555,21,normal,2955.904761904762,103.41912172915136,2927.0,2882.0,2982.0,100.0,2808.0,3219.0,2811.4,3211.6,2825.0,3182.0,0.39338539274230594,0.0021229890363007337,82.87196447710919
Listeria innocua,qualibact-v1.0,Genome_Size,non-normal,2887530.89903537,65265.31835773445,2877244.0,2845251.5,2922248.0,76996.5,2750055.0,3072261.0,2764925.92,3054957.97,2783917.8,3049972.75,2764925.92,3093113.0,2783917.8,3049972.75,Listeria innocua,1555,21,normal,2914779.285714286,81325.21737013261,2889727.0,2855969.0,2943855.0,87886.0,2795487.0,3093113.0,2796963.9,3091158.5,2802871.5,3083340.5,0.29049150206706476,0.048227504086938086,27422.977277599148
Listeria monocytogenes,qualibact-v1.0,N50,non-normal,435297.32210731314,247470.47446333434,437862.5,295166.75,512287.75,217121.0,38664.0,1533019.0,66076.225,1501621.5899999999,101475.5,1477604.0,66076.23,1501621.59,101475.5,1477604.0,Listeria monocytogenes,59564,0,,,,,,,,,,,,,,,,
Listeria monocytogenes,qualibact-v1.0,number,non-normal,34.59180041635887,17.51586818363571,29.0,23.0,41.0,18.0,9.0,165.0,14.0,110.18499999999767,16.0,84.0,14.0,110.18,16.0,84.0,Listeria monocytogenes,59564,0,,,,,,,,,,,,,,,,
Listeria monocytogenes,qualibact-v1.0,longest,non-normal,789819.4130011416,336337.0831624378,729624.5,534762.25,1009904.5,475142.25,107811.0,1545137.0,193149.72,1503531.2049999998,261199.375,1490198.0,193149.72,1503531.2,261199.38,1490198.0,Listeria monocytogenes,59564,0,,,,,,,,,,,,,,,,
Listeria monocytogenes,qualibact-v1.0,GC_Content,non-normal,37.86820764387885,0.0579978599687839,37.8704,37.8295,37.9091,0.07959999999999923,37.6079,38.3659,37.7151,38.078637,37.7559,37.9675,37.7151,38.2939,37.7559,37.9675,Listeria monocytogenes,59564,683,non-normal,37.981413323572475,0.0674606605037411,37.9791,37.9465,38.0189,0.0724000000000018,37.7447,38.2939,37.790907,38.261972,37.85694,38.167085,0.7164771915548742,0.0,0.11320861770987273
Listeria monocytogenes,qualibact-v1.0,Completeness_Specific,non-normal,99.99339601101337,0.006474477475127947,99.99,99.99,100.0,0.010000000000005116,99.96,100.0,99.98,100.0,99.98,100.0,96.29,100.0,99.98,100.0,Listeria monocytogenes,59564,683,non-normal,98.93907759882872,0.37078627011698434,99.1,98.86500000000001,99.17,0.3049999999999926,96.29,99.27,97.174,99.27,97.9705,99.23,1.0,0.0,1.054318412184665
Listeria monocytogenes,qualibact-v1.0,Contamination,non-normal,0.7373992680142367,0.13401759164950913,0.72,0.64,0.8,0.16000000000000003,0.2,1.94,0.49,1.13,0.54,1.05,0.17,4.14,0.54,1.05,Listeria monocytogenes,59564,683,non-normal,0.381800878477306,0.22550637640026613,0.32,0.32,0.39,0.07,0.17,4.14,0.3082,1.0149000000000035,0.32,0.64,0.9185768708938442,0.0,0.37235091321976277
Listeria monocytogenes,qualibact-v1.0,Total_Coding_Sequences,non-normal,2941.559582969579,95.18436065480364,2932.0,2865.0,3009.0,144.0,2661.0,3279.0,2773.0,3189.0,2795.0,3137.0,2773.0,3322.0,2795.0,3137.0,Listeria monocytogenes,59564,683,non-normal,2995.497803806735,90.16169586215881,2983.0,2927.5,3050.0,122.5,2811.0,3322.0,2816.0,3290.290000000001,2860.0,3190.8999999999996,0.2743610893134326,2.1498440391716336e-45,53.93822083715604
Listeria monocytogenes,qualibact-v1.0,Genome_Size,non-normal,2974110.788916124,72087.48672474388,2967293.0,2917236.75,3026106.0,108869.25,2705671.0,3241124.0,2841344.605,3158136.185,2869147.3,3119159.475,2815543.0,3243301.0,2869147.3,3119159.48,Listeria monocytogenes,59564,683,non-normal,2975227.7144948756,68974.04123878882,2958500.0,2925368.5,3019272.5,93904.0,2815543.0,3243301.0,2839999.15,3187386.09,2865225.65,3132095.9999999995,0.10552567790561634,5.339115946827573e-07,10327.509253798678
Listeria seeligeri,qualibact-v1.0,N50,non-normal,297908.6516393443,117562.44580531237,263156.0,207269.0,386059.25,178790.25,103316.0,571464.0,109096.85,567488.985,139852.55,546831.9,109096.85,567488.98,139852.55,546831.9,Listeria seeligeri,244,0,,,,,,,,,,,,,,,,
Listeria seeligeri,qualibact-v1.0,number,non-normal,48.00819672131148,15.644616683524575,48.0,35.0,60.0,25.0,19.0,98.0,20.215,84.35499999999999,24.0,76.92499999999998,20.22,84.35,24.0,76.92,Listeria seeligeri,244,0,,,,,,,,,,,,,,,,
Listeria seeligeri,qualibact-v1.0,longest,non-normal,563029.106557377,205754.41805303018,505480.0,406973.0,676611.25,269638.25,256917.0,1076322.0,272690.095,1046021.225,284951.15,970663.3499999993,272690.09,1046021.22,284951.15,970663.35,Listeria seeligeri,244,0,,,,,,,,,,,,,,,,
Listeria seeligeri,qualibact-v1.0,GC_Content,normal,37.24226721311475,0.04686422565594791,37.24235,37.206999999999994,37.27460000000001,0.06760000000001298,37.1122,37.3734,37.119915500000005,37.362389,37.1548425,37.3465875,37.1199,37.4641,37.1548,37.3466,Listeria seeligeri,244,5,insufficient_data,37.36416,0.061320945850502157,37.3722,37.3154,37.3826,0.0671999999999997,37.2865,37.4641,37.287077999999994,37.46247,37.28939,37.45595,0.8278688524590164,0.00040047015739876085,0.12189278688524421
Listeria seeligeri,qualibact-v1.0,Completeness_Specific,non-normal,99.98922131147539,0.006450330141610284,99.99,99.99,99.99,0.0,99.96,100.0,99.96,100.0,99.97,100.0,98.86,100.0,99.97,100.0,Listeria seeligeri,244,5,insufficient_data,99.336,0.3063070355052298,99.5,99.1,99.54,0.44000000000001194,98.86,99.68,98.8648,99.67720000000001,98.884,99.66600000000001,1.0,2.6107306574691774e-10,0.6532213114754046
Listeria seeligeri,qualibact-v1.0,Contamination,non-normal,0.7008196721311477,0.0992933240614453,0.7,0.62,0.7725,0.15249999999999997,0.51,1.0,0.51,0.94785,0.54,0.8992499999999999,0.08,0.95,0.54,0.9,Listeria seeligeri,244,4,insufficient_data,0.32000000000000006,0.18614510468986284,0.30000000000000004,0.22250000000000003,0.3975,0.175,0.08,0.6,0.08285000000000001,0.59595,0.09425,0.57975,0.8114754098360656,0.002994231326667453,0.3808196721311476
Listeria seeligeri,qualibact-v1.0,Total_Coding_Sequences,non-normal,2817.8934426229507,76.60557992100571,2809.0,2753.75,2861.25,107.5,2655.0,3028.0,2675.45,3012.355,2715.075,2993.925,2675.45,3012.36,2715.08,2993.92,Listeria seeligeri,244,5,insufficient_data,2862.4,45.614032928474984,2863.0,2849.0,2879.0,30.0,2790.0,2931.0,2791.18,2929.96,2795.9,2925.8,0.48442622950819675,0.14150116955890563,52.97540983606557
Listeria seeligeri,qualibact-v1.0,Genome_Size,non-normal,2880434.668032787,54552.97311352557,2878446.0,2834115.0,2922615.0,88500.0,2756112.0,3036550.0,2766247.355,3030698.69,2796160.35,2987967.475,2766247.36,3030698.69,2796160.35,2987967.48,Listeria seeligeri,244,5,insufficient_data,2868999.6,41795.10574505106,2874077.0,2865104.0,2880240.0,15136.0,2797636.0,2927941.0,2798985.36,2926986.98,2804382.8,2923170.9,0.26721311475409837,0.795733959953387,21432.722131147544
Listeria welshimeri,qualibact-v1.0,N50,non-normal,393410.3804713805,275218.3512175911,349226.0,222715.0,500679.0,277964.0,67951.0,1520615.0,79017.6,1520615.0,97239.0,1520615.0,79017.6,1520615.0,97239.0,1520615.0,Listeria welshimeri,297,0,,,,,,,,,,,,,,,,
Listeria welshimeri,qualibact-v1.0,number,non-normal,38.90909090909091,17.783257878963443,35.0,26.0,46.0,20.0,14.0,125.0,16.0,108.0,18.4,83.59999999999997,16.0,108.0,18.4,83.6,Listeria welshimeri,297,0,,,,,,,,,,,,,,,,
Listeria welshimeri,qualibact-v1.0,longest,non-normal,722994.2525252525,313035.2961078675,720689.0,466102.0,883203.0,417101.0,161035.0,1520615.0,169564.4,1520615.0,251421.0,1520615.0,169564.4,1520615.0,251421.0,1520615.0,Listeria welshimeri,297,0,,,,,,,,,,,,,,,,
Listeria welshimeri,qualibact-v1.0,GC_Content,normal,36.22019326599327,0.06394115156723458,36.2237,36.172,36.2663,0.09430000000000405,36.0577,36.3938,36.074135999999996,36.377548,36.10108,36.339059999999996,36.0741,36.3846,36.1011,36.3391,Listeria welshimeri,297,4,insufficient_data,36.36015,0.014116214081687294,36.352,36.352,36.36015,0.008150000000000546,36.352,36.3846,36.352,36.384111,36.352,36.382155,0.9865319865319865,4.17603446898851e-07,0.14001868686868438
Listeria welshimeri,qualibact-v1.0,Completeness_Specific,non-normal,99.98228956228955,0.009786112891862783,99.98,99.98,99.99,0.009999999999990905,99.95,100.0,99.95,100.0,99.96,99.99,99.67,100.0,99.96,99.99,Listeria welshimeri,297,4,insufficient_data,99.715,0.02598076211353414,99.73,99.715,99.73,0.015000000000000568,99.67,99.73,99.6709,99.73,99.67450000000001,99.73,1.0,5.9657635271264396e-09,0.2672895622895574
Listeria welshimeri,qualibact-v1.0,Contamination,non-normal,1.041885521885522,0.23557754881897366,1.01,0.89,1.15,0.2599999999999999,0.7,2.28,0.71,2.145999999999999,0.76,1.6859999999999844,0.28,2.15,0.76,1.69,Listeria welshimeri,297,1,insufficient_data,0.28,0.0,0.28,0.28,0.28,0.0,0.28,0.28,0.28,0.28,0.28,0.28,1.0,0.006711409395973152,0.7618855218855218
Listeria welshimeri,qualibact-v1.0,Total_Coding_Sequences,non-normal,2796.245791245791,76.16509308630371,2789.0,2728.0,2848.0,120.0,2663.0,3097.0,2667.44,3008.9599999999996,2682.4,2948.6,2667.44,3008.96,2682.4,2948.6,Listeria welshimeri,297,4,insufficient_data,2852.75,4.322904116447646,2851.0,2849.75,2854.0,4.25,2849.0,2860.0,2849.015,2859.88,2849.075,2859.4,0.7542087542087542,0.008073318637172033,77.8240740740741
Listeria welshimeri,qualibact-v1.0,Genome_Size,non-normal,2812029.0808080807,58651.45234681556,2805955.0,2763367.0,2855517.0,92150.0,2691931.0,3007034.0,2706534.72,2953457.6,2720911.6,2922305.8,2706534.72,2953457.6,2720911.6,2922305.8,Listeria welshimeri,297,4,insufficient_data,2814025.25,189.53677083880058,2814133.5,2814021.75,2814137.0,115.25,2813697.0,2814137.0,2813703.495,2814137.0,2813729.475,2814137.0,0.5521885521885522,0.11899449143767503,48857.091750841755
Mammaliicoccus sciuri,qualibact-v1.0,N50,non-normal,242268.92401960783,174293.48433416756,179736.0,84853.5,402119.25,317265.75,27236.0,695919.0,52703.015,677254.7849999993,62430.475,574538.7499999999,52703.02,677254.78,62430.48,574538.75,Mammaliicoccus sciuri,408,0,,,,,,,,,,,,,,,,
Mammaliicoccus sciuri,qualibact-v1.0,number,non-normal,79.42401960784314,45.663239940700315,62.0,38.0,121.0,83.0,20.0,236.0,21.035,187.75499999999982,24.0,159.29999999999995,21.04,187.75,24.0,159.3,Mammaliicoccus sciuri,408,0,,,,,,,,,,,,,,,,
Mammaliicoccus sciuri,qualibact-v1.0,longest,non-normal,497968.3088235294,322397.71631283785,426735.0,234864.75,659471.5,424606.75,111262.0,1419220.0,140991.855,1397866.3449999995,157612.275,1267888.2999999996,140991.86,1397866.34,157612.28,1267888.3,Mammaliicoccus sciuri,408,0,,,,,,,,,,,,,,,,
Mammaliicoccus sciuri,qualibact-v1.0,GC_Content,non-normal,32.4529544117647,0.08374842772973717,32.436099999999996,32.3935,32.490375,0.09687499999999716,32.2621,32.6714,32.2786735,32.6647485,32.3150025,32.63848,32.2787,32.8224,32.315,32.6385,Mammaliicoccus sciuri,408,65,non-normal,32.57088615384615,0.08913725954421764,32.55,32.5061,32.6227,0.11659999999999826,32.421,32.8224,32.423719999999996,32.821824,32.44108,32.82018,0.6601432880844645,4.301997311943278e-24,0.11793174208144777
Mammaliicoccus sciuri,qualibact-v1.0,Completeness_Specific,non-normal,99.63186274509805,0.40327818548315025,99.815,99.49,99.92,0.4300000000000068,98.17,100.0,98.2342,99.99,98.60175,99.98825,95.99,99.99,98.6,99.99,Mammaliicoccus sciuri,408,65,non-normal,98.56138461538461,0.5019251458843311,98.76,98.57,98.76,0.19000000000001194,95.99,98.9,96.2012,98.9,96.812,98.816,0.928921568627451,3.5217275681380114e-57,1.0704781297134205
Mammaliicoccus sciuri,qualibact-v1.0,Contamination,non-normal,0.2523529411764706,0.18864156524586065,0.2,0.14,0.32,0.18,0.01,1.15,0.01,1.15,0.04,0.85,0.01,4.37,0.04,0.85,Mammaliicoccus sciuri,408,65,normal,3.4836923076923076,0.5653169818259738,3.4,3.12,3.7,0.5800000000000001,2.27,4.37,2.27,4.37,2.384,4.37,1.0,2.261727330148217e-81,3.231339366515837
Mammaliicoccus sciuri,qualibact-v1.0,Total_Coding_Sequences,non-normal,2805.169117647059,116.63023238039014,2781.5,2712.0,2885.5,173.5,2595.0,3214.0,2615.105,3104.5099999999998,2642.175,3075.125,2615.1,3270.0,2642.18,3075.12,Mammaliicoccus sciuri,408,65,normal,2915.2153846153847,111.08548230393666,2879.0,2824.0,3009.0,185.0,2750.0,3270.0,2754.8,3239.6,2774.6,3145.0,0.4667797888386124,1.1780510665802267e-11,110.04626696832578
Mammaliicoccus sciuri,qualibact-v1.0,Genome_Size,non-normal,2780149.7034313725,125771.29598958496,2782455.5,2659249.25,2895714.25,236465.0,2555675.0,3113284.0,2571610.92,3038084.605,2586772.95,3010033.325,2571610.92,3178285.0,2586772.95,3010033.32,Mammaliicoccus sciuri,408,65,non-normal,2869078.076923077,90026.85491431606,2862148.0,2794542.0,2933497.0,138955.0,2726655.0,3178285.0,2731829.72,3156057.48,2742826.0,3084962.6,0.39638009049773754,1.977606282084837e-08,88928.37349170436
Mannheimia haemolytica,qualibact-v1.0,N50,normal,80358.29219745223,22544.028094383513,80252.5,65517.5,97035.0,31517.5,22912.0,153036.0,26124.85,135609.00500000047,33334.475,126541.9,26124.85,135609.01,33334.48,126541.9,Mannheimia haemolytica,2512,0,,,,,,,,,,,,,,,,
Mannheimia haemolytica,qualibact-v1.0,number,non-normal,125.6906847133758,25.666735563747107,122.0,109.0,137.0,28.0,76.0,247.0,81.0,216.0,87.0,193.0,81.0,216.0,87.0,193.0,Mannheimia haemolytica,2512,0,,,,,,,,,,,,,,,,
Mannheimia haemolytica,qualibact-v1.0,longest,non-normal,257586.7289012739,84854.20088345314,294789.5,159030.5,339449.0,180418.5,69100.0,420157.0,87360.95,341158.89,117003.625,339568.125,87360.95,341158.89,117003.62,339568.12,Mannheimia haemolytica,2512,0,,,,,,,,,,,,,,,,
Mannheimia haemolytica,qualibact-v1.0,GC_Content,non-normal,41.02329530254777,0.05780345364605521,41.0153,40.9741,41.0756,0.10150000000000148,40.8858,41.2285,40.9100885,41.172600499999994,40.92081,41.13698,40.9101,41.34,40.9208,41.137,Mannheimia haemolytica,2512,160,non-normal,41.093559375,0.06037671146319052,41.096149999999994,41.047275,41.148125,0.10085000000000122,40.9581,41.34,40.958338499999996,41.2982625,40.9874625,41.2009425,0.4492436305732484,3.862154126209975e-28,0.07026407245222906
Mannheimia haemolytica,qualibact-v1.0,Completeness_Specific,non-normal,100.0,0.0,100.0,100.0,100.0,0.0,100.0,100.0,100.0,100.0,100.0,100.0,87.44,100.0,100.0,100.0,Mannheimia haemolytica,2512,160,non-normal,94.622375,2.741949691255293,94.47,92.8075,96.9125,4.10499999999999,87.44,98.41,88.7915,98.37025,89.6875,98.35024999999999,1.0,6.17325923706626e-262,5.377625
Mannheimia haemolytica,qualibact-v1.0,Contamination,non-normal,0.2058638535031847,0.05912487270524699,0.19,0.17,0.22,0.04999999999999999,0.11,0.79,0.13,0.4444500000000016,0.14,0.35,0.13,7.3,0.14,0.35,Mannheimia haemolytica,2512,160,non-normal,2.467625,1.3314763833335534,2.0549999999999997,1.42,3.28,1.8599999999999999,0.78,7.3,0.8436,6.695800000000009,0.92,5.85,0.9996019108280255,9.93894737167667e-260,2.261761146496815
Mannheimia haemolytica,qualibact-v1.0,Total_Coding_Sequences,non-normal,2685.8475318471337,103.98751035959656,2716.0,2585.0,2761.0,176.0,2378.0,2918.0,2423.0,2858.445,2432.0,2837.225,2252.0,2967.0,2432.0,2837.22,Mannheimia haemolytica,2512,160,normal,2697.83125,138.85713079794462,2713.5,2613.0,2797.0,184.0,2252.0,2967.0,2419.745,2962.23,2492.95,2953.075,0.19872611464968154,1.1095566168922945e-05,38.53650477707007
Mannheimia haemolytica,qualibact-v1.0,Genome_Size,non-normal,2598688.462977707,66441.4816958301,2611242.5,2528480.75,2642268.75,113788.0,2406679.0,2739335.0,2448837.105,2706665.1350000002,2451760.175,2700217.125,2335738.0,2829372.0,2451760.17,2700217.12,Mannheimia haemolytica,2512,160,normal,2650020.6625,90093.77353824787,2649378.5,2590630.5,2727261.5,136631.0,2335738.0,2829372.0,2467424.98,2828787.675,2512747.9,2819324.5,0.3352707006369427,1.4684310008661544e-15,52688.34928343948
Mesomycoplasma hyopneumoniae,qualibact-v1.0,N50,non-normal,86146.27678571429,45507.877282833804,70333.5,56143.75,93552.0,37408.25,39885.0,257082.0,40425.57,235592.95499999973,41886.6,218314.45,40425.57,235592.95,41886.6,218314.45,Mesomycoplasma hyopneumoniae,112,0,,,,,,,,,,,,,,,,
Mesomycoplasma hyopneumoniae,qualibact-v1.0,number,normal,48.857142857142854,15.824290292626275,48.5,37.0,59.5,22.5,17.0,93.0,18.665,90.77999999999997,24.55,82.79999999999995,18.66,90.78,24.55,82.8,Mesomycoplasma hyopneumoniae,112,0,,,,,,,,,,,,,,,,
Mesomycoplasma hyopneumoniae,qualibact-v1.0,longest,non-normal,165427.4017857143,63402.10848263586,145219.0,119087.25,205537.75,86450.5,76363.0,365749.0,78079.06,365746.78,80149.8,329827.15,78079.06,365746.78,80149.8,329827.15,Mesomycoplasma hyopneumoniae,112,0,,,,,,,,,,,,,,,,
Mesomycoplasma hyopneumoniae,qualibact-v1.0,GC_Content,normal,28.53783571428571,0.05855634169807064,28.543149999999997,28.486849999999997,28.572975,0.08612500000000267,28.3957,28.6892,28.3990855,28.680208999999998,28.44179,28.6538325,28.3556,28.6802,28.4418,28.6538,Mesomycoplasma hyopneumoniae,112,24,normal,28.513,0.056528340974535365,28.5213,28.478425,28.55315,0.07472499999999727,28.3556,28.6189,28.365754499999998,28.616324,28.4063725,28.60602,0.31845238095238093,0.028430235197743386,0.024835714285714208
Mesomycoplasma hyopneumoniae,qualibact-v1.0,Completeness_Specific,non-normal,99.31107142857142,0.33056595717166104,99.34,99.0875,99.535,0.4474999999999909,98.35,99.85,98.4388,99.84445,98.51774999999999,99.8245,94.43,99.84,98.52,99.82,Mesomycoplasma hyopneumoniae,112,24,normal,97.59416666666668,1.6939079979607963,98.41499999999999,96.26,99.0875,2.8275000000000006,94.43,99.11,94.4415,99.11,94.4875,99.11,0.7410714285714286,2.648249512946087e-11,1.7169047619047602
Mesomycoplasma hyopneumoniae,qualibact-v1.0,Contamination,non-normal,0.05500000000000001,0.02100170061141308,0.05,0.04,0.07,0.030000000000000006,0.03,0.14,0.03,0.13444999999999993,0.03,0.11224999999999995,0.03,2.22,0.03,0.11,Mesomycoplasma hyopneumoniae,112,11,non-normal,0.62,0.6215669348875104,0.35,0.27,0.75,0.48,0.07,2.22,0.07,2.1729999999999996,0.07,1.985,0.8181818181818182,1.3195159951343566e-07,0.5650000000000001
Mesomycoplasma hyopneumoniae,qualibact-v1.0,Total_Coding_Sequences,non-normal,716.4821428571429,20.34961483614842,716.0,699.75,731.0,31.25,674.0,785.0,678.44,777.7849999999999,684.55,759.225,678.44,789.0,684.55,759.22,Mesomycoplasma hyopneumoniae,112,24,normal,742.625,21.2422780087259,744.5,728.5,752.75,24.25,696.0,789.0,696.92,787.62,700.6,782.1,0.5416666666666666,6.953299116923621e-06,26.142857142857142
Mesomycoplasma hyopneumoniae,qualibact-v1.0,Genome_Size,non-normal,899255.6696428572,18113.797120263836,896403.0,882051.5,913654.75,31603.25,867720.0,942895.0,869830.11,940965.265,872874.85,932996.85,869830.11,960532.0,872874.85,932996.85,Mesomycoplasma hyopneumoniae,112,24,normal,914381.1666666666,18247.65578703802,919489.5,900175.75,921205.0,21029.25,886877.0,960532.0,887367.015,960069.93,889327.075,958221.65,0.3898809523809524,0.003379790028309643,15125.497023809525
Micrococcus luteus,qualibact-v1.0,N50,non-normal,75599.45714285714,51607.3149359484,62086.5,43165.5,89087.25,45921.75,5575.0,267033.0,9356.995,250341.9,16303.25,202881.39999999994,9357.0,250341.9,16303.25,202881.4,Micrococcus luteus,280,0,,,,,,,,,,,,,,,,
Micrococcus luteus,qualibact-v1.0,number,non-normal,138.54642857142858,88.91387077287956,108.5,86.0,149.25,63.25,42.0,807.0,49.395,520.8100000000022,56.975,346.1249999999999,49.4,520.81,56.98,346.12,Micrococcus luteus,280,0,,,,,,,,,,,,,,,,
Micrococcus luteus,qualibact-v1.0,longest,non-normal,197113.70714285714,95197.0422573244,181855.0,139732.5,252083.5,112351.0,28288.0,542251.0,38464.075,452472.4650000001,55318.225,394991.0,38464.07,452472.47,55318.22,394991.0,Micrococcus luteus,280,0,,,,,,,,,,,,,,,,
Micrococcus luteus,qualibact-v1.0,GC_Content,non-normal,73.00087142857143,0.16648190239942143,73.0284,72.906575,73.11779999999999,0.21122499999998468,72.3704,73.3499,72.5082395,73.3181285,72.630075,73.2758275,72.5082,73.3181,72.6301,73.2758,Micrococcus luteus,280,33,normal,72.97703939393939,0.10083855665728014,72.9789,72.9208,73.0547,0.13389999999999702,72.7007,73.1443,72.7119,73.1427,72.75670000000001,73.13629999999999,0.25551948051948054,0.03471923074029157,0.06172432900432996
Micrococcus luteus,qualibact-v1.0,Completeness_Specific,non-normal,99.9470357142857,0.35157624474265486,99.99,99.98,100.0,0.01999999999999602,94.71,100.0,98.19835,100.0,99.7595,100.0,92.37,100.0,99.76,100.0,Micrococcus luteus,280,33,non-normal,97.66303030303031,1.890745379470969,98.58,98.03,98.7,0.6700000000000017,92.37,98.93,92.4116,98.89320000000001,92.578,98.74600000000001,0.9892857142857143,3.160991989922536e-41,2.2840054112554093
Micrococcus luteus,qualibact-v1.0,Contamination,non-normal,0.3177857142857143,0.3813941865186255,0.20500000000000002,0.02,0.5025,0.48249999999999993,0.0,2.83,0.0,1.8815000000000055,0.0,1.3524999999999978,0.0,2.3,0.0,1.35,Micrococcus luteus,280,33,non-normal,0.6709090909090908,0.41649594298554216,0.46,0.46,0.92,0.46,0.23,2.3,0.23,2.1159999999999997,0.23,1.379999999999999,0.5912337662337662,2.956392722589383e-10,0.35771428571428565
Micrococcus luteus,qualibact-v1.0,Total_Coding_Sequences,non-normal,2336.3678571428572,110.26968743420258,2320.0,2261.0,2379.0,118.0,2169.0,2892.0,2176.395,2869.235,2195.975,2566.249999999998,2176.4,2869.24,2195.98,2566.25,Micrococcus luteus,280,33,normal,2361.090909090909,69.88924729207163,2353.0,2307.0,2385.0,78.0,2251.0,2548.0,2252.6,2545.76,2259.0,2536.8,0.24696969696969698,0.0449163604225575,38.5858225108225
Micrococcus luteus,qualibact-v1.0,Genome_Size,non-normal,2519355.2642857144,75923.88487130767,2516507.5,2461413.75,2564195.25,102781.5,2370055.0,2982654.0,2382742.11,2750189.3850000002,2399494.625,2662896.175,2382742.11,2750189.38,2399494.62,2662896.17,Micrococcus luteus,280,33,normal,2530227.0,64808.8151257219,2524094.0,2483045.0,2568668.0,85623.0,2414459.0,2686177.0,2418074.52,2681599.72,2432536.6,2663290.6,0.12326839826839826,0.7118738911023563,15613.457142857138
Moraxella bovoculi,qualibact-v1.0,N50,non-normal,238843.17874396135,103576.63799160687,208137.0,177219.0,258231.5,81012.5,54751.0,549372.0,65682.71,535696.0599999999,88875.65,501205.45,65682.71,535696.06,88875.65,501205.45,Moraxella bovoculi,207,0,,,,,,,,,,,,,,,,
Moraxella bovoculi,qualibact-v1.0,number,non-normal,33.14975845410628,12.753394449712781,32.0,23.5,40.0,16.5,13.0,89.0,13.03,75.75999999999999,14.0,61.849999999999994,13.03,75.76,14.0,61.85,Moraxella bovoculi,207,0,,,,,,,,,,,,,,,,
Moraxella bovoculi,qualibact-v1.0,longest,non-normal,493771.10628019326,169193.9095579269,465169.0,354667.5,597940.0,243272.5,180578.0,1002477.0,199228.28,918528.11,228926.45,860268.1,199228.28,918528.11,228926.45,860268.1,Moraxella bovoculi,207,0,,,,,,,,,,,,,,,,
Moraxella bovoculi,qualibact-v1.0,GC_Content,non-normal,45.54987971014493,0.1387485010544024,45.5794,45.48735,45.65885,0.17150000000000176,45.0555,45.7579,45.113158999999996,45.727692000000005,45.17186,45.716695,45.1132,45.7277,45.1719,45.7167,Moraxella bovoculi,207,9,normal,45.463100000000004,0.15796709924678798,45.5098,45.3145,45.5983,0.2837999999999994,45.2481,45.6867,45.248152,45.684476000000004,45.24836,45.675580000000004,0.32367149758454106,0.2697208498934077,0.09523671497584436
Moraxella bovoculi,qualibact-v1.0,Completeness_Specific,non-normal,99.99980676328502,0.0013765996955345213,100.0,100.0,100.0,0.0,99.99,100.0,99.99,100.0,100.0,100.0,95.49,100.0,100.0,100.0,Moraxella bovoculi,207,9,normal,96.77333333333334,0.8838300490227475,97.2,95.87,97.63,1.759999999999991,95.49,97.82,95.5052,97.8184,95.566,97.812,1.0,8.395763735795273e-16,3.2264734299516915
Moraxella bovoculi,qualibact-v1.0,Contamination,non-normal,0.13864734299516907,0.1645990774863743,0.1,0.07,0.14,0.07,0.0,1.12,0.0,1.1079,0.011500000000000003,0.6479999999999996,0.0,1.8,0.01,0.65,Moraxella bovoculi,207,9,non-normal,1.52,0.3012197426021962,1.61,1.44,1.7,0.26,0.77,1.8,0.7952,1.8,0.896,1.8,0.9758454106280193,1.680831899906214e-12,1.381352657004831
Moraxella bovoculi,qualibact-v1.0,Total_Coding_Sequences,non-normal,1981.4009661835748,51.2456299447911,1975.0,1939.5,2017.0,77.5,1894.0,2131.0,1894.21,2126.46,1903.45,2093.25,1894.21,2433.0,1903.45,2093.25,Moraxella bovoculi,207,9,normal,2203.6666666666665,140.41367454774482,2182.0,2100.0,2321.0,221.0,2028.0,2433.0,2028.84,2431.72,2032.2,2426.6,0.8115942028985508,1.511796435526235e-06,222.2657004830918
Moraxella bovoculi,qualibact-v1.0,Genome_Size,non-normal,2084776.463768116,43527.75020435299,2085277.0,2050202.5,2111117.5,60915.0,1997823.0,2226362.0,1998065.11,2202979.84,2015132.85,2183969.7,1998065.11,2400952.0,2015132.85,2183969.7,Moraxella bovoculi,207,9,normal,2233497.6666666665,98719.95005401221,2193233.0,2181826.0,2307542.0,125716.0,2084417.0,2400952.0,2086719.12,2399440.76,2095927.6,2393395.8,0.7777777777777778,6.404711320320679e-06,148721.20289855075
Moraxella catarrhalis,qualibact-v1.0,N50,non-normal,333240.4344405594,91561.61658520861,347950.5,244102.5,410677.75,166575.25,93526.0,500310.0,134696.9,478760.91,170490.0,468607.3,134696.9,478760.91,170490.0,468607.3,Moraxella catarrhalis,2288,0,,,,,,,,,,,,,,,,
Moraxella catarrhalis,qualibact-v1.0,number,non-normal,23.62937062937063,10.57109849448563,22.0,16.0,29.0,13.0,6.0,104.0,8.0,64.56500000000005,10.0,49.0,8.0,64.57,10.0,49.0,Moraxella catarrhalis,2288,0,,,,,,,,,,,,,,,,
Moraxella catarrhalis,qualibact-v1.0,longest,non-normal,549630.6713286713,129929.74965164716,480573.0,452719.25,664046.0,211326.75,204105.0,863806.0,288673.405,829454.4100000001,348594.775,786055.95,288673.41,829454.41,348594.78,786055.95,Moraxella catarrhalis,2288,0,,,,,,,,,,,,,,,,
Moraxella catarrhalis,qualibact-v1.0,GC_Content,non-normal,41.52478500874126,0.10401941062429548,41.51665,41.45915,41.612175,0.15302499999999952,41.1621,41.9397,41.2273435,41.733169499999995,41.316775,41.698865000000005,41.2273,41.7535,41.3168,41.6989,Moraxella catarrhalis,2288,13,normal,41.60065384615385,0.08559715681281678,41.5865,41.5461,41.6676,0.1214999999999975,41.4854,41.7535,41.486078,41.753482000000005,41.48879,41.75341,0.3723776223776224,0.04086163673715971,0.07635231643356655
Moraxella catarrhalis,qualibact-v1.0,Completeness_Specific,non-normal,99.99899038461538,0.0031406279480421396,100.0,100.0,100.0,0.0,99.97,100.0,99.99,100.0,99.99,100.0,98.18,100.0,99.99,100.0,Moraxella catarrhalis,2288,13,normal,98.74076923076922,0.3294625352451748,98.94,98.38,99.01,0.6300000000000097,98.18,99.04,98.183,99.0394,98.19500000000001,99.037,1.0,2.541808613999921e-34,1.2582211538461527
Moraxella catarrhalis,qualibact-v1.0,Contamination,non-normal,0.018133741258741263,0.0462233247358879,0.0,0.0,0.01,0.01,0.0,0.35,0.0,0.20565000000000055,0.0,0.16824999999999818,0.0,0.44,0.0,0.17,Moraxella catarrhalis,2288,13,non-normal,0.25307692307692303,0.07204535060903443,0.21,0.21,0.3,0.09,0.21,0.44,0.21,0.4352,0.21,0.4159999999999999,0.9947552447552448,1.3218167335383777e-27,0.23494318181818177
Moraxella catarrhalis,qualibact-v1.0,Total_Coding_Sequences,non-normal,1765.9204545454545,62.19199463754307,1765.0,1723.0,1803.0,80.0,1631.0,1985.0,1643.0,1949.565,1659.175,1903.8249999999998,1643.0,1949.56,1659.18,1903.82,Moraxella catarrhalis,2288,13,normal,1787.5384615384614,69.86758397097203,1785.0,1760.0,1796.0,36.0,1691.0,1949.0,1691.06,1946.48,1691.3,1936.3999999999999,0.23295454545454544,0.42121942278093266,24.559440559440553
Moraxella catarrhalis,qualibact-v1.0,Genome_Size,non-normal,1915503.958916084,50013.74611979566,1907958.0,1881005.5,1946051.75,65046.25,1811409.0,2093832.0,1821553.09,2054814.1400000001,1834549.125,2026560.6,1821553.09,2054814.14,1834549.12,2026560.6,Moraxella catarrhalis,2288,13,normal,1915419.076923077,57157.57314175979,1907985.0,1887974.0,1941566.0,53592.0,1832141.0,2045324.0,1832145.5,2042267.72,1832163.5,2030042.5999999999,0.14466783216783216,0.9146421109787368,11218.669580419579
Morganella morganii,qualibact-v1.0,N50,non-normal,390460.02843601897,244697.38331667468,329225.0,218421.75,487210.0,268788.25,36257.0,1213451.0,44370.47,1167315.2349999992,58788.75,1057323.45,44370.47,1167315.23,58788.75,1057323.45,Morganella morganii,422,0,,,,,,,,,,,,,,,,
Morganella morganii,qualibact-v1.0,number,non-normal,75.89573459715639,40.76511763664569,66.0,49.0,89.75,40.75,17.0,316.0,25.21,238.0,29.0,186.79999999999973,25.21,238.0,29.0,186.8,Morganella morganii,422,0,,,,,,,,,,,,,,,,
Morganella morganii,qualibact-v1.0,longest,non-normal,795195.528436019,397920.92503858946,734584.0,495440.0,1037060.25,541620.25,102275.0,1930776.0,150903.0,1836626.8299999998,194092.25,1644222.9499999997,150903.0,1836626.83,194092.25,1644222.95,Morganella morganii,422,0,,,,,,,,,,,,,,,,
Morganella morganii,qualibact-v1.0,GC_Content,non-normal,50.955780805687205,0.23550134690615165,51.00305,50.901300000000006,51.100375,0.19907499999999345,49.8576,51.4157,50.100411,51.310348,50.30527,51.25016,50.1004,51.3706,50.3053,51.2502,Morganella morganii,422,82,non-normal,50.84556829268292,0.3131389747879232,50.97525,50.722125,51.06115,0.33902499999999947,50.1631,51.3706,50.1648415,51.3542785,50.1920475,51.1673375,0.18940006935614379,0.012325863214767975,0.11508885099988433
Morganella morganii,qualibact-v1.0,Completeness_Specific,non-normal,100.0,0.0,100.0,100.0,100.0,0.0,100.0,100.0,100.0,100.0,100.0,100.0,84.69,100.0,100.0,100.0,Morganella morganii,422,82,normal,91.0431707317073,2.5553157783233456,90.79499999999999,89.1625,92.39750000000001,3.2350000000000136,84.69,98.14,85.17195,98.12785,86.46925,96.317,1.0,2.5616686492157113e-96,8.956829268292683
Morganella morganii,qualibact-v1.0,Contamination,non-normal,0.30774881516587677,0.13229080216499833,0.27,0.2225,0.35,0.12749999999999997,0.05,1.18,0.13,0.8852999999999974,0.16,0.68,0.13,20.99,0.16,0.68,Morganella morganii,422,82,non-normal,9.890243902439025,4.927308911692396,8.82,6.199999999999999,14.465,8.265,2.18,20.99,2.261,20.459449999999997,2.52025,19.17,1.0,2.5616686492157113e-96,9.582495087273148
Morganella morganii,qualibact-v1.0,Total_Coding_Sequences,non-normal,3769.3317535545025,199.8251460445151,3739.0,3618.0,3912.75,294.75,3382.0,4426.0,3402.63,4308.69,3436.55,4215.9,3402.63,4315.0,3436.55,4215.9,Morganella morganii,422,82,non-normal,3937.012195121951,185.66988105055643,3929.0,3768.5,4114.75,346.25,3557.0,4315.0,3570.77,4305.28,3617.1,4265.799999999999,0.3634839902901399,1.2886344078472885e-08,168.20650791815976
Morganella morganii,qualibact-v1.0,Genome_Size,non-normal,3984513.547393365,176287.77126612503,3955738.0,3846648.0,4099509.5,252861.5,3656950.0,4582194.0,3687100.835,4451109.35,3708882.05,4379694.55,3687100.84,4451109.35,3708882.05,4379694.55,Morganella morganii,422,82,non-normal,4090428.7560975607,168850.05705911783,4095823.0,3948536.25,4248606.75,300070.5,3745551.0,4409525.0,3763910.46,4398592.835,3799913.375,4355239.125,0.269737602589296,6.652274049983823e-05,108254.52878279965
Mycobacterium abscessus,qualibact-v1.0,N50,non-normal,466278.7413635533,382960.25361481524,316797.0,215736.5,580873.0,365136.5,31169.0,2741880.0,74696.3,1904740.0,109522.0,1434734.5,74696.3,1904740.0,109522.0,1434734.5,Mycobacterium abscessus,5471,0,,,,,,,,,,,,,,,,
Mycobacterium abscessus,qualibact-v1.0,number,non-normal,51.824529336501556,32.3552455877992,48.0,27.0,66.0,39.0,4.0,361.0,8.0,173.64999999999964,11.0,131.0,8.0,173.65,11.0,131.0,Mycobacterium abscessus,5471,0,,,,,,,,,,,,,,,,
Mycobacterium abscessus,qualibact-v1.0,longest,non-normal,908031.2834947907,519628.3251280845,732948.0,505831.0,1203280.0,697449.0,128531.0,2741880.0,216795.3,2467768.9499999997,277246.75,2173212.5,216795.3,2467768.95,277246.75,2173212.5,Mycobacterium abscessus,5471,0,,,,,,,,,,,,,,,,
Mycobacterium abscessus,qualibact-v1.0,GC_Content,non-normal,64.1475627307622,0.0763863983184971,64.1423,64.10865,64.1976,0.08894999999999698,63.7561,64.4173,63.91284,64.30446500000001,63.987375,64.2896,63.9128,64.3238,63.9874,64.2896,Mycobacterium abscessus,5471,102,non-normal,64.1522862745098,0.07113445572999912,64.1481,64.1143,64.20907500000001,0.09477500000001271,63.9369,64.3238,63.9403845,64.2994085,63.961304999999996,64.2590275,0.1248346898620534,0.08073875140007414,0.011903241691484502
Mycobacterium abscessus,qualibact-v1.0,Completeness_Specific,non-normal,99.99972034363005,0.0016487437685266003,100.0,100.0,100.0,0.0,99.99,100.0,99.99,100.0,99.99,100.0,96.05,100.0,99.99,100.0,Mycobacterium abscessus,5471,102,non-normal,98.5230392156863,0.6707791624198228,98.66,98.35499999999999,99.0175,0.6625000000000085,96.05,99.27,96.20655,99.2397,96.66575,99.21,1.0,3.861365414031768e-220,1.4766811279437753
Mycobacterium abscessus,qualibact-v1.0,Contamination,non-normal,0.25136355328093585,0.13514388298582183,0.22,0.17,0.31,0.13999999999999999,0.02,1.98,0.07,0.8929999999999927,0.1,0.5725,0.07,2.47,0.1,0.57,Mycobacterium abscessus,5471,102,non-normal,1.10078431372549,0.3871684192337748,0.95,0.93,1.1749999999999998,0.24499999999999977,0.63,2.47,0.63,2.47,0.63,2.3354999999999992,0.9835496252970206,9.59631161144055e-164,0.8494207604445543
Mycobacterium abscessus,qualibact-v1.0,Total_Coding_Sequences,non-normal,5049.89946993237,207.43320951985854,5025.0,4901.0,5183.0,282.0,4514.0,5956.0,4644.35,5715.65,4697.0,5513.0,4635.0,5715.65,4697.0,5513.0,Mycobacterium abscessus,5471,102,normal,5063.137254901961,209.38912266520356,5046.0,4893.0,5184.75,291.75,4635.0,5522.0,4664.795,5509.375,4735.05,5492.9,0.11022826238885246,0.16256366568229944,23.586651183961067
Mycobacterium abscessus,qualibact-v1.0,Genome_Size,non-normal,5093158.692560775,164603.24145904562,5099508.0,4980947.5,5193170.0,212222.5,4638877.0,5775412.0,4758499.0,5588117.599999991,4792198.25,5452679.5,4687873.0,5588117.6,4792198.25,5452679.5,Mycobacterium abscessus,5471,102,normal,5083144.31372549,169395.084001925,5090491.0,4936884.75,5184067.5,247182.75,4687873.0,5486769.0,4735136.455,5467031.58,4800171.125,5442606.775,0.0994548797402346,0.25738415662852954,18593.68948573764
Mycobacterium avium,qualibact-v1.0,N50,non-normal,100177.28027901078,47463.125410816705,91886.0,66649.25,125546.75,58897.5,14513.0,292639.0,19886.69,246241.24000000008,29358.675,212907.27499999997,19886.69,246241.24,29358.68,212907.27,Mycobacterium avium,3154,0,,,,,,,,,,,,,,,,
Mycobacterium avium,qualibact-v1.0,number,non-normal,172.75332910589728,74.61838251323657,156.0,121.0,205.0,84.0,55.0,651.0,73.0,508.47000000000025,83.0,368.1749999999997,73.0,508.47,83.0,368.17,Mycobacterium avium,3154,0,,,,,,,,,,,,,,,,
Mycobacterium avium,qualibact-v1.0,longest,non-normal,288423.3436905517,129638.8043223353,251388.0,197236.75,358865.5,161628.75,56470.0,825407.0,96842.36,745555.255,128779.0,657394.3749999999,96842.36,745555.26,128779.0,657394.37,Mycobacterium avium,3154,0,,,,,,,,,,,,,,,,
Mycobacterium avium,qualibact-v1.0,GC_Content,non-normal,69.18093544705137,0.19833536882741654,69.29365,69.035225,69.3283,0.29307500000000175,68.1889,69.4267,68.55227099999999,69.40481150000001,68.69647250000001,69.37286999999999,68.5523,69.4048,68.6965,69.3729,Mycobacterium avium,3154,77,non-normal,69.10240389610388,0.20774455245740991,69.2218,68.9559,69.2963,0.3404000000000025,68.6117,69.3218,68.62709,69.321192,68.65679,69.31912,0.417626761317313,2.2181138064864457e-12,0.08015292146027693
Mycobacterium avium,qualibact-v1.0,Completeness_Specific,non-normal,99.99997146480659,0.0006413741174932725,100.0,100.0,100.0,0.0,99.98,100.0,100.0,100.0,100.0,100.0,93.86,100.0,100.0,100.0,Mycobacterium avium,3154,77,non-normal,97.07142857142858,1.036984532296714,97.45,96.47,97.87,1.4000000000000057,93.86,98.85,93.8942,98.6334,94.48100000000001,98.235,1.0,4.36957815119738e-157,2.928542893378024
Mycobacterium avium,qualibact-v1.0,Contamination,non-normal,0.16296448953709575,0.3200543816856028,0.05,0.03,0.11,0.08,0.0,2.32,0.0,1.7641000000000076,0.0,1.31,0.0,7.01,0.0,1.31,Mycobacterium avium,3154,77,non-normal,1.878311688311689,1.7920925899356717,0.94,0.46,2.94,2.48,0.31,7.01,0.31,6.907400000000001,0.31,6.424999999999998,0.8715916296766011,2.4889372679798046e-66,1.7153471987745927
Mycobacterium avium,qualibact-v1.0,Total_Coding_Sequences,non-normal,4797.56689917565,263.36016022983085,4692.5,4570.0,4992.75,422.75,4491.0,5763.0,4527.0,5650.47,4534.0,5424.349999999999,4527.0,5650.47,4534.0,5424.35,Mycobacterium avium,3154,77,non-normal,4896.74025974026,313.6765810035273,4783.0,4581.0,5132.0,551.0,4551.0,5619.0,4554.42,5596.96,4566.3,5547.5,0.20803926574376796,0.0024801245627767113,100.11375371616334
Mycobacterium avium,qualibact-v1.0,Genome_Size,non-normal,5034450.600190234,289987.15560345293,4870604.0,4786535.75,5283017.25,496481.5,4704365.0,6002820.0,4747173.68,5896255.625,4772216.7,5677006.274999999,4747173.68,5896255.62,4772216.7,5677006.28,Mycobacterium avium,3154,77,non-normal,5175843.090909091,324183.14832426637,5145928.0,4839032.0,5437699.0,598667.0,4773124.0,5867151.0,4778041.58,5851845.74,4804935.3,5825591.5,0.41885793344258787,1.8650222318580754e-12,142278.71519571103
Mycobacterium chelonae,qualibact-v1.0,N50,non-normal,376976.6972972973,251042.8188451831,322567.0,186219.0,465262.0,279043.0,55139.0,1408136.0,81269.76,1243992.3600000022,107051.40000000001,1058045.400000001,81269.76,1243992.36,107051.4,1058045.4,Mycobacterium chelonae,185,0,,,,,,,,,,,,,,,,
Mycobacterium chelonae,qualibact-v1.0,number,non-normal,58.76756756756757,29.75785205535066,56.0,38.0,73.0,35.0,12.0,175.0,12.92,170.40000000000006,15.600000000000001,120.60000000000002,12.92,170.4,15.6,120.6,Mycobacterium chelonae,185,0,,,,,,,,,,,,,,,,
Mycobacterium chelonae,qualibact-v1.0,longest,non-normal,767946.4324324324,365258.8363936753,735235.0,478320.0,925280.0,446960.0,142332.0,2204642.0,229895.76,1991547.0000000028,294149.8,1590846.4000000004,229895.76,1991547.0,294149.8,1590846.4,Mycobacterium chelonae,185,0,,,,,,,,,,,,,,,,
Mycobacterium chelonae,qualibact-v1.0,GC_Content,non-normal,64.00869891891892,0.08524082449738099,64.0098,63.9623,64.058,0.09570000000000789,63.6965,64.2229,63.705424,64.191712,63.84594,64.16694,63.7054,64.1917,63.8459,64.1669,Mycobacterium chelonae,185,10,normal,64.04051000000001,0.07480019318156814,64.03085,64.01582499999999,64.10952499999999,0.09369999999999834,63.9202,64.1428,63.920204500000004,64.1420215,63.9202225,64.1389075,0.3081081081081081,0.2712959917871125,0.03701864864864813
Mycobacterium chelonae,qualibact-v1.0,Completeness_Specific,non-normal,100.0,0.0,100.0,100.0,100.0,0.0,100.0,100.0,100.0,100.0,100.0,100.0,98.63,100.0,100.0,100.0,Mycobacterium chelonae,185,10,normal,98.95199999999998,0.24567458150976815,98.97,98.725,99.09,0.3650000000000091,98.63,99.32,98.63,99.32,98.63,99.32,1.0,1.1543485909086228e-16,1.0480000000000018
Mycobacterium chelonae,qualibact-v1.0,Contamination,non-normal,0.3097837837837838,0.2762469650203967,0.24,0.15,0.35,0.19999999999999998,0.01,2.01,0.01,1.6512000000000049,0.05600000000000001,0.9820000000000004,0.01,1.65,0.06,0.98,Mycobacterium chelonae,185,8,insufficient_data,0.07375000000000001,0.11575161985907585,0.03,0.03,0.03,0.0,0.03,0.38,0.03,0.36774999999999997,0.03,0.3187500000000001,0.8587837837837838,8.81885119722581e-07,0.23668243243243237
Mycobacterium chelonae,qualibact-v1.0,Total_Coding_Sequences,non-normal,5171.643243243243,207.76039283926235,5163.0,5029.0,5268.0,239.0,4737.0,5926.0,4771.96,5915.88,4853.0,5731.0,4736.0,5915.88,4853.0,5731.0,Mycobacterium chelonae,185,10,normal,4966.5,100.26489914222225,4962.5,4936.0,5011.0,75.0,4736.0,5160.0,4744.595,5154.015,4778.975,5130.075,0.6513513513513514,0.00019855359539526656,205.1432432432432
Mycobacterium chelonae,qualibact-v1.0,Genome_Size,non-normal,5216307.983783783,164900.88659481637,5201295.0,5104276.0,5315798.0,211522.0,4863038.0,5817492.0,4923074.44,5800362.5200000005,4963042.6,5606218.6,4855372.0,5800362.52,4963042.6,5606218.6,Mycobacterium chelonae,185,10,normal,5069632.3,100927.94230841131,5061125.5,5032893.5,5101616.25,68722.75,4855372.0,5281102.0,4863222.025,5274913.42,4894622.125,5250159.1,0.5405405405405406,0.004185446972908969,147131.28378378376
Mycobacterium intracellulare,qualibact-v1.0,N50,non-normal,175522.15921647413,118161.99167200421,116761.0,86814.0,253246.0,166432.0,28853.0,612049.0,35954.1,612047.0,48939.0,436973.0,35954.1,612047.0,48939.0,436973.0,Mycobacterium intracellulare,1991,0,,,,,,,,,,,,,,,,
Mycobacterium intracellulare,qualibact-v1.0,number,non-normal,163.51079859367152,75.47072275980675,154.0,109.0,212.5,103.5,23.0,522.0,37.95,387.5499999999995,47.0,329.0,37.95,387.55,47.0,329.0,Mycobacterium intracellulare,1991,0,,,,,,,,,,,,,,,,
Mycobacterium intracellulare,qualibact-v1.0,longest,non-normal,475198.8769462582,273481.04943017877,377571.0,238074.0,728462.0,490388.0,112527.0,1394575.0,135913.6,1282109.35,159466.0,979747.0,135913.6,1282109.35,159466.0,979747.0,Mycobacterium intracellulare,1991,0,,,,,,,,,,,,,,,,
Mycobacterium intracellulare,qualibact-v1.0,GC_Content,non-normal,67.65072385735812,0.24150749490193857,67.5879,67.50175,67.8514,0.3496499999999969,67.0679,68.441,67.190145,68.185995,67.251075,68.1069,67.1901,68.2225,67.2511,68.1069,Mycobacterium intracellulare,1991,41,normal,67.85047073170732,0.22176794974389535,67.9025,67.6868,68.0293,0.34250000000000114,67.3982,68.2225,67.40742,68.2042,67.4443,68.131,0.37733214097585477,1.204245151461922e-05,0.20031985275201844
Mycobacterium intracellulare,qualibact-v1.0,Completeness_Specific,non-normal,99.99998493219486,0.000387880152211305,100.0,100.0,100.0,0.0,99.99,100.0,100.0,100.0,100.0,100.0,94.49,100.0,100.0,100.0,Mycobacterium intracellulare,1991,41,normal,96.41341463414633,0.8869944035792814,96.35,96.05,96.85,0.7999999999999972,94.49,97.84,94.536,97.83200000000001,94.72,97.8,1.0,2.3824280778984354e-86,3.586570298048535
Mycobacterium intracellulare,qualibact-v1.0,Contamination,non-normal,0.5118432948267203,0.3844932056190923,0.39,0.26,0.63,0.37,0.02,3.12,0.07,2.202499999999998,0.11,1.6624999999999999,0.07,12.23,0.11,1.66,Mycobacterium intracellulare,1991,41,non-normal,4.065365853658537,3.5191005624434952,2.43,1.67,5.56,3.8899999999999997,0.71,12.23,0.742,12.17,0.87,11.93,0.8425108108439195,2.919039922334377e-32,3.553522558831816
Mycobacterium intracellulare,qualibact-v1.0,Total_Coding_Sequences,non-normal,5781.480160723255,435.7692200492305,5819.0,5408.5,6020.0,611.5,4898.0,7167.0,4995.65,6931.45,5064.0,6670.5,4941.0,6931.45,5064.0,6670.5,Mycobacterium intracellulare,1991,41,non-normal,5429.0,357.33000392818553,5307.0,5161.0,5577.0,416.0,4941.0,6341.0,4958.2,6311.2,5027.0,6192.0,0.4346510516837966,2.0567699616804632e-07,352.5906579608238
Mycobacterium intracellulare,qualibact-v1.0,Genome_Size,non-normal,6112754.520341537,417845.3999476623,6200407.0,5736048.5,6370485.5,634437.0,5187999.0,7280885.0,5290662.1,7117056.849999999,5391533.5,6905767.5,5257760.0,7117056.85,5391533.5,6905767.5,Mycobacterium intracellulare,1991,41,normal,5756291.292682927,365935.3355353617,5645778.0,5476270.0,5938632.0,462362.0,5257760.0,6593403.0,5275482.0,6581453.0,5346370.0,6533653.0,0.45401869387855104,4.454160117650475e-08,356691.7178645368
Mycobacterium kansasii,qualibact-v1.0,N50,non-normal,117019.61255742726,47462.40616007361,105649.0,83138.0,146382.0,63244.0,27762.0,264878.0,30324.12,247403.22000000012,35912.6,216671.79999999987,30324.12,247403.22,35912.6,216671.8,Mycobacterium kansasii,653,0,,,,,,,,,,,,,,,,
Mycobacterium kansasii,qualibact-v1.0,number,non-normal,231.32159264931087,64.92837926682688,216.0,190.0,249.0,59.0,116.0,522.0,142.04,482.44000000000005,156.0,437.69999999999993,142.04,482.44,156.0,437.7,Mycobacterium kansasii,653,0,,,,,,,,,,,,,,,,
Mycobacterium kansasii,qualibact-v1.0,longest,non-normal,416881.97702909645,174439.85167217348,373447.0,285931.0,569102.0,283171.0,120780.0,919824.0,120903.74,842927.4,140876.2,779686.1,120903.74,842927.4,140876.2,779686.1,Mycobacterium kansasii,653,0,,,,,,,,,,,,,,,,
Mycobacterium kansasii,qualibact-v1.0,GC_Content,non-normal,66.14592251148545,0.05699903976893523,66.1615,66.1202,66.1859,0.06570000000000675,65.943,66.2503,65.967948,66.24408,66.00024,66.23116,65.9679,66.2441,66.0002,66.2312,Mycobacterium kansasii,653,3,insufficient_data,66.235,0.004114203041492846,66.2375,66.23335,66.2379,0.004549999999994725,66.2292,66.2383,66.22928300000001,66.238292,66.22961500000001,66.23826,0.9709035222052067,6.576261574647396e-05,0.0892275650842264
Mycobacterium kansasii,qualibact-v1.0,Completeness_Specific,non-normal,99.99474732006126,0.006832418423680904,100.0,99.99,100.0,0.010000000000005116,99.96,100.0,99.97,100.0,99.98,100.0,99.26,100.0,99.98,100.0,Mycobacterium kansasii,653,3,insufficient_data,99.26,0.0,99.26,99.26,99.26,0.0,99.26,99.26,99.26,99.26,99.26,99.26,1.0,4.270299723797018e-08,0.7347473200612491
Mycobacterium kansasii,qualibact-v1.0,Contamination,non-normal,0.1702450229709035,0.31352357218551247,0.05,0.03,0.07,0.04000000000000001,0.01,1.88,0.01,1.4948000000000001,0.01,1.1589999999999951,0.01,1.49,0.01,1.16,Mycobacterium kansasii,653,3,insufficient_data,0.88,0.0,0.88,0.88,0.88,0.0,0.88,0.88,0.88,0.88,0.88,0.88,0.9494640122511485,0.00030489940027910725,0.7444563552833078
Mycobacterium kansasii,qualibact-v1.0,Total_Coding_Sequences,non-normal,5899.4257274119445,114.61910854016148,5873.0,5812.0,5966.0,154.0,5672.0,6397.0,5728.26,6252.92,5752.9,6173.4,5685.0,6252.92,5752.9,6173.4,Mycobacterium kansasii,653,3,insufficient_data,5731.333333333333,61.33152171237524,5691.0,5688.0,5754.5,66.5,5685.0,5818.0,5685.06,5816.73,5685.3,5811.65,0.6983154670750383,0.05608611657235,168.13221031138335
Mycobacterium kansasii,qualibact-v1.0,Genome_Size,non-normal,6486672.637059724,103116.23293686012,6453738.0,6414679.0,6550373.0,135694.0,6303319.0,6901612.0,6325156.4,6793567.82,6350670.8,6755904.8,6325156.4,6793567.82,6350670.8,6755904.8,Mycobacterium kansasii,653,3,insufficient_data,6495431.333333333,57841.495654551974,6455194.0,6454533.0,6516211.0,61678.0,6453872.0,6577228.0,6453885.22,6576007.66,6453938.1,6571126.3,0.5007656967840735,0.33485849934835205,47236.32873915264
Mycobacterium marinum,qualibact-v1.0,N50,non-normal,35868.14312441534,10024.579080675483,30477.0,26740.0,45319.0,18579.0,21056.0,86982.0,22222.78,75661.62000000002,24632.7,47854.1,22222.78,75661.62,24632.7,47854.1,Mycobacterium marinum,1069,0,,,,,,,,,,,,,,,,
Mycobacterium marinum,qualibact-v1.0,number,non-normal,392.7193638914874,96.4470696269865,389.0,298.0,464.0,166.0,270.0,643.0,277.7,614.3200000000002,286.0,589.3,277.7,614.32,286.0,589.3,Mycobacterium marinum,1069,0,,,,,,,,,,,,,,,,
Mycobacterium marinum,qualibact-v1.0,longest,non-normal,127472.23292797006,33275.61453401672,111037.0,103140.0,159854.0,56714.0,74455.0,267140.0,77071.08,232675.9400000003,80151.1,162553.3,77071.08,232675.94,80151.1,162553.3,Mycobacterium marinum,1069,0,,,,,,,,,,,,,,,,
Mycobacterium marinum,qualibact-v1.0,GC_Content,non-normal,65.63357839101964,0.06589505071640266,65.6381,65.5714,65.6982,0.1268000000000029,65.4741,65.7907,65.4986,65.73953,65.51434,65.7093,65.4986,65.7984,65.5143,65.7093,Mycobacterium marinum,1069,8,insufficient_data,65.7266875,0.042803196069335324,65.726,65.693075,65.74934999999999,0.05627499999999941,65.6718,65.7984,65.67187,65.7976965,65.67215,65.7948825,0.6147100093545369,0.0020526715154603396,0.09310910898035592
Mycobacterium marinum,qualibact-v1.0,Completeness_Specific,non-normal,99.98500467726848,0.011075258185953613,99.98,99.98,99.99,0.009999999999990905,99.93,100.0,99.9434,100.0,99.96,100.0,97.19,100.0,99.96,100.0,Mycobacterium marinum,1069,8,insufficient_data,98.12125,0.693225026596704,98.39,97.385,98.56,1.1749999999999972,97.19,99.0,97.19,98.9972,97.19,98.986,1.0,4.572377121334987e-20,1.8637546772684752
Mycobacterium marinum,qualibact-v1.0,Contamination,non-normal,0.5921889616463984,0.22914302833955172,0.55,0.51,0.57,0.05999999999999994,0.07,2.06,0.09,1.6664000000000032,0.41,1.5359999999999991,0.09,2.25,0.41,1.54,Mycobacterium marinum,1069,8,insufficient_data,1.4137499999999998,0.49254282808706085,1.27,1.0775,1.7075,0.6300000000000001,0.84,2.25,0.8407,2.2444,0.8435,2.222,0.9298409728718429,1.8034930857096169e-09,0.8215610383536015
Mycobacterium marinum,qualibact-v1.0,Total_Coding_Sequences,non-normal,5424.944808231992,221.15123089371474,5346.0,5277.0,5402.0,125.0,5236.0,6060.0,5242.0,5959.32,5252.7,5943.0,5242.0,5959.32,5252.7,5943.0,Mycobacterium marinum,1069,8,insufficient_data,5441.25,95.36738174029945,5445.5,5391.25,5511.25,120.0,5284.0,5591.0,5285.365,5588.445,5290.825,5578.225,0.5282974742750234,0.013658562438215699,126.36950420954162
Mycobacterium marinum,qualibact-v1.0,Genome_Size,non-normal,5373755.080449018,174865.8200678106,5329424.0,5319340.0,5350556.0,31216.0,5213178.0,6442970.0,5244011.94,6390622.660000004,5280385.1,5984295.8,5244011.94,6660144.0,5280385.1,5984295.8,Mycobacterium marinum,1069,8,insufficient_data,6479858.625,98763.10237373254,6460334.0,6436317.25,6527518.25,91201.0,6321947.0,6660144.0,6324458.46,6657436.645,6334504.3,6646607.225,0.9925163704396632,5.884649355158131e-16,1106103.5445509823
Mycobacterium smegmatis,qualibact-v1.0,N50,non-normal,146806.7095959596,28766.17544576923,152602.0,126405.75,171370.0,44964.25,65584.0,212934.0,67750.45,184305.5999999998,79402.375,174844.875,67750.45,184305.6,79402.38,174844.88,Mycobacterium smegmatis,396,0,,,,,,,,,,,,,,,,
Mycobacterium smegmatis,qualibact-v1.0,number,non-normal,157.8560606060606,25.869368584212136,152.0,142.0,175.0,33.0,110.0,284.0,111.975,262.025,119.0,220.5,111.98,262.02,119.0,220.5,Mycobacterium smegmatis,396,0,,,,,,,,,,,,,,,,
Mycobacterium smegmatis,qualibact-v1.0,longest,non-normal,308919.01515151514,47382.634618962606,310769.0,289657.5,310788.5,21131.0,164131.0,596930.0,182990.75,520717.4499999982,224450.625,430551.875,182990.75,520717.45,224450.62,430551.88,Mycobacterium smegmatis,396,0,,,,,,,,,,,,,,,,
Mycobacterium smegmatis,qualibact-v1.0,GC_Content,non-normal,67.40169343434343,0.026536506345285146,67.41,67.4018,67.4125,0.010699999999999932,67.2788,67.4616,67.2909875,67.45232750000001,67.3446875,67.4413625,67.291,67.4523,67.3447,67.4414,Mycobacterium smegmatis,396,18,normal,67.38120555555555,0.03044456660559458,67.4,67.36157499999999,67.40215,0.040575000000018235,67.3108,67.403,67.31233,67.403,67.31845,67.403,0.7121212121212122,3.100104099627473e-09,0.021096969696967827
Mycobacterium smegmatis,qualibact-v1.0,Completeness_Specific,non-normal,100.0,0.0,100.0,100.0,100.0,0.0,100.0,100.0,100.0,100.0,100.0,100.0,97.16,100.0,100.0,100.0,Mycobacterium smegmatis,396,18,normal,98.26055555555556,0.49904878655100154,98.365,97.89500000000001,98.76,0.8649999999999949,97.16,98.76,97.1889,98.76,97.3045,98.76,1.0,1.4594038532995424e-31,1.7394444444444446
Mycobacterium smegmatis,qualibact-v1.0,Contamination,non-normal,0.43212121212121213,0.10848146261856952,0.45,0.36,0.45,0.09000000000000002,0.18,1.51,0.18,0.9444999999999869,0.25,0.53,0.18,4.46,0.25,0.53,Mycobacterium smegmatis,396,18,non-normal,1.6533333333333333,0.969570351581909,1.13,1.13,2.0300000000000002,0.9000000000000004,0.88,4.46,0.90125,4.401349999999999,0.98625,4.1667499999999995,0.9924242424242424,1.9410071248883905e-28,1.2212121212121212
Mycobacterium smegmatis,qualibact-v1.0,Total_Coding_Sequences,non-normal,6610.138888888889,30.205916250681916,6604.0,6590.0,6630.0,40.0,6546.0,6742.0,6547.95,6705.075,6556.0,6669.0,6547.95,6835.0,6556.0,6669.0,Mycobacterium smegmatis,396,18,normal,6722.777777777777,48.69469005452415,6734.5,6721.0,6736.75,15.75,6610.0,6835.0,6611.105,6830.07,6615.525,6810.35,0.8611111111111112,8.51569404777197e-15,112.63888888888891
Mycobacterium smegmatis,qualibact-v1.0,Genome_Size,non-normal,6855568.4949494945,19078.574528720805,6850251.5,6846798.75,6856178.5,9379.75,6817848.0,6918889.0,6828216.4,6907835.975,6831483.125,6906984.0,6828216.4,7119169.0,6831483.12,6906984.0,Mycobacterium smegmatis,396,18,normal,6992853.722222222,50009.8276284056,6996079.0,6988208.25,7006086.0,17877.75,6891331.0,7119169.0,6891657.485,7114288.13,6892963.425,7094764.65,0.8939393939393939,1.3582088868182585e-16,137285.2272727273
Mycobacterium tuberculosis,qualibact-v1.0,N50,non-normal,90044.28771835087,29090.741648690117,86421.0,66035.0,105851.0,39816.0,21445.0,230516.0,34668.185,180775.0,45005.175,155437.37499999974,34668.18,180775.0,45005.18,155437.37,Mycobacterium tuberculosis,170368,0,,,,,,,,,,,,,,,,
Mycobacterium tuberculosis,qualibact-v1.0,number,non-normal,151.35284208302028,41.62636065031382,144.0,123.0,173.0,50.0,57.0,593.0,81.0,310.0,91.0,251.0,81.0,310.0,91.0,251.0,Mycobacterium tuberculosis,170368,0,,,,,,,,,,,,,,,,
Mycobacterium tuberculosis,qualibact-v1.0,longest,non-normal,230504.1513547145,53802.69520309227,227537.5,196029.0,269774.5,73745.5,61808.0,787688.0,113882.67,427714.33,136909.225,321930.9499999999,113882.67,427714.33,136909.22,321930.95,Mycobacterium tuberculosis,170368,0,,,,,,,,,,,,,,,,
Mycobacterium tuberculosis,qualibact-v1.0,GC_Content,non-normal,65.55077687711307,0.0620549448111302,65.5683,65.5166,65.5968,0.08020000000000493,64.9264,65.8771,65.328,65.6471,65.3847,65.6245,65.2152,65.6557,65.3847,65.6245,Mycobacterium tuberculosis,170368,500,non-normal,65.609076,0.033193577451067116,65.6145,65.605575,65.6173,0.011724999999998431,65.2152,65.6557,65.399979,65.651718,65.58207,65.6441775,0.6326155146506386,4.305685941709589e-194,0.05862902118707719
Mycobacterium tuberculosis,qualibact-v1.0,Completeness_Specific,non-normal,99.9997784208302,0.008781383354470386,100.0,100.0,100.0,0.0,98.53,100.0,99.99,100.0,100.0,100.0,95.18,100.0,100.0,100.0,Mycobacterium tuberculosis,170368,500,non-normal,97.20264,0.6466963973921611,97.42,96.98,97.69,0.7099999999999937,95.18,97.95,95.25495000000001,97.95,95.4695,97.95,1.0,0.0,2.797138420830202
Mycobacterium tuberculosis,qualibact-v1.0,Contamination,non-normal,0.578034783527423,0.24481875404008183,0.5,0.42,0.75,0.33,0.09,5.24,0.27,1.81,0.3,0.9,0.1,2.84,0.3,0.9,Mycobacterium tuberculosis,170368,500,non-normal,0.40872,0.20578134414956087,0.37,0.37,0.37,0.0,0.1,2.84,0.31,1.6829999999999972,0.37,1.0267499999999985,0.746937453042825,7.23243841975438e-288,0.19129580907212623
Mycobacterium tuberculosis,qualibact-v1.0,Total_Coding_Sequences,non-normal,4138.309799962434,41.60326025494307,4135.0,4108.0,4164.0,56.0,4003.0,4459.0,4046.0,4275.0,4067.0,4227.0,4008.0,4515.0,4067.0,4227.0,Mycobacterium tuberculosis,170368,500,non-normal,4157.848,33.499207393608586,4161.0,4151.0,4167.0,16.0,4008.0,4515.0,4074.475,4263.555,4087.95,4189.0,0.4010640495867769,5.782122956102039e-73,24.94393087903832
Mycobacterium tuberculosis,qualibact-v1.0,Genome_Size,non-normal,4360674.2428977275,27198.979877447484,4364874.0,4347571.75,4377424.0,29852.25,4206571.0,4620305.0,4275042.0,4423800.0,4295901.975,4405308.3,4275042.0,4516435.0,4295901.97,4405308.3,Mycobacterium tuberculosis,170368,500,non-normal,4408081.576,22823.890690594886,4411333.0,4405101.75,4418740.5,13638.75,4332698.0,4516435.0,4339525.15,4459269.81,4346774.3,4443498.975,0.7579896224643126,9.191349266866746e-299,47412.64685837717
Mycobacterium xenopi,REFSEQ-QC-v1,N50,insufficient_data,88219.0,0.0,88219.0,88219.0,88219.0,0.0,88219.0,88219.0,88219.0,88219.0,88219.0,88219.0,88219.0,88219.0,88219.0,88219.0,Mycobacterium xenopi,2,0,,,,,,,,,,,,,,,,
Mycobacterium xenopi,REFSEQ-QC-v1,number,insufficient_data,156.0,0.0,156.0,156.0,156.0,0.0,156.0,156.0,156.0,156.0,156.0,156.0,156.0,156.0,156.0,156.0,Mycobacterium xenopi,2,0,,,,,,,,,,,,,,,,
Mycobacterium xenopi,REFSEQ-QC-v1,longest,insufficient_data,364228.0,0.0,364228.0,364228.0,364228.0,0.0,364228.0,364228.0,364228.0,364228.0,364228.0,364228.0,364228.0,364228.0,364228.0,364228.0,Mycobacterium xenopi,2,0,,,,,,,,,,,,,,,,
Mycobacterium xenopi,REFSEQ-QC-v1,GC_Content,insufficient_data,65.90341570110769,3.588282051936176e-05,65.90341570110769,65.90339775969743,65.90343364251794,3.588282051225633e-05,65.90337981828716,65.9034515839282,65.90338017711537,65.9034512251,65.90338161242819,65.90344978978717,65.9034,65.9035,65.9034,65.9034,Mycobacterium xenopi,2,2,insufficient_data,65.9122,0.0,65.9122,65.9122,65.9122,0.0,65.9122,65.9122,65.9122,65.9122,65.9122,65.9122,1.0,0.3333333333333333,0.00878429889231569
Mycobacterium xenopi,REFSEQ-QC-v1,Completeness_Specific,insufficient_data,99.92500000000001,0.005000000000002558,99.92500000000001,99.9225,99.92750000000001,0.005000000000009663,99.92,99.93,99.92005,99.92995,99.92025,99.92975000000001,99.92,99.93,99.92,99.93,Mycobacterium xenopi,2,2,insufficient_data,91.41,0.0,91.41,91.41,91.41,0.0,91.41,91.41,91.41,91.41,91.41,91.41,1.0,0.3333333333333333,8.515000000000008
Mycobacterium xenopi,REFSEQ-QC-v1,Contamination,insufficient_data,1.19,0.0,1.19,1.19,1.19,0.0,1.19,1.19,1.19,1.19,1.19,1.19,1.19,1.19,1.19,1.19,Mycobacterium xenopi,2,2,insufficient_data,0.93,0.0,0.93,0.93,0.93,0.0,0.93,0.93,0.93,0.93,0.93,0.93,1.0,0.3333333333333333,0.2599999999999999
Mycobacterium xenopi,REFSEQ-QC-v1,Total_Coding_Sequences,insufficient_data,4814.0,0.0,4814.0,4814.0,4814.0,0.0,4814.0,4814.0,4814.0,4814.0,4814.0,4814.0,4814.0,4814.0,4814.0,4814.0,Mycobacterium xenopi,2,2,insufficient_data,4861.5,90.5,4861.5,4816.25,4906.75,90.5,4771.0,4952.0,4771.905,4951.095,4775.525,4947.475,0.5,1.0,90.5
Mycobacterium xenopi,REFSEQ-QC-v1,Genome_Size,insufficient_data,4761540.0,71.0,4761540.0,4761504.5,4761575.5,71.0,4761469.0,4761611.0,4761469.71,4761610.29,4761472.55,4761607.45,4761469.0,4761611.0,4761472.55,4761607.45,Mycobacterium xenopi,2,2,insufficient_data,4917655.0,0.0,4917655.0,4917655.0,4917655.0,0.0,4917655.0,4917655.0,4917655.0,4917655.0,4917655.0,4917655.0,1.0,0.3333333333333333,156115.0
Mycoplasma capri,qualibact-v1.0,N50,non-normal,73918.5172413793,56072.47121828647,39802.0,34505.0,121754.0,87249.0,17509.0,266553.0,19177.96,221770.44000000006,24131.0,204352.8,19177.96,221770.44,24131.0,204352.8,Mycoplasma capri,145,0
Mycoplasma capri,qualibact-v1.0,number,non-normal,58.98620689655172,36.98629498404576,75.0,14.0,87.0,73.0,5.0,161.0,6.4399999999999995,137.96000000000004,8.0,113.4,6.44,137.96,8.0,113.4,Mycoplasma capri,145,0
Mycoplasma capri,qualibact-v1.0,longest,non-normal,146805.75172413792,72834.68224860737,103974.0,93712.0,219784.0,126072.0,44073.0,275583.0,44656.92,269082.12,48388.8,263809.0,44656.92,269082.12,48388.8,263809.0,Mycoplasma capri,145,0
Mycoplasma capri,qualibact-v1.0,GC_Content,non-normal,23.938417931034483,0.13305947317878541,23.8714,23.8655,24.1201,0.25459999999999994,23.7025,24.1342,23.703436,24.13168,23.70748,24.12928,23.7,24.13,23.71,24.13,Mycoplasma capri,145,0
Mycoplasma capri,qualibact-v1.0,Completeness_Specific,non-normal,95.36096551724138,6.124283639925506,99.36,86.37,99.64,13.269999999999996,85.15,99.89,85.546,99.8684,85.876,99.86,85.55,99.87,85.88,99.86,Mycoplasma capri,145,0
Mycoplasma capri,qualibact-v1.0,Contamination,non-normal,0.11324137931034484,0.2196294143940265,0.05,0.01,0.08,0.07,0.0,1.64,0.0,1.3736000000000004,0.0,0.6120000000000004,0.0,1.37,0.0,0.61,Mycoplasma capri,145,0
Mycoplasma capri,qualibact-v1.0,Total_Coding_Sequences,non-normal,771.7103448275863,204.59891519722458,902.0,468.0,911.0,443.0,465.0,971.0,465.0,951.5600000000001,466.0,937.4,465.0,951.56,466.0,937.4,Mycoplasma capri,145,0
Mycoplasma capri,qualibact-v1.0,Genome_Size,non-normal,897995.875862069,240648.84013607827,1054668.0,539616.0,1056061.0,516445.0,538708.0,1082538.0,538788.64,1082254.32,539157.4,1080521.4,538788.64,1082254.32,539157.4,1080521.4,Mycoplasma capri,145,0
Mycoplasmoides pneumoniae,qualibact-v1.0,N50,non-normal,140223.82186234818,98351.8410264709,98004.0,90723.0,156123.5,65400.5,38857.0,561984.0,49948.66,543044.7700000001,55510.55,464119.49999999994,49948.66,543044.77,55510.55,464119.5,Mycoplasmoides pneumoniae,247,0,,,,,,,,,,,,,,,,
Mycoplasmoides pneumoniae,qualibact-v1.0,number,non-normal,43.311740890688256,21.088688369152855,37.0,27.0,63.0,36.0,9.0,92.0,10.23,91.0,14.0,85.69999999999999,10.23,91.0,14.0,85.7,Mycoplasmoides pneumoniae,247,0,,,,,,,,,,,,,,,,
Mycoplasmoides pneumoniae,qualibact-v1.0,longest,non-normal,284614.02024291496,94294.67957296858,318999.0,191626.0,340752.0,149126.0,113528.0,561984.0,116919.93,543044.7700000001,135180.25,464119.49999999994,116919.93,543044.77,135180.25,464119.5,Mycoplasmoides pneumoniae,247,0,,,,,,,,,,,,,,,,
Mycoplasmoides pneumoniae,qualibact-v1.0,GC_Content,non-normal,39.96302793522267,0.08032343820888302,39.9886,39.90615,40.0166,0.11045000000000016,39.7882,40.2578,39.793191,40.198392999999996,39.800349999999995,40.06957,39.7932,40.1984,39.8003,40.0696,Mycoplasmoides pneumoniae,247,96,non-normal,39.994359374999995,0.02116671216263958,40.0049,39.979,40.007925,0.028925000000000978,39.856,40.0122,39.8963275,40.0118675,39.9675875,40.0112875,0.37128879892037786,4.954903407115579e-09,0.048441485323886944
Mycoplasmoides pneumoniae,qualibact-v1.0,Completeness_Specific,non-normal,98.83757085020243,0.6226518399604704,99.01,98.55,99.32,0.769999999999996,96.67,99.69,96.73060000000001,99.6477,97.1115,99.6385,96.1,99.65,97.11,99.64,Mycoplasmoides pneumoniae,247,96,non-normal,98.9375,0.7902452151073117,99.03999999999999,98.43,99.64,1.2099999999999937,96.1,99.64,96.34224999999999,99.64,97.44500000000001,99.64,0.4299932523616734,4.912683450223519e-12,0.24428559379217382
Mycoplasmoides pneumoniae,qualibact-v1.0,Contamination,non-normal,0.11412955465587046,0.05284565618416012,0.11,0.1,0.11,0.009999999999999995,0.02,0.78,0.0269,0.26,0.09,0.26,0.03,6.35,0.09,0.26,Mycoplasmoides pneumoniae,247,2,insufficient_data,3.3249999999999997,3.025,3.3249999999999997,1.8125,4.8374999999999995,3.0249999999999995,0.3,6.35,0.33025,6.31975,0.45125,6.1987499999999995,0.9959514170040485,0.00019432568985619896,3.2108704453441295
Mycoplasmoides pneumoniae,qualibact-v1.0,Total_Coding_Sequences,normal,786.8259109311741,12.6995033487065,785.0,778.0,796.0,18.0,756.0,825.0,756.92,822.85,764.0,810.85,748.0,822.85,764.0,810.85,Mycoplasmoides pneumoniae,247,96,non-normal,765.8854166666666,5.892915576610236,764.0,763.0,769.0,6.0,748.0,805.0,752.275,793.1250000000001,759.0,772.0,0.8455634278002699,6.3706229357035794e-52,20.940494264507425
Mycoplasmoides pneumoniae,qualibact-v1.0,Genome_Size,normal,814391.012145749,6846.677096151227,816067.0,810102.5,817466.0,7363.5,798853.0,832830.0,799485.53,832212.58,800936.95,828958.7,799485.53,857799.0,800936.95,828958.7,Mycoplasmoides pneumoniae,247,96,non-normal,817175.625,4558.415153706567,816523.5,816429.75,817169.5,739.75,801203.0,857799.0,808082.425,841277.5500000002,816052.625,818758.125,0.5193572874493927,1.1943388902552148e-17,4482.259024966261
Mycoplasmopsis bovis,qualibact-v1.0,N50,non-normal,20767.090202177293,4457.2684199982095,20290.0,19244.5,22008.0,2763.5,7126.0,40468.0,8654.825,36863.0,10765.875,32021.0,8654.83,36863.0,10765.88,32021.0,Mycoplasmopsis bovis,1286,0,,,,,,,,,,,,,,,,
Mycoplasmopsis bovis,qualibact-v1.0,number,non-normal,171.40824261275273,30.804690931435484,169.0,156.0,185.0,29.0,92.0,300.0,102.425,268.57500000000005,112.125,245.0,102.42,268.58,112.12,245.0,Mycoplasmopsis bovis,1286,0,,,,,,,,,,,,,,,,
Mycoplasmopsis bovis,qualibact-v1.0,longest,non-normal,62128.02410575427,12644.809059678106,66047.0,51652.75,66404.0,14751.25,24669.0,117530.0,29044.55,107635.17500000015,36830.25,91017.375,29044.55,107635.18,36830.25,91017.38,Mycoplasmopsis bovis,1286,0,,,,,,,,,,,,,,,,
Mycoplasmopsis bovis,qualibact-v1.0,GC_Content,non-normal,29.349246423017103,0.08517540605533952,29.3207,29.28705,29.3901,0.10304999999999964,29.2083,29.6635,29.233985,29.633815,29.248575,29.574550000000002,28.9983,29.6338,29.2486,29.5746,Mycoplasmopsis bovis,1286,122,non-normal,29.25294918032787,0.0971094171168314,29.2667,29.198525,29.311374999999998,0.11284999999999812,28.9983,29.4961,29.0071935,29.466455,29.0282825,29.423202500000002,0.4157254672003671,6.701510139016963e-18,0.09629724268923832
Mycoplasmopsis bovis,qualibact-v1.0,Completeness_Specific,non-normal,99.77762830482115,0.15230235727798017,99.84,99.74,99.85,0.10999999999999943,98.34,99.94,98.91675000000001,99.92,99.34125,99.9,91.41,99.92,99.34,99.9,Mycoplasmopsis bovis,1286,122,non-normal,96.25729508196723,1.5314163790561297,96.5,95.13,96.91,1.7800000000000011,91.41,98.9,91.90005,98.8395,92.32875,98.72,0.994556765163297,3.242987599887719e-168,3.520333222853937
Mycoplasmopsis bovis,qualibact-v1.0,Contamination,non-normal,0.8464152410575427,0.12734327500873246,0.85,0.81,0.9,0.08999999999999997,0.29,1.52,0.5,1.331500000000001,0.59,1.1,0.07,8.11,0.59,1.1,Mycoplasmopsis bovis,1286,122,non-normal,2.2768032786885244,2.147809126358285,1.99,0.07,3.92,3.85,0.07,8.11,0.07,7.898249999999998,0.07,7.76,0.6182851898121,3.5722575495928157e-41,1.8406164750274079
Mycoplasmopsis bovis,qualibact-v1.0,Total_Coding_Sequences,non-normal,930.5847589424573,48.557803021483075,944.0,898.0,961.0,63.0,789.0,1095.0,804.85,1038.575,825.0,1019.0,804.85,1038.58,825.0,1019.0,Mycoplasmopsis bovis,1286,122,non-normal,907.4262295081967,42.64011003907058,898.0,873.25,933.25,60.0,825.0,1026.0,827.42,1016.925,843.2,1003.5749999999999,0.34316599954108556,3.3589231837619924e-12,26.013385003696808
Mycoplasmopsis bovis,qualibact-v1.0,Genome_Size,non-normal,973101.0489891135,27546.87165437103,980631.5,955319.75,992194.25,36874.5,877959.0,1049627.0,895342.725,1037305.25,909315.25,1020898.75,895342.72,1165292.0,909315.25,1020898.75,Mycoplasmopsis bovis,1286,122,normal,1043187.1475409836,51527.43844416852,1034094.0,1001680.25,1078254.0,76573.75,939596.0,1165292.0,944753.625,1163499.385,953706.775,1156788.9749999999,0.7068556714172807,1.0919339343717561e-55,70086.09855187006
Neisseria bergeri,qualibact-v1.0,N50,non-normal,240806.5181818182,105773.21525627209,226862.0,176572.25,275665.5,99093.25,96908.0,556109.0,97518.945,526586.8949999999,102026.325,498027.89999999997,97518.94,526586.89,102026.32,498027.9,Neisseria bergeri,110,0
Neisseria bergeri,qualibact-v1.0,number,non-normal,44.4,19.404404373515543,44.0,34.0,50.75,16.75,10.0,91.0,10.545,91.0,13.0,87.27499999999999,10.54,91.0,13.0,87.28,Neisseria bergeri,110,0
Neisseria bergeri,qualibact-v1.0,longest,non-normal,551782.5363636364,221358.78136782526,590482.0,365237.25,759858.0,394620.75,198134.0,1018560.0,212727.465,1009017.595,226762.6,967238.275,212727.46,1009017.6,226762.6,967238.28,Neisseria bergeri,110,0
Neisseria bergeri,qualibact-v1.0,GC_Content,non-normal,51.84023545454546,0.16715072816112284,51.7685,51.73995,51.853175,0.11322499999999991,51.5949,52.2164,51.610596,52.20114,51.6782725,52.178895000000004,51.61,52.2,51.68,52.18,Neisseria bergeri,110,0
Neisseria bergeri,qualibact-v1.0,Completeness_Specific,normal,99.98899999999998,0.006022684390926192,99.99,99.99,99.99,0.0,99.97,100.0,99.97545,100.0,99.98,100.0,99.98,100.0,99.98,100.0,Neisseria bergeri,110,0
Neisseria bergeri,qualibact-v1.0,Contamination,non-normal,0.026181818181818174,0.02119098514084868,0.02,0.01,0.03,0.019999999999999997,0.01,0.11,0.01,0.11,0.01,0.09274999999999992,0.01,0.11,0.01,0.09,Neisseria bergeri,110,0
Neisseria bergeri,qualibact-v1.0,Total_Coding_Sequences,normal,1986.581818181818,69.3692860799336,1983.5,1967.25,2031.75,64.5,1860.0,2194.0,1861.635,2169.475,1866.725,2133.125,1861.64,2169.48,1866.72,2133.12,Neisseria bergeri,110,0
Neisseria bergeri,qualibact-v1.0,Genome_Size,normal,2104207.272727273,54825.74872413494,2112509.0,2097505.5,2132003.25,34497.75,1998115.0,2250623.0,1998511.76,2241652.8449999997,2000714.4,2203227.35,1998511.76,2241652.84,2000714.4,2203227.35,Neisseria bergeri,110,0
Neisseria bergeri,qualibact-v1.1,N50,non-normal,240806.5181818182,105773.21525627209,226862.0,176572.25,275665.5,99093.25,96908.0,556109.0,97518.945,526586.8949999999,102026.325,498027.89999999997,97518.94,526586.89,102026.32,498027.9,Neisseria bergeri,110,0
Neisseria bergeri,qualibact-v1.1,number,non-normal,44.4,19.404404373515543,44.0,34.0,50.75,16.75,10.0,91.0,10.545,91.0,13.0,87.27499999999999,10.54,91.0,13.0,87.28,Neisseria bergeri,110,0
Neisseria bergeri,qualibact-v1.1,longest,non-normal,551782.5363636364,221358.78136782526,590482.0,365237.25,759858.0,394620.75,198134.0,1018560.0,212727.465,1009017.595,226762.6,967238.275,212727.46,1009017.6,226762.6,967238.28,Neisseria bergeri,110,0
Neisseria bergeri,qualibact-v1.1,GC_Content,non-normal,51.84023545454546,0.16715072816112284,51.7685,51.73995,51.853175,0.11322499999999991,51.5949,52.2164,51.610596,52.20114,51.6782725,52.178895000000004,51.61,52.2,51.68,52.18,Neisseria bergeri,110,0
Neisseria bergeri,qualibact-v1.1,Completeness_Specific,normal,99.98899999999998,0.006022684390926192,99.99,99.99,99.99,0.0,99.97,100.0,99.97545,100.0,99.98,100.0,99.98,100.0,99.98,100.0,Neisseria bergeri,110,0
Neisseria bergeri,qualibact-v1.1,Contamination,non-normal,0.026181818181818174,0.02119098514084868,0.02,0.01,0.03,0.019999999999999997,0.01,0.11,0.01,0.11,0.01,0.09274999999999992,0.01,0.11,0.01,0.09,Neisseria bergeri,110,0
Neisseria bergeri,qualibact-v1.1,Total_Coding_Sequences,normal,1986.581818181818,69.3692860799336,1983.5,1967.25,2031.75,64.5,1860.0,2194.0,1861.635,2169.475,1866.725,2133.125,1861.64,2169.48,1866.72,2133.12,Neisseria bergeri,110,0
Neisseria bergeri,qualibact-v1.1,Genome_Size,normal,2104207.272727273,54825.74872413494,2112509.0,2097505.5,2132003.25,34497.75,1998115.0,2250623.0,1998511.76,2241652.8449999997,2000714.4,2203227.35,1998511.76,2241652.84,2000714.4,2203227.35,Neisseria bergeri,110,0
Neisseria flavescens,qualibact-v1.0,N50,non-normal,136967.2972972973,61695.61150170466,121024.0,84971.5,173463.0,88491.5,33378.0,346305.0,48345.7,337619.4,68533.75,285968.25,48345.7,337619.4,68533.75,285968.25,Neisseria flavescens,111,0,,,,,,,,,,,,,,,,
Neisseria flavescens,qualibact-v1.0,number,non-normal,59.45945945945946,18.89886968534075,56.0,47.5,68.0,20.5,22.0,143.0,24.75,122.6500000000001,28.75,97.0,24.75,122.65,28.75,97.0,Neisseria flavescens,111,0,,,,,,,,,,,,,,,,
Neisseria flavescens,qualibact-v1.0,longest,non-normal,318288.6216216216,108982.92252186294,320424.0,231249.0,368467.0,137218.0,106316.0,652475.0,121994.85,627992.8500000001,143375.0,591292.75,121994.85,627992.85,143375.0,591292.75,Neisseria flavescens,111,0,,,,,,,,,,,,,,,,
Neisseria flavescens,qualibact-v1.0,GC_Content,normal,49.2045837837838,0.14535872404487252,49.1997,49.1178,49.3442,0.22639999999999816,48.7985,49.4354,48.804275,49.42704,48.927375,49.415350000000004,48.8043,49.427,48.9274,49.4154,Neisseria flavescens,111,3,insufficient_data,49.180033333333334,0.10709448580057032,49.1822,49.115,49.24615,0.1311499999999981,49.0478,49.3101,49.049144000000005,49.308821,49.054520000000004,49.303705,0.2702702702702703,0.9557189433761396,0.054323423423424035
Neisseria flavescens,qualibact-v1.0,Completeness_Specific,non-normal,100.0,0.0,100.0,100.0,100.0,0.0,100.0,100.0,100.0,100.0,100.0,100.0,94.92,100.0,100.0,100.0,Neisseria flavescens,111,3,insufficient_data,96.85000000000001,1.4023076219812325,97.42,96.17,97.815,1.644999999999996,94.92,98.21,94.94500000000001,98.20209999999999,95.045,98.17049999999999,1.0,8.317253310266816e-06,3.1500000000000004
Neisseria flavescens,qualibact-v1.0,Contamination,non-normal,0.1306306306306306,0.17046454430046815,0.06,0.05,0.1,0.05,0.0,0.73,0.0055000000000000005,0.7025000000000001,0.01,0.59,0.01,3.26,0.01,0.59,Neisseria flavescens,111,3,insufficient_data,1.7,1.160114936834565,1.36,0.92,2.31,1.3900000000000001,0.48,3.26,0.48879999999999996,3.2409999999999997,0.524,3.1649999999999996,0.9099099099099099,0.002378734446736309,1.5693693693693693
Neisseria flavescens,qualibact-v1.0,Total_Coding_Sequences,non-normal,2214.108108108108,85.58830341820271,2224.0,2134.0,2280.5,146.5,2009.0,2381.0,2018.9,2379.9,2067.0,2362.75,2018.9,2379.9,2067.0,2362.75,Neisseria flavescens,111,3,insufficient_data,2299.6666666666665,28.311756490114767,2310.0,2285.5,2319.0,33.5,2261.0,2328.0,2261.49,2327.82,2263.45,2327.1,0.6756756756756757,0.07601137800252844,90.45945945945947
Neisseria flavescens,qualibact-v1.0,Genome_Size,non-normal,2278117.126126126,69948.15024994941,2276135.0,2207475.5,2339369.0,131893.5,2150355.0,2420314.0,2151221.8,2416431.55,2160909.0,2403974.75,2151221.8,2416431.55,2160909.0,2403974.75,Neisseria flavescens,111,3,insufficient_data,2280795.3333333335,34642.50989110857,2302850.0,2267366.0,2305252.0,37886.0,2231882.0,2307654.0,2232591.68,2307605.96,2235430.4,2307413.8,0.35135135135135137,0.7479622729389853,38062.333333333336
Neisseria flavescens,qualibact-v1.1,N50,non-normal,136967.2972972973,61695.61150170466,121024.0,84971.5,173463.0,88491.5,33378.0,346305.0,48345.7,337619.4,68533.75,285968.25,48345.7,337619.4,68533.75,285968.25,Neisseria flavescens,111,0,,,,,,,,,,,,,,,,
Neisseria flavescens,qualibact-v1.1,number,non-normal,59.45945945945946,18.89886968534075,56.0,47.5,68.0,20.5,22.0,143.0,24.75,122.6500000000001,28.75,97.0,24.75,122.65,28.75,97.0,Neisseria flavescens,111,0,,,,,,,,,,,,,,,,
Neisseria flavescens,qualibact-v1.1,longest,non-normal,318288.6216216216,108982.92252186294,320424.0,231249.0,368467.0,137218.0,106316.0,652475.0,121994.85,627992.8500000001,143375.0,591292.75,121994.85,627992.85,143375.0,591292.75,Neisseria flavescens,111,0,,,,,,,,,,,,,,,,
Neisseria flavescens,qualibact-v1.1,GC_Content,normal,49.2045837837838,0.14535872404487252,49.1997,49.1178,49.3442,0.22639999999999816,48.7985,49.4354,48.804275,49.42704,48.927375,49.415350000000004,48.8043,49.427,48.9274,49.4154,Neisseria flavescens,111,3,insufficient_data,49.180033333333334,0.10709448580057032,49.1822,49.115,49.24615,0.1311499999999981,49.0478,49.3101,49.049144000000005,49.308821,49.054520000000004,49.303705,0.2702702702702703,0.9557189433761396,0.054323423423424035
Neisseria flavescens,qualibact-v1.1,Completeness_Specific,non-normal,100.0,0.0,100.0,100.0,100.0,0.0,100.0,100.0,100.0,100.0,100.0,100.0,94.92,100.0,100.0,100.0,Neisseria flavescens,111,3,insufficient_data,96.85000000000001,1.4023076219812325,97.42,96.17,97.815,1.644999999999996,94.92,98.21,94.94500000000001,98.20209999999999,95.045,98.17049999999999,1.0,8.317253310266816e-06,3.1500000000000004
Neisseria flavescens,qualibact-v1.1,Contamination,non-normal,0.1306306306306306,0.17046454430046815,0.06,0.05,0.1,0.05,0.0,0.73,0.0055000000000000005,0.7025000000000001,0.01,0.59,0.01,3.26,0.01,0.59,Neisseria flavescens,111,3,insufficient_data,1.7,1.160114936834565,1.36,0.92,2.31,1.3900000000000001,0.48,3.26,0.48879999999999996,3.2409999999999997,0.524,3.1649999999999996,0.9099099099099099,0.002378734446736309,1.5693693693693693
Neisseria flavescens,qualibact-v1.1,Total_Coding_Sequences,non-normal,2214.108108108108,85.58830341820271,2224.0,2134.0,2280.5,146.5,2009.0,2381.0,2018.9,2379.9,2067.0,2362.75,2018.9,2379.9,2067.0,2362.75,Neisseria flavescens,111,3,insufficient_data,2299.6666666666665,28.311756490114767,2310.0,2285.5,2319.0,33.5,2261.0,2328.0,2261.49,2327.82,2263.45,2327.1,0.6756756756756757,0.07601137800252844,90.45945945945947
Neisseria flavescens,qualibact-v1.1,Genome_Size,non-normal,2278117.126126126,69948.15024994941,2276135.0,2207475.5,2339369.0,131893.5,2150355.0,2420314.0,2151221.8,2416431.55,2160909.0,2403974.75,2151221.8,2416431.55,2160909.0,2403974.75,Neisseria flavescens,111,3,insufficient_data,2280795.3333333335,34642.50989110857,2302850.0,2267366.0,2305252.0,37886.0,2231882.0,2307654.0,2232591.68,2307605.96,2235430.4,2307413.8,0.35135135135135137,0.7479622729389853,38062.333333333336
Neisseria gonorrhoeae,qualibact-v1.0,N50,non-normal,56312.3248876098,12011.6353823937,55929.0,47077.5,64571.0,17493.5,22038.0,148242.0,29856.62,88974.47000000003,35568.3,81357.84999999999,29856.62,88974.47,35568.3,81357.85,Neisseria gonorrhoeae,53163,0,,,,,,,,,,,,,,,,
Neisseria gonorrhoeae,qualibact-v1.0,number,non-normal,148.2757745048248,22.606756463592948,146.0,133.0,161.0,28.0,81.0,343.0,100.0,222.0,110.0,198.0,100.0,222.0,110.0,198.0,Neisseria gonorrhoeae,53163,0,,,,,,,,,,,,,,,,
Neisseria gonorrhoeae,qualibact-v1.0,longest,non-normal,185829.75150010345,37022.78556884857,207465.0,153168.5,207911.0,54742.5,67464.0,449678.0,93045.0,292983.6100000003,105671.05,255451.9,93045.0,292983.61,105671.05,255451.9,Neisseria gonorrhoeae,53163,0,,,,,,,,,,,,,,,,
Neisseria gonorrhoeae,qualibact-v1.0,GC_Content,non-normal,52.48871480164777,0.10465979547211987,52.4593,52.4118,52.579350000000005,0.16755000000000564,52.1338,52.8241,52.2802,52.743238000000005,52.3205,52.6922,52.061,52.7432,52.3205,52.6922,Neisseria gonorrhoeae,53163,272,normal,52.43840588235294,0.10361944710496733,52.420950000000005,52.364175,52.505525000000006,0.14135000000000275,52.061,52.7059,52.1234,52.6994395,52.2795425,52.6633125,0.221043134820657,4.134998819221481e-12,0.05030891929482119
Neisseria gonorrhoeae,qualibact-v1.0,Completeness_Specific,non-normal,99.9912015875703,0.003925559096561307,99.99,99.99,99.99,0.0,99.95,100.0,99.98,100.0,99.99,100.0,96.87,100.0,99.99,100.0,Neisseria gonorrhoeae,53163,272,non-normal,98.6252205882353,0.48528791774114477,98.75,98.35,98.99,0.6400000000000006,96.87,99.35,97.36905,99.35,97.54,99.28,1.0,0.0,1.3659809993350045
Neisseria gonorrhoeae,qualibact-v1.0,Contamination,non-normal,0.12401049602166922,0.03725692675444357,0.12,0.1,0.14,0.04000000000000001,0.01,0.64,0.05,0.26,0.07,0.19,0.05,2.14,0.07,0.19,Neisseria gonorrhoeae,53163,272,non-normal,0.42121323529411764,0.30886592627394543,0.29,0.19,0.68,0.49000000000000005,0.07,2.14,0.19,1.8547999999999956,0.19,1.0,0.9573490546831,0.0,0.29720273927244845
Neisseria gonorrhoeae,qualibact-v1.0,Total_Coding_Sequences,non-normal,2190.4611477907565,43.201466329455776,2193.0,2159.0,2219.0,60.0,2025.0,2377.0,2086.0,2300.0,2107.0,2276.0,2086.0,2476.0,2107.0,2276.0,Neisseria gonorrhoeae,53163,272,normal,2345.283088235294,39.656762747850124,2345.0,2327.75,2362.0,34.25,2250.0,2476.0,2254.355,2463.225,2271.55,2429.45,0.9437256506349506,0.0,154.82194044453738
Neisseria gonorrhoeae,qualibact-v1.0,Genome_Size,non-normal,2149587.943532156,31468.486952019528,2153974.0,2129156.5,2168237.0,39080.5,2029591.0,2241215.0,2076948.29,2220991.35,2088526.0,2209006.9,2076948.29,2309160.0,2088526.0,2209006.9,Neisseria gonorrhoeae,53163,272,normal,2224257.9779411764,31246.915374577122,2224855.5,2213761.0,2235923.0,22162.0,2153922.0,2309160.0,2159331.86,2307900.355,2165802.275,2286311.55,0.7846592914576812,9.89216126868941e-178,74670.03440902063
Neisseria gonorrhoeae,qualibact-v1.1,N50,non-normal,56312.3248876098,12011.6353823937,55929.0,47077.5,64571.0,17493.5,22038.0,148242.0,29856.62,88974.47000000003,35568.3,81357.84999999999,29856.62,88974.47,35568.3,81357.85,Neisseria gonorrhoeae,53163,0,,,,,,,,,,,,,,,,
Neisseria gonorrhoeae,qualibact-v1.1,number,non-normal,148.2757745048248,22.606756463592948,146.0,133.0,161.0,28.0,81.0,343.0,100.0,222.0,110.0,198.0,100.0,222.0,110.0,198.0,Neisseria gonorrhoeae,53163,0,,,,,,,,,,,,,,,,
Neisseria gonorrhoeae,qualibact-v1.1,longest,non-normal,185829.75150010345,37022.78556884857,207465.0,153168.5,207911.0,54742.5,67464.0,449678.0,93045.0,292983.6100000003,105671.05,255451.9,93045.0,292983.61,105671.05,255451.9,Neisseria gonorrhoeae,53163,0,,,,,,,,,,,,,,,,
Neisseria gonorrhoeae,qualibact-v1.1,GC_Content,non-normal,52.48871480164777,0.10465979547211987,52.4593,52.4118,52.579350000000005,0.16755000000000564,52.1338,52.8241,52.2802,52.743238000000005,52.3205,52.6922,52.061,52.7432,52.3205,52.6922,Neisseria gonorrhoeae,53163,272,normal,52.43840588235294,0.10361944710496733,52.420950000000005,52.364175,52.505525000000006,0.14135000000000275,52.061,52.7059,52.1234,52.6994395,52.2795425,52.6633125,0.221043134820657,4.134998819221481e-12,0.05030891929482119
Neisseria gonorrhoeae,qualibact-v1.1,Completeness_Specific,non-normal,99.9912015875703,0.003925559096561307,99.99,99.99,99.99,0.0,99.95,100.0,99.98,100.0,99.99,100.0,96.87,100.0,99.99,100.0,Neisseria gonorrhoeae,53163,272,non-normal,98.6252205882353,0.48528791774114477,98.75,98.35,98.99,0.6400000000000006,96.87,99.35,97.36905,99.35,97.54,99.28,1.0,0.0,1.3659809993350045
Neisseria gonorrhoeae,qualibact-v1.1,Contamination,non-normal,0.12401049602166922,0.03725692675444357,0.12,0.1,0.14,0.04000000000000001,0.01,0.64,0.05,0.26,0.07,0.19,0.05,2.14,0.07,0.19,Neisseria gonorrhoeae,53163,272,non-normal,0.42121323529411764,0.30886592627394543,0.29,0.19,0.68,0.49000000000000005,0.07,2.14,0.19,1.8547999999999956,0.19,1.0,0.9573490546831,0.0,0.29720273927244845
Neisseria gonorrhoeae,qualibact-v1.1,Total_Coding_Sequences,non-normal,2190.4611477907565,43.201466329455776,2193.0,2159.0,2219.0,60.0,2025.0,2377.0,2086.0,2300.0,2107.0,2276.0,2086.0,2476.0,2107.0,2276.0,Neisseria gonorrhoeae,53163,272,normal,2345.283088235294,39.656762747850124,2345.0,2327.75,2362.0,34.25,2250.0,2476.0,2254.355,2463.225,2271.55,2429.45,0.9437256506349506,0.0,154.82194044453738
Neisseria gonorrhoeae,qualibact-v1.1,Genome_Size,non-normal,2149587.943532156,31468.486952019528,2153974.0,2129156.5,2168237.0,39080.5,2029591.0,2241215.0,2076948.29,2220991.35,2088526.0,2209006.9,2076948.29,2309160.0,2088526.0,2209006.9,Neisseria gonorrhoeae,53163,272,normal,2224257.9779411764,31246.915374577122,2224855.5,2213761.0,2235923.0,22162.0,2153922.0,2309160.0,2159331.86,2307900.355,2165802.275,2286311.55,0.7846592914576812,9.89216126868941e-178,74670.03440902063
Neisseria lactamica,qualibact-v1.0,N50,non-normal,154647.44671201814,61879.16156282388,141500.0,119937.0,169392.5,49455.5,56390.0,329948.0,59668.92,328892.73,66825.15,328824.9,59668.92,328892.73,66825.15,328824.9,Neisseria lactamica,1323,0,,,,,,,,,,,,,,,,
Neisseria lactamica,qualibact-v1.0,number,non-normal,60.734693877551024,18.45523024701017,60.0,48.0,71.0,23.0,24.0,122.0,29.61,113.0,31.0,101.0,29.61,113.0,31.0,101.0,Neisseria lactamica,1323,0,,,,,,,,,,,,,,,,
Neisseria lactamica,qualibact-v1.0,longest,non-normal,346023.7770219199,109544.82012998873,344395.0,251019.0,440765.0,189746.0,124498.0,817527.0,127644.06,644317.260000001,144108.95,534698.0000000001,127644.06,644317.26,144108.95,534698.0,Neisseria lactamica,1323,0,,,,,,,,,,,,,,,,
Neisseria lactamica,qualibact-v1.0,GC_Content,non-normal,52.27600574452003,0.11362078038681105,52.299,52.21785,52.34905,0.13119999999999976,51.8382,52.5776,51.910871,52.517855999999995,51.988245,52.4577,51.9109,52.627,51.9882,52.4577,Neisseria lactamica,1323,4,insufficient_data,52.340575,0.18337838442684723,52.3071,52.236525,52.41115,0.17462499999999892,52.1211,52.627,52.1234085,52.622683,52.132642499999996,52.605415,0.25,0.9072365699850683,0.08431800831443752
Neisseria lactamica,qualibact-v1.0,Completeness_Specific,non-normal,100.0,0.0,100.0,100.0,100.0,0.0,100.0,100.0,100.0,100.0,100.0,100.0,99.04,100.0,100.0,100.0,Neisseria lactamica,1323,4,insufficient_data,99.2625,0.219473802536884,99.22,99.0625,99.42,0.3575000000000017,99.04,99.57,99.04045,99.567,99.04225000000001,99.55499999999999,1.0,1.554973267005529e-11,0.7375000000000007
Neisseria lactamica,qualibact-v1.0,Contamination,non-normal,0.09065759637188209,0.04284415933100328,0.07,0.06,0.12,0.06,0.0,0.36,0.01,0.21,0.04,0.19,0.01,0.3,0.04,0.19,Neisseria lactamica,1323,4,insufficient_data,0.25,0.08660254037844385,0.3,0.25,0.3,0.04999999999999999,0.1,0.3,0.10300000000000001,0.3,0.115,0.3,0.749244142101285,0.008014724895545581,0.1594331065759637
Neisseria lactamica,qualibact-v1.0,Total_Coding_Sequences,non-normal,2035.1360544217687,51.429170412473646,2024.0,2004.0,2069.0,65.0,1914.0,2254.0,1931.61,2189.3400000000006,1943.05,2147.75,1931.61,2264.0,1943.05,2147.75,Neisseria lactamica,1323,4,insufficient_data,2207.0,37.376463182061514,2200.0,2180.5,2226.5,46.0,2164.0,2264.0,2164.33,2263.25,2165.65,2260.25,0.9871504157218443,9.306515003028059e-08,171.86394557823132
Neisseria lactamica,qualibact-v1.0,Genome_Size,non-normal,2160711.3990929704,35929.8908404403,2152172.0,2131828.0,2188202.5,56374.5,2073858.0,2303527.0,2100497.16,2271914.93,2111543.65,2241091.9,2100497.16,2271914.93,2111543.65,2241091.9,Neisseria lactamica,1323,4,insufficient_data,2191610.5,27307.488080195148,2199556.5,2185847.5,2205319.5,19472.0,2146723.0,2220606.0,2147505.49,2220300.27,2150635.45,2219077.35,0.5874905517762661,0.0788188573585237,33501.91269841269
Neisseria lactamica,qualibact-v1.1,N50,non-normal,154647.44671201814,61879.16156282388,141500.0,119937.0,169392.5,49455.5,56390.0,329948.0,59668.92,328892.73,66825.15,328824.9,59668.92,328892.73,66825.15,328824.9,Neisseria lactamica,1323,0,,,,,,,,,,,,,,,,
Neisseria lactamica,qualibact-v1.1,number,non-normal,60.734693877551024,18.45523024701017,60.0,48.0,71.0,23.0,24.0,122.0,29.61,113.0,31.0,101.0,29.61,113.0,31.0,101.0,Neisseria lactamica,1323,0,,,,,,,,,,,,,,,,
Neisseria lactamica,qualibact-v1.1,longest,non-normal,346023.7770219199,109544.82012998873,344395.0,251019.0,440765.0,189746.0,124498.0,817527.0,127644.06,644317.260000001,144108.95,534698.0000000001,127644.06,644317.26,144108.95,534698.0,Neisseria lactamica,1323,0,,,,,,,,,,,,,,,,
Neisseria lactamica,qualibact-v1.1,GC_Content,non-normal,52.27600574452003,0.11362078038681105,52.299,52.21785,52.34905,0.13119999999999976,51.8382,52.5776,51.910871,52.517855999999995,51.988245,52.4577,51.9109,52.627,51.9882,52.4577,Neisseria lactamica,1323,4,insufficient_data,52.340575,0.18337838442684723,52.3071,52.236525,52.41115,0.17462499999999892,52.1211,52.627,52.1234085,52.622683,52.132642499999996,52.605415,0.25,0.9072365699850683,0.08431800831443752
Neisseria lactamica,qualibact-v1.1,Completeness_Specific,non-normal,100.0,0.0,100.0,100.0,100.0,0.0,100.0,100.0,100.0,100.0,100.0,100.0,99.04,100.0,100.0,100.0,Neisseria lactamica,1323,4,insufficient_data,99.2625,0.219473802536884,99.22,99.0625,99.42,0.3575000000000017,99.04,99.57,99.04045,99.567,99.04225000000001,99.55499999999999,1.0,1.554973267005529e-11,0.7375000000000007
Neisseria lactamica,qualibact-v1.1,Contamination,non-normal,0.09065759637188209,0.04284415933100328,0.07,0.06,0.12,0.06,0.0,0.36,0.01,0.21,0.04,0.19,0.01,0.3,0.04,0.19,Neisseria lactamica,1323,4,insufficient_data,0.25,0.08660254037844385,0.3,0.25,0.3,0.04999999999999999,0.1,0.3,0.10300000000000001,0.3,0.115,0.3,0.749244142101285,0.008014724895545581,0.1594331065759637
Neisseria lactamica,qualibact-v1.1,Total_Coding_Sequences,non-normal,2035.1360544217687,51.429170412473646,2024.0,2004.0,2069.0,65.0,1914.0,2254.0,1931.61,2189.3400000000006,1943.05,2147.75,1931.61,2264.0,1943.05,2147.75,Neisseria lactamica,1323,4,insufficient_data,2207.0,37.376463182061514,2200.0,2180.5,2226.5,46.0,2164.0,2264.0,2164.33,2263.25,2165.65,2260.25,0.9871504157218443,9.306515003028059e-08,171.86394557823132
Neisseria lactamica,qualibact-v1.1,Genome_Size,non-normal,2160711.3990929704,35929.8908404403,2152172.0,2131828.0,2188202.5,56374.5,2073858.0,2303527.0,2100497.16,2271914.93,2111543.65,2241091.9,2100497.16,2271914.93,2111543.65,2241091.9,Neisseria lactamica,1323,4,insufficient_data,2191610.5,27307.488080195148,2199556.5,2185847.5,2205319.5,19472.0,2146723.0,2220606.0,2147505.49,2220300.27,2150635.45,2219077.35,0.5874905517762661,0.0788188573585237,33501.91269841269
Neisseria meningitidis,qualibact-v1.0,N50,non-normal,46551.34387215811,13745.779381949822,47804.0,35376.0,57668.0,22292.0,12980.0,116825.0,19859.2,79132.0,23029.0,71562.0,19859.2,79132.0,23029.0,71562.0,Neisseria meningitidis,31977,0,,,,,,,,,,,,,,,,
Neisseria meningitidis,qualibact-v1.0,number,non-normal,186.8733151952966,37.95075418138274,186.0,162.0,209.0,47.0,72.0,348.0,99.0,302.0,115.0,267.0,99.0,302.0,115.0,267.0,Neisseria meningitidis,31977,0,,,,,,,,,,,,,,,,
Neisseria meningitidis,qualibact-v1.0,longest,non-normal,154109.11148638083,43742.32127274136,154618.0,120951.0,176675.0,55724.0,43472.0,391188.0,67968.0,273518.68,80036.8,255740.0,67968.0,273518.68,80036.8,255740.0,Neisseria meningitidis,31977,0,,,,,,,,,,,,,,,,
Neisseria meningitidis,qualibact-v1.0,GC_Content,non-normal,51.71914446320793,0.1711881515501043,51.728,51.5842,51.8304,0.24619999999999465,51.222,52.3158,51.303188,52.143036,51.42858,52.07126,51.0506,52.143,51.4286,52.0713,Neisseria meningitidis,31977,139,non-normal,51.64499064748202,0.1441599031711472,51.6699,51.5817,51.73265,0.1509500000000017,51.0506,51.9673,51.198398000000005,51.953431,51.348884999999996,51.88682,0.301993361685546,1.1613093111250192e-11,0.07420556884073405
Neisseria meningitidis,qualibact-v1.0,Completeness_Specific,non-normal,99.99289332958064,0.007099886751326377,99.99,99.99,100.0,0.010000000000005116,99.95,100.0,99.97,100.0,99.98,100.0,97.33,100.0,99.98,100.0,Neisseria meningitidis,31977,139,non-normal,99.05143884892087,0.4029202058766857,99.15,98.84,99.405,0.5649999999999977,97.33,99.53,97.5094,99.4955,98.0785,99.48,1.0,0.0,0.9414544806597708
Neisseria meningitidis,qualibact-v1.0,Contamination,non-normal,0.009809863339275103,0.019716415211034014,0.0,0.0,0.01,0.01,0.0,0.45,0.0,0.12,0.0,0.07,0.0,2.47,0.0,0.07,Neisseria meningitidis,31977,139,non-normal,0.23582733812949636,0.2532945488186822,0.15,0.15,0.15,0.0,0.15,2.47,0.15,1.4488000000000034,0.15,0.8304999999999981,0.9983112862369828,0.0,0.22601747479022122
Neisseria meningitidis,qualibact-v1.0,Total_Coding_Sequences,non-normal,2045.9143759577196,57.31166874833136,2041.0,2007.0,2088.0,81.0,1893.0,2286.0,1925.0,2199.0,1939.0,2164.0,1925.0,2423.0,1939.0,2164.0,Neisseria meningitidis,31977,139,non-normal,2206.2589928057555,48.774822218423274,2185.0,2171.0,2236.5,65.5,2133.0,2423.0,2137.83,2356.07,2155.35,2309.65,0.9495230722261482,2.127417991447459e-179,160.34461684803577
Neisseria meningitidis,qualibact-v1.0,Genome_Size,non-normal,2128892.422584983,45021.47791639198,2126309.0,2096751.0,2162763.0,66012.0,1994401.0,2303681.0,2032579.16,2248260.44,2047121.0,2222475.0,2032579.16,2397461.0,2047121.0,2222475.0,Neisseria meningitidis,31977,139,non-normal,2198207.007194245,45076.43512624524,2176177.0,2169753.5,2215725.0,45971.5,2125261.0,2397461.0,2139084.46,2347340.0900000003,2154859.85,2308954.25,0.69790472153659,8.083313738601438e-68,69314.58460926166
Neisseria meningitidis,qualibact-v1.1,N50,non-normal,46360.25589757897,13656.536943591815,47674.0,35238.0,57422.0,22184.0,12351.0,116825.0,18777.88,78040.42,18777.88,78040.42,Neisseria meningitidis,32259,0,,,,,,,,,,,,,,
Neisseria meningitidis,qualibact-v1.1,number,non-normal,187.86933878917512,38.1278618581116,186.0,163.0,210.0,47.0,72.0,368.0,101.0,306.0,101.0,306.0,Neisseria meningitidis,32259,0,,,,,,,,,,,,,,
Neisseria meningitidis,qualibact-v1.1,longest,non-normal,154385.16528720668,44801.33945823302,154391.0,120635.0,176633.5,55998.5,47785.0,391188.0,67734.74,282981.49999999994,67734.74,282981.5,Neisseria meningitidis,32259,0,,,,,,,,,,,,,,
Neisseria meningitidis,qualibact-v1.1,GC_Content,non-normal,0.5171579911342571,0.0017008859868293145,0.517249,0.5158229999999999,0.518285,0.0024620000000000752,0.5117499999999999,0.523158,0.51291116,0.521412,0.5105,0.5214,Neisseria meningitidis,32259,127,non-normal,0.5165115590551181,0.0015147974509414253,0.516914,0.5156785,0.5173435,0.0016649999999999165,0.510506,0.519673,0.51185546,0.51954637,0.2729412264367168,7.510659340641722e-09,0.0006470318765952642
Neisseria meningitidis,qualibact-v1.1,Completeness_Specific,non-normal,99.99281781828327,0.007406610492059976,99.99,99.99,100.0,0.010000000000005116,99.92,100.0,99.96,100.0,97.12,100.0,Neisseria meningitidis,32259,127,non-normal,99.03015748031494,0.4477449784767342,99.16,98.8,99.39,0.5900000000000034,97.12,99.53,97.2523,99.4985,1.0,0.0,0.9626603379683075
Neisseria meningitidis,qualibact-v1.1,Contamination,non-normal,0.010084937536811433,0.02183835971177623,0.0,0.0,0.01,0.01,0.0,0.58,0.0,0.12,0.0,2.47,Neisseria meningitidis,32259,127,non-normal,0.24157480314960622,0.2600527662896177,0.15,0.15,0.175,0.024999999999999994,0.15,2.47,0.15,1.537600000000007,0.9976440683220187,0.0,0.23148986561279486
Neisseria meningitidis,qualibact-v1.1,Total_Coding_Sequences,non-normal,2047.1643262345392,57.5852396484604,2042.0,2009.0,2090.0,81.0,1893.0,2286.0,1926.0,2201.0,1926.0,2420.0,Neisseria meningitidis,32259,127,non-normal,2209.4015748031497,49.114242500700676,2192.0,2171.0,2244.0,73.0,2133.0,2420.0,2136.15,2360.1500000000005,0.9410702207746212,1.3600781512424257e-156,162.2372485686104
Neisseria meningitidis,qualibact-v1.1,Genome_Size,non-normal,2129829.502309433,45394.16683355493,2126679.0,2097130.0,2164264.5,67134.5,1994401.0,2303681.0,2033458.67,2250575.02,2033458.67,2397461.0,Neisseria meningitidis,32259,127,non-normal,2201135.7952755904,46091.137006891135,2181327.0,2171316.5,2226224.5,54908.0,2125261.0,2397461.0,2137882.42,2351698.43,0.6907524799891039,5.9232680134014075e-61,71306.29296615752
Neisseria perflava,qualibact-v1.0,N50,normal,314038.28723404254,98708.96613585306,308500.0,248356.0,387670.75,139314.75,137787.0,592192.0,137838.15,546829.3899999997,149115.575,488392.875,137838.15,546829.39,149115.58,488392.88,Neisseria perflava,94,0,,,,,,,,,,,,,,,,
Neisseria perflava,qualibact-v1.0,number,non-normal,39.5531914893617,12.913473930872817,38.5,29.0,48.5,19.5,16.0,69.0,16.0,68.535,18.65,62.349999999999994,16.0,68.54,18.65,62.35,Neisseria perflava,94,0,,,,,,,,,,,,,,,,
Neisseria perflava,qualibact-v1.0,longest,non-normal,489304.21276595746,127742.78792115672,451271.5,391835.75,603069.75,211234.0,246198.0,958844.0,253654.275,833712.964999999,320093.0,685561.55,253654.28,833712.96,320093.0,685561.55,Neisseria perflava,94,0,,,,,,,,,,,,,,,,
Neisseria perflava,qualibact-v1.0,GC_Content,normal,49.034656382978724,0.1368292044216504,49.0245,48.954075,49.13555,0.18147499999999894,48.6903,49.3101,48.7158285,49.307914499999995,48.798705000000005,49.301935,48.7158,49.3079,48.7987,49.3019,Neisseria perflava,94,2,insufficient_data,48.94585,0.10394999999999754,48.94585,48.893875,48.997825,0.10394999999999754,48.8419,49.0498,48.8429395,49.0487605,48.847097500000004,49.044602499999996,0.4148936170212766,0.8026315789473685,0.10078085106382985
Neisseria perflava,qualibact-v1.0,Completeness_Specific,non-normal,100.0,0.0,100.0,100.0,100.0,0.0,100.0,100.0,100.0,100.0,100.0,100.0,99.37,100.0,100.0,100.0,Neisseria perflava,94,2,insufficient_data,99.39,0.01999999999999602,99.39,99.38,99.4,0.020000000000010232,99.37,99.41,99.37020000000001,99.40979999999999,99.37100000000001,99.40899999999999,1.0,0.0004385964912280702,0.6099999999999994
Neisseria perflava,qualibact-v1.0,Contamination,non-normal,0.05,0.0750886001490268,0.02,0.01,0.05,0.04,0.0,0.54,0.0,0.41909999999999914,0.0,0.21349999999999994,0.0,1.5,0.0,0.21,Neisseria perflava,94,2,insufficient_data,1.05,0.45,1.05,0.825,1.275,0.44999999999999996,0.6,1.5,0.6044999999999999,1.4955,0.6224999999999999,1.4775,1.0,0.0004385964912280702,1.0
Neisseria perflava,qualibact-v1.0,Total_Coding_Sequences,normal,2170.244680851064,79.6385032199307,2163.5,2111.25,2231.0,119.75,2024.0,2376.0,2030.51,2349.495,2044.325,2316.4,2030.51,2349.5,2044.32,2316.4,Neisseria perflava,94,2,insufficient_data,2210.5,11.5,2210.5,2204.75,2216.25,11.5,2199.0,2222.0,2199.115,2221.885,2199.575,2221.425,0.6595744680851063,0.24605263157894744,69.27659574468083
Neisseria perflava,qualibact-v1.0,Genome_Size,normal,2266572.8085106383,64601.05633321787,2264598.0,2223655.0,2314090.0,90435.0,2150294.0,2432793.0,2153110.505,2427741.2399999998,2156963.5,2371851.8,2153110.5,2427741.24,2156963.5,2371851.8,Neisseria perflava,94,2,insufficient_data,2314594.0,29926.0,2314594.0,2299631.0,2329557.0,29926.0,2284668.0,2344520.0,2284967.26,2344220.74,2286164.3,2343023.7,0.5851063829787234,0.3596491228070177,54214.87234042553
Neisseria perflava,qualibact-v1.1,N50,normal,314038.28723404254,98708.96613585306,308500.0,248356.0,387670.75,139314.75,137787.0,592192.0,137838.15,546829.3899999997,149115.575,488392.875,137838.15,546829.39,149115.58,488392.88,Neisseria perflava,94,0,,,,,,,,,,,,,,,,
Neisseria perflava,qualibact-v1.1,number,non-normal,39.5531914893617,12.913473930872817,38.5,29.0,48.5,19.5,16.0,69.0,16.0,68.535,18.65,62.349999999999994,16.0,68.54,18.65,62.35,Neisseria perflava,94,0,,,,,,,,,,,,,,,,
Neisseria perflava,qualibact-v1.1,longest,non-normal,489304.21276595746,127742.78792115672,451271.5,391835.75,603069.75,211234.0,246198.0,958844.0,253654.275,833712.964999999,320093.0,685561.55,253654.28,833712.96,320093.0,685561.55,Neisseria perflava,94,0,,,,,,,,,,,,,,,,
Neisseria perflava,qualibact-v1.1,GC_Content,normal,49.034656382978724,0.1368292044216504,49.0245,48.954075,49.13555,0.18147499999999894,48.6903,49.3101,48.7158285,49.307914499999995,48.798705000000005,49.301935,48.7158,49.3079,48.7987,49.3019,Neisseria perflava,94,2,insufficient_data,48.94585,0.10394999999999754,48.94585,48.893875,48.997825,0.10394999999999754,48.8419,49.0498,48.8429395,49.0487605,48.847097500000004,49.044602499999996,0.4148936170212766,0.8026315789473685,0.10078085106382985
Neisseria perflava,qualibact-v1.1,Completeness_Specific,non-normal,100.0,0.0,100.0,100.0,100.0,0.0,100.0,100.0,100.0,100.0,100.0,100.0,99.37,100.0,100.0,100.0,Neisseria perflava,94,2,insufficient_data,99.39,0.01999999999999602,99.39,99.38,99.4,0.020000000000010232,99.37,99.41,99.37020000000001,99.40979999999999,99.37100000000001,99.40899999999999,1.0,0.0004385964912280702,0.6099999999999994
Neisseria perflava,qualibact-v1.1,Contamination,non-normal,0.05,0.0750886001490268,0.02,0.01,0.05,0.04,0.0,0.54,0.0,0.41909999999999914,0.0,0.21349999999999994,0.0,1.5,0.0,0.21,Neisseria perflava,94,2,insufficient_data,1.05,0.45,1.05,0.825,1.275,0.44999999999999996,0.6,1.5,0.6044999999999999,1.4955,0.6224999999999999,1.4775,1.0,0.0004385964912280702,1.0
Neisseria perflava,qualibact-v1.1,Total_Coding_Sequences,normal,2170.244680851064,79.6385032199307,2163.5,2111.25,2231.0,119.75,2024.0,2376.0,2030.51,2349.495,2044.325,2316.4,2030.51,2349.5,2044.32,2316.4,Neisseria perflava,94,2,insufficient_data,2210.5,11.5,2210.5,2204.75,2216.25,11.5,2199.0,2222.0,2199.115,2221.885,2199.575,2221.425,0.6595744680851063,0.24605263157894744,69.27659574468083
Neisseria perflava,qualibact-v1.1,Genome_Size,normal,2266572.8085106383,64601.05633321787,2264598.0,2223655.0,2314090.0,90435.0,2150294.0,2432793.0,2153110.505,2427741.2399999998,2156963.5,2371851.8,2153110.5,2427741.24,2156963.5,2371851.8,Neisseria perflava,94,2,insufficient_data,2314594.0,29926.0,2314594.0,2299631.0,2329557.0,29926.0,2284668.0,2344520.0,2284967.26,2344220.74,2286164.3,2343023.7,0.5851063829787234,0.3596491228070177,54214.87234042553
Neisseria polysaccharea,qualibact-v1.0,N50,non-normal,151771.4716981132,42352.162836934076,149082.5,123967.0,169662.5,45695.5,65319.0,317896.0,67888.875,305429.8749999999,78055.75,238545.25,67888.88,305429.87,78055.75,238545.25,Neisseria polysaccharea,106,0,,,,,,,,,,,,,,,,
Neisseria polysaccharea,qualibact-v1.0,number,non-normal,43.716981132075475,13.54221541822483,42.5,33.25,50.0,16.75,20.0,88.0,20.525,84.84999999999997,22.625,76.0,20.52,84.85,22.62,76.0,Neisseria polysaccharea,106,0,,,,,,,,,,,,,,,,
Neisseria polysaccharea,qualibact-v1.0,longest,non-normal,300787.71698113205,124649.6264905782,240144.0,201829.75,393332.25,191502.5,146060.0,638576.0,151296.875,613953.4999999998,177034.5,579736.0,151296.88,613953.5,177034.5,579736.0,Neisseria polysaccharea,106,0,,,,,,,,,,,,,,,,
Neisseria polysaccharea,qualibact-v1.0,GC_Content,non-normal,52.00645188679245,0.21665004310104652,52.084,51.839325,52.16205,0.3227249999999984,51.5143,52.3853,51.52144,52.34561,51.539725,52.2804625,51.5214,52.3456,51.5397,52.2805,Neisseria polysaccharea,106,1,insufficient_data,52.1317,0.0,52.1317,52.1317,52.1317,0.0,52.1317,52.1317,52.1317,52.1317,52.1317,52.1317,0.6415094339622641,0.7289719626168224,0.17965754716981217
Neisseria polysaccharea,qualibact-v1.0,Completeness_Specific,non-normal,99.9935849056604,0.007913289424721423,100.0,99.99,100.0,0.010000000000005116,99.97,100.0,99.97,100.0,99.97,100.0,98.06,100.0,99.97,100.0,Neisseria polysaccharea,106,1,insufficient_data,98.06,0.0,98.06,98.06,98.06,0.0,98.06,98.06,98.06,98.06,98.06,98.06,1.0,0.018691588785046728,1.9335849056603736
Neisseria polysaccharea,qualibact-v1.0,Contamination,non-normal,0.036792452830188685,0.04529873940957774,0.01,0.01,0.0475,0.0375,0.0,0.15,0.0,0.15,0.0,0.14375000000000002,0.0,0.2,0.0,0.14,Neisseria polysaccharea,106,1,insufficient_data,0.2,0.0,0.2,0.2,0.2,0.0,0.2,0.2,0.2,0.2,0.2,0.2,1.0,0.018691588785046728,0.16320754716981134
Neisseria polysaccharea,qualibact-v1.0,Total_Coding_Sequences,normal,1965.566037735849,57.386149612248175,1966.0,1913.75,2004.5,90.75,1843.0,2121.0,1845.625,2114.7,1884.875,2103.625,1845.62,2114.7,1884.88,2103.62,Neisseria polysaccharea,106,1,insufficient_data,2063.0,0.0,2063.0,2063.0,2063.0,0.0,2063.0,2063.0,2063.0,2063.0,2063.0,2063.0,0.9245283018867925,0.16822429906542055,102.13207547169812
Neisseria polysaccharea,qualibact-v1.0,Genome_Size,normal,2056370.2264150945,50621.96025055839,2056070.0,2014644.75,2087770.5,73125.75,1977328.0,2196845.0,1977394.15,2186566.55,1979482.5,2169894.5,1977394.15,2186566.55,1979482.5,2169894.5,Neisseria polysaccharea,106,1,insufficient_data,2024930.0,0.0,2024930.0,2024930.0,2024930.0,0.0,2024930.0,2024930.0,2024930.0,2024930.0,2024930.0,2024930.0,0.6320754716981132,0.7476635514018691,46449.28301886792
Neisseria polysaccharea,qualibact-v1.1,N50,non-normal,151771.4716981132,42352.162836934076,149082.5,123967.0,169662.5,45695.5,65319.0,317896.0,67888.875,305429.8749999999,78055.75,238545.25,67888.88,305429.87,78055.75,238545.25,Neisseria polysaccharea,106,0,,,,,,,,,,,,,,,,
Neisseria polysaccharea,qualibact-v1.1,number,non-normal,43.716981132075475,13.54221541822483,42.5,33.25,50.0,16.75,20.0,88.0,20.525,84.84999999999997,22.625,76.0,20.52,84.85,22.62,76.0,Neisseria polysaccharea,106,0,,,,,,,,,,,,,,,,
Neisseria polysaccharea,qualibact-v1.1,longest,non-normal,300787.71698113205,124649.6264905782,240144.0,201829.75,393332.25,191502.5,146060.0,638576.0,151296.875,613953.4999999998,177034.5,579736.0,151296.88,613953.5,177034.5,579736.0,Neisseria polysaccharea,106,0,,,,,,,,,,,,,,,,
Neisseria polysaccharea,qualibact-v1.1,GC_Content,non-normal,52.00645188679245,0.21665004310104652,52.084,51.839325,52.16205,0.3227249999999984,51.5143,52.3853,51.52144,52.34561,51.539725,52.2804625,51.5214,52.3456,51.5397,52.2805,Neisseria polysaccharea,106,1,insufficient_data,52.1317,0.0,52.1317,52.1317,52.1317,0.0,52.1317,52.1317,52.1317,52.1317,52.1317,52.1317,0.6415094339622641,0.7289719626168224,0.17965754716981217
Neisseria polysaccharea,qualibact-v1.1,Completeness_Specific,non-normal,99.9935849056604,0.007913289424721423,100.0,99.99,100.0,0.010000000000005116,99.97,100.0,99.97,100.0,99.97,100.0,98.06,100.0,99.97,100.0,Neisseria polysaccharea,106,1,insufficient_data,98.06,0.0,98.06,98.06,98.06,0.0,98.06,98.06,98.06,98.06,98.06,98.06,1.0,0.018691588785046728,1.9335849056603736
Neisseria polysaccharea,qualibact-v1.1,Contamination,non-normal,0.036792452830188685,0.04529873940957774,0.01,0.01,0.0475,0.0375,0.0,0.15,0.0,0.15,0.0,0.14375000000000002,0.0,0.2,0.0,0.14,Neisseria polysaccharea,106,1,insufficient_data,0.2,0.0,0.2,0.2,0.2,0.0,0.2,0.2,0.2,0.2,0.2,0.2,1.0,0.018691588785046728,0.16320754716981134
Neisseria polysaccharea,qualibact-v1.1,Total_Coding_Sequences,normal,1965.566037735849,57.386149612248175,1966.0,1913.75,2004.5,90.75,1843.0,2121.0,1845.625,2114.7,1884.875,2103.625,1845.62,2114.7,1884.88,2103.62,Neisseria polysaccharea,106,1,insufficient_data,2063.0,0.0,2063.0,2063.0,2063.0,0.0,2063.0,2063.0,2063.0,2063.0,2063.0,2063.0,0.9245283018867925,0.16822429906542055,102.13207547169812
Neisseria polysaccharea,qualibact-v1.1,Genome_Size,normal,2056370.2264150945,50621.96025055839,2056070.0,2014644.75,2087770.5,73125.75,1977328.0,2196845.0,1977394.15,2186566.55,1979482.5,2169894.5,1977394.15,2186566.55,1979482.5,2169894.5,Neisseria polysaccharea,106,1,insufficient_data,2024930.0,0.0,2024930.0,2024930.0,2024930.0,0.0,2024930.0,2024930.0,2024930.0,2024930.0,2024930.0,2024930.0,0.6320754716981132,0.7476635514018691,46449.28301886792
Oenococcus oeni,qualibact-v1.0,N50,non-normal,152211.4144144144,42217.52997722404,137255.0,136816.0,154629.0,17813.0,84531.0,241972.0,86448.85,241946.7,93948.25,241925.0,86448.85,241946.7,93948.25,241925.0,Oenococcus oeni,111,0,,,,,,,,,,,,,,,,
Oenococcus oeni,qualibact-v1.0,number,non-normal,35.06306306306306,7.847969013997933,33.0,29.0,39.5,10.5,22.0,63.0,23.1,60.250000000000014,26.75,53.5,23.1,60.25,26.75,53.5,Oenococcus oeni,111,0,,,,,,,,,,,,,,,,
Oenococcus oeni,qualibact-v1.0,longest,non-normal,404745.63063063065,64344.35880100303,446268.0,379670.0,450608.0,70938.0,220138.0,514002.0,220941.0,489741.5000000001,230317.25,451081.25,220941.0,489741.5,230317.25,451081.25,Oenococcus oeni,111,0,,,,,,,,,,,,,,,,
Oenococcus oeni,qualibact-v1.0,GC_Content,non-normal,37.90448108108107,0.09396443405512415,37.9356,37.827349999999996,37.9581,0.13075000000000614,37.7101,38.0607,37.71032,38.060205,37.7189,38.0593,37.7103,38.0747,37.7189,38.0593,Oenococcus oeni,111,9,normal,37.8454,0.09984052839959846,37.8149,37.7983,37.8889,0.09060000000000201,37.7336,38.0747,37.7336,38.06858,37.7336,38.0441,0.46546546546546547,0.03666597606580897,0.06731231231231259
Oenococcus oeni,qualibact-v1.0,Completeness_Specific,non-normal,99.80369369369369,0.1262410673170494,99.79,99.77,99.88499999999999,0.11499999999999488,99.38,99.99,99.3965,99.99,99.435,99.9825,96.71,99.99,99.44,99.98,Oenococcus oeni,111,9,normal,97.69333333333333,0.8204605752597467,97.4,97.13,98.27,1.1400000000000006,96.71,99.02,96.7136,99.0188,96.728,99.014,1.0,1.9126689382358785e-13,2.1103603603603633
Oenococcus oeni,qualibact-v1.0,Contamination,normal,1.2855855855855858,0.49801169472263696,1.45,0.935,1.55,0.615,0.25,2.99,0.261,2.5500000000000025,0.2875,2.0825,0.26,3.39,0.29,2.08,Oenococcus oeni,111,9,normal,1.74,1.158217020539185,0.93,0.89,3.35,2.46,0.89,3.39,0.89,3.39,0.89,3.39,0.34234234234234234,0.22616910162818965,0.7741741741741742
Oenococcus oeni,qualibact-v1.0,Total_Coding_Sequences,normal,1889.8108108108108,44.180733135877986,1885.0,1856.5,1927.0,70.5,1789.0,1988.0,1789.55,1979.75,1811.5,1971.25,1789.55,2070.0,1811.5,1971.25,Oenococcus oeni,111,9,non-normal,1916.111111111111,64.11525116615208,1907.0,1885.0,1911.0,26.0,1852.0,2070.0,1852.08,2066.12,1852.4,2050.6,0.2552552552552553,0.565588437336491,29.033033033033036
Oenococcus oeni,qualibact-v1.0,Genome_Size,normal,1814845.4414414414,33822.38831309116,1809244.0,1789690.0,1842791.5,53101.5,1729845.0,1888919.0,1740923.65,1888579.1,1756963.0,1877073.75,1740923.65,1989703.0,1756963.0,1877073.75,Oenococcus oeni,111,9,normal,1865802.5555555555,54006.92934164633,1862087.0,1834577.0,1876981.0,42404.0,1780517.0,1989703.0,1782369.28,1985797.84,1789778.4,1970177.2,0.5585585585585585,0.00590181182615156,50957.11411411412
Ornithobacterium rhinotracheale,qualibact-v1.0,N50,normal,88680.64968152867,25774.29459971593,90045.0,73782.0,98273.0,24491.0,23649.0,155876.0,29598.06,151866.8,33589.4,150213.1,29598.06,151866.8,33589.4,150213.1,Ornithobacterium rhinotracheale,157,0,,,,,,,,,,,,,,,,
Ornithobacterium rhinotracheale,qualibact-v1.0,number,non-normal,101.01273885350318,26.795756689728222,94.0,84.0,112.0,28.0,61.0,222.0,61.78,204.83999999999997,67.8,170.09999999999994,61.78,204.84,67.8,170.1,Ornithobacterium rhinotracheale,157,0,,,,,,,,,,,,,,,,
Ornithobacterium rhinotracheale,qualibact-v1.0,longest,non-normal,213801.5923566879,45471.97956423139,209056.0,201210.0,228624.0,27414.0,83029.0,423189.0,106526.5,422718.66,119823.1,304107.4999999999,106526.5,422718.66,119823.1,304107.5,Ornithobacterium rhinotracheale,157,0,,,,,,,,,,,,,,,,
Ornithobacterium rhinotracheale,qualibact-v1.0,GC_Content,non-normal,37.59735541401273,0.10716100000894807,37.625,37.5308,37.6738,0.14300000000000068,37.2094,37.8323,37.224298,37.788308,37.25557,37.72396,37.2176,37.7883,37.2556,37.724,Ornithobacterium rhinotracheale,157,5,insufficient_data,37.40292,0.09301024459703494,37.4517,37.4339,37.4553,0.021399999999999864,37.2176,37.4561,37.221925999999996,37.456084,37.23923,37.45602,0.9235668789808917,1.416597471328644e-05,0.19453987261146458
Ornithobacterium rhinotracheale,qualibact-v1.0,Completeness_Specific,non-normal,99.9254777070064,0.0295711569722676,99.93,99.91,99.95,0.04000000000000625,99.77,99.97,99.8402,99.97,99.87,99.96,95.2,99.97,99.87,99.96,Ornithobacterium rhinotracheale,157,5,insufficient_data,95.576,0.43297113067732423,95.26,95.26,95.87,0.6099999999999994,95.2,96.29,95.2012,96.28160000000001,95.206,96.248,1.0,2.289265467564066e-09,4.349477707006365
Ornithobacterium rhinotracheale,qualibact-v1.0,Contamination,non-normal,0.11636942675159233,0.07998529216903351,0.12,0.02,0.17,0.15000000000000002,0.01,0.45,0.01,0.41879999999999995,0.01,0.23099999999999996,0.01,1.72,0.01,0.23,Ornithobacterium rhinotracheale,157,5,insufficient_data,1.136,0.397773805070168,1.19,1.11,1.19,0.07999999999999985,0.47,1.72,0.48279999999999995,1.7094,0.534,1.6669999999999998,1.0,2.289265467564066e-09,1.0196305732484074
Ornithobacterium rhinotracheale,qualibact-v1.0,Total_Coding_Sequences,non-normal,2248.770700636943,48.53298472704391,2235.0,2218.0,2282.0,64.0,2150.0,2426.0,2160.14,2384.66,2172.1,2350.0,2160.14,2384.66,2172.1,2350.0,Ornithobacterium rhinotracheale,157,5,insufficient_data,2324.6,10.725670142233538,2326.0,2316.0,2328.0,12.0,2311.0,2342.0,2311.1,2341.72,2311.5,2340.6,0.8662420382165605,0.00015058788245636432,77.96942675159235
Ornithobacterium rhinotracheale,qualibact-v1.0,Genome_Size,non-normal,2324354.8343949043,31178.333965500704,2316605.0,2305806.0,2345681.0,39875.0,2255806.0,2414481.0,2265171.46,2403961.14,2274546.2,2394499.9,2265171.46,2418866.0,2274546.2,2394499.9,Ornithobacterium rhinotracheale,157,5,insufficient_data,2404748.6,8402.09361052351,2399175.0,2397867.0,2409995.0,12128.0,2397840.0,2418866.0,2397840.54,2418688.58,2397842.7,2417978.9,0.9872611464968153,4.8074574818845373e-08,80393.76560509554
Paenibacillus larvae,qualibact-v1.0,N50,non-normal,58792.25503355705,19456.017670420562,62546.0,49743.0,77049.5,27306.5,19971.0,85236.0,21844.04,84597.0,24001.4,80254.0,21844.04,84597.0,24001.4,80254.0,Paenibacillus larvae,1043,0,,,,,,,,,,,,,,,,
Paenibacillus larvae,qualibact-v1.0,number,non-normal,303.5273250239693,82.41218325837568,288.0,246.0,353.0,107.0,172.0,852.0,179.0,786.3199999999997,208.0,457.94999999999993,179.0,786.32,208.0,457.95,Paenibacillus larvae,1043,0,,,,,,,,,,,,,,,,
Paenibacillus larvae,qualibact-v1.0,longest,non-normal,180118.9798657718,42164.27920727006,195601.0,164665.0,213857.0,49192.0,82638.0,320416.0,96946.31,239408.03999999998,100891.0,218665.9,96946.31,239408.04,100891.0,218665.9,Paenibacillus larvae,1043,0,,,,,,,,,,,,,,,,
Paenibacillus larvae,qualibact-v1.0,GC_Content,non-normal,44.15062751677853,0.21592836824092249,44.0613,44.03075,44.10665,0.0759000000000043,43.9361,44.8692,43.948910000000005,44.802291,43.97224,44.61031,43.7793,45.0059,43.9722,44.6103,Paenibacillus larvae,1043,12,non-normal,44.24814166666667,0.3488441831208058,44.158699999999996,44.093424999999996,44.206649999999996,0.11322499999999991,43.7793,45.0059,43.791653,45.003567999999994,43.841065,44.99424,0.5083892617449665,0.0022862800304467483,0.14201622722914656
Paenibacillus larvae,qualibact-v1.0,Completeness_Specific,non-normal,99.97958772770853,0.01685544891468828,99.98,99.97,99.99,0.01999999999999602,99.88,100.0,99.92,100.0,99.94,100.0,86.23,100.0,99.94,100.0,Paenibacillus larvae,1043,12,non-normal,96.77083333333333,4.48023894142067,99.125,97.1125,99.4,2.2875000000000085,86.23,99.72,86.3169,99.72,86.6645,99.72,1.0,5.365446106957976e-28,3.2087543943751977
Paenibacillus larvae,qualibact-v1.0,Contamination,non-normal,1.3280249280920422,0.4555181338123631,1.35,0.96,1.64,0.6799999999999999,0.57,4.07,0.6163,3.06,0.68,2.03,0.14,3.06,0.68,2.03,Paenibacillus larvae,1043,5,insufficient_data,0.39,0.49999999999999994,0.14,0.14,0.14,0.0,0.14,1.39,0.14,1.3649999999999998,0.14,1.2649999999999997,0.8,0.0006679395540249024,0.9380249280920423
Paenibacillus larvae,qualibact-v1.0,Total_Coding_Sequences,non-normal,4448.455417066155,251.28338785785417,4494.0,4316.5,4635.0,318.5,3793.0,4960.0,3803.0,4905.79,3857.2,4818.0,3803.0,5272.0,3857.2,4818.0,Paenibacillus larvae,1043,12,normal,4678.583333333333,341.01013140700417,4651.5,4556.5,4889.75,333.25,4068.0,5272.0,4069.1,5261.385,4073.5,5218.925,0.44407158836689037,0.011962304861254353,230.8012943432407
Paenibacillus larvae,qualibact-v1.0,Genome_Size,non-normal,4123074.7583892616,205149.47174861896,4177480.0,4055503.5,4253963.0,198459.5,3662128.0,4468789.0,3682655.14,4438352.15,3700339.1,4386330.05,3682655.14,4794868.0,3700339.1,4386330.05,Paenibacillus larvae,1043,12,normal,4424424.0,232726.93263995036,4411190.0,4289699.25,4566021.5,276322.25,4054587.0,4794868.0,4054665.045,4792689.23,4054977.225,4783974.15,0.6271971875998722,4.8676144992823553e-05,301349.2416107383
Parabacteroides distasonis,qualibact-v1.0,N50,non-normal,229649.8954685891,103227.4546209235,225744.5,147754.0,295261.0,147507.0,19974.0,682423.0,33001.715,576622.6550000007,69203.925,426479.6,33001.71,576622.66,69203.92,426479.6,Parabacteroides distasonis,1942,0,,,,,,,,,,,,,,,,
Parabacteroides distasonis,qualibact-v1.0,number,non-normal,102.71575695159629,52.69098016990513,89.0,69.0,122.0,53.0,23.0,473.0,35.0,339.47500000000036,44.0,253.94999999999982,35.0,339.48,44.0,253.95,Parabacteroides distasonis,1942,0,,,,,,,,,,,,,,,,
Parabacteroides distasonis,qualibact-v1.0,longest,non-normal,574806.9052523172,252243.16304700729,538524.5,387176.0,728589.25,341413.25,76773.0,1640854.0,126268.435,1326847.5450000002,201353.15,1200571.4749999994,126268.44,1326847.55,201353.15,1200571.47,Parabacteroides distasonis,1942,0,,,,,,,,,,,,,,,,
Parabacteroides distasonis,qualibact-v1.0,GC_Content,non-normal,45.06043383110196,0.1302645668932935,45.04605,44.966925,45.14595,0.17902499999999577,44.7459,45.4637,44.774004999999995,45.4241065,44.831804999999996,45.3546425,44.774,45.5766,44.8318,45.3546,Parabacteroides distasonis,1942,28,normal,45.14236428571428,0.1498175681436922,45.1511,45.059825000000004,45.204575000000006,0.14475000000000193,44.7941,45.5766,44.794721,45.548547,44.797205,45.436335,0.39009857289980876,0.0002709576503341799,0.08878090333970877
Parabacteroides distasonis,qualibact-v1.0,Completeness_Specific,non-normal,99.99043254376932,0.04468586235205897,100.0,99.99,100.0,0.010000000000005116,98.21,100.0,99.90705,100.0,99.93,100.0,91.55,100.0,99.93,100.0,Parabacteroides distasonis,1942,28,non-normal,97.82357142857143,2.1154148770491368,98.64,98.16,98.9075,0.7475000000000023,91.55,99.15,91.68635,99.15,92.23175,99.15,0.9994850669412977,1.2196538645253614e-61,2.1668611151978805
Parabacteroides distasonis,qualibact-v1.0,Contamination,non-normal,1.3398764160659113,0.5939618808744839,1.3,0.95,1.65,0.7,0.19,5.96,0.22,3.841800000000003,0.37,2.5,0.22,3.84,0.37,2.5,Parabacteroides distasonis,1942,28,normal,1.4925,0.8569615135548887,1.505,0.9075,1.9849999999999999,1.0775,0.27,3.37,0.27,3.37,0.27,3.37,0.18430925408268353,0.27034596310287723,0.29897565102250995
Parabacteroides distasonis,qualibact-v1.0,Total_Coding_Sequences,normal,4430.398043254377,199.12638668606164,4421.0,4308.0,4569.0,261.0,3793.0,5099.0,3988.705,4990.0650000000005,4024.575,4800.0,3961.0,4990.07,4024.58,4800.0,Parabacteroides distasonis,1942,28,normal,4372.75,223.59955037649658,4458.0,4145.5,4559.5,414.0,3961.0,4782.0,3969.505,4758.915,4003.525,4666.575,0.20795939385022805,0.15889390996929878,76.61398411063705
Parabacteroides distasonis,qualibact-v1.0,Genome_Size,normal,5167758.401132853,177194.21496007266,5156306.0,5060549.25,5282568.75,222019.5,4583961.0,5821999.0,4734420.525,5602606.84,4794421.475,5512801.2,4734420.53,5602606.84,4794421.47,5512801.2,Parabacteroides distasonis,1942,28,normal,5178797.071428572,218900.00558554597,5236339.0,4960992.25,5342175.5,381183.25,4774827.0,5562109.0,4779761.52,5552857.99,4799499.6,5515853.95,0.22966014418125644,0.09201437582163492,67047.00941591877
Parabacteroides goldsteinii,qualibact-v1.0,N50,normal,184495.2752293578,63788.82329783498,188059.0,140850.0,230453.0,89603.0,23367.0,384850.0,35573.7,378638.37999999995,70621.0,288498.39999999997,35573.7,378638.38,70621.0,288498.4,Parabacteroides goldsteinii,109,0,,,,,,,,,,,,,,,,
Parabacteroides goldsteinii,qualibact-v1.0,number,non-normal,153.72477064220183,100.19786585648967,123.0,92.0,171.0,79.0,53.0,767.0,61.1,609.8599999999982,70.0,394.79999999999984,61.1,609.86,70.0,394.8,Parabacteroides goldsteinii,109,0,,,,,,,,,,,,,,,,
Parabacteroides goldsteinii,qualibact-v1.0,longest,normal,510389.3211009174,172380.61382418117,515591.0,376304.0,651921.0,275617.0,107312.0,888325.0,141591.74,875543.7399999999,219108.0,815191.3999999999,141591.74,875543.74,219108.0,815191.4,Parabacteroides goldsteinii,109,0,,,,,,,,,,,,,,,,
Parabacteroides goldsteinii,qualibact-v1.0,GC_Content,normal,43.4628119266055,0.12163386835561316,43.4663,43.4,43.5362,0.13620000000000232,43.1916,43.7882,43.193976,43.78766,43.19943,43.71017,43.194,43.7877,43.1994,43.7102,Parabacteroides goldsteinii,109,4,insufficient_data,43.55525,0.06347403012256393,43.57175,43.531225,43.595775,0.0645500000000041,43.4533,43.6242,43.4548585,43.6236315,43.4610925,43.6213575,0.6123853211009175,0.06767069333441014,0.10301055045871689
Parabacteroides goldsteinii,qualibact-v1.0,Completeness_Specific,non-normal,99.96623853211008,0.037947065758502416,99.98,99.95,99.99,0.03999999999999204,99.83,100.0,99.8354,100.0,99.85,100.0,96.46,100.0,99.85,100.0,Parabacteroides goldsteinii,109,4,insufficient_data,97.64999999999999,0.6876408946535981,98.035,97.615,98.07,0.4549999999999983,96.46,98.07,96.4831,98.07,96.57549999999999,98.07,1.0,3.1061977964632844e-07,2.3162385321100967
Parabacteroides goldsteinii,qualibact-v1.0,Contamination,non-normal,1.373211009174312,0.564621949892861,1.28,0.93,1.82,0.89,0.57,2.83,0.5916,2.7759999999999994,0.61,2.673,0.59,4.42,0.61,2.67,Parabacteroides goldsteinii,109,4,insufficient_data,3.9074999999999998,0.4166158302321217,3.965,3.6999999999999997,4.172499999999999,0.4724999999999997,3.28,4.42,3.2883999999999998,4.41505,3.3219999999999996,4.39525,1.0,3.1061977964632844e-07,2.5342889908256883
Parabacteroides goldsteinii,qualibact-v1.0,Total_Coding_Sequences,non-normal,5427.51376146789,249.0536442225455,5439.0,5239.0,5537.0,298.0,5008.0,6259.0,5024.74,6250.9,5045.4,6143.599999999999,5024.74,6250.9,5045.4,6143.6,Parabacteroides goldsteinii,109,4,insufficient_data,5460.5,165.2187943304272,5411.5,5324.25,5547.75,223.5,5301.0,5718.0,5301.465,5714.595,5303.325,5700.975,0.3211009174311927,0.7184231697506029,107.16972477064218
Parabacteroides goldsteinii,qualibact-v1.0,Genome_Size,non-normal,6713677.844036697,237188.78918210472,6694702.0,6559738.0,6801212.0,241474.0,6350722.0,7541020.0,6364138.3,7539035.5,6380871.5,7530199.0,6364138.3,7539035.5,6380871.5,7530199.0,Parabacteroides goldsteinii,109,4,insufficient_data,6816823.5,162779.36406298558,6780565.0,6672975.5,6924413.0,251437.5,6652565.0,7053599.0,6652973.21,7051015.28,6654606.05,7040680.4,0.42201834862385323,0.39049130730546666,149570.47247706424
Parabacteroides merdae,qualibact-v1.0,N50,non-normal,202244.53956834532,94102.47056955518,181706.0,143366.0,224490.0,81124.0,29270.0,668906.0,42904.24,576946.0,77670.0,433427.39999999985,42904.24,576946.0,77670.0,433427.4,Parabacteroides merdae,417,0,,,,,,,,,,,,,,,,
Parabacteroides merdae,qualibact-v1.0,number,non-normal,104.62829736211032,48.75784106137937,101.0,72.0,126.0,54.0,24.0,353.0,25.16,311.5600000000003,31.4,211.39999999999986,25.16,311.56,31.4,211.4,Parabacteroides merdae,417,0,,,,,,,,,,,,,,,,
Parabacteroides merdae,qualibact-v1.0,longest,non-normal,480367.6402877698,209929.86919039764,424590.0,336770.0,554052.0,217282.0,118559.0,1280511.0,161380.8,1138056.2000000002,208121.6,1081364.1999999986,161380.8,1138056.2,208121.6,1081364.2,Parabacteroides merdae,417,0,,,,,,,,,,,,,,,,
Parabacteroides merdae,qualibact-v1.0,GC_Content,normal,45.357683693045566,0.1784348089052338,45.3412,45.2271,45.4842,0.2571000000000012,44.7768,45.8664,44.915108000000004,45.80288,45.026999999999994,45.69686,44.9151,45.8029,45.027,45.6969,Parabacteroides merdae,417,4,insufficient_data,45.370850000000004,0.05261969688244053,45.366550000000004,45.319025,45.418375,0.09934999999999405,45.3179,45.4324,45.3179225,45.4321195,45.3180125,45.430997500000004,0.4316546762589928,0.34752636240829393,0.10317505995203868
Parabacteroides merdae,qualibact-v1.0,Completeness_Specific,non-normal,99.9865227817746,0.012906046170432008,99.99,99.98,99.99,0.009999999999990905,99.92,100.0,99.94,100.0,99.944,100.0,94.62,100.0,99.94,100.0,Parabacteroides merdae,417,4,insufficient_data,96.45500000000001,1.4210823339975776,96.68,95.295,97.84,2.5450000000000017,94.62,97.84,94.6335,97.84,94.6875,97.84,1.0,1.5499566308572575e-09,3.531522781774576
Parabacteroides merdae,qualibact-v1.0,Contamination,non-normal,0.775251798561151,0.6765418460459054,0.57,0.35,1.06,0.7100000000000001,0.11,5.11,0.11,4.078800000000002,0.11800000000000001,2.647999999999999,0.11,6.64,0.12,2.65,Parabacteroides merdae,417,4,insufficient_data,4.585,1.4356444545917346,4.23,3.24,5.574999999999999,2.334999999999999,3.24,6.64,3.24,6.6187,3.24,6.533499999999999,0.988009592326139,1.9529453548801434e-07,3.809748201438849
Parabacteroides merdae,qualibact-v1.0,Total_Coding_Sequences,non-normal,3955.0815347721823,245.86633023837706,3928.0,3779.0,4099.0,320.0,3442.0,4744.0,3504.0,4632.76,3576.4,4490.599999999999,3504.0,4632.76,3576.4,4490.6,Parabacteroides merdae,417,4,insufficient_data,3734.75,187.1969217161436,3671.5,3570.75,3835.5,264.75,3570.0,4026.0,3570.015,4022.19,3570.075,4006.95,0.5101918465227818,0.17581139929321266,222.44184652278176
Parabacteroides merdae,qualibact-v1.0,Genome_Size,non-normal,4636727.575539568,215622.61223833673,4602575.0,4483758.0,4774710.0,290952.0,4258240.0,5331425.0,4267789.72,5201700.48,4288064.0,5084319.2,4267789.72,5201700.48,4288064.0,5084319.2,Parabacteroides merdae,417,4,insufficient_data,4528099.75,173602.52122215132,4468543.0,4377035.25,4619607.5,242572.25,4375800.0,4799513.0,4375824.705,4795914.89,4375923.525,4781522.45,0.3824940047961631,0.5006702923071349,119627.97302158273
Pasteurella multocida,qualibact-v1.0,N50,non-normal,251064.63377609107,150497.09934400982,218950.5,126159.5,353357.5,227198.0,20594.0,615620.0,26027.005,579228.7099999998,38634.95,574316.1,26027.0,579228.71,38634.95,574316.1,Pasteurella multocida,1054,0,,,,,,,,,,,,,,,,
Pasteurella multocida,qualibact-v1.0,number,non-normal,46.33111954459203,29.31380695599364,36.0,27.0,57.0,30.0,14.0,198.0,16.0,170.4699999999998,19.0,128.67499999999995,16.0,170.47,19.0,128.67,Pasteurella multocida,1054,0,,,,,,,,,,,,,,,,
Pasteurella multocida,qualibact-v1.0,longest,non-normal,450761.83206831117,168343.128382003,525469.5,327573.25,596808.0,269234.75,76685.0,792317.0,88404.855,770331.3599999996,111558.125,649413.075,88404.86,770331.36,111558.12,649413.07,Pasteurella multocida,1054,0,,,,,,,,,,,,,,,,
Pasteurella multocida,qualibact-v1.0,GC_Content,non-normal,40.31043273244782,0.07679154674537442,40.3052,40.256925,40.352575,0.09564999999999912,40.1223,40.65,40.1305975,40.5274965,40.175827500000004,40.478435,40.0858,40.8671,40.1758,40.4784,Pasteurella multocida,1054,208,non-normal,40.3723,0.10035434527405705,40.3589,40.318775,40.413575,0.09479999999999933,40.0858,40.8671,40.1564545,40.754269,40.221644999999995,40.5835,0.36372427382863814,5.057545992263485e-21,0.062266296890964794
Pasteurella multocida,qualibact-v1.0,Completeness_Specific,non-normal,100.0,0.0,100.0,100.0,100.0,0.0,100.0,100.0,100.0,100.0,100.0,100.0,90.1,100.0,100.0,100.0,Pasteurella multocida,1054,208,non-normal,97.95211538461538,1.2980196995934012,98.275,97.4975,98.85,1.352499999999992,90.1,99.21,90.41225,99.21,94.69325,99.1,1.0,3.2695917041601036e-244,2.047884615384616
Pasteurella multocida,qualibact-v1.0,Contamination,non-normal,0.16294117647058826,0.04284345929880106,0.16,0.14,0.18,0.03999999999999998,0.05,0.43,0.07265,0.32734999999999903,0.09,0.27,0.05,2.06,0.09,0.27,Pasteurella multocida,1054,208,non-normal,0.6977403846153846,0.3578436888877253,0.72,0.46499999999999997,0.8725,0.4075000000000001,0.05,2.06,0.05,1.8051000000000006,0.05,1.4019999999999981,0.8177547073419938,1.3423538469359195e-121,0.540924226390308
Pasteurella multocida,qualibact-v1.0,Total_Coding_Sequences,non-normal,2140.954459203036,86.06638701301539,2119.0,2079.0,2183.0,104.0,2011.0,2469.0,2014.265,2439.229999999998,2022.0,2360.0499999999997,2014.26,2877.0,2022.0,2360.05,Pasteurella multocida,1054,208,non-normal,2269.4278846153848,134.01207103834597,2233.0,2166.5,2359.25,192.75,2044.0,2877.0,2048.015,2650.895,2100.0,2580.9749999999995,0.4760527660195592,2.1235108047975448e-36,128.47342541234855
Pasteurella multocida,qualibact-v1.0,Genome_Size,non-normal,2295005.231499051,59794.93215544209,2282216.5,2254207.25,2322780.5,68573.25,2187095.0,2528949.0,2194845.54,2477770.8199999994,2203672.15,2442287.275,2126408.0,2783224.0,2203672.15,2442287.28,Pasteurella multocida,1054,208,non-normal,2366274.793269231,93191.36466237172,2342527.0,2295408.5,2438431.5,143023.0,2126408.0,2783224.0,2169657.66,2624767.66,2243971.95,2569797.425,0.40229528535980147,9.098040241063675e-26,72170.72904502992
Pectobacterium brasiliense,qualibact-v1.0,N50,non-normal,380880.4096385542,210890.10054168687,322446.0,253970.0,449909.5,195939.5,125672.0,1055295.0,131382.89,1055264.66,141113.05,1052425.9000000001,131382.89,1055264.66,141113.05,1052425.9,Pectobacterium brasiliense,83,0,,,,,,,,,,,,,,,,
Pectobacterium brasiliense,qualibact-v1.0,number,non-normal,67.51807228915662,19.50740449211198,69.0,52.0,76.0,24.0,31.0,132.0,32.23,128.31000000000003,35.05,115.75000000000001,32.23,128.31,35.05,115.75,Pectobacterium brasiliense,83,0,,,,,,,,,,,,,,,,
Pectobacterium brasiliense,qualibact-v1.0,longest,normal,806716.891566265,303999.2936453039,823840.0,566065.0,894941.0,328876.0,332644.0,1561988.0,336689.88,1561933.06,350516.15,1416037.0,336689.88,1561933.06,350516.15,1416037.0,Pectobacterium brasiliense,83,0,,,,,,,,,,,,,,,,
Pectobacterium brasiliense,qualibact-v1.0,GC_Content,non-normal,51.98955542168677,0.16325619990663381,52.0009,51.93305,52.04725,0.11419999999999675,51.0089,52.237,51.140305,52.232818,51.773900000000005,52.2235,51.1403,52.2352,51.7739,52.2235,Pectobacterium brasiliense,83,28,non-normal,52.01707500000001,0.11496729232077872,52.0472,51.979325,52.063825,0.08449999999999847,51.6794,52.2352,51.7007975,52.2279775,51.7863875,52.1990875,0.28313253012048195,0.052166206199740286,0.03678024956970718
Pectobacterium brasiliense,qualibact-v1.0,Completeness_Specific,non-normal,100.0,0.0,100.0,100.0,100.0,0.0,100.0,100.0,100.0,100.0,100.0,100.0,96.05,100.0,100.0,100.0,Pectobacterium brasiliense,83,28,non-normal,98.78857142857142,0.7079382251384975,99.05000000000001,98.41,99.2525,0.8425000000000011,96.05,99.43,96.24034999999999,99.4165,97.00175,99.3625,1.0,1.3646927377711276e-26,1.2114285714285735
Pectobacterium brasiliense,qualibact-v1.0,Contamination,normal,0.41253012048192783,0.1475326663724798,0.41,0.32,0.47,0.14999999999999997,0.13,0.74,0.13,0.74,0.13350000000000004,0.74,0.13,1.93,0.13,0.74,Pectobacterium brasiliense,83,28,non-normal,0.6803571428571429,0.3938045394686588,0.545,0.48,0.7925,0.3125,0.18,1.93,0.19485,1.9124499999999998,0.25425,1.84225,0.5804647160068847,4.1277473754872275e-07,0.26782702237521505
Pectobacterium brasiliense,qualibact-v1.0,Total_Coding_Sequences,non-normal,4342.289156626506,97.22988906814808,4361.0,4257.5,4418.0,160.5,4144.0,4541.0,4160.81,4536.9,4185.0,4526.85,4160.81,4760.0,4185.0,4526.85,Pectobacterium brasiliense,83,28,normal,4418.857142857143,112.78067029343607,4422.5,4331.25,4480.5,149.25,4179.0,4760.0,4191.555,4734.485,4241.775,4632.425,0.3433734939759036,0.009421910689526775,76.85197934595526
Pectobacterium brasiliense,qualibact-v1.0,Genome_Size,non-normal,4868677.638554217,123435.46187210629,4858182.0,4758547.5,5001512.5,242965.0,4639964.0,5108572.0,4646903.25,5108429.73,4674595.55,5105603.5,4646903.25,5297051.0,4674595.55,5105603.5,Pectobacterium brasiliense,83,28,normal,4939531.285714285,138199.348982304,4920010.5,4832319.0,5053736.75,221417.75,4700945.0,5297051.0,4705934.6,5275461.125,4725893.0,5189101.625,0.2693631669535284,0.0765988087243546,70853.64716006885
Pediococcus acidilactici,qualibact-v1.0,N50,non-normal,343236.92253521126,82546.35520093415,382044.0,310662.0,395622.0,84960.0,124437.0,496610.0,125956.275,496610.0,140262.0,445413.175,125956.28,496610.0,140262.0,445413.18,Pediococcus acidilactici,142,0,,,,,,,,,,,,,,,,
Pediococcus acidilactici,qualibact-v1.0,number,non-normal,23.091549295774648,8.548045596226984,21.0,18.0,26.0,8.0,10.0,59.0,11.41,57.589999999999975,13.0,45.37499999999997,11.41,57.59,13.0,45.37,Pediococcus acidilactici,142,0,,,,,,,,,,,,,,,,
Pediococcus acidilactici,qualibact-v1.0,longest,non-normal,557958.9225352113,112914.23014557218,598463.0,477256.5,636589.0,159332.5,276133.0,678609.0,292928.215,678609.0,319855.525,678608.0,292928.22,678609.0,319855.53,678608.0,Pediococcus acidilactici,142,0,,,,,,,,,,,,,,,,
Pediococcus acidilactici,qualibact-v1.0,GC_Content,normal,42.142562676056336,0.09977994210441223,42.15835,42.070425,42.190725,0.1203000000000003,41.9467,42.389,41.946841,42.3715865,41.9543125,42.3626475,41.8533,42.5998,41.9543,42.3626,Pediococcus acidilactici,142,54,non-normal,42.17330740740741,0.12088907503843707,42.16885,42.1049,42.228500000000004,0.12360000000000326,41.8533,42.5998,41.885788999999995,42.5489995,41.981457500000005,42.3981875,0.282472613458529,0.002925543755944948,0.0342643974960877
Pediococcus acidilactici,qualibact-v1.0,Completeness_Specific,non-normal,99.9805633802817,0.04326099384634691,99.99,99.99,100.0,0.010000000000005116,99.78,100.0,99.78,100.0,99.78,100.0,90.29,100.0,99.78,100.0,Pediococcus acidilactici,142,54,non-normal,95.72777777777777,1.5510518135752462,96.075,94.995,96.63499999999999,1.6399999999999864,90.29,98.04,90.84385,98.0082,92.39625,97.9005,1.0,2.449578217557868e-49,4.252785602503909
Pediococcus acidilactici,qualibact-v1.0,Contamination,non-normal,0.3569014084507042,0.34511721441874954,0.35,0.0,0.63,0.63,0.0,1.38,0.0,1.38,0.0,0.9889999999999998,0.0,6.35,0.0,0.99,Pediococcus acidilactici,142,54,non-normal,1.3814814814814813,1.1713231002642355,1.0350000000000001,0.5,2.06,1.56,0.18,6.35,0.18,5.586799999999998,0.18325,3.47,0.5292123109024518,1.288317855416826e-10,1.0245800730307772
Pediococcus acidilactici,qualibact-v1.0,Total_Coding_Sequences,normal,1885.661971830986,70.9809424258454,1903.0,1830.0,1917.0,87.0,1704.0,2032.0,1741.365,2031.295,1758.0,2018.95,1741.36,2241.0,1758.0,2018.95,Pediococcus acidilactici,142,54,normal,1995.388888888889,102.28508031145593,2009.5,1907.0,2057.5,150.5,1746.0,2241.0,1770.115,2238.88,1846.75,2221.95,0.525039123630673,1.9396720220565858e-10,109.98826291079813
Pediococcus acidilactici,qualibact-v1.0,Genome_Size,normal,1960874.3943661973,65923.22811069415,1950795.0,1942625.5,1998783.5,56158.0,1784369.0,2095419.0,1807077.755,2095298.445,1817455.275,2081017.8,1779925.0,2228155.0,1817455.28,2081017.8,Pediococcus acidilactici,142,54,normal,2032867.6666666667,84470.07283209397,2039956.5,1964649.0,2082630.75,117981.75,1779925.0,2228155.0,1803673.24,2226018.04,1883471.15,2214787.0,0.48487219613980176,6.436871356910606e-09,72898.80281690141
Pediococcus pentosaceus,qualibact-v1.0,N50,non-normal,385201.86440677964,66063.7756592408,382705.0,337866.75,443340.0,105473.25,177037.0,468256.0,209985.955,468256.0,233663.6,468256.0,209985.96,468256.0,233663.6,468256.0,Pediococcus pentosaceus,118,0,,,,,,,,,,,,,,,,
Pediococcus pentosaceus,qualibact-v1.0,number,non-normal,18.279661016949152,6.843140315426531,16.0,14.0,21.0,7.0,11.0,55.0,11.0,47.980000000000075,12.0,35.150000000000006,11.0,47.98,12.0,35.15,Pediococcus pentosaceus,118,0,,,,,,,,,,,,,,,,
Pediococcus pentosaceus,qualibact-v1.0,longest,non-normal,481894.3728813559,49824.638771479484,492739.0,444165.0,534677.0,90512.0,342064.0,542020.0,349537.96,540731.245,370002.1,539817.0,349537.96,540731.24,370002.1,539817.0,Pediococcus pentosaceus,118,0,,,,,,,,,,,,,,,,
Pediococcus pentosaceus,qualibact-v1.0,GC_Content,non-normal,37.218831355932195,0.07272403339855872,37.221,37.2148,37.285175,0.07037500000000563,37.0002,37.3232,37.0040025,37.3171745,37.0301025,37.301065,37.004,37.5254,37.0301,37.3011,Pediococcus pentosaceus,118,55,normal,37.32570181818183,0.09009716470346499,37.3528,37.26695,37.397999999999996,0.13104999999999478,37.1394,37.5254,37.140075,37.509361999999996,37.14365,37.45788,0.610939907550077,1.135844724347303e-13,0.10687046224961498
Pediococcus pentosaceus,qualibact-v1.0,Completeness_Specific,non-normal,99.99991525423728,0.0009166655785082631,100.0,100.0,100.0,0.0,99.99,100.0,99.99585,100.0,100.0,100.0,84.97,100.0,100.0,100.0,Pediococcus pentosaceus,118,55,normal,91.0776363636364,3.3026325387409385,90.68,88.85,93.08,4.230000000000004,84.97,98.76,85.1239,98.3874,85.58550000000001,97.31,1.0,3.2212445094247324e-46,8.922278890600925
Pediococcus pentosaceus,qualibact-v1.0,Contamination,non-normal,0.14203389830508473,0.06241685075109584,0.12,0.11,0.13,0.020000000000000004,0.09,0.56,0.09,0.42545000000000144,0.1,0.29225000000000007,0.09,8.79,0.1,0.29,Pediococcus pentosaceus,118,55,normal,4.126545454545454,2.0435959556018077,3.66,2.495,5.855,3.3600000000000003,0.59,8.79,0.7709,8.633399999999998,1.351,8.2065,1.0,3.2212445094247324e-46,3.9845115562403697
Pediococcus pentosaceus,qualibact-v1.0,Total_Coding_Sequences,non-normal,1810.7203389830509,64.56830381473722,1779.5,1774.0,1885.5,111.5,1670.0,2000.0,1671.17,1998.2450000000001,1700.475,1955.2,1671.17,2111.0,1700.48,1955.2,Pediococcus pentosaceus,118,55,normal,1853.2181818181818,95.34562790359388,1848.0,1788.5,1906.0,117.5,1698.0,2111.0,1701.78,2099.66,1714.1,2054.2999999999997,0.3326656394453005,0.0003321711918882468,46.09969183359015
Pediococcus pentosaceus,qualibact-v1.0,Genome_Size,normal,1840435.5254237289,46203.93462512229,1824600.5,1823697.0,1890114.5,66417.5,1707044.0,1960760.0,1708652.75,1953491.375,1729260.075,1936396.6,1688270.0,2059009.0,1729260.08,1936396.6,Pediococcus pentosaceus,118,55,normal,1830819.6,82136.2701421131,1817437.0,1775513.5,1877404.5,101891.0,1688270.0,2059009.0,1691158.46,2042848.9599999997,1699095.05,1986940.5999999999,0.3480739599383667,0.00014801660035210432,34564.73990755009
Phocaeicola dorei,qualibact-v1.0,N50,non-normal,214599.30618892508,82090.44268309344,206223.0,159762.0,267441.5,107679.5,18973.0,482446.0,33429.93,442114.0,58346.0,386936.49999999994,33429.93,442114.0,58346.0,386936.5,Phocaeicola dorei,307,0,,,,,,,,,,,,,,,,
Phocaeicola dorei,qualibact-v1.0,number,non-normal,110.42019543973942,66.81855431887713,95.0,70.0,128.5,58.5,33.0,649.0,39.53,404.62999999999914,46.0,272.0999999999998,39.53,404.63,46.0,272.1,Phocaeicola dorei,307,0,,,,,,,,,,,,,,,,
Phocaeicola dorei,qualibact-v1.0,longest,non-normal,581658.7426710097,230074.00010430487,547929.0,413754.5,718336.5,304582.0,102893.0,1379361.0,145122.64,1285259.489999999,209212.35,1149250.4,145122.64,1285259.49,209212.35,1149250.4,Phocaeicola dorei,307,0,,,,,,,,,,,,,,,,
Phocaeicola dorei,qualibact-v1.0,GC_Content,non-normal,41.89764201954397,0.209344537857511,41.8868,41.74795,42.04065,0.2926999999999964,41.4112,42.3705,41.427471,42.3521,41.502945,42.310635,41.4275,42.3521,41.5029,42.3106,Phocaeicola dorei,307,10,normal,41.97124,0.20848693100527887,42.0725,41.78205,42.135975,0.3539250000000038,41.5857,42.1587,41.590848,42.158164500000005,41.61144,42.1560225,0.4068403908794788,0.05850519964592483,0.10622403908794718
Phocaeicola dorei,qualibact-v1.0,Completeness_Specific,non-normal,99.99915309446253,0.005347776353090668,100.0,100.0,100.0,0.0,99.92,100.0,99.9753,100.0,99.99,100.0,98.76,100.0,99.99,100.0,Phocaeicola dorei,307,10,non-normal,99.66499999999999,0.36669469589837145,99.65,99.515,100.0,0.48499999999999943,98.76,100.0,98.79195,100.0,98.91975000000001,100.0,0.6,0.0007464938129384323,0.3341530944625385
Phocaeicola dorei,qualibact-v1.0,Contamination,non-normal,0.5006514657980455,0.7616972085294555,0.23,0.09,0.6,0.51,0.0,5.16,0.0,4.750299999999985,0.016500000000000004,2.906499999999993,0.0,4.75,0.02,2.91,Phocaeicola dorei,307,2,insufficient_data,0.35,0.0,0.35,0.35,0.35,0.0,0.35,0.35,0.35,0.35,0.35,0.35,0.6351791530944625,0.2707098726516198,0.4148208469055375
Phocaeicola dorei,qualibact-v1.0,Total_Coding_Sequences,normal,4571.4332247557,290.7713395873664,4551.0,4378.5,4760.5,382.0,3920.0,5375.0,3926.0,5272.409999999997,4052.05,5141.7,3926.0,5272.41,4052.05,5141.7,Phocaeicola dorei,307,10,normal,4575.4,130.57580173983234,4574.5,4500.0,4634.25,134.25,4343.0,4867.0,4349.885,4856.875,4377.425,4816.375,0.33973941368078175,0.16797412458474661,143.35830618892513
Phocaeicola dorei,qualibact-v1.0,Genome_Size,normal,5465265.403908795,239428.39471372627,5435906.0,5298443.0,5628195.0,329752.0,4905410.0,6113987.0,4908082.26,6040287.349999999,5002395.3,5877043.6,4908082.26,6040287.35,5002395.3,5877043.6,Phocaeicola dorei,307,10,normal,5550023.7,123466.86245389894,5543415.5,5510899.5,5612906.5,102007.0,5310365.0,5809409.0,5316419.615,5801132.555,5340638.075,5768026.775,0.41465798045602603,0.05070853695454023,123208.24006514659
Phocaeicola vulgatus,qualibact-v1.0,N50,non-normal,107684.44195804196,37782.46904210946,104388.0,81650.5,128943.0,47292.5,17434.0,267943.0,31031.570000000003,223980.73999999996,46689.15,201152.19999999998,31031.57,223980.74,46689.15,201152.2,Phocaeicola vulgatus,715,0,,,,,,,,,,,,,,,,
Phocaeicola vulgatus,qualibact-v1.0,number,non-normal,205.8097902097902,88.8294045963104,187.0,149.0,232.0,83.0,69.0,1019.0,78.0,580.7499999999987,102.0,438.29999999999995,78.0,580.75,102.0,438.3,Phocaeicola vulgatus,715,0,,,,,,,,,,,,,,,,
Phocaeicola vulgatus,qualibact-v1.0,longest,non-normal,313777.4265734266,103228.35611924162,300818.0,237349.0,371571.5,134222.5,63989.0,746905.0,109291.29000000001,635175.0,152723.05,515145.05,109291.29,635175.0,152723.05,515145.05,Phocaeicola vulgatus,715,0,,,,,,,,,,,,,,,,
Phocaeicola vulgatus,qualibact-v1.0,GC_Content,non-normal,42.29605622377622,0.23060817706316808,42.2573,42.1269,42.479299999999995,0.3523999999999958,41.7626,42.918,41.814237,42.861887,41.892984999999996,42.768065,41.8142,42.8619,41.893,42.7681,Phocaeicola vulgatus,715,13,non-normal,42.363192307692316,0.16593629204532565,42.346,42.243,42.3844,0.1413999999999973,42.2015,42.7676,42.2015,42.760694,42.2015,42.733070000000005,0.413986013986014,0.01730488292463194,0.0997302097902104
Phocaeicola vulgatus,qualibact-v1.0,Completeness_Specific,non-normal,99.9999020979021,0.0009845994912899047,100.0,100.0,100.0,0.0,99.99,100.0,99.99,100.0,100.0,100.0,97.1,100.0,100.0,100.0,Phocaeicola vulgatus,715,13,non-normal,99.36461538461539,0.8475087055111371,99.65,99.29,99.94,0.6499999999999915,97.1,100.0,97.15339999999999,100.0,97.36699999999999,100.0,0.7692307692307693,2.2179068138026747e-08,0.6352867132867126
Phocaeicola vulgatus,qualibact-v1.0,Contamination,non-normal,0.43678321678321674,0.5445763110891279,0.19,0.08,0.62,0.54,0.0,5.89,0.0,2.19,0.0,1.8344999999999994,0.0,2.19,0.0,1.83,Phocaeicola vulgatus,715,6,insufficient_data,0.47333333333333333,0.41627982041997774,0.21,0.18,0.855,0.675,0.12,1.06,0.1215,1.06,0.1275,1.06,0.35664335664335667,0.34920599711675443,0.17499766899766894
Phocaeicola vulgatus,qualibact-v1.0,Total_Coding_Sequences,non-normal,4426.33006993007,308.61412324750677,4403.0,4177.0,4652.5,475.5,3730.0,5335.0,3805.84,5315.58,3894.8,5099.3,3805.84,5315.58,3894.8,5099.3,Phocaeicola vulgatus,715,13,non-normal,4375.384615384615,243.52998187288134,4278.0,4195.0,4484.0,289.0,4124.0,5028.0,4126.34,5002.5599999999995,4135.7,4900.799999999999,0.23916083916083916,0.3981501984813737,117.67552447552448
Phocaeicola vulgatus,qualibact-v1.0,Genome_Size,non-normal,5118069.4993007,254465.49543705024,5102570.0,4915369.0,5310227.5,394858.5,4473101.0,5824919.0,4570898.59,5783567.75,4672277.4,5652947.15,4570898.59,5783567.75,4672277.4,5652947.15,Phocaeicola vulgatus,715,13,normal,5204566.230769231,222031.39178093156,5163189.0,5010342.0,5306031.0,295689.0,4919717.0,5776157.0,4923185.9,5752626.8,4937061.5,5658506.0,0.2629370629370629,0.2891096986090646,93926.11328671327
Priestia megaterium,qualibact-v1.0,N50,non-normal,974574.1330049261,349364.5488338772,1022929.0,845960.0,1133387.0,287427.0,132222.0,2893524.0,182791.05,2127714.7600000007,292139.6,1883658.4499999997,182791.05,2127714.76,292139.6,1883658.45,Priestia megaterium,203,0,,,,,,,,,,,,,,,,
Priestia megaterium,qualibact-v1.0,number,non-normal,71.77339901477832,30.50410425059926,58.0,55.0,80.0,25.0,32.0,207.0,33.02,197.95000000000005,45.05,154.84999999999997,33.02,197.95,45.05,154.85,Priestia megaterium,203,0,,,,,,,,,,,,,,,,
Priestia megaterium,qualibact-v1.0,longest,non-normal,1738445.0197044334,465395.6843350762,2028499.0,1205498.0,2028691.0,823193.0,441034.0,2996343.0,534852.41,2890236.450000003,820897.25,2264936.4499999997,534852.41,2890236.45,820897.25,2264936.45,Priestia megaterium,203,0,,,,,,,,,,,,,,,,
Priestia megaterium,qualibact-v1.0,GC_Content,non-normal,37.71929359605911,0.1334521238791521,37.7375,37.71185,37.80055,0.08870000000000289,37.3478,38.1564,37.37595,38.103471,37.406000000000006,37.950900000000004,36.8662,38.3321,37.406,37.9509,Priestia megaterium,203,86,non-normal,37.889962790697666,0.24014838099503724,37.88575,37.74915,38.066225,0.31707500000000266,36.8662,38.3321,37.1220925,38.311105,37.5024875,38.2700125,0.5244587008821171,8.711125495042608e-16,0.18226359262229355
Priestia megaterium,qualibact-v1.0,Completeness_Specific,non-normal,100.0,0.0,100.0,100.0,100.0,0.0,100.0,100.0,100.0,100.0,100.0,100.0,92.03,100.0,100.0,100.0,Priestia megaterium,203,86,non-normal,96.31418604651161,1.0646961190179154,96.6,95.74,97.0275,1.2875000000000085,92.03,98.03,92.62925,97.979,93.6325,97.79249999999999,1.0,1.5143563341912523e-75,3.6858139534883723
Priestia megaterium,qualibact-v1.0,Contamination,non-normal,0.7280788177339902,0.8532174710477191,0.24,0.24,1.1,0.8600000000000001,0.12,4.6,0.12,4.571100000000008,0.2,2.7569999999999992,0.12,12.44,0.2,2.76,Priestia megaterium,203,86,non-normal,3.4939534883720933,2.0276417044334036,3.1950000000000003,2.3525,4.5,2.1475,0.18,12.44,0.18,10.506250000000012,0.23125,7.54375,0.7355367166914881,1.4749588971079976e-32,2.76608775346546
Priestia megaterium,qualibact-v1.0,Total_Coding_Sequences,non-normal,5680.389162561576,230.7686049815085,5629.0,5553.5,5714.0,160.5,5159.0,6384.0,5173.57,6307.74,5297.95,6270.55,5173.57,7227.0,5297.95,6270.55,Priestia megaterium,203,86,non-normal,5853.790697674419,370.6623899930059,5836.0,5560.25,6079.0,518.75,5289.0,7227.0,5289.425,7030.225000000001,5315.625,6474.0,0.44329247336464656,3.059276284631778e-11,198.45560774430066
Priestia megaterium,qualibact-v1.0,Genome_Size,non-normal,5532128.763546798,212081.48436417448,5484827.0,5404410.0,5565917.5,161507.5,5036828.0,6191194.0,5053487.63,6136796.630000001,5219501.65,6065892.149999999,5036631.0,6872701.0,5219501.65,6065892.15,Priestia megaterium,203,86,non-normal,5591758.383720931,349180.1054356483,5579039.0,5305365.25,5797620.5,492255.25,5036631.0,6872701.0,5053062.35,6676999.550000002,5087086.75,6164958.5,0.30553327987169204,1.6971268039845538e-05,158924.41579791502
Proteus mirabilis,qualibact-v1.0,N50,non-normal,227517.6306542056,84423.16416204956,226423.0,191165.5,266915.0,75749.5,25500.0,598878.0,28333.92,508923.56,44162.15,420608.45000000036,28333.92,508923.56,44162.15,420608.45,Proteus mirabilis,2675,0,,,,,,,,,,,,,,,,
Proteus mirabilis,qualibact-v1.0,number,non-normal,97.55551401869158,43.793536441826426,86.0,71.0,110.0,39.0,32.0,337.0,40.0,302.52000000000044,48.0,227.1500000000001,40.0,302.52,48.0,227.15,Proteus mirabilis,2675,0,,,,,,,,,,,,,,,,
Proteus mirabilis,qualibact-v1.0,longest,non-normal,523577.3386915888,201135.76249030206,511652.0,399769.5,628240.5,228471.0,58344.0,1596279.0,87100.89,1205226.4900000005,145025.30000000002,1002089.2500000002,87100.89,1205226.49,145025.3,1002089.25,Proteus mirabilis,2675,0,,,,,,,,,,,,,,,,
Proteus mirabilis,qualibact-v1.0,GC_Content,non-normal,38.770923252336445,0.20355553240204105,38.7451,38.6389,38.893249999999995,0.2543499999999952,37.8948,39.5134,38.385386000000004,39.436138,38.446754999999996,39.251915000000004,38.3854,39.7321,38.4468,39.2519,Proteus mirabilis,2675,227,non-normal,39.050782819383265,0.2631489893309181,39.038,38.840900000000005,39.188500000000005,0.3475999999999999,38.4925,39.7321,38.545906,39.728125999999996,38.60785,39.65159,0.47932315039729917,1.5634756988678679e-44,0.2798595670468115
Proteus mirabilis,qualibact-v1.0,Completeness_Specific,non-normal,100.0,0.0,100.0,100.0,100.0,0.0,100.0,100.0,100.0,100.0,100.0,100.0,86.83,100.0,100.0,100.0,Proteus mirabilis,2675,227,non-normal,93.85572687224669,2.56286093842768,93.87,92.035,96.07,4.034999999999997,86.83,99.18,88.1225,98.3514,88.782,97.7135,1.0,2.5e-323,6.144273127753303
Proteus mirabilis,qualibact-v1.0,Contamination,non-normal,0.3094542056074766,0.13467746606426198,0.28,0.22,0.35,0.12999999999999998,0.07,1.26,0.13,0.8763000000000011,0.15,0.69,0.13,11.7,0.15,0.69,Proteus mirabilis,2675,227,non-normal,4.245110132158591,2.1324388555014666,3.61,2.685,5.390000000000001,2.7050000000000005,0.87,11.7,1.4465,11.653200000000002,1.6955,9.5435,0.9955947136563876,5.4e-323,3.9356559265511137
Proteus mirabilis,qualibact-v1.0,Total_Coding_Sequences,non-normal,3657.972710280374,159.2811832265116,3645.0,3551.5,3756.0,204.5,3258.0,4151.0,3314.22,4076.26,3377.0,4001.0,3314.22,4427.0,3377.0,4001.0,Proteus mirabilis,2675,227,non-normal,3834.718061674009,196.0951395896702,3807.0,3711.5,3939.5,228.0,3461.0,4427.0,3482.04,4421.4400000000005,3499.3,4280.7,0.42264564206019184,2.644395543892747e-34,176.74535139363496
Proteus mirabilis,qualibact-v1.0,Genome_Size,non-normal,4005862.7899065423,125648.38682380991,3996545.0,3922383.0,4081507.5,159124.5,3684074.0,4373034.0,3735018.42,4321252.970000001,3779371.3,4275214.75,3735018.42,4587183.0,3779371.3,4275214.75,Proteus mirabilis,2675,227,non-normal,4116632.925110132,161198.16995487435,4094848.0,4013380.5,4212090.5,198710.0,3793000.0,4587183.0,3797570.26,4578874.92,3828432.35,4508370.9,0.3197908518259294,1.6628072546344712e-19,110770.1352035901
Providencia rettgeri,qualibact-v1.0,N50,non-normal,215829.57865168538,134636.42055282634,210587.0,128955.5,274168.25,145212.75,14840.0,719622.0,15866.35,664166.7000000008,24108.375,571130.75,15866.35,664166.7,24108.38,571130.75,Providencia rettgeri,356,0,,,,,,,,,,,,,,,,
Providencia rettgeri,qualibact-v1.0,number,non-normal,140.78370786516854,97.75491518297947,108.0,87.0,151.25,64.25,35.0,601.0,40.0,587.9250000000003,46.0,415.5,40.0,587.93,46.0,415.5,Providencia rettgeri,356,0,,,,,,,,,,,,,,,,
Providencia rettgeri,qualibact-v1.0,longest,non-normal,619652.7162921348,388382.1406324551,538282.0,329715.75,842746.5,513030.75,57043.0,1959097.0,62729.925,1825617.8750000019,100718.75,1449120.75,62729.92,1825617.88,100718.75,1449120.75,Providencia rettgeri,356,0,,,,,,,,,,,,,,,,
Providencia rettgeri,qualibact-v1.0,GC_Content,non-normal,40.359138202247195,0.24482804766327476,40.3089,40.16395,40.5114,0.34745000000000203,39.9804,41.1187,39.999105,41.06221,40.03365,40.9836,39.9991,43.1068,40.0336,40.9836,Providencia rettgeri,356,41,non-normal,40.566795121951216,0.48807912490837657,40.4399,40.3184,40.5885,0.27010000000000645,40.1141,43.1068,40.11996,42.723459999999996,40.1434,41.1901,0.321869005206906,0.0006848535772845594,0.2076569197040285
Providencia rettgeri,qualibact-v1.0,Completeness_Specific,non-normal,100.0,0.0,100.0,100.0,100.0,0.0,100.0,100.0,100.0,100.0,100.0,100.0,95.49,100.0,100.0,100.0,Providencia rettgeri,356,41,non-normal,97.83560975609757,0.6135226108719725,97.72,97.54,98.31,0.769999999999996,95.49,99.28,95.78399999999999,99.152,96.96,98.64,1.0,1.6004459673763435e-56,2.1643902439024387
Providencia rettgeri,qualibact-v1.0,Contamination,non-normal,0.3769662921348314,0.2786379572551636,0.28,0.2,0.45,0.25,0.04,1.82,0.06,1.5670000000000028,0.09875,1.185,0.06,5.04,0.1,1.18,Providencia rettgeri,356,41,non-normal,3.656341463414634,0.7288238306241525,3.79,3.45,4.11,0.6600000000000001,1.0,5.04,1.266,5.013999999999999,2.33,4.91,0.975609756097561,7.217665840600784e-48,3.2793751712798023
Providencia rettgeri,qualibact-v1.0,Total_Coding_Sequences,normal,4274.373595505618,235.01316788232012,4252.5,4111.0,4432.25,321.25,3666.0,4885.0,3753.625,4837.600000000001,3864.625,4769.25,3727.0,4897.0,3864.62,4769.25,Providencia rettgeri,356,41,normal,4269.707317073171,235.2897791880533,4286.0,4083.0,4421.0,338.0,3727.0,4897.0,3761.6,4887.8,3900.0,4851.0,0.09434091531926556,0.8650444101886939,28.377706220882448
Providencia rettgeri,qualibact-v1.0,Genome_Size,normal,4619449.825842696,194402.52192166485,4610155.0,4479938.5,4740472.75,260534.25,4061594.0,5142593.0,4165248.0,5073291.275,4229491.875,5021861.875,4023756.0,5073291.28,4229491.88,5021861.88,Providencia rettgeri,356,41,normal,4590822.414634147,203569.54588027464,4624026.0,4447672.0,4719187.0,271515.0,4023756.0,5067041.0,4072351.0,5055394.0,4266731.0,5008806.0,0.13435187722663744,0.47633524107689645,32842.80213757193
Providencia stuartii,qualibact-v1.0,N50,non-normal,218162.82129277565,104943.57771687361,221078.0,156086.0,268133.5,112047.5,21080.0,563504.0,21817.96,533105.52,33287.450000000004,468529.3499999998,21817.96,533105.52,33287.45,468529.35,Providencia stuartii,263,0,,,,,,,,,,,,,,,,
Providencia stuartii,qualibact-v1.0,number,non-normal,132.24334600760457,63.61482316006516,118.0,92.0,150.5,58.5,46.0,476.0,54.55,452.1199999999999,62.0,316.9,54.55,452.12,62.0,316.9,Providencia stuartii,263,0,,,,,,,,,,,,,,,,
Providencia stuartii,qualibact-v1.0,longest,non-normal,537708.1939163498,249789.91038562887,520440.0,356787.0,696735.0,339948.0,68843.0,1346147.0,86911.52,1330056.69,131613.75,1111725.95,86911.52,1330056.69,131613.75,1111725.95,Providencia stuartii,263,0,,,,,,,,,,,,,,,,
Providencia stuartii,qualibact-v1.0,GC_Content,non-normal,41.559777946768065,0.24246713604359543,41.5992,41.3232,41.7999,0.476700000000001,41.1601,42.0321,41.166604,41.975813,41.188505,41.90699,41.1666,41.9837,41.1885,41.907,Providencia stuartii,263,33,normal,41.63078787878788,0.19532995977680784,41.6083,41.5243,41.7792,0.25490000000000634,41.2518,41.9837,41.253992000000004,41.981924,41.26276,41.97482,0.2817144832353958,0.015283859215016972,0.09404562737642548
Providencia stuartii,qualibact-v1.0,Completeness_Specific,non-normal,100.0,0.0,100.0,100.0,100.0,0.0,100.0,100.0,100.0,100.0,100.0,100.0,87.04,100.0,100.0,100.0,Providencia stuartii,263,33,non-normal,94.06333333333333,2.885420684276822,94.64,92.92,96.06,3.1400000000000006,87.04,97.81,87.1088,97.7412,87.384,97.466,1.0,3.103103956504552e-44,5.9366666666666665
Providencia stuartii,qualibact-v1.0,Contamination,non-normal,0.26779467680608365,0.13834327878632854,0.25,0.18,0.33,0.15000000000000002,0.04,1.01,0.05,0.9324999999999994,0.05,0.54,0.05,9.33,0.05,0.54,Providencia stuartii,263,33,normal,4.41030303030303,2.1575975484088565,3.54,2.7,5.71,3.01,1.37,9.33,1.4660000000000002,9.2628,1.85,8.994,1.0,3.103103956504552e-44,4.142508353496948
Providencia stuartii,qualibact-v1.0,Total_Coding_Sequences,non-normal,4198.585551330799,182.3760981051444,4182.0,4062.5,4362.0,299.5,3800.0,4610.0,3808.86,4552.84,3881.55,4521.8,3808.86,4695.0,3881.55,4521.8,Providencia stuartii,263,33,normal,4302.575757575758,178.21625105353775,4297.0,4200.0,4407.0,207.0,4016.0,4695.0,4016.32,4683.96,4017.6,4639.8,0.34715981103813803,0.0011578546775034082,103.99020624495911
Providencia stuartii,qualibact-v1.0,Genome_Size,non-normal,4470489.8022813685,155956.228434909,4450875.0,4349488.5,4604139.5,254651.0,4140156.0,4757462.0,4148865.64,4739310.34,4210221.15,4721455.25,4148865.64,4860614.0,4210221.15,4721455.25,Providencia stuartii,263,33,normal,4554971.333333333,155314.3414763177,4531482.0,4402109.0,4655992.0,253883.0,4305109.0,4860614.0,4309862.28,4856924.56,4328875.4,4842166.8,0.2865537504320774,0.01244575628715952,84597.95483350617
Pseudoalteromonas nigrifaciens,qualibact-v1.0,N50,non-normal,491620.8108108108,60496.9047749833,460352.0,457078.0,545422.0,88344.0,402477.0,616217.0,413476.52,616042.2,429986.2,615836.6,413476.52,616042.2,429986.2,615836.6,Pseudoalteromonas nigrifaciens,185,0,,,,,,,,,,,,,,,,
Pseudoalteromonas nigrifaciens,qualibact-v1.0,number,non-normal,45.945945945945944,6.166807163490096,45.0,41.0,49.0,8.0,33.0,70.0,35.76,65.40000000000006,38.0,61.80000000000001,35.76,65.4,38.0,61.8,Pseudoalteromonas nigrifaciens,185,0,,,,,,,,,,,,,,,,
Pseudoalteromonas nigrifaciens,qualibact-v1.0,longest,non-normal,686654.3243243244,94288.96002311596,628806.0,627707.0,778649.0,150942.0,529427.0,926289.0,569237.24,926241.16,598275.8,840309.8,569237.24,926241.16,598275.8,840309.8,Pseudoalteromonas nigrifaciens,185,0,,,,,,,,,,,,,,,,
Pseudoalteromonas nigrifaciens,qualibact-v1.0,GC_Content,normal,39.97626594594595,0.0011902656061964236,39.9761,39.9754,39.977,0.001599999999996271,39.9733,39.9799,39.973392,39.979808,39.97422,39.97868,39.9734,40.173,39.9742,39.9787,Pseudoalteromonas nigrifaciens,185,1,insufficient_data,40.173,0.0,40.173,40.173,40.173,0.0,40.173,40.173,40.173,40.173,40.173,40.173,1.0,0.010752688172043012,0.19673405405405595
Pseudoalteromonas nigrifaciens,qualibact-v1.0,Completeness_Specific,non-normal,100.0,0.0,100.0,100.0,100.0,0.0,100.0,100.0,100.0,100.0,100.0,100.0,99.92,100.0,100.0,100.0,Pseudoalteromonas nigrifaciens,185,1,insufficient_data,99.92,0.0,99.92,99.92,99.92,0.0,99.92,99.92,99.92,99.92,99.92,99.92,1.0,0.010752688172043012,0.0799999999999983
Pseudoalteromonas nigrifaciens,qualibact-v1.0,Contamination,non-normal,0.0802162162162162,0.0027424110041007186,0.08,0.08,0.08,0.0,0.07,0.1,0.07,0.1,0.08,0.08,0.07,0.54,0.08,0.08,Pseudoalteromonas nigrifaciens,185,1,insufficient_data,0.54,0.0,0.54,0.54,0.54,0.0,0.54,0.54,0.54,0.54,0.54,0.54,1.0,0.010752688172043012,0.4597837837837839
Pseudoalteromonas nigrifaciens,qualibact-v1.0,Total_Coding_Sequences,normal,3456.3675675675677,2.7242706987429166,3456.0,3455.0,3458.0,3.0,3450.0,3465.0,3450.92,3465.0,3451.6,3461.0,3450.92,3984.0,3451.6,3461.0,Pseudoalteromonas nigrifaciens,185,1,insufficient_data,3984.0,0.0,3984.0,3984.0,3984.0,0.0,3984.0,3984.0,3984.0,3984.0,3984.0,3984.0,1.0,0.010752688172043012,527.6324324324324
Pseudoalteromonas nigrifaciens,qualibact-v1.0,Genome_Size,non-normal,3873786.448648649,854.9074922680298,3873683.0,3873273.0,3874148.0,875.0,3871909.0,3879638.0,3872287.12,3877189.88,3872511.2,3875681.0,3872287.12,4274777.0,3872511.2,3875681.0,Pseudoalteromonas nigrifaciens,185,1,insufficient_data,4274777.0,0.0,4274777.0,4274777.0,4274777.0,0.0,4274777.0,4274777.0,4274777.0,4274777.0,4274777.0,4274777.0,1.0,0.010752688172043012,400990.5513513514
Pseudomonas aeruginosa,qualibact-v1.0,N50,non-normal,296327.7887555811,147782.95983809142,272569.0,184421.5,399200.0,214778.5,25202.0,927615.0,42671.25,767772.550000001,63852.0,656551.0,42671.25,767772.55,63852.0,656551.0,Pseudomonas aeruginosa,40091,0,,,,,,,,,,,,,,,,
Pseudomonas aeruginosa,qualibact-v1.0,number,non-normal,132.32284053777656,67.93375374936195,114.0,86.0,161.0,75.0,26.0,669.0,43.0,422.1000000000058,52.0,313.0,43.0,422.1,52.0,313.0,Pseudomonas aeruginosa,40091,0,,,,,,,,,,,,,,,,
Pseudomonas aeruginosa,qualibact-v1.0,longest,non-normal,676080.0068095083,265116.9772660447,661089.0,484069.0,850414.0,366345.0,101384.0,2202003.0,161108.2,1560975.5000000058,229054.25,1241941.0,161108.2,1560975.5,229054.25,1241941.0,Pseudomonas aeruginosa,40091,0,,,,,,,,,,,,,,,,
Pseudomonas aeruginosa,qualibact-v1.0,GC_Content,non-normal,66.23774798832656,0.25725659984208804,66.2992,66.0534,66.4489,0.3954999999999984,64.8512,73.8102,65.52514000000001,66.6141,65.692725,66.5733,65.1585,66.6848,65.6927,66.5733,Pseudomonas aeruginosa,40091,1364,non-normal,66.11887170087977,0.3037800832256052,66.14525,65.90375,66.37825000000001,0.47450000000000614,65.1585,66.6848,65.217743,66.567837,65.4433575,66.5547925,0.17568462832100956,4.445771371632558e-36,0.11890056222167887
Pseudomonas aeruginosa,qualibact-v1.0,Completeness_Specific,non-normal,99.99970117981593,0.0017869635521588548,100.0,100.0,100.0,0.0,99.96,100.0,99.99,100.0,99.99,100.0,94.98,100.0,99.99,100.0,Pseudomonas aeruginosa,40091,1364,non-normal,99.07954545454545,0.8583563361681683,99.36,98.93,99.61,0.6799999999999926,94.98,99.82,95.6063,99.82,96.44225,99.82,1.0,0.0,0.9201557252704644
Pseudomonas aeruginosa,qualibact-v1.0,Contamination,non-normal,0.17946122571150633,0.2269547363084257,0.1,0.05,0.19,0.14,0.0,1.85,0.0,1.2,0.01,0.91,0.0,6.09,0.01,0.91,Pseudomonas aeruginosa,40091,1364,non-normal,0.8950513196480938,0.5633422312476282,0.73,0.49,1.16,0.6699999999999999,0.09,6.09,0.28,2.993699999999999,0.28,2.308499999999999,0.8361335732469629,0.0,0.7155900939365875
Pseudomonas aeruginosa,qualibact-v1.0,Total_Coding_Sequences,non-normal,6149.561771968771,321.84761805279487,6082.0,5871.0,6408.0,537.0,4272.0,7264.0,5630.45,6942.0,5712.0,6784.0,5615.0,7558.0,5712.0,6784.0,Pseudomonas aeruginosa,40091,1364,non-normal,6305.00439882698,365.83009490530105,6308.5,5972.75,6569.0,596.25,5615.0,7558.0,5683.78,7257.37,5770.3,7038.85,0.17687802770690808,1.4414835825314185e-36,155.44262685820846
Pseudomonas aeruginosa,qualibact-v1.0,Genome_Size,non-normal,6608212.672270585,294656.0306770087,6528722.0,6349881.5,6855488.0,505606.5,4510286.0,7545802.0,6092598.05,7298192.100000002,6208994.5,7169068.0,6020262.0,7708846.0,6208994.5,7169068.0,Pseudomonas aeruginosa,40091,1364,non-normal,6724910.8929618765,326287.6397537465,6748441.0,6429835.75,6965097.5,535261.75,6020262.0,7708846.0,6102555.175,7554240.615,6233957.525,7364897.475,0.16061072862756287,3.4195552463762185e-30,116698.22069129243
Pseudomonas alloputida,qualibact-v1.0,N50,non-normal,168248.2242703533,46708.16350001542,183272.0,139379.0,195629.0,56250.0,43620.0,333972.0,51357.0,314561.25,65524.25,272725.75,51357.0,314561.25,65524.25,272725.75,Pseudomonas alloputida,651,0,,,,,,,,,,,,,,,,
Pseudomonas alloputida,qualibact-v1.0,number,non-normal,172.59907834101384,39.21809434281232,167.0,149.0,188.0,39.0,88.0,352.0,110.25,331.25,121.25,282.75,110.25,331.25,121.25,282.75,Pseudomonas alloputida,651,0,,,,,,,,,,,,,,,,
Pseudomonas alloputida,qualibact-v1.0,longest,non-normal,480472.39631336404,116000.21525538685,530735.0,388470.0,534878.0,146408.0,160014.0,879165.0,176662.25,870231.5,235802.0,782500.5,176662.25,870231.5,235802.0,782500.5,Pseudomonas alloputida,651,0,,,,,,,,,,,,,,,,
Pseudomonas alloputida,qualibact-v1.0,GC_Content,non-normal,61.6194113671275,0.15603389207972485,61.5935,61.5854,61.6302,0.04480000000000217,60.7928,62.0589,61.196425000000005,62.007225,61.224675,61.905775000000006,61.1964,62.0072,61.2247,61.9058,Pseudomonas alloputida,651,6,insufficient_data,61.693033333333325,0.10560891166100611,61.684749999999994,61.644,61.759100000000004,0.11510000000000531,61.5206,61.8538,61.5236175,61.85178,61.5356875,61.8437,0.5906298003072197,0.016725685021261823,0.08864470046082944
Pseudomonas alloputida,qualibact-v1.0,Completeness_Specific,non-normal,99.99998463901689,0.0003916297629489549,100.0,100.0,100.0,0.0,99.99,100.0,100.0,100.0,100.0,100.0,99.6,100.0,100.0,100.0,Pseudomonas alloputida,651,6,insufficient_data,99.73333333333333,0.12892719737209102,99.7,99.62,99.825,0.2049999999999983,99.6,99.94,99.6005,99.9375,99.60249999999999,99.9275,1.0,1.8319493321799345e-14,0.26665130568356277
Pseudomonas alloputida,qualibact-v1.0,Contamination,non-normal,0.2670814132104455,0.2966195996900344,0.13,0.11,0.365,0.255,0.04,2.29,0.052500000000000005,1.55,0.07,1.32,0.05,1.55,0.07,1.32,Pseudomonas alloputida,651,6,insufficient_data,0.4083333333333334,0.10761298971571952,0.45,0.405,0.4725,0.06749999999999995,0.18,0.5,0.18525,0.4995,0.20625,0.4975,0.6451612903225806,0.006193907509351667,0.24174347158218124
Pseudomonas alloputida,qualibact-v1.0,Total_Coding_Sequences,non-normal,5629.179723502304,201.91648580200982,5619.0,5568.0,5640.0,72.0,5160.0,6410.0,5183.5,6346.5,5302.25,6261.75,5183.5,6349.0,5302.25,6261.75,Pseudomonas alloputida,651,6,insufficient_data,5767.333333333333,361.418347932451,5773.5,5440.25,5974.0,533.75,5338.0,6349.0,5339.45,6339.625,5345.25,6302.125,0.4216589861751152,0.18000530548136104,217.74500768049154
Pseudomonas alloputida,qualibact-v1.0,Genome_Size,non-normal,6107598.8632872505,181332.4112389479,6101561.0,6044743.5,6111913.0,67169.5,5594456.0,6783019.0,5699019.75,6727986.5,5838820.75,6665175.5,5699019.75,6784073.0,5838820.75,6665175.5,Pseudomonas alloputida,651,6,insufficient_data,6244429.0,336926.933558796,6239139.0,5963128.75,6441672.5,478543.75,5823914.0,6784073.0,5826756.425,6775538.625,5838126.125,6741401.125,0.43548387096774194,0.15327913543775493,206952.7496159754
Pseudomonas asiatica,qualibact-v1.0,N50,non-normal,131760.3260869565,82624.44633342203,93002.5,90604.0,144161.0,53557.0,27029.0,446883.0,31218.785,429091.74000000017,44112.0,377519.3749999987,31218.78,429091.74,44112.0,377519.37,Pseudomonas asiatica,184,0,,,,,,,,,,,,,,,,
Pseudomonas asiatica,qualibact-v1.0,number,non-normal,229.7173913043478,79.18337634154582,277.0,149.75,297.0,147.25,62.0,386.0,70.235,359.46500000000026,82.0,314.84999999999997,70.24,359.47,82.0,314.85,Pseudomonas asiatica,184,0,,,,,,,,,,,,,,,,
Pseudomonas asiatica,qualibact-v1.0,longest,non-normal,362932.9347826087,204332.15215411043,231290.0,231290.0,482437.25,251147.25,125829.0,1014981.0,130750.785,1014935.25,181580.92500000002,866166.0,130750.78,1014935.25,181580.92,866166.0,Pseudomonas asiatica,184,0,,,,,,,,,,,,,,,,
Pseudomonas asiatica,qualibact-v1.0,GC_Content,non-normal,62.356745108695655,0.24504647957068945,62.182,62.17375,62.569625,0.39587500000000375,61.8091,63.0345,61.893097,62.9709075,62.146555,62.9335975,61.8812,63.3422,62.1466,62.9336,Pseudomonas asiatica,184,15,normal,62.63038000000001,0.34646426886477,62.6488,62.464600000000004,62.7957,0.3310999999999922,61.8812,63.3422,61.90759,63.326982,62.01315,63.26611,0.4931159420289855,0.0012561926483914587,0.3035384420289856
Pseudomonas asiatica,qualibact-v1.0,Completeness_Specific,non-normal,100.0,0.0,100.0,100.0,100.0,0.0,100.0,100.0,100.0,100.0,100.0,100.0,96.24,100.0,100.0,100.0,Pseudomonas asiatica,184,15,non-normal,99.59066666666669,0.9098898590244635,99.84,99.68,100.0,0.3199999999999932,96.24,100.0,96.4717,100.0,97.3985,100.0,0.6,2.86543148611092e-05,0.40933333333333144
Pseudomonas asiatica,qualibact-v1.0,Contamination,non-normal,0.8461413043478261,0.5386757127542898,1.24,0.2475,1.29,1.0425,0.04,2.05,0.049150000000000006,1.9402000000000008,0.08,1.4597499999999988,0.05,2.19,0.08,1.46,Pseudomonas asiatica,184,15,non-normal,0.5700000000000001,0.6005663993265025,0.35,0.11,0.6699999999999999,0.5599999999999999,0.11,2.19,0.11,2.1508,0.11,1.9940000000000002,0.4101449275362319,0.01271803659301879,0.40424275362318834
Pseudomonas asiatica,qualibact-v1.0,Total_Coding_Sequences,non-normal,5958.733695652174,372.56446736486276,6207.5,5605.0,6277.25,672.25,5115.0,6896.0,5126.895,6746.855000000001,5261.825,6316.0,5125.0,6746.86,5261.82,6316.0,Pseudomonas asiatica,184,15,normal,5493.266666666666,296.267326731938,5489.0,5234.5,5663.0,428.5,5125.0,6058.0,5126.75,6057.16,5133.75,6053.8,0.5380434782608695,0.00028492672298284716,465.57572463768116
Pseudomonas asiatica,qualibact-v1.0,Genome_Size,non-normal,6328771.016304348,286708.77215609426,6533696.0,6059361.25,6567115.75,507754.5,5644798.0,7043008.0,5673035.815,6916942.960000001,5765352.075,6585020.725,5581518.0,6916942.96,5765352.08,6585020.72,Pseudomonas asiatica,184,15,normal,5951442.8,257305.27850116094,5954639.0,5709762.5,6132538.0,422775.5,5581518.0,6414918.0,5584053.96,6414710.31,5594197.8,6413879.55,0.5489130434782609,0.00019473002939634473,377328.2163043478
Pseudomonas avellanae,qualibact-v1.0,N50,non-normal,63507.6455399061,31051.698244950865,51782.0,48724.5,69084.75,20360.25,21313.0,188316.0,32057.125,187759.5,38544.75,180807.75,32057.12,187759.5,38544.75,180807.75,Pseudomonas avellanae,426,0,,,,,,,,,,,,,,,,
Pseudomonas avellanae,qualibact-v1.0,number,non-normal,338.44835680751174,80.95624744049921,379.0,252.0,396.75,144.75,147.0,547.0,169.0,514.625,185.5,450.0,169.0,514.62,185.5,450.0,Pseudomonas avellanae,426,0,,,,,,,,,,,,,,,,
Pseudomonas avellanae,qualibact-v1.0,longest,non-normal,197016.34507042254,77990.38946785727,159819.5,141956.0,224555.0,82599.0,75496.0,467212.0,111791.625,458732.625,131434.125,410469.0,111791.62,458732.62,131434.12,410469.0,Pseudomonas avellanae,426,0,,,,,,,,,,,,,,,,
Pseudomonas avellanae,qualibact-v1.0,GC_Content,non-normal,58.49516032863849,0.10126127271107002,58.472350000000006,58.4446,58.52765,0.08305000000000007,58.2293,58.8947,58.2561375,58.887525000000004,58.3293625,58.8022,58.2561,58.8875,58.3294,58.8022,Pseudomonas avellanae,426,3,insufficient_data,58.436366666666665,0.11339701152244876,58.4087,58.361050000000006,58.49785,0.13679999999999382,58.3134,58.587,58.314353000000004,58.585217,58.318165,58.578085,0.5586854460093896,0.21605466695094408,0.0820476525821587
Pseudomonas avellanae,qualibact-v1.0,Completeness_Specific,non-normal,99.99988262910797,0.0010770018541746789,100.0,100.0,100.0,0.0,99.99,100.0,99.99,100.0,100.0,100.0,98.5,100.0,100.0,100.0,Pseudomonas avellanae,426,3,insufficient_data,98.93,0.5322280213091661,98.61,98.555,99.14500000000001,0.5900000000000034,98.5,99.68,98.5011,99.6693,98.5055,99.62650000000001,1.0,1.5305668745227504e-07,1.069882629107979
Pseudomonas avellanae,qualibact-v1.0,Contamination,non-normal,0.392112676056338,0.18606310827741432,0.37,0.33,0.43,0.09999999999999998,0.03,1.73,0.06125,1.205,0.09,0.885,0.06,1.2,0.09,0.88,Pseudomonas avellanae,426,3,insufficient_data,0.21666666666666667,0.03771236166328254,0.19,0.19,0.23,0.04000000000000001,0.19,0.27,0.19,0.2692,0.19,0.266,0.8708920187793427,0.004722717148027393,0.19136150234741783
Pseudomonas avellanae,qualibact-v1.0,Total_Coding_Sequences,non-normal,5776.87558685446,163.59359646104537,5797.0,5704.0,5893.0,189.0,5153.0,6193.0,5165.125,6091.875,5339.625,6047.375,5165.12,6091.88,5339.62,6047.38,Pseudomonas avellanae,426,3,insufficient_data,5925.0,139.47281694533407,6015.0,5871.5,6023.5,152.0,5728.0,6032.0,5730.87,6031.83,5742.35,6031.15,0.6220657276995305,0.11898841161902296,150.9319248826291
Pseudomonas avellanae,qualibact-v1.0,Genome_Size,non-normal,6260311.593896714,130526.48336416212,6298743.0,6242669.25,6322623.25,79954.0,5720640.0,6552648.0,5740914.125,6477148.375,5853770.25,6437413.75,5740914.12,6576340.0,5853770.25,6437413.75,Pseudomonas avellanae,426,3,insufficient_data,6427404.333333333,149081.47793367523,6482171.0,6352936.5,6529255.5,176319.0,6223702.0,6576340.0,6226286.69,6575398.31,6236625.45,6571631.55,0.6619718309859155,0.07964411871260352,171761.69248826292
Pseudomonas fluorescens,qualibact-v1.0,N50,non-normal,191108.38144329897,115340.49668764856,152099.0,111525.0,273649.0,162124.0,43593.0,554632.0,44033.16,548866.72,46786.4,486651.5999999992,44033.16,548866.72,46786.4,486651.6,Pseudomonas fluorescens,97,0,,,,,,,,,,,,,,,,
Pseudomonas fluorescens,qualibact-v1.0,number,non-normal,130.04123711340208,66.23620922805397,108.0,86.0,146.0,60.0,42.0,322.0,47.76,321.52,63.0,307.5999999999998,47.76,321.52,63.0,307.6,Pseudomonas fluorescens,97,0,,,,,,,,,,,,,,,,
Pseudomonas fluorescens,qualibact-v1.0,longest,non-normal,478794.0206185567,225673.9215093353,404782.0,306215.0,682388.0,376173.0,153066.0,1074340.0,153918.48,1020798.8799999995,173585.4,938128.1999999997,153918.48,1020798.88,173585.4,938128.2,Pseudomonas fluorescens,97,0,,,,,,,,,,,,,,,,
Pseudomonas fluorescens,qualibact-v1.0,GC_Content,normal,60.044767010309286,0.83235744920171,60.2497,59.1431,60.6187,1.4756,58.8297,63.1734,58.8297,62.27287199999999,58.83016,61.27048,58.8016,65.9034,58.8302,61.2705,Pseudomonas fluorescens,97,31,non-normal,60.392996774193556,1.234997950235696,60.3175,59.83815,60.5804,0.7422499999999985,58.8016,65.9034,58.825975,65.36934000000001,58.923475,63.23310000000001,0.17392750249418024,0.41808437365018525,0.36385643498503617
Pseudomonas fluorescens,qualibact-v1.0,Completeness_Specific,non-normal,99.99938144329896,0.0028044269090180393,100.0,100.0,100.0,0.0,99.98,100.0,99.98479999999999,100.0,99.99,100.0,89.76,100.0,99.99,100.0,Pseudomonas fluorescens,97,31,non-normal,98.42290322580644,1.9546292339591298,99.24,98.065,99.45,1.3850000000000051,89.76,99.8,90.65100000000001,99.8,94.215,99.8,1.0,4.102362705025835e-30,1.5764782174925176
Pseudomonas fluorescens,qualibact-v1.0,Contamination,non-normal,0.5703092783505154,0.6120414607751068,0.35,0.23,0.45,0.22,0.02,2.24,0.0296,2.2159999999999997,0.044000000000000004,2.1539999999999995,0.03,5.42,0.04,2.15,Pseudomonas fluorescens,97,31,non-normal,1.1506451612903223,1.109044737117579,0.71,0.575,1.245,0.6700000000000002,0.1,5.42,0.1105,5.111000000000002,0.15250000000000002,3.875,0.5796474891918856,7.039775169167119e-08,0.5803358829398071
Pseudomonas fluorescens,qualibact-v1.0,Total_Coding_Sequences,non-normal,5962.6082474226805,392.6757944152006,5924.0,5725.0,6023.0,298.0,5202.0,6891.0,5218.32,6868.92,5308.6,6834.8,5218.32,6868.92,5308.6,6834.8,Pseudomonas fluorescens,97,31,normal,5976.774193548387,254.11042934474176,6016.0,5840.0,6149.5,309.5,5466.0,6480.0,5475.3,6469.5,5512.5,6427.5,0.23910874625872963,0.11311110976179921,123.60458929165281
Pseudomonas fluorescens,qualibact-v1.0,Genome_Size,non-normal,6596689.051546392,396386.10004873114,6531930.0,6360211.0,6805342.0,445131.0,5874121.0,7497574.0,5888353.96,7479479.92,5987594.0,7457913.2,5888353.96,7479479.92,5987594.0,7457913.2,Pseudomonas fluorescens,97,31,normal,6518274.903225807,295908.45208931406,6498941.0,6336777.0,6743733.0,406956.0,5923878.0,7119102.0,5940391.2,7100959.8,6006444.0,7028391.0,0.1426671100764882,0.6628277948264957,101501.24842035251
Pseudomonas fulva,qualibact-v1.0,N50,normal,229641.65714285715,58678.84544792524,245948.0,182560.0,269014.0,86454.0,118662.0,408711.0,122055.52,394973.64000000013,125202.0,328076.8,122055.52,394973.64,125202.0,328076.8,Pseudomonas fulva,105,0,,,,,,,,,,,,,,,,
Pseudomonas fulva,qualibact-v1.0,number,non-normal,90.55238095238096,25.844583462131204,82.0,74.0,103.0,29.0,52.0,209.0,53.04,201.20000000000005,54.6,149.59999999999985,53.04,201.2,54.6,149.6,Pseudomonas fulva,105,0,,,,,,,,,,,,,,,,
Pseudomonas fulva,qualibact-v1.0,longest,non-normal,610253.4761904762,119284.55409969774,657630.0,577334.0,693515.0,116181.0,299750.0,705699.0,303284.44,705493.08,314927.4,705303.0,303284.44,705493.08,314927.4,705303.0,Pseudomonas fulva,105,0,,,,,,,,,,,,,,,,
Pseudomonas fulva,qualibact-v1.0,GC_Content,non-normal,61.4254219047619,0.2326613885255942,61.32,61.2209,61.6161,0.39520000000000266,61.2181,61.9862,61.218360000000004,61.9758,61.21904,61.863,60.6495,64.0418,61.219,61.863,Pseudomonas fulva,105,17,non-normal,61.55922352941176,0.8909497619225755,61.5209,61.0178,61.6751,0.6572999999999993,60.6495,64.0418,60.65574,63.99939199999999,60.6807,63.82975999999999,0.4117647058823529,0.009292056594629082,0.42087176470588145
Pseudomonas fulva,qualibact-v1.0,Completeness_Specific,non-normal,100.0,0.0,100.0,100.0,100.0,0.0,100.0,100.0,100.0,100.0,100.0,100.0,95.06,100.0,100.0,100.0,Pseudomonas fulva,105,17,normal,96.79117647058824,0.7567180091214436,96.89,96.52,97.09,0.5700000000000074,95.06,98.81,95.0928,98.69,95.224,98.21000000000001,1.0,7.790126785607134e-21,3.208823529411765
Pseudomonas fulva,qualibact-v1.0,Contamination,non-normal,0.32838095238095233,0.24780223992808997,0.3,0.15,0.3,0.15,0.05,1.18,0.05,1.18,0.06,1.107999999999999,0.05,9.47,0.06,1.11,Pseudomonas fulva,105,17,normal,4.879411764705882,2.4377339298624796,5.35,2.83,6.85,4.02,1.09,9.47,1.1068,9.3412,1.1740000000000002,8.826,0.9714285714285714,8.880744535592125e-18,4.55103081232493
Pseudomonas fulva,qualibact-v1.0,Total_Coding_Sequences,non-normal,4658.561904761905,214.0343062759766,4791.0,4461.0,4797.0,336.0,4215.0,5029.0,4231.64,4981.68,4262.2,4934.2,4231.64,5425.0,4262.2,4934.2,Pseudomonas fulva,105,17,non-normal,4837.470588235294,377.12848764548625,4670.0,4488.0,5223.0,735.0,4329.0,5425.0,4334.28,5416.84,4355.4,5384.2,0.47058823529411764,0.0017442785852479852,238.7731092436975
Pseudomonas fulva,qualibact-v1.0,Genome_Size,non-normal,5103417.476190476,196314.0061618046,5235840.0,4927703.0,5236777.0,309074.0,4712474.0,5381893.0,4714084.44,5360064.96,4717577.0,5322676.8,4714084.44,5757765.0,4717577.0,5322676.8,Pseudomonas fulva,105,17,non-normal,5217835.117647059,341894.9331615132,5068189.0,4906246.0,5551504.0,645258.0,4753452.0,5757765.0,4757063.76,5750747.72,4771510.8,5722678.6,0.47058823529411764,0.0017442785852479852,190954.57591036416
Pseudomonas glycinae,qualibact-v1.0,N50,normal,290543.60215053766,69598.4995731299,306806.0,243767.5,327633.0,83865.5,118458.0,543970.0,133753.8,543970.0,158118.0,418364.625,133753.8,543970.0,158118.0,418364.62,Pseudomonas glycinae,186,0,,,,,,,,,,,,,,,,
Pseudomonas glycinae,qualibact-v1.0,number,non-normal,81.55376344086021,23.833197499303655,75.5,62.25,93.0,30.75,53.0,195.0,53.0,151.52499999999947,56.0,141.0,53.0,151.52,56.0,141.0,Pseudomonas glycinae,186,0,,,,,,,,,,,,,,,,
Pseudomonas glycinae,qualibact-v1.0,longest,normal,628372.9032258064,142048.88596725784,676422.0,527342.0,741695.0,214353.0,323804.0,1016079.0,323887.25,1015777.45,348587.625,813321.625,323887.25,1015777.45,348587.62,813321.62,Pseudomonas glycinae,186,0,,,,,,,,,,,,,,,,
Pseudomonas glycinae,qualibact-v1.0,GC_Content,non-normal,60.555178494623654,0.006211277455267649,60.55225,60.5507,60.558099999999996,0.0073999999999969646,60.5417,60.5758,60.54429,60.57506,60.549062500000005,60.568275,60.4786,60.5751,60.5491,60.5683,Pseudomonas glycinae,186,1,insufficient_data,60.4786,0.0,60.4786,60.4786,60.4786,0.0,60.4786,60.4786,60.4786,60.4786,60.4786,60.4786,1.0,0.0106951871657754,0.07657849462365596
Pseudomonas glycinae,qualibact-v1.0,Completeness_Specific,non-normal,99.99967741935482,0.0017668469596949878,100.0,100.0,100.0,0.0,99.99,100.0,99.99,100.0,99.99,100.0,98.72,100.0,99.99,100.0,Pseudomonas glycinae,186,1,insufficient_data,98.72,0.0,98.72,98.72,98.72,0.0,98.72,98.72,98.72,98.72,98.72,98.72,1.0,0.0106951871657754,1.2796774193548397
Pseudomonas glycinae,qualibact-v1.0,Contamination,non-normal,2.0094086021505375,0.03939290273917448,2.01,2.01,2.01,0.0,1.91,2.33,1.91,2.32075,1.91,2.02,1.91,4.6,1.91,2.02,Pseudomonas glycinae,186,1,insufficient_data,4.6,0.0,4.6,4.6,4.6,0.0,4.6,4.6,4.6,4.6,4.6,4.6,1.0,0.0106951871657754,2.590591397849462
Pseudomonas glycinae,qualibact-v1.0,Total_Coding_Sequences,non-normal,5762.758064516129,11.0385718900672,5759.0,5755.25,5767.0,11.75,5746.0,5809.0,5747.85,5804.375,5749.625,5794.125,5747.85,5868.0,5749.62,5794.12,Pseudomonas glycinae,186,1,insufficient_data,5868.0,0.0,5868.0,5868.0,5868.0,0.0,5868.0,5868.0,5868.0,5868.0,5868.0,5868.0,1.0,0.0106951871657754,105.24193548387098
Pseudomonas glycinae,qualibact-v1.0,Genome_Size,non-normal,6406382.010752688,6346.346153910982,6403187.0,6402213.5,6411498.0,9284.5,6392998.0,6429952.0,6393889.7,6422280.975,6395431.625,6419152.5,6393889.7,6422280.98,6395431.62,6419152.5,Pseudomonas glycinae,186,1,insufficient_data,6396728.0,0.0,6396728.0,6396728.0,6396728.0,0.0,6396728.0,6396728.0,6396728.0,6396728.0,6396728.0,6396728.0,0.946236559139785,0.1176470588235295,9819.483870967739
Pseudomonas juntendi,qualibact-v1.0,N50,non-normal,79331.79120879121,22378.00642041222,75383.0,63261.0,89069.0,25808.0,45280.0,184643.0,45432.55,164030.29999999987,47233.75,129193.75,45432.55,164030.3,47233.75,129193.75,Pseudomonas juntendi,91,0,,,,,,,,,,,,,,,,
Pseudomonas juntendi,qualibact-v1.0,number,normal,239.14285714285714,46.606741819671605,234.0,207.0,274.5,67.5,131.0,364.0,132.8,352.29999999999995,161.5,325.75,132.8,352.3,161.5,325.75,Pseudomonas juntendi,91,0,,,,,,,,,,,,,,,,
Pseudomonas juntendi,qualibact-v1.0,longest,normal,296582.3296703297,76227.39538518943,295784.0,241156.5,337066.0,95909.5,153074.0,484428.0,155276.75,473258.99999999994,167179.25,442363.75,155276.75,473259.0,167179.25,442363.75,Pseudomonas juntendi,91,0,,,,,,,,,,,,,,,,
Pseudomonas juntendi,qualibact-v1.0,GC_Content,normal,62.21565384615384,0.17434494311136137,62.1937,62.09115,62.335300000000004,0.24415000000000475,61.8392,62.6464,61.845455,62.637265,61.927175,62.56705,61.8377,62.6373,61.9272,62.567,Pseudomonas juntendi,91,9,normal,62.20703333333333,0.2048807674938989,62.282,62.2196,62.3144,0.09479999999999933,61.8377,62.4125,61.837892,62.41226,61.83866,62.411300000000004,0.3052503052503053,0.35279938505732333,0.08857802197802195
Pseudomonas juntendi,qualibact-v1.0,Completeness_Specific,non-normal,99.98923076923076,0.015982873335780252,99.99,99.99,100.0,0.010000000000005116,99.92,100.0,99.92450000000001,100.0,99.93,100.0,99.68,100.0,99.93,100.0,Pseudomonas juntendi,91,9,non-normal,99.82222222222224,0.15900927839998166,99.68,99.68,100.0,0.3199999999999932,99.68,100.0,99.68,100.0,99.68,100.0,0.5555555555555556,0.006985412235944399,0.16754578754578245
Pseudomonas juntendi,qualibact-v1.0,Contamination,non-normal,0.6091208791208791,0.35749939937442315,0.51,0.335,0.845,0.51,0.07,1.46,0.07450000000000001,1.46,0.1125,1.34,0.07,2.43,0.11,1.34,Pseudomonas juntendi,91,9,normal,1.0266666666666666,0.6603197878469358,0.87,0.59,1.18,0.59,0.22,2.43,0.23399999999999999,2.4068,0.29,2.314,0.43833943833943834,0.0593382003820771,0.4175457875457876
Pseudomonas juntendi,qualibact-v1.0,Total_Coding_Sequences,normal,5384.67032967033,220.47072791398926,5364.0,5259.0,5538.5,279.5,4891.0,5831.0,4903.6,5829.65,4933.5,5792.0,4903.6,5829.65,4933.5,5792.0,Pseudomonas juntendi,91,9,normal,5480.333333333333,210.0343887187154,5432.0,5258.0,5696.0,438.0,5231.0,5768.0,5231.24,5765.12,5232.2,5753.6,0.30158730158730157,0.37180745686031386,102.57142857142858
Pseudomonas juntendi,qualibact-v1.0,Genome_Size,normal,5738954.758241759,186886.92647326316,5735912.0,5624517.0,5851791.5,227274.5,5315432.0,6254515.0,5318923.1,6183319.6,5362215.5,6080720.0,5318923.1,6183319.6,5362215.5,6080720.0,Pseudomonas juntendi,91,9,normal,5815218.0,180747.80644250647,5786923.0,5630196.0,5999232.0,369036.0,5582866.0,6064351.0,5583901.72,6062360.96,5588044.6,6054400.8,0.3125763125763126,0.3305068352961728,85440.04273504273
Pseudomonas marginalis,qualibact-v1.0,N50,non-normal,191622.96519959057,79935.8451387222,174981.0,135480.0,237290.0,101810.0,24244.0,434290.0,34593.72,386843.52,54715.6,362726.6,34593.72,386843.52,54715.6,362726.6,Pseudomonas marginalis,977,0,,,,,,,,,,,,,,,,
Pseudomonas marginalis,qualibact-v1.0,number,non-normal,108.69805527123849,46.972736776902785,100.0,78.0,125.0,47.0,49.0,450.0,52.0,345.96000000000004,57.0,248.0,52.0,345.96,57.0,248.0,Pseudomonas marginalis,977,0,,,,,,,,,,,,,,,,
Pseudomonas marginalis,qualibact-v1.0,longest,non-normal,591010.5875127943,260024.99689661316,525932.0,417789.0,711806.0,294017.0,120331.0,1518223.0,149584.88,1281810.48,207861.0,1252035.0,149584.88,1281810.48,207861.0,1252035.0,Pseudomonas marginalis,977,0,,,,,,,,,,,,,,,,
Pseudomonas marginalis,qualibact-v1.0,GC_Content,non-normal,60.51217604912999,0.10429729611558076,60.5431,60.5364,60.5456,0.009199999999999875,60.0761,60.5711,60.0812,60.557636,60.086679999999994,60.55386,59.8513,61.0316,60.0867,60.5539,Pseudomonas marginalis,977,6,insufficient_data,60.55145000000001,0.3995843454974998,60.52745,60.403575000000004,60.888324999999995,0.48474999999999113,59.8513,61.0316,59.864265,61.030834999999996,59.916125,61.027775,0.4150460593654043,0.19191220733428976,0.2746942511088346
Pseudomonas marginalis,qualibact-v1.0,Completeness_Specific,non-normal,100.0,0.0,100.0,100.0,100.0,0.0,100.0,100.0,100.0,100.0,100.0,100.0,99.29,100.0,100.0,100.0,Pseudomonas marginalis,977,6,insufficient_data,99.76166666666667,0.2498277184158868,99.80000000000001,99.68,99.98,0.29999999999999716,99.29,100.0,99.29975,100.0,99.33875,100.0,0.6666666666666666,0.003904981243536947,0.23833333333332973
Pseudomonas marginalis,qualibact-v1.0,Contamination,non-normal,0.08922210849539404,0.2676315024197791,0.02,0.02,0.04,0.02,0.0,1.46,0.01,1.39,0.02,1.34,0.01,7.13,0.02,1.34,Pseudomonas marginalis,977,6,insufficient_data,2.3416666666666663,2.246852737101883,1.36,0.88,2.4099999999999997,1.5299999999999998,0.72,7.13,0.72,7.020749999999999,0.72,6.58375,0.9570112589559877,1.9887442327023698e-08,2.2524445581712724
Pseudomonas marginalis,qualibact-v1.0,Total_Coding_Sequences,non-normal,6071.707267144319,123.52888795777787,6034.0,6029.0,6043.0,14.0,5882.0,6588.0,6019.0,6571.84,6021.0,6559.0,6019.0,7086.0,6021.0,6559.0,Pseudomonas marginalis,977,6,insufficient_data,6395.333333333333,336.7094032280985,6292.5,6211.25,6438.25,227.0,6030.0,7086.0,6034.15,7070.724999999999,6050.75,7009.625,0.7555441828727397,0.00047714893121673794,323.626066189014
Pseudomonas marginalis,qualibact-v1.0,Genome_Size,non-normal,6720121.413510747,99284.74492465743,6691841.0,6689488.0,6695617.0,6129.0,6517088.0,7129572.0,6656245.8,7123484.92,6680989.6,7109133.8,6576176.0,7581541.0,6680989.6,7109133.8,Pseudomonas marginalis,977,6,insufficient_data,6927526.333333333,321375.32956791954,6836487.5,6741718.5,6977374.75,235656.25,6576176.0,7581541.0,6579831.6,7567304.125,6594454.0,7510356.625,0.729955646537018,0.0009235293396817807,242396.61617195496
Pseudomonas monteilii,qualibact-v1.0,N50,non-normal,221846.61157024794,117489.18124903302,204782.0,142476.0,268164.0,125688.0,42495.0,516676.0,42650.4,515128.60000000003,53269.0,440332.0,42650.4,515128.6,53269.0,440332.0,Pseudomonas monteilii,121,0,,,,,,,,,,,,,,,,
Pseudomonas monteilii,qualibact-v1.0,number,non-normal,150.04132231404958,64.4788897088512,145.0,94.0,191.0,97.0,63.0,388.0,66.0,355.6000000000003,69.0,315.0,66.0,355.6,69.0,315.0,Pseudomonas monteilii,121,0,,,,,,,,,,,,,,,,
Pseudomonas monteilii,qualibact-v1.0,longest,non-normal,548814.5537190082,250327.38977223606,545585.0,339657.0,709020.0,369363.0,136439.0,1022778.0,137271.8,1022778.0,158720.0,988981.0,137271.8,1022778.0,158720.0,988981.0,Pseudomonas monteilii,121,0,,,,,,,,,,,,,,,,
Pseudomonas monteilii,qualibact-v1.0,GC_Content,non-normal,61.84829834710743,0.2629125009157301,61.8895,61.6126,62.0876,0.4750000000000014,61.1582,62.3683,61.3115,62.3677,61.4335,62.2259,61.3115,62.4933,61.4335,62.2259,Pseudomonas monteilii,121,17,normal,61.8779705882353,0.29977261336416844,61.8328,61.6179,62.05,0.4320999999999984,61.4716,62.4933,61.47368,62.490732,61.482,62.48046,0.12639766650461837,0.9443880673675683,0.06181983471074408
Pseudomonas monteilii,qualibact-v1.0,Completeness_Specific,non-normal,99.99735537190082,0.013033243892036452,100.0,100.0,100.0,0.0,99.86,100.0,99.938,100.0,99.99,100.0,91.07,100.0,99.99,100.0,Pseudomonas monteilii,121,17,normal,94.77176470588235,2.24115053250391,95.46,93.51,96.09,2.5799999999999983,91.07,98.67,91.0732,98.642,91.086,98.53,1.0,8.323588003448686e-22,5.225590666018473
Pseudomonas monteilii,qualibact-v1.0,Contamination,non-normal,0.5874380165289256,0.5351226459028334,0.49,0.15,0.84,0.69,0.01,3.08,0.01,2.6300000000000043,0.04,1.87,0.01,5.65,0.04,1.87,Pseudomonas monteilii,121,17,normal,3.75,1.3480006982019488,3.95,2.85,4.77,1.9199999999999995,1.14,5.65,1.14,5.65,1.14,5.65,0.8658240155566359,1.1504632650125252e-12,3.162561983471075
Pseudomonas monteilii,qualibact-v1.0,Total_Coding_Sequences,non-normal,5756.280991735537,346.2269647590858,5774.0,5486.0,6050.0,564.0,5083.0,6581.0,5089.6,6405.800000000002,5103.0,6277.0,5089.6,6405.8,5103.0,6277.0,Pseudomonas monteilii,121,17,normal,5616.058823529412,241.7630027133367,5579.0,5502.0,5801.0,299.0,5202.0,6007.0,5204.16,6005.32,5212.8,5998.6,0.30578512396694213,0.09676552008632305,161.6815751093826
Pseudomonas monteilii,qualibact-v1.0,Genome_Size,normal,6170662.4628099175,306476.29124370543,6221688.0,5977562.0,6366712.0,389150.0,5586249.0,6836465.0,5587077.6,6834208.4,5587854.0,6771590.0,5587077.6,6834208.4,5587854.0,6771590.0,Pseudomonas monteilii,121,17,normal,5985908.705882353,220023.93942872906,5945120.0,5802791.0,6135355.0,332564.0,5640569.0,6352377.0,5643305.08,6352186.2,5654249.4,6351423.0,0.41759844433641224,0.007311775481525785,191394.24015556637
Pseudomonas paracarnis,qualibact-v1.0,N50,non-normal,126988.24744897959,62154.31601393992,112311.5,93044.0,124757.75,31713.75,38230.0,396568.0,54235.9,369773.9050000002,64460.575,331079.97499999986,54235.9,369773.91,64460.58,331079.97,Pseudomonas paracarnis,392,0,,,,,,,,,,,,,,,,
Pseudomonas paracarnis,qualibact-v1.0,number,non-normal,142.92602040816325,37.75933641106084,140.5,126.0,158.0,32.0,49.0,280.0,56.91,258.8550000000003,67.775,228.22499999999997,56.91,258.86,67.78,228.22,Pseudomonas paracarnis,392,0,,,,,,,,,,,,,,,,
Pseudomonas paracarnis,qualibact-v1.0,longest,non-normal,350366.5586734694,150224.17005385322,311433.5,241128.75,410050.75,168922.0,123986.0,955559.0,155796.155,804605.4400000023,181966.85,748003.525,155796.16,804605.44,181966.85,748003.52,Pseudomonas paracarnis,392,0,,,,,,,,,,,,,,,,
Pseudomonas paracarnis,qualibact-v1.0,GC_Content,non-normal,59.917604336734705,0.0835383668214357,59.902249999999995,59.88755,59.91975,0.032200000000003115,59.6023,60.2019,59.658646000000005,60.199818,59.7353775,60.1930175,59.6586,60.1998,59.7354,60.193,Pseudomonas paracarnis,392,1,insufficient_data,59.8594,0.0,59.8594,59.8594,59.8594,0.0,59.8594,59.8594,59.8594,59.8594,59.8594,59.8594,0.9387755102040817,0.1272264631043257,0.07054974489795861
Pseudomonas paracarnis,qualibact-v1.0,Completeness_Specific,non-normal,100.0,0.0,100.0,100.0,100.0,0.0,100.0,100.0,100.0,100.0,100.0,100.0,99.05,100.0,100.0,100.0,Pseudomonas paracarnis,392,1,insufficient_data,99.05,0.0,99.05,99.05,99.05,0.0,99.05,99.05,99.05,99.05,99.05,99.05,1.0,0.005089058524173025,0.9500000000000028
Pseudomonas paracarnis,qualibact-v1.0,Contamination,non-normal,0.07517857142857144,0.1144372600143495,0.05,0.05,0.05,0.0,0.0,1.04,0.0,0.8049500000000018,0.01,0.41,0.0,0.8,0.01,0.41,Pseudomonas paracarnis,392,1,insufficient_data,0.8,0.0,0.8,0.8,0.8,0.0,0.8,0.8,0.8,0.8,0.8,0.8,0.9923469387755102,0.020356234096692096,0.726607142857143
Pseudomonas paracarnis,qualibact-v1.0,Total_Coding_Sequences,non-normal,5920.548469387755,184.5524722068421,6000.0,5981.0,6013.0,32.0,5255.0,6062.0,5333.28,6051.045,5343.775,6044.225,5333.28,6051.04,5343.78,6044.22,Pseudomonas paracarnis,392,1,insufficient_data,5818.0,0.0,5818.0,5818.0,5818.0,0.0,5818.0,5818.0,5818.0,5818.0,5818.0,5818.0,0.8214285714285714,0.36132315521628483,197.9566326530612
Pseudomonas paracarnis,qualibact-v1.0,Genome_Size,non-normal,6485408.905612245,174474.07127823264,6566491.0,6551855.25,6568942.0,17086.75,5888444.0,6596749.0,5922361.82,6592594.165,5965247.525,6577273.05,5922361.82,6592594.16,5965247.52,6577273.05,Pseudomonas paracarnis,392,1,insufficient_data,6326461.0,0.0,6326461.0,6326461.0,6326461.0,0.0,6326461.0,6326461.0,6326461.0,6326461.0,6326461.0,6326461.0,0.8418367346938775,0.3206106870229005,228247.24744897956
Pseudomonas protegens,qualibact-v1.0,N50,non-normal,492043.29032258067,300228.41271383426,457441.0,261023.75,664737.75,403714.0,49382.0,1728007.0,54414.925,1234532.449999994,66115.625,1108049.375,54414.92,1234532.45,66115.62,1108049.38,Pseudomonas protegens,186,0,,,,,,,,,,,,,,,,
Pseudomonas protegens,qualibact-v1.0,number,non-normal,80.16666666666667,73.57615589880922,50.0,42.0,78.0,36.0,18.0,341.0,18.925,335.44999999999993,23.625,300.75,18.92,335.45,23.62,300.75,Pseudomonas protegens,186,0,,,,,,,,,,,,,,,,
Pseudomonas protegens,qualibact-v1.0,longest,non-normal,1025282.9462365592,465746.12726013554,1051331.0,748194.5,1266401.5,518207.0,156951.0,2768490.0,173652.8,2480282.1999999965,218926.625,2200160.625,173652.8,2480282.2,218926.62,2200160.62,Pseudomonas protegens,186,0,,,,,,,,,,,,,,,,
Pseudomonas protegens,qualibact-v1.0,GC_Content,non-normal,63.225302688172036,0.38526845876006305,63.3299,63.3267,63.422375,0.09567499999999995,61.9083,63.5616,62.1379775,63.5344975,62.18675,63.488625,61.9863,63.5345,62.1868,63.4886,Pseudomonas protegens,186,31,non-normal,63.11404193548388,0.4152570574057543,63.3049,63.07315,63.35655,0.2834000000000003,61.9863,63.4034,61.99038,63.40148,62.0067,63.3938,0.40860215053763443,0.0001824506001647907,0.12289623655913975
Pseudomonas protegens,qualibact-v1.0,Completeness_Specific,non-normal,99.99806451612903,0.01039624255077139,100.0,100.0,100.0,0.0,99.87,100.0,99.9625,100.0,99.98625,100.0,97.24,100.0,99.99,100.0,Pseudomonas protegens,186,31,non-normal,99.31387096774195,0.5345705386289379,99.36,99.28,99.68,0.4000000000000057,97.24,99.68,97.35549999999999,99.68,97.8175,99.68,1.0,5.799365552374605e-38,0.6841935483870936
Pseudomonas protegens,qualibact-v1.0,Contamination,non-normal,0.5131182795698924,0.27062046785645494,0.57,0.2725,0.59,0.31749999999999995,0.09,1.85,0.127,1.85,0.21,1.26,0.13,1.85,0.21,1.26,Pseudomonas protegens,186,31,non-normal,0.9654838709677418,0.2980131920621638,0.93,0.72,1.13,0.4099999999999999,0.4,1.76,0.448,1.76,0.64,1.76,0.8548387096774194,2.7662921342929344e-21,0.45430107526881724
Pseudomonas protegens,qualibact-v1.0,Total_Coding_Sequences,non-normal,6229.5053763440865,113.83879600764965,6263.0,6169.0,6290.0,121.0,5748.0,6739.0,5912.65,6635.399999999999,5979.5,6405.5,5912.65,6720.0,5979.5,6405.5,Pseudomonas protegens,186,31,normal,6364.645161290323,142.18537386490573,6369.0,6295.0,6465.0,170.0,6029.0,6720.0,6032.75,6703.05,6047.75,6635.25,0.6612903225806451,1.1725507780712682e-11,135.3440860215054
Pseudomonas protegens,qualibact-v1.0,Genome_Size,non-normal,6925258.553763441,143550.48214897816,6878672.5,6837903.5,7052466.5,214563.0,6172922.0,7356618.0,6563070.35,7356574.525,6681599.25,7109099.375,6563070.35,7356574.52,6681599.25,7109099.38,Pseudomonas protegens,186,31,normal,6938862.0,133216.7635251999,6918533.0,6854244.5,7070280.0,216035.5,6667995.0,7233958.0,6672367.5,7218111.4,6689857.5,7154725.0,0.26344086021505375,0.04329072744957002,30187.18817204301
Pseudomonas putida,qualibact-v1.0,N50,non-normal,228762.6564417178,139690.336919486,202352.0,118396.5,299123.5,180727.0,26867.0,645340.0,32809.16,599470.5099999999,40933.15,544249.5499999999,32809.16,599470.51,40933.15,544249.55,Pseudomonas putida,163,0,,,,,,,,,,,,,,,,
Pseudomonas putida,qualibact-v1.0,number,non-normal,150.68711656441718,89.57387337316781,135.0,86.0,195.0,109.0,29.0,645.0,29.0,455.45999999999947,45.05,388.4999999999999,29.0,455.46,45.05,388.5,Pseudomonas putida,163,0,,,,,,,,,,,,,,,,
Pseudomonas putida,qualibact-v1.0,longest,non-normal,589414.0429447853,309851.5409457936,504577.0,386359.5,761095.0,374735.5,122219.0,2065254.0,136726.91,1807266.5699999994,153911.95,1221356.0,136726.91,1807266.57,153911.95,1221356.0,Pseudomonas putida,163,0,,,,,,,,,,,,,,,,
Pseudomonas putida,qualibact-v1.0,GC_Content,non-normal,61.88243067484661,0.7378577557009284,61.9485,61.6569,62.269149999999996,0.612249999999996,59.8942,63.7615,59.973337,63.637246,60.063605,63.342715,59.2265,63.6372,60.0636,63.3427,Pseudomonas putida,163,114,non-normal,61.66154473684211,0.5091198444188474,61.59255,61.5219,61.846625,0.3247250000000008,59.2265,63.1895,59.8204845,63.0772345,60.5959825,62.738955,0.40722204283715424,1.7590324399570488e-10,0.3489068076633294
Pseudomonas putida,qualibact-v1.0,Completeness_Specific,non-normal,99.99944785276074,0.004181691579865591,100.0,100.0,100.0,0.0,99.95,100.0,99.9824,100.0,99.9905,100.0,95.52,100.0,99.99,100.0,Pseudomonas putida,163,113,non-normal,99.02061946902654,1.0338109609516588,99.49,99.02,99.65,0.6300000000000097,95.52,99.9,95.96799999999999,99.9,96.564,99.89,1.0,3.2080902231165442e-80,0.9788283837341855
Pseudomonas putida,qualibact-v1.0,Contamination,non-normal,0.4986503067484663,0.4601273701194428,0.4,0.16,0.72,0.5599999999999999,0.0,3.86,0.008100000000000001,2.0536999999999948,0.020499999999999997,1.465999999999999,0.01,9.85,0.02,1.47,Pseudomonas putida,163,113,non-normal,0.8792035398230089,1.2326962617026904,0.38,0.14,1.33,1.19,0.14,9.85,0.14,6.937999999999988,0.14,3.260000000000001,0.23752646723492046,0.000837842967663942,0.42421575546989543
Pseudomonas putida,qualibact-v1.0,Total_Coding_Sequences,normal,5761.7177914110425,496.47506574898557,5776.0,5452.5,6129.0,676.5,4431.0,7021.0,4439.1,6814.45,4863.6,6686.65,4439.1,7087.0,4863.6,6686.65,Pseudomonas putida,163,114,non-normal,5704.7807017543855,330.9835888964977,5714.0,5423.25,5854.0,430.75,5097.0,7087.0,5101.52,6839.530000000001,5205.25,6525.05,0.21709180927779573,0.0028786829774058347,171.49235819610377
Pseudomonas putida,qualibact-v1.0,Genome_Size,normal,6282104.5889570555,460478.5565068394,6313911.0,6054975.0,6620778.5,565803.5,4847794.0,7320828.0,4941088.18,7118827.77,5383763.05,7061659.7,4941088.18,7467685.0,5383763.05,7061659.7,Pseudomonas putida,163,114,non-normal,6188636.666666667,321418.9711603589,6180387.5,5927933.25,6317106.5,389173.25,5470082.0,7467685.0,5525646.925,7268208.925000001,5662587.575,6892135.0,0.28543752018082014,2.491460142251503e-05,184613.22731675822
Pseudomonas syringae,qualibact-v1.0,N50,non-normal,200008.24844720497,66212.36150729754,193781.0,168999.0,226517.0,57518.0,30266.0,440581.0,37053.2,409791.39999999956,60105.0,350181.0,37053.2,409791.4,60105.0,350181.0,Pseudomonas syringae,161,0,,,,,,,,,,,,,,,,
Pseudomonas syringae,qualibact-v1.0,number,non-normal,114.31055900621118,61.62531907113495,102.0,86.0,120.0,34.0,45.0,584.0,48.2,407.9999999999975,52.0,278.0,48.2,408.0,52.0,278.0,Pseudomonas syringae,161,0,,,,,,,,,,,,,,,,
Pseudomonas syringae,qualibact-v1.0,longest,normal,664831.9130434783,226903.1259577721,678929.0,483830.0,833268.0,349438.0,82250.0,1327621.0,141898.8,1279805.7999999993,218519.0,1029824.0,141898.8,1279805.8,218519.0,1029824.0,Pseudomonas syringae,161,0,,,,,,,,,,,,,,,,
Pseudomonas syringae,qualibact-v1.0,GC_Content,non-normal,59.197080745341616,0.29719432451456435,59.1981,59.0975,59.2584,0.16090000000000515,58.3295,61.0619,58.48574,61.060700000000004,58.7921,59.3876,58.0207,61.0607,58.7921,59.3876,Pseudomonas syringae,161,88,non-normal,58.87841704545454,0.38814519343504056,58.9824,58.621225,59.133325,0.5120999999999967,58.0207,60.7114,58.0300525,60.1022695,58.150685,59.307185,0.5121400338791643,3.3956639405622395e-14,0.31866369988706905
Pseudomonas syringae,qualibact-v1.0,Completeness_Specific,non-normal,99.997950310559,0.008784374355798189,100.0,100.0,100.0,0.0,99.9,100.0,99.964,100.0,99.98,100.0,89.61,100.0,99.98,100.0,Pseudomonas syringae,161,88,non-normal,98.84431818181817,1.3444606855999797,99.38,98.32249999999999,99.6125,1.2900000000000063,89.61,99.73,91.77195,99.73,96.14925,99.7,1.0,2.177554330248497e-69,1.153632128740824
Pseudomonas syringae,qualibact-v1.0,Contamination,non-normal,0.10677018633540374,0.12672463659874228,0.07,0.02,0.14,0.12000000000000001,0.0,0.78,0.0,0.7639999999999998,0.0,0.33,0.0,10.79,0.0,0.33,Pseudomonas syringae,161,88,non-normal,1.0948863636363637,1.2519448455014643,0.86,0.6,1.13,0.5299999999999999,0.24,10.79,0.2487,8.310499999999987,0.37,3.7240000000000006,0.9524280067758328,1.140880131518746e-58,0.9881161773009598
Pseudomonas syringae,qualibact-v1.0,Total_Coding_Sequences,non-normal,5232.341614906833,144.5455549670972,5234.0,5143.0,5317.0,174.0,4948.0,5753.0,4959.2,5657.799999999998,4974.0,5573.0,4828.0,6122.0,4974.0,5573.0,Pseudomonas syringae,161,88,non-normal,5426.784090909091,361.09468818830595,5306.5,5201.0,5805.5,604.5,4828.0,6122.0,4843.66,6118.955,4903.225,6092.95,0.2716685488424619,0.00033366093302949416,211.3522727272727
Pseudomonas syringae,qualibact-v1.0,Genome_Size,normal,6040541.279503105,112438.8414320713,6058260.0,5952290.0,6108898.0,156608.0,5749198.0,6372067.0,5804534.8,6362512.6,5823209.0,6279337.0,5448011.0,6747342.0,5823209.0,6279337.0,Pseudomonas syringae,161,88,normal,6102339.7727272725,323355.74731947976,6027363.0,5919315.25,6338028.0,418712.75,5448011.0,6747342.0,5463785.405,6744634.995,5532261.5,6690462.225,0.24273009599096557,0.0019192895391047294,160453.58286278942
Ralstonia pseudosolanacearum,qualibact-v1.0,N50,normal,98079.81981981982,27934.178508101682,95788.0,77949.0,124866.0,46917.0,31426.0,191020.0,33656.74,160932.1399999998,43975.5,149621.3,33656.74,160932.14,43975.5,149621.3,Ralstonia pseudosolanacearum,333,0,,,,,,,,,,,,,,,,
Ralstonia pseudosolanacearum,qualibact-v1.0,number,normal,255.64264264264264,69.48200610658863,274.0,195.0,299.0,104.0,95.0,533.0,111.92,468.67999999999995,142.3,403.79999999999995,111.92,468.68,142.3,403.8,Ralstonia pseudosolanacearum,333,0,,,,,,,,,,,,,,,,
Ralstonia pseudosolanacearum,qualibact-v1.0,longest,non-normal,329042.32732732734,111177.51911457836,323888.0,252018.0,338932.0,86914.0,120269.0,604463.0,126708.66,604051.0,158886.9,604051.0,126708.66,604051.0,158886.9,604051.0,Ralstonia pseudosolanacearum,333,0,,,,,,,,,,,,,,,,
Ralstonia pseudosolanacearum,qualibact-v1.0,GC_Content,non-normal,66.81148168168168,0.2563581018637133,66.9244,66.4952,67.0398,0.5446000000000026,66.4388,67.2275,66.439866,67.15060799999999,66.4439,67.07804,66.4399,67.1506,66.4439,67.078,Ralstonia pseudosolanacearum,333,166,non-normal,66.84912289156627,0.09994839189422322,66.85235,66.787425,66.920375,0.13295000000000812,66.4439,67.1155,66.5586575,67.07136249999999,66.65592500000001,67.02975,0.37825174572162523,9.855537385464385e-15,0.15263355041788781
Ralstonia pseudosolanacearum,qualibact-v1.0,Completeness_Specific,non-normal,99.99996996996997,0.0005471731879368745,100.0,100.0,100.0,0.0,99.99,100.0,100.0,100.0,100.0,100.0,96.24,100.0,100.0,100.0,Ralstonia pseudosolanacearum,333,166,non-normal,99.62409638554216,0.3966289764082993,99.63,99.53,99.87,0.3400000000000034,96.24,99.97,97.63425000000001,99.97,98.8625,99.97,1.0,7.626057892439394e-137,0.37587358442780083
Ralstonia pseudosolanacearum,qualibact-v1.0,Contamination,non-normal,0.1263963963963964,0.11123758729788633,0.1,0.04,0.17,0.13,0.0,0.66,0.006600000000000002,0.623599999999999,0.01,0.3949999999999994,0.01,2.36,0.01,0.39,Ralstonia pseudosolanacearum,333,163,non-normal,0.31558282208588956,0.3528900803149245,0.17,0.17,0.25,0.07999999999999999,0.05,2.36,0.0743,2.3357,0.17,1.436999999999997,0.708450782070414,1.3849450739286798e-53,0.18918642568949318
Ralstonia pseudosolanacearum,qualibact-v1.0,Total_Coding_Sequences,non-normal,5206.978978978979,219.21995791557637,5132.0,5041.0,5463.0,422.0,4676.0,5530.0,4715.02,5528.34,4848.6,5513.8,4715.02,5529.0,4848.6,5513.8,Ralstonia pseudosolanacearum,333,166,normal,5218.487951807229,116.86145323600684,5212.5,5129.75,5306.25,176.5,4886.0,5529.0,4937.975,5521.575,4998.75,5462.375,0.3360468902637577,1.1116044121602011e-11,110.62970802127428
Ralstonia pseudosolanacearum,qualibact-v1.0,Genome_Size,non-normal,5855847.027027027,223598.75238024534,5759496.0,5700341.0,6135318.0,434977.0,5355759.0,6180626.0,5382515.7,6170239.58,5479603.3,6162576.3,5382515.7,6171365.0,5479603.3,6162576.3,Ralstonia pseudosolanacearum,333,166,normal,5853056.493975904,117778.15255405029,5857963.0,5784846.75,5934959.75,150113.0,5488379.0,6171365.0,5521640.525,6168578.975,5593663.25,6085818.75,0.3509714533810919,1.0027547486364932e-12,112871.8610297044
Ralstonia solanacearum,qualibact-v1.0,N50,non-normal,101514.85449735449,14118.625071797269,101465.0,99843.25,110310.0,10466.75,47230.0,171604.0,52809.935,143422.19500000012,60784.0,123381.275,52809.94,143422.2,60784.0,123381.28,Ralstonia solanacearum,378,0,,,,,,,,,,,,,,,,
Ralstonia solanacearum,qualibact-v1.0,number,non-normal,160.68783068783068,27.96346652998247,157.0,149.0,164.0,15.0,98.0,337.0,104.655,323.4950000000001,125.0,239.7499999999999,104.66,323.5,125.0,239.75,Ralstonia solanacearum,378,0,,,,,,,,,,,,,,,,
Ralstonia solanacearum,qualibact-v1.0,longest,non-normal,331075.5978835979,65118.2227213594,357715.0,288003.5,375365.0,87361.5,167953.0,607077.0,183458.86,574707.1000000003,189690.7,420223.19999999984,183458.86,574707.1,189690.7,420223.2,Ralstonia solanacearum,378,0,,,,,,,,,,,,,,,,
Ralstonia solanacearum,qualibact-v1.0,GC_Content,non-normal,66.72437777777778,0.04688795417709761,66.7321,66.72902500000001,66.73755,0.008524999999991678,66.486,66.8289,66.515148,66.804328,66.56217249999999,66.77794,66.3181,66.8043,66.5622,66.7779,Ralstonia solanacearum,378,40,normal,66.497445,0.10115767383149922,66.51705000000001,66.421325,66.565325,0.14400000000000546,66.3181,66.6927,66.319036,66.690984,66.32278000000001,66.68412,0.8994708994708994,4.557636941258867e-34,0.2269327777777777
Ralstonia solanacearum,qualibact-v1.0,Completeness_Specific,non-normal,100.0,0.0,100.0,100.0,100.0,0.0,100.0,100.0,100.0,100.0,100.0,100.0,90.04,100.0,100.0,100.0,Ralstonia solanacearum,378,40,non-normal,96.46925,1.7065277429622987,96.325,95.535,98.18,2.6450000000000102,90.04,98.85,90.6991,98.8188,93.3355,98.694,1.0,1.595275948738861e-56,3.5307499999999994
Ralstonia solanacearum,qualibact-v1.0,Contamination,non-normal,0.02608465608465609,0.027099917560022745,0.02,0.02,0.02,0.0,0.0,0.2,0.0,0.1723000000000002,0.0,0.1257499999999999,0.0,4.08,0.0,0.13,Ralstonia solanacearum,378,40,normal,2.7495,0.9482271616021132,2.935,2.11,3.5925,1.4825,0.57,4.08,0.6285,4.08,0.8625,4.08,1.0,1.595275948738861e-56,2.723415343915344
Ralstonia solanacearum,qualibact-v1.0,Total_Coding_Sequences,non-normal,4643.338624338624,95.64355475598721,4637.0,4619.25,4649.0,29.75,4370.0,5077.0,4388.505,5048.805,4500.425,4927.875,4388.5,5257.0,4500.42,4927.88,Ralstonia solanacearum,378,40,normal,4960.55,100.87689279512925,4934.5,4883.75,5041.25,157.5,4811.0,5257.0,4813.535,5232.43,4823.675,5134.15,0.9285714285714286,6.603628070011005e-38,317.21137566137565
Ralstonia solanacearum,qualibact-v1.0,Genome_Size,non-normal,5267823.6878306875,89939.71499410042,5256572.5,5247405.5,5258656.75,11251.25,5015411.0,5719070.0,5036094.64,5705056.09,5125178.475,5540658.9,5036094.64,5872605.0,5125178.47,5540658.9,Ralstonia solanacearum,378,40,normal,5550397.5,110148.36749493839,5525853.0,5461716.0,5625340.5,163624.5,5389324.0,5872605.0,5391571.375,5851108.005,5400560.875,5765120.024999999,0.917989417989418,2.066560977314105e-36,282573.8121693122
Renibacterium salmoninarum,REFSEQ-QC-v1,N50,insufficient_data,68762.0,0.0,68762.0,68762.0,68762.0,0.0,68762.0,68762.0,68762.0,68762.0,68762.0,68762.0,68762.0,68762.0,68762.0,68762.0,Renibacterium salmoninarum,6,0,,,,,,,,,,,,,,,,
Renibacterium salmoninarum,REFSEQ-QC-v1,number,insufficient_data,86.66666666666667,0.9428090415820634,86.0,86.0,87.5,1.5,86.0,88.0,86.0,88.0,86.0,88.0,86.0,88.0,86.0,88.0,Renibacterium salmoninarum,6,0,,,,,,,,,,,,,,,,
Renibacterium salmoninarum,REFSEQ-QC-v1,longest,insufficient_data,203866.0,3.559026084010437,203868.0,203862.75,203868.75,6.0,203861.0,203869.0,203861.0,203869.0,203861.0,203869.0,203861.0,203869.0,203861.0,203869.0,Renibacterium salmoninarum,6,0,,,,,,,,,,,,,,,,
Renibacterium salmoninarum,REFSEQ-QC-v1,GC_Content,insufficient_data,56.257616919758476,0.0003210678555867399,56.25746863743959,56.25735278198469,56.25791276906468,0.0005599870799883888,56.257319608105114,56.258069659127145,56.257319608105114,56.258069301857326,56.257319608105114,56.25806787277804,56.2573,56.2581,56.2573,56.2581,Renibacterium salmoninarum,6,6,insufficient_data,56.27103333333334,0.0003091206165147814,56.2712,56.27075,56.271274999999996,0.0005249999999961119,56.2706,56.2713,56.2706,56.2713,56.2706,56.2713,1.0,0.0021645021645021645,0.0134164135748532
Renibacterium salmoninarum,REFSEQ-QC-v1,Completeness_Specific,insufficient_data,99.96,0.008164965809275636,99.96,99.9525,99.9675,0.015000000000000568,99.95,99.97,99.95,99.97,99.95,99.97,99.95,99.97,99.95,99.97,Renibacterium salmoninarum,6,6,insufficient_data,96.85000000000001,1.4210854715202004e-14,96.85,96.85,96.85,0.0,96.85,96.85,96.85,96.85,96.85,96.85,1.0,0.0021645021645021645,3.1100000000000043
Renibacterium salmoninarum,REFSEQ-QC-v1,Contamination,insufficient_data,1.2216666666666667,0.018633899812498265,1.225,1.2025,1.24,0.03750000000000009,1.2,1.24,1.2,1.24,1.2,1.24,1.2,1.24,1.2,1.24,Renibacterium salmoninarum,6,6,insufficient_data,0.46,0.0,0.46,0.46,0.46,0.0,0.46,0.46,0.46,0.46,0.46,0.46,1.0,0.0021645021645021645,0.7616666666666667
Renibacterium salmoninarum,REFSEQ-QC-v1,Total_Coding_Sequences,insufficient_data,3407.6666666666665,4.2295258468165065,3408.0,3404.75,3411.25,6.5,3401.0,3413.0,3401.075,3412.975,3401.375,3412.875,3401.0,3413.0,3401.38,3412.88,Renibacterium salmoninarum,6,4,insufficient_data,3386.0,99.31012033020602,3329.5,3328.5,3387.0,58.5,3327.0,3558.0,3327.03,3554.58,3327.15,3540.9,0.75,0.09523809523809523,94.33333333333334
Renibacterium salmoninarum,REFSEQ-QC-v1,Genome_Size,insufficient_data,3061036.1666666665,133.4383961068011,3061127.0,3060917.75,3061132.25,214.5,3060847.0,3061134.0,3060847.025,3061134.0,3060847.125,3061134.0,3060847.0,3061134.0,3060847.12,3061134.0,Renibacterium salmoninarum,6,6,insufficient_data,3155270.0,44.75116385823576,3155250.0,3155233.5,3155311.5,78.0,3155228.0,3155332.0,3155228.0,3155332.0,3155228.0,3155332.0,1.0,0.0021645021645021645,94233.83333333333
Rhizobium leguminosarum,qualibact-v1.0,N50,normal,314764.2555555556,84434.08229060653,299889.0,255182.25,370796.5,115614.25,165078.0,552699.0,170917.735,534092.6599999997,180051.35,510548.0,170917.74,534092.66,180051.35,510548.0,Rhizobium leguminosarum,90,0,,,,,,,,,,,,,,,,
Rhizobium leguminosarum,qualibact-v1.0,number,non-normal,124.08888888888889,41.515631445528896,121.0,91.25,151.75,60.5,57.0,253.0,57.445,244.98999999999987,62.125,218.69999999999976,57.44,244.99,62.12,218.7,Rhizobium leguminosarum,90,0,,,,,,,,,,,,,,,,
Rhizobium leguminosarum,qualibact-v1.0,longest,non-normal,759696.8222222222,239314.12077897292,724246.0,588811.25,849883.25,261072.0,434368.0,1576092.0,439759.175,1576092.0,475550.075,1575949.35,439759.18,1576092.0,475550.08,1575949.35,Rhizobium leguminosarum,90,0,,,,,,,,,,,,,,,,
Rhizobium leguminosarum,qualibact-v1.0,GC_Content,non-normal,60.724066666666666,0.12520577640206676,60.697500000000005,60.636125,60.801024999999996,0.16489999999999583,60.499,60.9681,60.506031,60.9664535,60.525150000000004,60.9567775,60.4571,61.1779,60.5252,60.9568,Rhizobium leguminosarum,90,82,non-normal,60.69484268292683,0.13648098860771227,60.6727,60.609925000000004,60.750375000000005,0.1404500000000013,60.4571,61.1779,60.462405499999996,61.1159755,60.5047375,61.00291,0.16802168021680217,0.1532394738629044,0.03701682926829238
Rhizobium leguminosarum,qualibact-v1.0,Completeness_Specific,non-normal,99.9928888888889,0.008464887535440916,99.99,99.99,100.0,0.010000000000005116,99.96,100.0,99.96445,100.0,99.97,100.0,95.78,100.0,99.97,100.0,Rhizobium leguminosarum,90,82,non-normal,99.38158536585367,0.6851374608599692,99.54,99.295,99.79,0.49500000000000455,95.78,99.87,96.07565,99.84975,97.40075,99.82,1.0,6.61737623321727e-51,0.6113035230352282
Rhizobium leguminosarum,qualibact-v1.0,Contamination,non-normal,1.2686666666666668,0.7831435231027437,1.085,0.6025,1.7375,1.135,0.13,3.03,0.17895,3.03,0.2945,2.99,0.01,6.93,0.29,2.99,Rhizobium leguminosarum,90,79,non-normal,0.9507594936708861,0.8424027903230422,0.81,0.48,1.2,0.72,0.01,6.93,0.04510000000000001,5.057999999999997,0.138,2.13,0.24345991561181435,0.010792963764907062,0.41746554149085774
Rhizobium leguminosarum,qualibact-v1.0,Total_Coding_Sequences,normal,7132.1,281.1276123834947,7157.5,6926.5,7296.0,369.5,6498.0,7840.0,6531.375,7784.374999999999,6579.4,7704.349999999999,6531.38,8842.0,6579.4,7704.35,Rhizobium leguminosarum,90,82,non-normal,7318.329268292683,370.9368842137384,7300.0,7088.75,7502.25,413.5,6648.0,8842.0,6654.885,8686.885,6689.55,8310.524999999998,0.281029810298103,0.0016773323815312908,186.22926829268295
Rhizobium leguminosarum,qualibact-v1.0,Genome_Size,normal,7420936.3,268681.05589781643,7463704.5,7238395.75,7595093.5,356697.75,6656950.0,8048177.0,6739448.105,7991791.9399999995,6916156.425,7876619.025,6739448.1,8799320.0,6916156.42,7876619.02,Rhizobium leguminosarum,90,82,non-normal,7561440.036585365,340970.7192739306,7543968.0,7369582.5,7762323.75,392741.25,6872702.0,8799320.0,6885126.185,8705562.094999999,6933013.075,8437705.774999999,0.2013550135501355,0.051353073919754647,140942.97560975613
Salmonella arizonae,qualibact-v1.0,N50,non-normal,230584.45878962535,90067.86304218005,224846.0,149069.5,310774.0,161704.5,53277.0,490150.0,69050.01,398355.88999999955,91979.4,377748.0,69050.01,398355.89,91979.4,377748.0,Salmonella arizonae,1735,0,,,,,,,,,,,,,,,,
Salmonella arizonae,qualibact-v1.0,number,non-normal,108.14121037463977,25.064969222173012,105.0,90.0,121.0,31.0,54.0,222.0,61.0,199.65999999999985,72.0,169.64999999999986,61.0,199.66,72.0,169.65,Salmonella arizonae,1735,0,,,,,,,,,,,,,,,,
Salmonella arizonae,qualibact-v1.0,longest,non-normal,638449.1665706052,289823.0794122619,568185.0,393145.5,789453.5,396308.0,166802.0,1667780.0,203040.11,1560084.0,269568.15,1338797.8,203040.11,1560084.0,269568.15,1338797.8,Salmonella arizonae,1735,0,,,,,,,,,,,,,,,,
Salmonella arizonae,qualibact-v1.0,GC_Content,non-normal,51.415415158501446,0.07319999957217764,51.4216,51.370149999999995,51.4746,0.10445000000000704,51.0584,51.6334,51.181850000000004,51.561661,51.25117,51.52743,51.1634,51.5617,51.2512,51.5274,Salmonella arizonae,1735,1,insufficient_data,51.1634,0.0,51.1634,51.1634,51.1634,0.0,51.1634,51.1634,51.1634,51.1634,51.1634,51.1634,0.9965417867435159,0.008064516129032256,0.25217181556195684
Salmonella arizonae,qualibact-v1.0,Completeness_Specific,non-normal,100.0,0.0,100.0,100.0,100.0,0.0,100.0,100.0,100.0,100.0,100.0,100.0,97.05,100.0,100.0,100.0,Salmonella arizonae,1735,1,insufficient_data,97.05,0.0,97.05,97.05,97.05,0.0,97.05,97.05,97.05,97.05,97.05,97.05,1.0,0.0011520737327188931,2.950000000000003
Salmonella arizonae,qualibact-v1.0,Contamination,non-normal,0.058536023054755054,0.044582478682881184,0.05,0.03,0.07,0.04000000000000001,0.0,0.41,0.0,0.2898999999999978,0.01,0.17,0.0,6.28,0.01,0.17,Salmonella arizonae,1735,1,insufficient_data,6.28,0.0,6.28,6.28,6.28,0.0,6.28,6.28,6.28,6.28,6.28,6.28,1.0,0.0011520737327188931,6.221463976945245
Salmonella arizonae,qualibact-v1.0,Total_Coding_Sequences,non-normal,4326.9158501440925,107.5150112543664,4304.0,4246.5,4395.0,148.5,4053.0,4697.0,4125.35,4637.66,4160.35,4565.65,4125.35,5479.0,4160.35,4565.65,Salmonella arizonae,1735,1,insufficient_data,5479.0,0.0,5479.0,5479.0,5479.0,0.0,5479.0,5479.0,5479.0,5479.0,5479.0,5479.0,1.0,0.0011520737327188931,1152.0841498559078
Salmonella arizonae,qualibact-v1.0,Genome_Size,non-normal,4564915.700864553,81971.94363941182,4546962.0,4501048.0,4616922.0,115874.0,4334723.0,4899226.0,4413848.34,4809811.17,4439628.15,4742648.3,4413848.34,5542871.0,4439628.15,4742648.3,Salmonella arizonae,1735,1,insufficient_data,5542871.0,0.0,5542871.0,5542871.0,5542871.0,0.0,5542871.0,5542871.0,5542871.0,5542871.0,5542871.0,5542871.0,1.0,0.0011520737327188931,977955.2991354467
Salmonella bongori,qualibact-v1.0,N50,non-normal,215530.0,109244.78994734715,187524.0,146861.25,298627.75,151766.5,31678.0,544451.0,33371.385,519529.25999999983,40143.575,410757.92500000005,33371.38,519529.26,40143.57,410757.93,Salmonella bongori,150,0,,,,,,,,,,,,,,,,
Salmonella bongori,qualibact-v1.0,number,non-normal,102.46666666666667,47.54726303608045,88.0,76.0,108.75,32.75,46.0,268.0,48.98,263.53,53.725,245.2250000000001,48.98,263.53,53.72,245.23,Salmonella bongori,150,0,,,,,,,,,,,,,,,,
Salmonella bongori,qualibact-v1.0,longest,non-normal,491764.58666666667,246071.07679774656,475764.5,329782.25,579254.25,249472.0,118817.0,1530130.0,122448.875,1528609.455,153413.225,1134943.425,122448.88,1528609.46,153413.22,1134943.42,Salmonella bongori,150,0,,,,,,,,,,,,,,,,
Salmonella bongori,qualibact-v1.0,GC_Content,normal,51.281487999999996,0.08166674959451589,51.28775,51.222475,51.3287,0.1062249999999949,51.028,51.4794,51.041857,51.469566,51.115334999999995,51.44823,51.0419,51.4696,51.1153,51.4482,Salmonella bongori,150,12,normal,51.318883333333325,0.03562526803017992,51.32899999999999,51.300850000000004,51.3316,0.030749999999997613,51.2552,51.3972,51.256206500000005,51.394152999999996,51.2602325,51.381965,0.41,0.034237668731062196,0.05084800000000058
Salmonella bongori,qualibact-v1.0,Completeness_Specific,non-normal,99.99986666666666,0.001146976702272937,100.0,100.0,100.0,0.0,99.99,100.0,99.99,100.0,100.0,100.0,97.26,100.0,100.0,100.0,Salmonella bongori,150,12,non-normal,99.08166666666666,0.7549816038965582,99.435,98.995,99.5725,0.5775000000000006,97.26,99.66,97.29355000000001,99.66,97.42775,99.66,1.0,4.451057856248663e-18,0.9181999999999996
Salmonella bongori,qualibact-v1.0,Contamination,non-normal,0.112,0.08179649544244955,0.1,0.08,0.12,0.039999999999999994,0.03,0.68,0.03,0.6650999999999999,0.04,0.28275000000000006,0.03,1.05,0.04,0.28,Salmonella bongori,150,12,normal,0.8133333333333334,0.10880665829299647,0.79,0.71,0.89,0.18000000000000005,0.71,1.05,0.71,1.0434,0.71,1.017,1.0,4.451057856248663e-18,0.7013333333333334
Salmonella bongori,qualibact-v1.0,Total_Coding_Sequences,non-normal,4219.693333333334,188.03251302781538,4204.0,4055.0,4386.75,331.75,3942.0,4656.0,3942.745,4650.04,3956.075,4568.775000000001,3942.74,4650.04,3956.08,4568.78,Salmonella bongori,150,12,non-normal,4266.5,116.03627306435978,4236.0,4231.5,4248.5,17.0,4150.0,4640.0,4154.18,4619.54,4170.9,4537.7,0.44,0.018380112956527077,134.41333333333333
Salmonella bongori,qualibact-v1.0,Genome_Size,non-normal,4528793.6866666665,145952.97392014714,4506967.0,4415478.75,4663962.25,248483.5,4298517.0,4887620.0,4304810.76,4861501.045,4316621.3,4783153.125,4304810.76,4861501.04,4316621.3,4783153.12,Salmonella bongori,150,12,non-normal,4490688.166666667,89844.12769702252,4464532.0,4459439.25,4489516.0,30076.75,4394500.0,4773537.0,4397026.645,4759217.75,4407133.225,4701940.75,0.41,0.034237668731062196,88919.58666666667
Salmonella enterica,qualibact-v1.0,N50,non-normal,312379.87183432764,147811.94773856262,282865.0,195079.0,425953.25,230874.25,41606.0,1219451.0,64851.0,728825.0,90010.725,670282.0,64851.0,728825.0,90010.72,670282.0,Salmonella enterica,581630,0,,,,,,,,,,,,,,,,
Salmonella enterica,qualibact-v1.0,number,non-normal,76.45690903151488,29.999977692312047,70.0,55.0,91.0,36.0,13.0,280.0,32.0,186.0,37.0,154.0,32.0,186.0,37.0,154.0,Salmonella enterica,581630,0,,,,,,,,,,,,,,,,
Salmonella enterica,qualibact-v1.0,longest,non-normal,782721.7171621134,371158.0105587278,675943.5,493339.25,994168.5,500829.25,129778.0,2235275.0,203949.885,1602083.0,264459.975,1549445.0,203949.88,1602083.0,264459.97,1549445.0,Salmonella enterica,581630,0,,,,,,,,,,,,,,,,
Salmonella enterica,qualibact-v1.0,GC_Content,non-normal,52.14094873579423,0.08408463865304724,52.141,52.0983,52.1922,0.09389999999999787,51.5433,52.6652,51.8448,52.3357,51.9465,52.2998,51.1235,52.3776,51.9465,52.2998,Salmonella enterica,581630,1972,non-normal,52.104534279918866,0.1424676176556107,52.143950000000004,52.0499,52.188199999999995,0.13829999999999387,51.1235,52.3776,51.446341,52.3440785,51.80346,52.2997175,0.14034833001846703,3.131495379690609e-34,0.03901912223774549
Salmonella enterica,qualibact-v1.0,Completeness_Specific,non-normal,99.99992966318793,0.015680629091621448,100.0,100.0,100.0,0.0,93.93,100.0,100.0,100.0,100.0,100.0,96.43,100.0,100.0,100.0,Salmonella enterica,581630,1972,non-normal,99.26226166328601,0.6270523758342872,99.56,99.1275,99.68,0.5525000000000091,96.43,99.84,96.82565,99.75,97.31275,99.71,0.999972491102591,0.0,0.737684161379161
Salmonella enterica,qualibact-v1.0,Contamination,non-normal,0.07374464865980092,0.05509092935084791,0.06,0.04,0.08,0.04,0.0,0.63,0.01,0.37,0.02,0.24,0.01,7.42,0.02,0.24,Salmonella enterica,581630,1972,non-normal,0.7072565922920893,0.6114512622670275,0.57,0.44,0.72,0.27999999999999997,0.15,7.42,0.29565,5.48,0.38,1.5872499999999992,0.9839212482483043,0.0,0.6335119436322885
Salmonella enterica,qualibact-v1.0,Total_Coding_Sequences,non-normal,4525.1187576294205,156.9849739806191,4492.0,4423.0,4641.0,218.0,4090.0,5498.0,4197.0,4965.0,4254.0,4842.0,4197.0,5926.0,4254.0,4842.0,Salmonella enterica,581630,1972,non-normal,4829.114604462475,199.81710970872493,4814.0,4684.0,4954.0,270.0,4318.0,5926.0,4415.275,5361.29,4491.0,5265.45,0.5768648551132389,0.0,303.9958468330539
Salmonella enterica,qualibact-v1.0,Genome_Size,non-normal,4787680.587363101,131298.0881820652,4756993.5,4700981.0,4887298.0,186317.0,4407848.0,5481393.0,4516299.58,5146484.864999998,4557688.0,5052154.275,4484627.0,5868736.0,4557688.0,5052154.28,Salmonella enterica,581630,1972,non-normal,4921662.582657201,174915.10318301304,4913604.5,4789616.25,5030253.5,240637.25,4484627.0,5868736.0,4556006.065,5376064.415,4634036.575,5303211.825,0.3337321786338799,1.3168151083782245e-195,133982.02273743408
Serratia bockelmannii,qualibact-v1.0,N50,non-normal,446001.45323741005,256638.04715335302,373467.0,299474.75,560703.5,261228.75,27582.0,1588841.0,35809.93,1425108.7300000004,92890.27500000001,1173961.7,35809.93,1425108.73,92890.28,1173961.7,Serratia bockelmannii,278,0,,,,,,,,,,,,,,,,
Serratia bockelmannii,qualibact-v1.0,number,non-normal,59.39568345323741,38.897969968860316,51.0,39.25,62.0,22.75,22.0,355.0,24.0,311.5250000000003,30.0,160.37499999999994,24.0,311.53,30.0,160.37,Serratia bockelmannii,278,0,,,,,,,,,,,,,,,,
Serratia bockelmannii,qualibact-v1.0,longest,non-normal,1011899.6223021583,496016.67216216854,895253.5,645847.25,1337877.75,692030.5,105623.0,2606310.0,121181.59,2403859.565000002,267643.925,2067084.1,121181.59,2403859.57,267643.92,2067084.1,Serratia bockelmannii,278,0,,,,,,,,,,,,,,,,
Serratia bockelmannii,qualibact-v1.0,GC_Content,non-normal,59.32531690647482,0.16786695303961482,59.35195,59.228049999999996,59.435449999999996,0.2073999999999998,58.6369,59.7149,58.7165095,59.685863000000005,58.926,59.6034375,58.7165,59.6859,58.926,59.6034,Serratia bockelmannii,278,6,insufficient_data,59.32105000000001,0.10152314596517616,59.30625,59.237525,59.408425,0.17090000000000316,59.191,59.4657,59.1918225,59.464887499999996,59.1951125,59.461637499999995,0.21223021582733814,0.9069678874456171,0.05722997601918576
Serratia bockelmannii,qualibact-v1.0,Completeness_Specific,non-normal,100.0,0.0,100.0,100.0,100.0,0.0,100.0,100.0,100.0,100.0,100.0,100.0,97.42,100.0,100.0,100.0,Serratia bockelmannii,278,6,insufficient_data,99.53166666666665,0.9452938990364603,99.94,99.895,99.9925,0.0975000000000108,97.42,100.0,97.48175,100.0,97.72875,100.0,0.6666666666666666,0.004311226346508556,0.4683333333333337
Serratia bockelmannii,qualibact-v1.0,Contamination,non-normal,0.22179856115107915,0.18455956437878018,0.21,0.09,0.27,0.18000000000000002,0.01,1.23,0.013850000000000001,1.19,0.02,0.6704999999999984,0.01,1.19,0.02,0.67,Serratia bockelmannii,278,6,insufficient_data,0.5416666666666666,0.11126794486983013,0.565,0.47750000000000004,0.5925,0.11499999999999999,0.36,0.71,0.36224999999999996,0.7072499999999999,0.37124999999999997,0.6962499999999999,0.8705035971223022,1.5182756377952465e-05,0.3355515587529976
Serratia bockelmannii,qualibact-v1.0,Total_Coding_Sequences,non-normal,4805.205035971223,120.34598373845769,4797.0,4707.25,4877.0,169.75,4548.0,5317.0,4575.85,5137.615,4613.4,5089.275,4575.85,5137.62,4613.4,5089.27,Serratia bockelmannii,278,6,insufficient_data,4998.666666666667,84.76962244158511,5011.5,4955.75,5049.25,93.5,4852.0,5118.0,4854.25,5116.475,4863.25,5110.375,0.7218225419664268,0.001311751453417433,195.3177458033573
Serratia bockelmannii,qualibact-v1.0,Genome_Size,non-normal,5205300.899280575,109080.18669258471,5192976.5,5121233.5,5277236.75,156003.25,4967849.0,5586847.0,4996239.175,5515074.025,5014799.675,5452990.2,4996239.18,5515074.02,5014799.68,5452990.2,Serratia bockelmannii,278,6,insufficient_data,5240586.833333333,70885.63963036206,5244992.5,5188846.25,5308404.75,119558.5,5134650.0,5319213.0,5135921.575,5319086.675,5141007.875,5318581.375,0.29136690647482016,0.6054622099420806,55989.98441247003
Serratia marcescens,qualibact-v1.0,N50,non-normal,660609.4420233463,723392.3753241237,394263.0,301214.0,605274.0,304060.0,48105.0,3168342.0,69457.8,3106961.6399999997,111248.2,3038644.4999999995,69457.8,3106961.64,111248.2,3038644.5,Serratia marcescens,1285,0,,,,,,,,,,,,,,,,
Serratia marcescens,qualibact-v1.0,number,non-normal,60.27237354085603,29.39806856278717,53.0,42.0,69.0,27.0,19.0,259.0,23.0,192.15999999999985,28.0,146.89999999999986,23.0,192.16,28.0,146.9,Serratia marcescens,1285,0,,,,,,,,,,,,,,,,
Serratia marcescens,qualibact-v1.0,longest,non-normal,1227687.473929961,688156.5443804817,1020671.0,775901.0,1529650.0,753749.0,150622.0,3168342.0,202537.24,3106961.6399999997,319793.0,3038644.4999999995,202537.24,3106961.64,319793.0,3038644.5,Serratia marcescens,1285,0,,,,,,,,,,,,,,,,
Serratia marcescens,qualibact-v1.0,GC_Content,non-normal,59.90084007782101,0.1810388286618715,59.9243,59.8008,60.0289,0.22809999999999775,59.1257,60.2518,59.395722,60.21905,59.46531,60.17992,58.4741,60.219,59.4653,60.1799,Serratia marcescens,1285,195,non-normal,59.54061641025641,0.36972164711589184,59.654,59.411,59.7812,0.370199999999997,58.4741,60.1605,58.548305000000006,60.147114,58.58931,60.050055,0.6115933353287439,1.5002009335612477e-60,0.36022366756460134
Serratia marcescens,qualibact-v1.0,Completeness_Specific,non-normal,100.0,0.0,100.0,100.0,100.0,0.0,100.0,100.0,100.0,100.0,100.0,100.0,90.72,100.0,100.0,100.0,Serratia marcescens,1285,195,non-normal,96.33984615384614,1.2373339730835593,96.53,95.89,97.28,1.3900000000000006,90.72,98.35,91.70939999999999,97.9911,92.84,97.9115,1.0,2.1114302141267187e-249,3.660153846153846
Serratia marcescens,qualibact-v1.0,Contamination,non-normal,0.05729182879377432,0.0761269447903609,0.03,0.02,0.05,0.030000000000000002,0.0,0.64,0.0,0.41739999999999783,0.0,0.3,0.0,8.86,0.0,0.3,Serratia marcescens,1285,195,normal,4.476051282051283,1.4508276320373041,4.51,3.525,5.275,1.7500000000000004,1.2,8.86,1.3358,7.987000000000001,1.6115,7.459500000000002,1.0,2.1114302141267187e-249,4.418759453257507
Serratia marcescens,qualibact-v1.0,Total_Coding_Sequences,non-normal,4748.435019455253,141.65579432365817,4726.0,4643.0,4835.0,192.0,4457.0,5308.0,4502.26,5151.379999999999,4548.0,5090.9,4502.26,5749.0,4548.0,5090.9,Serratia marcescens,1285,195,non-normal,5047.005128205128,213.38549436283324,4958.0,4905.0,5178.0,273.0,4690.0,5749.0,4713.28,5732.51,4764.5,5628.95,0.6656090990721341,4.614231766617634e-73,298.57010874987526
Serratia marcescens,qualibact-v1.0,Genome_Size,non-normal,5167559.005447471,135142.4741578409,5156281.0,5073458.0,5244165.0,170707.0,4857581.0,5667953.0,4883373.1,5546258.4799999995,4954212.2,5471857.899999999,4883373.1,5896859.0,4954212.2,5471857.9,Serratia marcescens,1285,195,non-normal,5265733.112820513,193675.92394380027,5210534.0,5140927.5,5377274.0,236346.5,4925622.0,5896859.0,4947304.41,5875905.06,4988240.0,5765096.8,0.22566097974658286,4.7033702460108575e-08,98174.107373042
Serratia nematodiphila,qualibact-v1.0,N50,non-normal,371297.2643678161,238064.2932820466,312146.0,260911.0,438336.0,177425.0,19782.0,1335338.0,20041.0,1287990.7999999993,28845.5,1115053.0,20041.0,1287990.8,28845.5,1115053.0,Serratia nematodiphila,261,0,,,,,,,,,,,,,,,,
Serratia nematodiphila,qualibact-v1.0,number,non-normal,92.29501915708812,92.30268970574662,71.0,52.0,81.0,29.0,21.0,582.0,27.3,555.8999999999999,31.0,438.5,27.3,555.9,31.0,438.5,Serratia nematodiphila,261,0,,,,,,,,,,,,,,,,
Serratia nematodiphila,qualibact-v1.0,longest,non-normal,818261.1455938697,438183.20957518555,724685.0,544621.0,1035968.0,491347.0,88498.0,2493872.0,92936.8,2069951.7,168524.0,1891338.5,92936.8,2069951.7,168524.0,1891338.5,Serratia nematodiphila,261,0,,,,,,,,,,,,,,,,
Serratia nematodiphila,qualibact-v1.0,GC_Content,non-normal,59.656444061302686,0.12128162317475921,59.7232,59.5943,59.7314,0.13710000000000377,59.183,59.8533,59.23059,59.83241,59.391149999999996,59.81485,59.2306,59.8324,59.3912,59.8148,Serratia nematodiphila,261,2,insufficient_data,59.5325,0.001200000000000756,59.5325,59.5319,59.533100000000005,0.0012000000000043087,59.5313,59.5337,59.531312,59.533688000000005,59.53136,59.533640000000005,0.8122605363984674,0.07401387397323883,0.1575256704980825
Serratia nematodiphila,qualibact-v1.0,Completeness_Specific,non-normal,100.0,0.0,100.0,100.0,100.0,0.0,100.0,100.0,100.0,100.0,100.0,100.0,96.78,100.0,100.0,100.0,Serratia nematodiphila,261,2,insufficient_data,98.25999999999999,1.4799999999999969,98.25999999999999,97.52,99.0,1.480000000000004,96.78,99.74,96.7948,99.7252,96.854,99.666,1.0,5.8050097233912885e-05,1.740000000000002
Serratia nematodiphila,qualibact-v1.0,Contamination,non-normal,0.09291187739463602,0.09027813500340921,0.06,0.04,0.1,0.060000000000000005,0.01,0.67,0.013000000000000001,0.5569999999999999,0.02,0.37,0.01,0.56,0.02,0.37,Serratia nematodiphila,261,2,insufficient_data,0.5,0.0,0.5,0.5,0.5,0.0,0.5,0.5,0.5,0.5,0.5,0.5,0.9846743295019157,0.0008707514585086928,0.4093869731800766
Serratia nematodiphila,qualibact-v1.0,Total_Coding_Sequences,non-normal,4772.168582375479,144.0359494075876,4705.0,4687.0,4815.0,128.0,4590.0,5358.0,4602.9,5336.3,4633.0,5222.0,4602.9,5336.3,4633.0,5222.0,Serratia nematodiphila,261,2,insufficient_data,5002.0,3.0,5002.0,5000.5,5003.5,3.0,4999.0,5005.0,4999.03,5004.97,4999.15,5004.85,0.9042145593869731,0.020375584129103414,255.10344827586212
Serratia nematodiphila,qualibact-v1.0,Genome_Size,non-normal,5118136.337164751,78367.24255249099,5081597.0,5068891.0,5171638.0,102747.0,4939194.0,5457290.0,4955452.4,5372929.5,5003940.0,5319220.0,4955452.4,5372929.5,5003940.0,5319220.0,Serratia nematodiphila,261,2,insufficient_data,5256558.0,0.0,5256558.0,5256558.0,5256558.0,0.0,5256558.0,5256558.0,5256558.0,5256558.0,5256558.0,5256558.0,0.9425287356321839,0.00789481322381216,146549.908045977
Serratia nevei,qualibact-v1.0,N50,non-normal,190173.85214446954,143839.5645877994,127366.5,93038.0,232181.0,139143.0,31478.0,892477.0,50865.425,684235.3500000004,62357.5,568005.875,50865.42,684235.35,62357.5,568005.88,Serratia nevei,886,0,,,,,,,,,,,,,,,,
Serratia nevei,qualibact-v1.0,number,non-normal,162.91196388261852,85.06472859532579,157.0,85.25,220.75,135.5,24.0,451.0,35.0,419.75000000000045,41.0,361.875,35.0,419.75,41.0,361.88,Serratia nevei,886,0,,,,,,,,,,,,,,,,
Serratia nevei,qualibact-v1.0,longest,non-normal,536091.4661399549,365099.99066944217,398880.0,300577.25,645908.25,345331.0,107544.0,2312503.0,157302.175,1965476.1000000022,190921.625,1543627.625,157302.17,1965476.1,190921.62,1543627.62,Serratia nevei,886,0,,,,,,,,,,,,,,,,
Serratia nevei,qualibact-v1.0,GC_Content,non-normal,59.0752690744921,0.43909517820418886,58.9705,58.702600000000004,59.4256,0.722999999999999,57.8288,60.1468,58.2392675,60.0991925,58.410725,59.94325,58.2393,60.0992,58.4107,59.9432,Serratia nevei,886,10,normal,59.18578,0.5533844067192354,59.10235,58.699675,59.615225,0.9155500000000032,58.4773,60.0454,58.47982,60.0419125,58.4899,60.0279625,0.20316027088036118,0.7375825456796338,0.160880586907449
Serratia nevei,qualibact-v1.0,Completeness_Specific,non-normal,99.99997742663656,0.000474577788750325,100.0,100.0,100.0,0.0,99.99,100.0,100.0,100.0,100.0,100.0,99.49,100.0,100.0,100.0,Serratia nevei,886,10,normal,99.686,0.14499655168313647,99.66,99.66,99.66,0.0,99.49,100.0,99.49135,99.99505,99.49674999999999,99.97525,0.9,3.2055624902725656e-10,0.31397742663657174
Serratia nevei,qualibact-v1.0,Contamination,non-normal,0.06927765237020317,0.1266976711874793,0.02,0.0,0.07,0.07,0.0,0.8,0.0,0.79,0.0,0.47,0.0,2.09,0.0,0.47,Serratia nevei,886,10,normal,1.108,0.5485398800451978,0.925,0.7350000000000001,1.57,0.835,0.32,2.09,0.32630000000000003,2.06975,0.35150000000000003,1.98875,0.9413092550790068,2.4608607703984432e-12,1.0387223476297966
Serratia nevei,qualibact-v1.0,Total_Coding_Sequences,non-normal,5148.054176072234,276.4988690835038,5193.5,4901.0,5379.0,478.0,4504.0,5821.0,4581.85,5728.725,4641.25,5602.875,4581.85,5817.0,4641.25,5602.88,Serratia nevei,886,10,normal,5360.6,253.02142201797855,5268.5,5130.75,5582.25,451.5,5099.0,5817.0,5099.09,5811.375,5099.45,5788.875,0.3871331828442438,0.07632756714495637,212.7029345372461
Serratia nevei,qualibact-v1.0,Genome_Size,non-normal,5478565.7167042885,248146.4534852036,5518626.0,5275960.25,5709496.5,433536.25,4867789.0,6119694.0,4932138.275,5979326.4,4977188.75,5826736.25,4932138.28,5979326.4,4977188.75,5826736.25,Serratia nevei,886,10,normal,5543757.2,199526.1322127004,5484390.0,5364002.25,5715124.25,351122.0,5317992.0,5890971.0,5318269.335,5887278.885,5319378.675,5872510.425,0.2832957110609481,0.3388848259531007,98115.27516930026
Serratia sarumannii,REFSEQ-QC-v1,N50,non-normal,814221.3684210526,397570.95176494634,602238.0,529214.0,1265072.0,735858.0,191170.0,1372682.0,205646.41,1372682.0,263552.05,1372682.0,191170.0,1372682.0,263552.05,1372682.0,Serratia sarumannii,19,0,,,,,,,,,,,,,,,,
Serratia sarumannii,REFSEQ-QC-v1,number,non-normal,29.36842105263158,7.020350316013922,27.0,24.0,32.0,8.0,22.0,48.0,22.0,47.370000000000005,22.0,44.85000000000001,22.0,48.0,22.0,44.85,Serratia sarumannii,19,0,,,,,,,,,,,,,,,,
Serratia sarumannii,REFSEQ-QC-v1,longest,normal,1323161.2631578948,378554.7854376865,1383898.0,1123996.5,1485437.0,361440.5,534075.0,2122422.0,564538.29,2122422.0,686391.45,2122422.0,534075.0,2122422.0,686391.45,2122422.0,Serratia sarumannii,19,0,,,,,,,,,,,,,,,,
Serratia sarumannii,REFSEQ-QC-v1,GC_Content,normal,59.88285007642484,0.11224573750498376,59.91315764897605,59.803263086040914,59.93963035931284,0.13636727327192233,59.64363438777287,60.07031438705079,59.64374384172092,60.07031438705079,59.64418165751312,60.07031438705079,59.6436,60.0703,59.6442,60.0703,Serratia sarumannii,19,19,normal,59.840715789473684,0.11070853750731266,59.8734,59.7601,59.9002,0.14009999999999678,59.6084,60.027,59.6084,60.027,59.6084,60.027,0.42105263157894735,0.06808911421959735,0.04213428695115191
Serratia sarumannii,REFSEQ-QC-v1,Completeness_Specific,non-normal,99.78263157894736,0.9222161072527701,100.0,100.0,100.0,0.0,95.87,100.0,96.24170000000001,100.0,97.7285,100.0,95.87,100.0,97.73,100.0,Serratia sarumannii,19,19,non-normal,99.0142105263158,3.5131202442295515,100.0,99.75999999999999,100.0,0.2400000000000091,84.15,100.0,85.5,100.0,90.9,100.0,0.42105263157894735,0.06808911421959735,0.7684210526315786
Serratia sarumannii,REFSEQ-QC-v1,Contamination,non-normal,0.10631578947368421,0.3380471864651565,0.03,0.02,0.035,0.015000000000000003,0.01,1.54,0.01,1.4050000000000002,0.01,0.8650000000000011,0.01,1.54,0.01,0.87,Serratia sarumannii,19,19,normal,0.5257894736842106,0.2605119613270374,0.39,0.36,0.74,0.38,0.18,1.1,0.18,1.1,0.18,1.1,0.9473684210526315,2.150217365190523e-09,0.4657894736842105
Serratia sarumannii,REFSEQ-QC-v1,Total_Coding_Sequences,non-normal,4783.421052631579,143.91310089570817,4714.0,4710.0,4807.5,97.5,4609.0,5263.0,4609.0,5235.01,4609.0,5123.05,4609.0,5263.0,4609.0,5123.05,Serratia sarumannii,19,18,normal,4964.333333333333,88.51239712291404,4927.0,4915.25,5012.0,96.75,4822.0,5196.0,4822.085,5186.65,4822.425,5149.25,0.7368421052631579,1.0280189222975892e-05,187.9649122807018
Serratia sarumannii,REFSEQ-QC-v1,Genome_Size,normal,5198831.263157895,78992.50855741894,5182852.0,5150131.5,5257573.0,107441.5,5055011.0,5339266.0,5055011.0,5339266.0,5055011.0,5339266.0,5055011.0,5339266.0,5055011.0,5339266.0,Serratia sarumannii,19,19,normal,5235065.842105263,80680.49296568282,5213740.0,5185617.0,5291643.0,106026.0,5088864.0,5383144.0,5088864.0,5383144.0,5088864.0,5383144.0,0.3157894736842105,0.3056890512159651,36234.57894736843
Serratia ureilytica,qualibact-v1.0,N50,non-normal,594009.6989247312,395028.37718170654,537090.0,334281.5,698419.0,364137.5,91288.0,3154193.0,99745.205,3127714.9999999995,141459.125,1385109.6499999978,99745.2,3127715.0,141459.12,1385109.65,Serratia ureilytica,372,0,,,,,,,,,,,,,,,,
Serratia ureilytica,qualibact-v1.0,number,non-normal,55.123655913978496,22.338687680332843,49.0,41.0,63.0,22.0,19.0,166.0,22.855,141.88499999999976,28.0,117.72499999999997,22.86,141.88,28.0,117.72,Serratia ureilytica,372,0,,,,,,,,,,,,,,,,
Serratia ureilytica,qualibact-v1.0,longest,non-normal,1287504.3279569892,576166.6017161388,1208425.0,848332.5,1708675.75,860343.25,220256.0,3154193.0,247105.105,3127714.9999999995,377162.675,2508269.5999999973,247105.1,3127715.0,377162.68,2508269.6,Serratia ureilytica,372,0,,,,,,,,,,,,,,,,
Serratia ureilytica,qualibact-v1.0,GC_Content,non-normal,59.55334193548388,0.13984478056051064,59.574,59.45095,59.66275,0.21180000000000376,59.1198,59.7843,59.1879335,59.779329,59.253075,59.7619075,59.1198,59.7793,59.2531,59.7619,Serratia ureilytica,372,25,normal,59.46876,0.18036975356195445,59.4414,59.3072,59.6103,0.3031000000000006,59.1198,59.7571,59.133924,59.755444000000004,59.190419999999996,59.74882,0.30591397849462365,0.019103311678714666,0.08680202150537639
Serratia ureilytica,qualibact-v1.0,Completeness_Specific,non-normal,100.0,0.0,100.0,100.0,100.0,0.0,100.0,100.0,100.0,100.0,100.0,100.0,96.68,100.0,100.0,100.0,Serratia ureilytica,372,25,non-normal,99.12360000000001,1.1413005914306684,99.74,99.48,99.82,0.3399999999999892,96.68,99.83,96.7064,99.83,96.81200000000001,99.83,1.0,7.195525493340576e-40,0.8764000000000004
Serratia ureilytica,qualibact-v1.0,Contamination,non-normal,0.06580645161290323,0.06694681857651248,0.04,0.02,0.08,0.06,0.0,0.33,0.0,0.32,0.0,0.2244999999999993,0.0,1.41,0.0,0.22,Serratia ureilytica,372,22,normal,0.5818181818181819,0.34689055601333346,0.56,0.3925,0.725,0.33249999999999996,0.11,1.41,0.1121,1.40265,0.1205,1.3732499999999999,0.7993646138807429,1.4595640146456045e-14,0.5160117302052786
Serratia ureilytica,qualibact-v1.0,Total_Coding_Sequences,non-normal,4785.360215053764,106.76126179147842,4769.5,4705.75,4860.5,154.75,4573.0,5133.0,4582.42,5050.494999999999,4614.275,4993.799999999999,4582.42,5265.0,4614.27,4993.8,Serratia ureilytica,372,25,normal,4910.12,136.45228323483633,4920.0,4826.0,4976.0,150.0,4599.0,5265.0,4614.6,5255.5199999999995,4677.0,5217.599999999999,0.5090322580645161,3.972009729554748e-06,125.5279569892473
Serratia ureilytica,qualibact-v1.0,Genome_Size,non-normal,5180930.919354838,97360.06734826148,5165270.5,5102676.5,5252587.75,149911.25,4967768.0,5433212.0,4987949.77,5396501.164999999,5017304.125,5370856.325,4602415.0,5444664.0,5017304.12,5370856.32,Serratia ureilytica,372,25,normal,5099481.32,196052.457423562,5142018.0,5068351.0,5212125.0,143774.0,4602415.0,5444664.0,4618808.8,5438810.04,4684384.0,5415394.2,0.229247311827957,0.14423962826742687,90718.67225806451
Sinorhizobium medicae,qualibact-v1.0,N50,non-normal,159510.6739130435,45903.88577568038,160080.0,133481.0,192316.0,58835.0,27165.0,257208.0,31580.79,251991.58500000005,52313.45,234756.1499999999,31580.79,251991.59,52313.45,234756.15,Sinorhizobium medicae,184,0,,,,,,,,,,,,,,,,
Sinorhizobium medicae,qualibact-v1.0,number,non-normal,224.83152173913044,92.52760390629832,203.0,154.0,278.25,124.25,84.0,486.0,91.32,484.17,111.575,468.1249999999999,91.32,484.17,111.58,468.12,Sinorhizobium medicae,184,0,,,,,,,,,,,,,,,,
Sinorhizobium medicae,qualibact-v1.0,longest,non-normal,449779.51086956525,130882.5850389091,425820.5,385146.0,531627.5,146481.5,165088.0,1000898.0,166665.46,923973.9500000007,211618.45,672897.3749999999,166665.46,923973.95,211618.45,672897.37,Sinorhizobium medicae,184,0,,,,,,,,,,,,,,,,
Sinorhizobium medicae,qualibact-v1.0,GC_Content,non-normal,61.15150163043478,0.059779390148044585,61.1566,61.1094,61.195975000000004,0.0865750000000034,60.9043,61.27,60.970820499999995,61.2693595,61.02598,61.2461275,60.9512,61.2694,61.026,61.2461,Sinorhizobium medicae,184,12,normal,61.073858333333334,0.0713042011190233,61.07915,61.0337,61.11125,0.07754999999999512,60.9512,61.2162,60.9523935,61.212548,60.957167500000004,61.19794,0.5489130434782609,0.0010734151656947325,0.0781530797101453
Sinorhizobium medicae,qualibact-v1.0,Completeness_Specific,non-normal,99.99157608695653,0.009279165179434456,99.99,99.99,100.0,0.010000000000005116,99.96,100.0,99.96,100.0,99.96575,100.0,87.99,100.0,99.97,100.0,Sinorhizobium medicae,184,12,normal,93.95083333333332,3.0379446405240644,94.08,92.16,96.57,4.409999999999997,87.99,97.8,88.1011,97.76315,88.5455,97.61574999999999,1.0,4.202261831217267e-19,6.040742753623187
Sinorhizobium medicae,qualibact-v1.0,Contamination,non-normal,0.3329891304347826,0.2571885619610477,0.27,0.15,0.4325,0.2825,0.01,1.41,0.0283,1.3459500000000006,0.06575,1.1242499999999997,0.03,5.36,0.07,1.12,Sinorhizobium medicae,184,12,normal,2.4558333333333335,1.2014467551895738,2.1950000000000003,1.5175,3.1875,1.67,1.03,5.36,1.03,5.26925,1.03,4.90625,0.9619565217391305,2.1174356915137573e-14,2.122844202898551
Sinorhizobium medicae,qualibact-v1.0,Total_Coding_Sequences,non-normal,6563.092391304348,207.1838795420815,6543.5,6411.5,6698.5,287.0,6170.0,7155.0,6191.96,7151.34,6218.075,6937.5,6191.96,7652.0,6218.08,6937.5,Sinorhizobium medicae,184,12,normal,7136.416666666667,389.6069511557628,7285.5,6856.0,7409.0,553.0,6481.0,7652.0,6483.805,7650.735,6495.025,7645.675,0.7137681159420289,2.9265863146999967e-06,573.3242753623188
Sinorhizobium medicae,qualibact-v1.0,Genome_Size,non-normal,6700981.157608695,146836.29309078745,6689072.0,6602689.5,6796043.75,193354.25,6415992.0,7227701.0,6425204.22,7109957.885000001,6455031.05,7008626.15,6425204.22,7768883.0,6455031.05,7008626.15,Sinorhizobium medicae,184,12,normal,7298213.0,339399.2154589734,7424826.0,7033901.25,7509163.5,475262.25,6743897.0,7768883.0,6747949.345,7767020.425,6764158.725,7759570.125,0.7735507246376812,1.6533175273598824e-07,597231.8423913043
Sinorhizobium meliloti,qualibact-v1.0,N50,non-normal,118678.16962524655,41747.69277951827,117169.0,93251.5,139615.5,46364.0,32060.0,300450.0,36547.37,278500.4999999994,43099.85,216211.84999999986,36547.37,278500.5,43099.85,216211.85,Sinorhizobium meliloti,507,0,,,,,,,,,,,,,,,,
Sinorhizobium meliloti,qualibact-v1.0,number,non-normal,220.89349112426035,81.52707042493559,209.0,161.0,253.5,92.5,67.0,532.0,81.36,482.4099999999999,109.65,414.0499999999999,81.36,482.41,109.65,414.05,Sinorhizobium meliloti,507,0,,,,,,,,,,,,,,,,
Sinorhizobium meliloti,qualibact-v1.0,longest,non-normal,411137.0374753452,152385.22406830563,374355.0,307372.5,471510.0,164137.5,123156.0,1005241.0,147217.41,910063.3499999989,174163.80000000002,783102.8999999999,147217.41,910063.35,174163.8,783102.9,Sinorhizobium meliloti,507,0,,,,,,,,,,,,,,,,
Sinorhizobium meliloti,qualibact-v1.0,GC_Content,non-normal,62.096206311637076,0.12776171190617622,62.1124,62.0361,62.1752,0.1390999999999991,60.2727,62.2932,61.835457,62.275464,61.8783,62.248075,61.7102,62.4007,61.8783,62.2481,Sinorhizobium meliloti,507,63,normal,62.074822222222224,0.12593037815036287,62.0716,62.00905,62.167699999999996,0.1586499999999944,61.7102,62.4007,61.744114,62.391927,61.830105,62.297545,0.1669014745937823,0.07753419496605046,0.03528582699351925
Sinorhizobium meliloti,qualibact-v1.0,Completeness_Specific,non-normal,99.98905325443788,0.020164293736059952,99.99,99.99,100.0,0.010000000000005116,99.75,100.0,99.8753,100.0,99.94,100.0,90.06,100.0,99.94,100.0,Sinorhizobium meliloti,507,63,non-normal,98.41698412698415,2.0291953483222858,99.23,98.66,99.46,0.7999999999999972,90.06,99.55,90.6397,99.55,92.5955,99.55,1.0,3.3401146102939376e-85,1.572069127453741
Sinorhizobium meliloti,qualibact-v1.0,Contamination,non-normal,0.32690335305719925,0.35855957244331016,0.2,0.08,0.43,0.35,0.0,2.02,0.0,1.7634999999999985,0.0,1.3734999999999997,0.0,7.66,0.0,1.37,Sinorhizobium meliloti,507,63,non-normal,1.186984126984127,0.9430272680678307,0.93,0.755,1.3450000000000002,0.5900000000000002,0.39,7.66,0.4024,6.088299999999989,0.4575,2.3699999999999983,0.7511975204282897,1.776211586632028e-32,0.8600807739269279
Sinorhizobium meliloti,qualibact-v1.0,Total_Coding_Sequences,non-normal,6569.258382642998,278.6598428045589,6506.0,6389.0,6689.5,300.5,5883.0,7536.0,6053.06,7497.089999999998,6166.0,7300.45,5869.0,7914.0,6166.0,7300.45,Sinorhizobium meliloti,507,63,non-normal,6709.68253968254,357.7801854822437,6686.0,6465.0,6928.5,463.5,5869.0,7914.0,5975.02,7875.5599999999995,6224.75,7601.899999999999,0.29322813938198555,9.2245924424785e-05,146.87893303277923
Sinorhizobium meliloti,qualibact-v1.0,Genome_Size,non-normal,6832498.151873767,204961.6908510065,6811887.0,6687238.5,6946877.5,259639.0,6211067.0,7555506.0,6450896.72,7494793.519999999,6516978.75,7317493.35,6140999.0,8078272.0,6516978.75,7317493.35,Sinorhizobium meliloti,507,63,non-normal,6994372.253968254,315710.89739597274,6981128.0,6786898.0,7143841.0,356943.0,6140999.0,8078272.0,6243785.39,8051479.01,6558076.5,7827430.949999998,0.3429134967596506,2.2523368141165974e-06,171811.20550389777
Staphylococcus argenteus,qualibact-v1.0,N50,non-normal,379369.9117647059,209715.5842049035,325730.0,234638.0,488288.75,253650.75,21572.0,1081922.0,31451.57,932448.1450000004,59862.87500000001,837685.9500000001,31451.57,932448.15,59862.88,837685.95,Staphylococcus argenteus,612,0,,,,,,,,,,,,,,,,
Staphylococcus argenteus,qualibact-v1.0,number,non-normal,42.77614379084967,29.39944454199802,36.0,26.75,51.0,24.25,14.0,270.0,16.055,227.72500000000025,18.0,117.45000000000005,16.06,227.73,18.0,117.45,Staphylococcus argenteus,612,0,,,,,,,,,,,,,,,,
Staphylococcus argenteus,qualibact-v1.0,longest,non-normal,719028.591503268,318160.1861883749,692449.0,438771.75,924238.25,485466.5,78971.0,1399563.0,101312.705,1396449.01,205794.025,1308842.725,101312.7,1396449.01,205794.02,1308842.73,Staphylococcus argenteus,612,0,,,,,,,,,,,,,,,,
Staphylococcus argenteus,qualibact-v1.0,GC_Content,normal,32.26561111111111,0.03782475121726247,32.2667,32.238175,32.2953,0.057124999999999204,32.1684,32.3987,32.182544,32.372837,32.194955,32.3338425,32.1825,32.4896,32.195,32.3338,Staphylococcus argenteus,612,17,normal,32.39483529411765,0.04117592016438843,32.388,32.3602,32.4192,0.0589999999999975,32.3292,32.4896,32.330776,32.487112,32.33708,32.477160000000005,0.9656862745098039,6.743402783082405e-23,0.12922418300653563
Staphylococcus argenteus,qualibact-v1.0,Completeness_Specific,non-normal,99.99890522875818,0.0031742693225359528,100.0,100.0,100.0,0.0,99.98,100.0,99.99,100.0,99.99,100.0,98.52,100.0,99.99,100.0,Staphylococcus argenteus,612,17,non-normal,99.09176470588237,0.20416934419071517,99.22,99.03,99.22,0.18999999999999773,98.52,99.22,98.5312,99.22,98.576,99.22,1.0,2.3429933599401012e-33,0.907140522875818
Staphylococcus argenteus,qualibact-v1.0,Contamination,non-normal,0.21630718954248365,0.13594894183079098,0.18,0.13,0.25,0.12,0.05,1.39,0.06,0.746700000000003,0.08,0.56,0.06,0.75,0.08,0.56,Staphylococcus argenteus,612,17,non-normal,0.10470588235294119,0.0988235294117647,0.08,0.08,0.08,0.0,0.08,0.5,0.08,0.4664,0.08,0.33199999999999985,0.9068627450980392,5.3782951370364046e-17,0.11251633986928103
Staphylococcus argenteus,qualibact-v1.0,Total_Coding_Sequences,non-normal,2572.1045751633987,62.92397772337611,2575.0,2525.0,2610.0,85.0,2420.0,2797.0,2423.0,2758.5600000000004,2451.75,2691.0,2423.0,2808.0,2451.75,2691.0,Staphylococcus argenteus,612,17,normal,2685.4117647058824,57.5898876167452,2683.0,2657.0,2720.0,63.0,2584.0,2808.0,2584.08,2804.8,2584.4,2792.0,0.7222222222222222,3.2392542087438765e-09,113.30718954248366
Staphylococcus argenteus,qualibact-v1.0,Genome_Size,normal,2768575.848039216,43856.114155181,2765640.0,2738211.25,2795683.25,57472.0,2655419.0,2916191.0,2656468.02,2868496.8850000002,2683049.25,2853778.275,2656468.02,2872664.0,2683049.25,2853778.28,Staphylococcus argenteus,612,17,normal,2782895.8235294116,45901.29942186732,2787638.0,2750811.0,2818859.0,68048.0,2697792.0,2872664.0,2698609.52,2869785.28,2701879.6,2858270.4,0.2222222222222222,0.33930586290354303,15773.109477124182
Staphylococcus aureus,qualibact-v1.0,N50,non-normal,213729.87534263867,140335.8402234935,166393.0,125389.0,275683.75,150294.75,15859.0,965565.0,28675.21,738989.17,45343.75,637489.2250000002,28675.21,738989.17,45343.75,637489.23,Staphylococcus aureus,110904,0,,,,,,,,,,,,,,,,
Staphylococcus aureus,qualibact-v1.0,number,non-normal,68.48683546129986,36.83633251710997,60.0,45.0,80.0,35.0,14.0,359.0,23.0,252.0,28.0,170.0,23.0,252.0,28.0,170.0,Staphylococcus aureus,110904,0,,,,,,,,,,,,,,,,
Staphylococcus aureus,qualibact-v1.0,longest,non-normal,465347.612646974,226269.54574556966,415530.0,300823.5,590002.25,289178.75,47070.0,1409092.0,94820.29,1223964.4650000003,143496.5,1022120.425,94820.29,1223964.47,143496.5,1022120.42,Staphylococcus aureus,110904,0,,,,,,,,,,,,,,,,
Staphylococcus aureus,qualibact-v1.0,GC_Content,non-normal,32.71829799917045,0.06064247939643495,32.7131,32.6787,32.7534,0.07469999999999999,32.4778,33.1711,32.5845,32.8934,32.6097,32.8527,32.5845,33.0933,32.6097,32.8527,Staphylococcus aureus,110904,1860,non-normal,32.85424811827957,0.0661213994422461,32.8506,32.811775,32.891225,0.07945000000000135,32.6452,33.0933,32.702818,33.0692935,32.7325425,33.005415,0.7311705212063674,0.0,0.1359520649361377
Staphylococcus aureus,qualibact-v1.0,Completeness_Specific,non-normal,99.99998557310826,0.002356723398995641,100.0,100.0,100.0,0.0,99.27,100.0,100.0,100.0,100.0,100.0,95.5,100.0,100.0,100.0,Staphylococcus aureus,110904,1860,non-normal,98.17618279569892,0.5767209393238204,98.29,97.94,98.61,0.6700000000000017,95.5,98.97,95.9718,98.9,96.57,98.87,1.0,0.0,1.8238027774093493
Staphylococcus aureus,qualibact-v1.0,Contamination,non-normal,0.1963339464762317,0.16739219173993575,0.13,0.09,0.25,0.16,0.0,1.66,0.03,1.04,0.05,0.66,0.03,3.33,0.05,0.66,Staphylococcus aureus,110904,1860,non-normal,0.5256612903225806,0.2849371621095136,0.39,0.39,0.58,0.18999999999999995,0.14,3.33,0.3,2.0040999999999984,0.33,1.45,0.8275956770517018,0.0,0.329327343846349
Staphylococcus aureus,qualibact-v1.0,Total_Coding_Sequences,non-normal,2624.9996844117436,89.86891813269239,2619.0,2561.0,2685.0,124.0,2387.0,3072.0,2437.0,2879.0,2462.0,2807.0,2437.0,3331.0,2462.0,2807.0,Staphylococcus aureus,110904,1860,non-normal,2840.4747311827955,100.4566075808265,2827.5,2766.0,2911.0,145.0,2605.0,3331.0,2645.0,3161.41,2678.0,3050.6749999999993,0.7581973249750438,0.0,215.47504677105215
Staphylococcus aureus,qualibact-v1.0,Genome_Size,non-normal,2799909.726132511,65233.0419537028,2796515.5,2753794.25,2842762.75,88968.5,2573304.0,3112305.0,2661557.0,3001910.91,2680332.475,2931351.75,2661557.0,3218685.0,2680332.48,2931351.75,Staphylococcus aureus,110904,1860,non-normal,2844632.070967742,77017.89333161563,2835131.5,2788764.75,2897194.25,108429.5,2664662.0,3218685.0,2695921.77,3096060.78,2720044.475,3002256.55,0.2360220871058492,4.123109107043039e-90,44722.344835230935
Staphylococcus capitis,qualibact-v1.0,N50,non-normal,208315.47758152173,140177.54840080425,161627.0,135547.0,221305.0,85758.0,18675.0,866036.0,31039.855,850498.85,55951.775,578082.0749999982,31039.86,850498.85,55951.78,578082.07,Staphylococcus capitis,1472,0,,,,,,,,,,,,,,,,
Staphylococcus capitis,qualibact-v1.0,number,non-normal,59.5625,21.857123907072733,58.0,49.0,65.0,16.0,18.0,265.0,25.0,188.34999999999945,30.0,114.0,25.0,188.35,30.0,114.0,Staphylococcus capitis,1472,0,,,,,,,,,,,,,,,,
Staphylococcus capitis,qualibact-v1.0,longest,non-normal,456656.8491847826,158680.66607929877,455432.0,367252.0,540298.25,173046.25,71282.0,1118113.0,94778.715,932860.89,149345.625,875294.1499999987,94778.72,932860.89,149345.62,875294.15,Staphylococcus capitis,1472,0,,,,,,,,,,,,,,,,
Staphylococcus capitis,qualibact-v1.0,GC_Content,non-normal,32.788836277173914,0.043307200039612345,32.78005,32.7651,32.816125,0.05102500000000276,32.6253,33.069,32.666984,32.9104935,32.697807499999996,32.870845,32.667,33.0549,32.6978,32.8708,Staphylococcus capitis,1472,43,normal,32.92802325581396,0.06494179804706521,32.9329,32.880250000000004,32.972300000000004,0.09205000000000041,32.7864,33.0549,32.788815,33.053115000000005,32.79822,33.04615,0.7979651162790697,8.182737151887964e-29,0.13920613624873598
Staphylococcus capitis,qualibact-v1.0,Completeness_Specific,normal,99.98544157608696,0.006485402481110732,99.99,99.98,99.99,0.009999999999990905,99.96,100.0,99.97,100.0,99.97,100.0,97.13,100.0,99.97,100.0,Staphylococcus capitis,1472,43,non-normal,99.0446511627907,0.635976995478389,99.4,98.815,99.51,0.6950000000000074,97.13,99.63,97.2329,99.63,97.62650000000001,99.624,1.0,3.852523059462704e-84,0.9407904132962561
Staphylococcus capitis,qualibact-v1.0,Contamination,non-normal,0.2061345108695652,0.1328351620482739,0.17,0.15,0.22,0.07,0.01,1.25,0.01,0.8528999999999997,0.02,0.4922499999999991,0.01,0.85,0.02,0.49,Staphylococcus capitis,1472,42,normal,0.24238095238095236,0.17189157052671486,0.28,0.08,0.36,0.27999999999999997,0.06,0.64,0.06,0.64,0.06,0.64,0.32679865424430643,0.00022071297924171858,0.08862415890269151
Staphylococcus capitis,qualibact-v1.0,Total_Coding_Sequences,non-normal,2441.5570652173915,61.52605937886319,2454.0,2403.0,2483.0,80.0,2203.0,2670.0,2254.0,2593.645,2293.0,2546.0,2254.0,2671.0,2293.0,2546.0,Staphylococcus capitis,1472,43,normal,2491.5348837209303,74.35344531114642,2484.0,2448.5,2530.5,82.0,2303.0,2671.0,2316.02,2667.22,2365.65,2651.85,0.2897971435793731,0.0013329338054586769,49.97781850353893
Staphylococcus capitis,qualibact-v1.0,Genome_Size,non-normal,2528869.8743206523,53516.95368137156,2543424.0,2499178.5,2566227.25,67048.75,2330123.0,2710039.0,2376235.67,2653054.255,2407477.125,2615845.9499999997,2363587.0,2701315.0,2407477.12,2615845.95,Staphylococcus capitis,1472,43,normal,2532998.511627907,67523.49833339574,2522850.0,2486550.0,2563278.0,76728.0,2363587.0,2701315.0,2378115.43,2696089.15,2433130.9,2675794.55,0.1585724216380182,0.21911341770296403,21557.298075707786
Staphylococcus chromogenes,qualibact-v1.0,N50,non-normal,836726.7033333334,465014.80336203135,1185429.5,260009.25,1218244.0,958234.75,81297.0,1266029.0,101152.05500000001,1261914.445,142022.55,1256674.225,101152.06,1261914.44,142022.55,1256674.23,Staphylococcus chromogenes,300,0,,,,,,,,,,,,,,,,
Staphylococcus chromogenes,qualibact-v1.0,number,non-normal,33.123333333333335,12.636512792521343,29.0,25.0,37.0,12.0,15.0,123.0,15.495000000000001,89.0,20.0,62.52499999999998,15.5,89.0,20.0,62.52,Staphylococcus chromogenes,300,0,,,,,,,,,,,,,,,,
Staphylococcus chromogenes,qualibact-v1.0,longest,non-normal,1001747.2833333333,286850.29780495213,1185429.5,742859.0,1218244.0,475385.0,195519.0,1266029.0,239516.73500000002,1261914.445,388378.0,1256674.225,239516.74,1261914.44,388378.0,1256674.23,Staphylococcus chromogenes,300,0,,,,,,,,,,,,,,,,
Staphylococcus chromogenes,qualibact-v1.0,GC_Content,normal,36.657585999999995,0.0859841063065341,36.65565,36.61015,36.71365,0.10350000000000392,36.412,36.9087,36.435457,36.849056499999996,36.4852425,36.8213225,36.4355,36.8958,36.4852,36.8213,Staphylococcus chromogenes,300,12,normal,36.763675,0.08377945377597085,36.76985,36.69025,36.828599999999994,0.13834999999999553,36.6334,36.8958,36.635325,36.8946945,36.643025,36.8902725,0.4666666666666667,0.00832410104010932,0.1061749999999999
Staphylococcus chromogenes,qualibact-v1.0,Completeness_Specific,non-normal,99.92413333333334,0.03542478730430885,99.93,99.9,99.95,0.04999999999999716,99.82,99.99,99.82,99.98505,99.84,99.98,97.32,99.99,99.84,99.98,Staphylococcus chromogenes,300,12,normal,98.17583333333333,0.3633514903720036,98.3,98.08500000000001,98.32,0.23499999999998522,97.32,98.86,97.34309999999999,98.83415,97.43549999999999,98.73075,1.0,1.3948637727625771e-21,1.7483000000000017
Staphylococcus chromogenes,qualibact-v1.0,Contamination,non-normal,0.14666666666666667,0.1395142366291778,0.13,0.02,0.23,0.21000000000000002,0.0,0.72,0.0,0.5252499999999998,0.0,0.47,0.0,1.98,0.0,0.47,Staphylococcus chromogenes,300,12,normal,1.4175000000000002,0.35104902316723047,1.3,1.23,1.8,0.5700000000000001,0.72,1.98,0.7474999999999999,1.97285,0.8574999999999999,1.94425,0.9966666666666667,1.813322904591348e-20,1.2708333333333333
Staphylococcus chromogenes,qualibact-v1.0,Total_Coding_Sequences,normal,2235.31,49.825166666387915,2235.0,2199.0,2273.25,74.25,2112.0,2396.0,2123.495,2361.01,2144.0,2323.05,2123.5,2472.0,2144.0,2323.05,Staphylococcus chromogenes,300,12,normal,2339.1666666666665,68.79781165770383,2355.5,2280.5,2372.5,92.0,2227.0,2472.0,2229.035,2469.25,2237.175,2458.25,0.6133333333333333,0.00011506066082860843,103.85666666666665
Staphylococcus chromogenes,qualibact-v1.0,Genome_Size,normal,2306436.3833333333,36387.55282872229,2310136.5,2279987.5,2332408.0,52420.5,2214311.0,2403110.0,2222318.725,2400171.41,2224451.05,2376407.4,2222318.72,2478658.0,2224451.05,2376407.4,Staphylococcus chromogenes,300,12,normal,2357194.25,62007.57678585873,2373911.0,2299741.75,2391784.5,92042.75,2256804.0,2478658.0,2257203.19,2474033.38,2258799.95,2455534.9,0.6366666666666667,4.988786149785231e-05,51277.67333333334
Staphylococcus coagulans,qualibact-v1.0,N50,normal,234987.62790697673,91032.41540575385,252973.0,167005.25,301041.75,134036.5,66480.0,507075.0,71873.675,470853.95000000024,82348.125,411447.0,71873.68,470853.95,82348.12,411447.0,Staphylococcus coagulans,86,0
Staphylococcus coagulans,qualibact-v1.0,number,non-normal,44.093023255813954,18.219353310311835,40.5,32.0,51.0,19.0,19.0,126.0,19.425,116.22500000000007,24.25,94.375,19.42,116.23,24.25,94.38,Staphylococcus coagulans,86,0
Staphylococcus coagulans,qualibact-v1.0,longest,non-normal,702088.523255814,317783.90229162225,692125.5,444345.0,945664.0,501319.0,154502.0,1257637.0,162966.3,1242948.1500000001,185584.75,1219759.875,162966.3,1242948.15,185584.75,1219759.88,Staphylococcus coagulans,86,0
Staphylococcus coagulans,qualibact-v1.0,GC_Content,non-normal,35.79828023255814,0.05429103060908948,35.8149,35.77575,35.83935,0.06360000000000099,35.6902,35.8998,35.6905825,35.894529999999996,35.6924625,35.8671,35.69,35.89,35.69,35.87,Staphylococcus coagulans,86,0
Staphylococcus coagulans,qualibact-v1.0,Completeness_Specific,normal,99.98883720930232,0.007379828675637063,99.99,99.99,99.99,0.0,99.97,100.0,99.97,100.0,99.97,100.0,99.97,100.0,99.97,100.0,Staphylococcus coagulans,86,0
Staphylococcus coagulans,qualibact-v1.0,Contamination,non-normal,0.03220930232558138,0.038801856908055966,0.02,0.0,0.0475,0.0475,0.0,0.12,0.0,0.12,0.0,0.11,0.0,0.12,0.0,0.11,Staphylococcus coagulans,86,0
Staphylococcus coagulans,qualibact-v1.0,Total_Coding_Sequences,non-normal,2249.8837209302324,99.02717721926211,2283.0,2231.0,2305.5,74.5,2049.0,2426.0,2051.125,2417.0750000000003,2055.0,2398.875,2051.12,2417.08,2055.0,2398.88,Staphylococcus coagulans,86,0
Staphylococcus coagulans,qualibact-v1.0,Genome_Size,non-normal,2405142.011627907,98087.63128311552,2438537.5,2405706.0,2456356.25,50650.25,2198877.0,2538096.0,2200250.6,2536387.075,2203436.625,2533737.25,2200250.6,2536387.08,2203436.62,2533737.25,Staphylococcus coagulans,86,0
Staphylococcus epidermidis,qualibact-v1.0,N50,non-normal,99249.30686517783,47903.17313480829,93450.0,69377.0,122261.0,52884.0,7468.0,405235.0,13216.82,287429.17999999895,22166.4,209981.0,13216.82,287429.18,22166.4,209981.0,Staphylococcus epidermidis,6045,0,,,,,,,,,,,,,,,,
Staphylococcus epidermidis,qualibact-v1.0,number,non-normal,105.74640198511166,56.44961042231349,91.0,74.0,115.0,41.0,29.0,542.0,41.0,378.0,49.0,279.0,41.0,378.0,49.0,279.0,Staphylococcus epidermidis,6045,0,,,,,,,,,,,,,,,,
Staphylococcus epidermidis,qualibact-v1.0,longest,non-normal,276769.3682382134,132199.03649950543,258880.0,184037.0,342455.0,158418.0,34905.0,949701.0,52951.0,713238.8999999998,77143.7,600366.7999999999,52951.0,713238.9,77143.7,600366.8,Staphylococcus epidermidis,6045,0,,,,,,,,,,,,,,,,
Staphylococcus epidermidis,qualibact-v1.0,GC_Content,non-normal,31.99780147229115,0.11577573895183003,32.0037,31.9245,32.0682,0.14369999999999905,31.6595,32.5991,31.746066,32.354524,31.77421,32.23574,31.7461,32.3545,31.7742,32.2357,Staphylococcus epidermidis,6045,265,non-normal,32.099976603773584,0.10736066837065607,32.1195,32.0225,32.1799,0.15740000000000265,31.8733,32.3415,31.874156,32.304748000000004,31.89532,32.28206,0.4056775442046288,3.341517259151951e-38,0.10331678917552316
Staphylococcus epidermidis,qualibact-v1.0,Completeness_Specific,non-normal,99.99677750206783,0.005720621937205857,100.0,99.99,100.0,0.010000000000005116,99.91,100.0,99.98,100.0,99.99,100.0,96.23,100.0,99.99,100.0,Staphylococcus epidermidis,6045,265,non-normal,99.05181132075471,0.6383053346551311,99.21,98.92,99.42,0.5,96.23,99.76,96.46600000000001,99.76,97.024,99.69,1.0,1.5e-323,0.9449661813131072
Staphylococcus epidermidis,qualibact-v1.0,Contamination,non-normal,0.2574160463192721,0.2749784377270458,0.13,0.07,0.33,0.26,0.01,2.09,0.02,1.32,0.03,0.95,0.01,1.32,0.03,0.95,Staphylococcus epidermidis,6045,125,non-normal,0.21536,0.18626236979057256,0.16,0.07,0.24,0.16999999999999998,0.01,0.96,0.01,0.9165999999999996,0.02,0.58,0.1838014888337469,0.00042903758458749983,0.07914296112489663
Staphylococcus epidermidis,qualibact-v1.0,Total_Coding_Sequences,non-normal,2385.4628618693137,113.95826359506765,2359.0,2306.0,2433.0,127.0,2125.0,2912.0,2190.44,2747.7799999999997,2228.0,2668.8999999999996,2190.44,2808.0,2228.0,2668.9,Staphylococcus epidermidis,6045,265,non-normal,2499.724528301887,136.87844615206558,2454.0,2398.0,2605.0,207.0,2221.0,2808.0,2273.8,2795.8,2312.8,2768.8,0.4167236293833981,2.246546570423317e-40,114.33809323158076
Staphylococcus epidermidis,qualibact-v1.0,Genome_Size,non-normal,2522405.9434243175,87272.75825297752,2501460.0,2463501.0,2556357.0,92856.0,2253140.0,2904176.0,2369019.44,2781912.3599999994,2400044.9,2735648.5,2323375.0,2854742.0,2400044.9,2735648.5,Staphylococcus epidermidis,6045,265,non-normal,2586972.875471698,108956.63781549149,2552216.0,2508486.0,2659990.0,151504.0,2323375.0,2854742.0,2402223.96,2827232.6,2429843.0,2800198.2,0.30340683864725254,3.2263381148139447e-21,64749.069288512255
Staphylococcus equorum,qualibact-v1.0,N50,non-normal,468800.79047619045,131438.94660525455,368194.0,368194.0,590755.0,222561.0,169972.0,808785.0,239791.36,808486.0,329619.0,744439.5999999999,239791.36,808486.0,329619.0,744439.6,Staphylococcus equorum,105,0,,,,,,,,,,,,,,,,
Staphylococcus equorum,qualibact-v1.0,number,non-normal,28.914285714285715,5.713999992856786,28.0,26.0,30.0,4.0,18.0,56.0,18.52,54.44000000000001,20.6,44.39999999999999,18.52,54.44,20.6,44.4,Staphylococcus equorum,105,0,,,,,,,,,,,,,,,,
Staphylococcus equorum,qualibact-v1.0,longest,non-normal,866813.0476190476,169613.67409225568,840249.0,839168.0,842495.0,3327.0,388101.0,1251326.0,418607.84,1251325.48,547828.2,1251318.0,418607.84,1251325.48,547828.2,1251318.0,Staphylococcus equorum,105,0,,,,,,,,,,,,,,,,
Staphylococcus equorum,qualibact-v1.0,GC_Content,non-normal,33.04622952380952,0.0701639154630544,33.0801,33.0237,33.0879,0.06419999999999959,32.821,33.1302,32.843776,33.130148,32.87944,33.11352,32.8438,33.233,32.8794,33.1135,Staphylococcus equorum,105,26,non-normal,33.09144615384616,0.06937603349621993,33.08305,33.052975,33.131,0.07802499999999668,32.8497,33.233,32.872225,33.225537499999994,32.962325,33.1956875,0.4139194139194139,0.0010290770097843133,0.04890366300366308
Staphylococcus equorum,qualibact-v1.0,Completeness_Specific,non-normal,99.98885714285713,0.005221619109283955,99.99,99.99,99.99,0.0,99.96,100.0,99.9652,100.0,99.97,99.994,96.86,100.0,99.97,99.99,Staphylococcus equorum,105,26,non-normal,99.08769230769232,1.016526164831472,99.685,98.50999999999999,99.81,1.3000000000000114,96.86,99.81,96.87875,99.81,96.95375,99.81,1.0,1.0296026080654848e-27,0.9011648351648296
Staphylococcus equorum,qualibact-v1.0,Contamination,non-normal,0.07409523809523809,0.0449061505617732,0.08,0.05,0.08,0.03,0.02,0.28,0.02,0.25920000000000015,0.02,0.19399999999999992,0.02,1.53,0.02,0.19,Staphylococcus equorum,105,26,non-normal,0.4076923076923077,0.3587189567625726,0.30500000000000005,0.2025,0.425,0.22249999999999998,0.09,1.53,0.09,1.5050000000000001,0.09,1.405,0.8095238095238095,1.1354197090207587e-14,0.3335970695970696
Staphylococcus equorum,qualibact-v1.0,Total_Coding_Sequences,non-normal,2759.4095238095238,82.2474425988976,2798.0,2749.0,2812.0,63.0,2535.0,2816.0,2538.12,2816.0,2555.2,2815.4,2538.12,2956.0,2555.2,2815.4,Staphylococcus equorum,105,26,normal,2766.846153846154,87.59596597125847,2760.5,2691.5,2825.0,133.5,2641.0,2956.0,2641.125,2955.5,2641.625,2953.5,0.38754578754578756,0.0026211797676713535,49.65494505494505
Staphylococcus equorum,qualibact-v1.0,Genome_Size,non-normal,2852484.123809524,67074.85522206411,2880965.0,2821791.0,2897580.0,75789.0,2671071.0,2900065.0,2674612.72,2899111.32,2686495.2,2898001.6,2674612.72,2992544.0,2686495.2,2898001.6,Staphylococcus equorum,105,26,normal,2824459.5,71411.823044631,2816340.0,2775397.75,2869237.0,93839.25,2726564.0,2992544.0,2726905.875,2987519.875,2728273.375,2967423.375,0.5029304029304029,2.342096659379107e-05,48821.93882783883
Staphylococcus haemolyticus,qualibact-v1.0,N50,non-normal,65588.93521488133,17344.315567705737,60817.0,56236.0,73341.0,17105.0,13069.0,173155.0,19100.42,137590.6700000002,32310.3,107406.0,19100.42,137590.67,32310.3,107406.0,Staphylococcus haemolyticus,1559,0,,,,,,,,,,,,,,,,
Staphylococcus haemolyticus,qualibact-v1.0,number,non-normal,142.45734445157152,35.112454853343905,141.0,122.0,157.0,35.0,43.0,428.0,62.0,322.6800000000003,86.0,218.0999999999999,62.0,322.68,86.0,218.1,Staphylococcus haemolyticus,1559,0,,,,,,,,,,,,,,,,
Staphylococcus haemolyticus,qualibact-v1.0,longest,non-normal,216655.8819756254,66408.66738102872,194332.0,177772.5,251444.0,73671.5,45314.0,476171.0,80539.87,392848.9300000001,113271.85,356777.25,80539.87,392848.93,113271.85,356777.25,Staphylococcus haemolyticus,1559,0,,,,,,,,,,,,,,,,
Staphylococcus haemolyticus,qualibact-v1.0,GC_Content,non-normal,32.66840397690827,0.06117590320016616,32.6578,32.62665,32.706,0.07935000000000514,32.3991,32.9263,32.514533,32.864194,32.560449999999996,32.80352,32.5145,33.0648,32.5604,32.8035,Staphylococcus haemolyticus,1559,36,non-normal,32.81946666666667,0.09715030165218844,32.80935,32.753299999999996,32.854575,0.10127500000000111,32.6846,33.0648,32.6847575,33.06445,32.6853875,33.063050000000004,0.7424452996935358,2.2453801150767782e-20,0.15106268975839274
Staphylococcus haemolyticus,qualibact-v1.0,Completeness_Specific,non-normal,99.98843489416292,0.018448151113618885,99.99,99.99,99.99,0.0,99.57,100.0,99.94,100.0,99.97,100.0,95.98,100.0,99.97,100.0,Staphylococcus haemolyticus,1559,36,non-normal,98.8775,0.8500175651779864,99.2,98.8475,99.25,0.4025000000000034,95.98,99.81,96.0395,99.75225,96.27749999999999,99.52125000000001,0.9980756895445798,5.08048993988204e-70,1.1109348941629213
Staphylococcus haemolyticus,qualibact-v1.0,Contamination,non-normal,0.22549711353431687,0.2603076949435646,0.1,0.06,0.39,0.33,0.0,2.09,0.0,1.396300000000001,0.01,1.03,0.0,1.4,0.01,1.03,Staphylococcus haemolyticus,1559,18,non-normal,0.40166666666666667,0.3270448491160399,0.19,0.08,0.72,0.64,0.06,0.98,0.0617,0.9680999999999998,0.0685,0.9204999999999999,0.36939633668305893,0.010975144658651159,0.19089694248449857
Staphylococcus haemolyticus,qualibact-v1.0,Total_Coding_Sequences,normal,2510.955099422707,82.06800656593262,2509.0,2455.0,2570.0,115.0,2252.0,2834.0,2308.37,2726.6800000000003,2346.95,2668.0,2308.37,2739.0,2346.95,2668.0,Staphylococcus haemolyticus,1559,36,normal,2506.3055555555557,113.39552691659118,2513.5,2409.25,2562.0,152.75,2315.0,2739.0,2315.0,2733.925,2315.0,2713.625,0.1565462190863089,0.31964353534953294,27.556321716199843
Staphylococcus haemolyticus,qualibact-v1.0,Genome_Size,non-normal,2508922.024374599,59625.57448716413,2509259.0,2471837.0,2548711.0,76874.0,2279731.0,2727551.0,2346981.46,2660840.24,2380787.5,2615635.65,2322835.0,2699292.0,2380787.5,2615635.65,Staphylococcus haemolyticus,1559,36,normal,2524595.361111111,114352.76796755652,2557403.5,2397899.0,2610276.25,212377.25,2322835.0,2699292.0,2323156.825,2699277.65,2324444.125,2699220.25,0.34393485852754613,0.00032049735880882764,55387.141704083806
Staphylococcus hominis,qualibact-v1.0,N50,non-normal,224172.98305084746,190140.43724885603,157301.0,84190.75,316291.0,232100.25,5321.0,815041.0,7111.18,804997.5250000001,10407.35,773092.0750000001,7111.18,804997.53,10407.35,773092.08,Staphylococcus hominis,354,0,,,,,,,,,,,,,,,,
Staphylococcus hominis,qualibact-v1.0,number,non-normal,104.41242937853107,115.64234490836836,64.0,51.0,93.75,42.75,23.0,810.0,26.295,692.1100000000004,31.0,468.4000000000001,26.3,692.11,31.0,468.4,Staphylococcus hominis,354,0,,,,,,,,,,,,,,,,
Staphylococcus hominis,qualibact-v1.0,longest,non-normal,490297.3559322034,323462.3434539844,386111.5,233122.5,770408.5,537286.0,30254.0,1099728.0,32991.9,1097208.315,41715.425,1065586.625,32991.9,1097208.32,41715.43,1065586.62,Staphylococcus hominis,354,0,,,,,,,,,,,,,,,,
Staphylococcus hominis,qualibact-v1.0,GC_Content,non-normal,31.43866949152542,0.21997620461008233,31.39985,31.3417,31.465049999999998,0.12334999999999852,31.1648,32.9913,31.1879035,32.80244750000001,31.227337499999997,32.072272500000004,31.1879,32.8024,31.2273,32.0723,Staphylococcus hominis,354,25,normal,31.557368,0.0969498663021254,31.5638,31.4746,31.6065,0.13190000000000168,31.3579,31.7841,31.367896000000002,31.778388,31.40788,31.75554,0.6097175141242938,8.165434280007098e-09,0.1627645197740113
Staphylococcus hominis,qualibact-v1.0,Completeness_Specific,non-normal,99.88107344632766,1.0352458046094992,99.99,99.98,100.0,0.01999999999999602,86.22,100.0,92.64425,100.0,99.73,100.0,86.44,100.0,99.73,100.0,Staphylococcus hominis,354,25,normal,90.78039999999999,1.8533223788645097,90.89,89.25,91.89,2.6400000000000006,86.44,95.23,86.6644,95.05720000000001,87.562,94.366,0.9915254237288136,7.806647399491504e-36,9.10191638418079
Staphylococcus hominis,qualibact-v1.0,Contamination,non-normal,0.1511581920903955,0.23503590987350167,0.08,0.04,0.14,0.1,0.0,2.49,0.0,1.1946500000000024,0.01,0.7135000000000002,0.0,6.44,0.01,0.71,Staphylococcus hominis,354,25,normal,3.052,1.3075962679665312,2.93,2.5,3.81,1.31,0.59,6.44,0.5996,6.276799999999999,0.638,5.623999999999998,0.9293785310734464,3.013369413384614e-25,2.9008418079096048
Staphylococcus hominis,qualibact-v1.0,Total_Coding_Sequences,non-normal,2216.915254237288,92.52575542531798,2201.0,2155.5,2259.75,104.25,2028.0,2625.0,2063.125,2563.17,2086.825,2461.35,2063.12,2563.17,2086.82,2461.35,Staphylococcus hominis,354,25,normal,2305.88,74.9614941153123,2278.0,2262.0,2342.0,80.0,2207.0,2486.0,2207.12,2484.68,2207.6,2479.4,0.5777401129943502,7.085501106195271e-08,90.94779661016948
Staphylococcus hominis,qualibact-v1.0,Genome_Size,non-normal,2247033.65819209,63772.49236053655,2241375.0,2203062.75,2282595.5,79532.75,2098198.0,2548873.0,2117467.63,2454595.455,2147771.05,2408843.775,2117467.63,2454595.46,2147771.05,2408843.78,Staphylococcus hominis,354,25,non-normal,2299150.56,62686.37731314835,2273112.0,2254542.0,2331950.0,77408.0,2225204.0,2447570.0,2226885.08,2446733.36,2233609.4,2443386.8,0.43740112994350283,0.0001417474155297287,52791.52327683617
Staphylococcus lugdunensis,qualibact-v1.0,N50,non-normal,312859.9147286822,154163.31051917977,285962.0,183921.0,439760.0,255839.0,58369.0,1014079.0,69757.16,764645.3999999998,93838.8,545659.0,69757.16,764645.4,93838.8,545659.0,Staphylococcus lugdunensis,129,0,,,,,,,,,,,,,,,,
Staphylococcus lugdunensis,qualibact-v1.0,number,non-normal,44.87596899224806,14.056920694444115,44.0,35.0,51.0,16.0,20.0,94.0,20.64,92.72,22.2,81.59999999999998,20.64,92.72,22.2,81.6,Staphylococcus lugdunensis,129,0,,,,,,,,,,,,,,,,
Staphylococcus lugdunensis,qualibact-v1.0,longest,non-normal,605593.4031007752,257950.39610150395,521589.0,419208.0,797888.0,378680.0,196411.0,1290401.0,218634.36,1266317.8,252695.6,1222506.9999999998,218634.36,1266317.8,252695.6,1222507.0,Staphylococcus lugdunensis,129,0,,,,,,,,,,,,,,,,
Staphylococcus lugdunensis,qualibact-v1.0,GC_Content,normal,33.71149689922481,0.051141706061807304,33.7043,33.6782,33.7487,0.07050000000000267,33.5859,33.8242,33.590124,33.820488,33.60748,33.81462,33.5901,33.949,33.6075,33.8146,Staphylococcus lugdunensis,129,32,normal,33.81196875,0.06493922850201952,33.8144,33.770175,33.85,0.07982499999999959,33.6933,33.949,33.694912,33.9460085,33.70136,33.9340425,0.6414728682170543,1.6327946607553727e-10,0.10047185077519344
Staphylococcus lugdunensis,qualibact-v1.0,Completeness_Specific,non-normal,100.0,0.0,100.0,100.0,100.0,0.0,100.0,100.0,100.0,100.0,100.0,100.0,95.86,100.0,100.0,100.0,Staphylococcus lugdunensis,129,32,normal,97.6665625,0.9066408101303131,97.66,97.2725,98.215,0.9425000000000097,95.86,99.15,95.88015,99.14225,95.96074999999999,99.11125,1.0,3.4488112766546777e-34,2.333437500000001
Staphylococcus lugdunensis,qualibact-v1.0,Contamination,non-normal,0.09139534883720929,0.030160916905811117,0.08,0.07,0.1,0.03,0.04,0.24,0.046400000000000004,0.21439999999999998,0.052000000000000005,0.16,0.05,2.26,0.05,0.16,Staphylococcus lugdunensis,129,32,non-normal,0.7365625,0.5604663759707178,0.47,0.36,0.91,0.55,0.32,2.26,0.32,2.2491499999999998,0.32,2.2057499999999997,1.0,3.4488112766546777e-34,0.6451671511627907
Staphylococcus lugdunensis,qualibact-v1.0,Total_Coding_Sequences,non-normal,2413.5813953488373,48.45179778017036,2408.0,2379.0,2445.0,66.0,2343.0,2587.0,2344.28,2586.36,2347.2,2510.6,2344.28,2750.0,2347.2,2510.6,Staphylococcus lugdunensis,129,32,non-normal,2524.875,75.27646959707927,2524.0,2466.75,2551.0,84.25,2415.0,2750.0,2415.62,2746.59,2418.1,2732.95,0.7119670542635659,3.6957275417832735e-13,111.29360465116278
Staphylococcus lugdunensis,qualibact-v1.0,Genome_Size,non-normal,2569987.511627907,38100.97978945596,2561348.0,2540036.0,2589012.0,48976.0,2490711.0,2703358.0,2492619.48,2695617.2,2513959.2,2651317.8,2492619.48,2813336.0,2513959.2,2651317.8,Staphylococcus lugdunensis,129,32,non-normal,2627640.28125,65650.52110762068,2623330.0,2571780.0,2653671.75,81891.75,2540323.0,2813336.0,2540323.31,2811810.025,2540324.55,2805706.125,0.47771317829457366,8.164277249123435e-06,57652.76962209302
Staphylococcus pseudintermedius,qualibact-v1.0,N50,non-normal,138526.4254559873,63179.88066622011,132474.0,96162.25,169757.75,73595.5,21143.0,470715.0,31883.995,369406.2349999991,40313.875,286580.0,31884.0,369406.23,40313.88,286580.0,Staphylococcus pseudintermedius,5044,0,,,,,,,,,,,,,,,,
Staphylococcus pseudintermedius,qualibact-v1.0,number,non-normal,84.40444091990484,32.51768548429043,76.0,63.0,95.0,32.0,25.0,303.0,37.0,217.78499999999985,44.0,176.0,37.0,217.78,44.0,176.0,Staphylococcus pseudintermedius,5044,0,,,,,,,,,,,,,,,,
Staphylococcus pseudintermedius,qualibact-v1.0,longest,non-normal,346055.37430610624,134612.23501333507,332675.5,242460.75,429181.25,186720.5,68582.0,1128711.0,92389.88,751405.0449999998,126802.45,645142.2500000002,92389.88,751405.04,126802.45,645142.25,Staphylococcus pseudintermedius,5044,0,,,,,,,,,,,,,,,,
Staphylococcus pseudintermedius,qualibact-v1.0,GC_Content,non-normal,37.49934954401269,0.13812187291715453,37.50735,37.3854,37.605025,0.21962500000000063,37.1097,37.8722,37.1868,37.809939,37.243975,37.7433925,37.1068,37.8099,37.244,37.7434,Staphylococcus pseudintermedius,5044,140,normal,37.537142857142854,0.1267985410815444,37.5246,37.4611,37.62735,0.166249999999998,37.1068,37.7802,37.186308000000004,37.7763775,37.286880000000004,37.774252499999996,0.17298062761980287,0.000491559130994295,0.039274010989010656
Staphylococcus pseudintermedius,qualibact-v1.0,Completeness_Specific,non-normal,99.9803826328311,0.014082862844580355,99.98,99.98,99.99,0.009999999999990905,99.82,100.0,99.92,100.0,99.95,100.0,91.08,100.0,99.95,100.0,Staphylococcus pseudintermedius,5044,140,non-normal,96.97664285714285,1.5202817458401237,97.275,96.1625,98.05,1.8875000000000028,91.08,99.18,91.6221,98.9993,92.65925,98.91525,1.0,1.5834072188451417e-278,3.0037397756882287
Staphylococcus pseudintermedius,qualibact-v1.0,Contamination,non-normal,0.0500396510705789,0.10296746180170792,0.01,0.0,0.04,0.04,0.0,0.81,0.0,0.5878499999999985,0.0,0.37,0.0,5.36,0.0,0.37,Staphylococcus pseudintermedius,5044,140,non-normal,1.5999285714285716,1.0232584483114793,1.53,0.91,2.155,1.2449999999999997,0.21,5.36,0.21695,5.0194500000000035,0.23,4.3290000000000015,0.9107850911974623,1.5868331747232811e-139,1.5498889203579926
Staphylococcus pseudintermedius,qualibact-v1.0,Total_Coding_Sequences,non-normal,2459.2115384615386,107.1933552145531,2446.0,2376.0,2540.0,164.0,2221.0,2790.0,2257.0,2724.785,2289.0,2677.925,2257.0,2875.0,2289.0,2677.92,Staphylococcus pseudintermedius,5044,140,non-normal,2569.4357142857143,119.50488398353586,2569.0,2460.75,2662.0,201.25,2370.0,2875.0,2371.39,2854.15,2379.95,2799.525,0.3575563611646086,4.395655077864896e-16,110.22417582417582
Staphylococcus pseudintermedius,qualibact-v1.0,Genome_Size,non-normal,2595195.944290246,82602.81229294123,2583261.5,2530041.5,2659160.25,129118.75,2380864.0,2811984.0,2440997.105,2787435.58,2461892.325,2756031.85,2440997.1,2897277.0,2461892.33,2756031.85,Staphylococcus pseudintermedius,5044,140,non-normal,2668632.4714285713,93965.70690671014,2672595.0,2587646.25,2736019.25,148373.0,2509706.0,2897277.0,2511805.595,2895736.185,2512824.75,2840329.45,0.31011102299762094,3.9559586805513085e-12,73436.52713832559
Staphylococcus saprophyticus,qualibact-v1.0,N50,non-normal,522497.3019713262,319730.0474190767,443152.0,323011.5,603333.0,280321.5,39516.0,1388968.0,60515.95,1370519.4749999999,113603.125,1348537.75,60515.95,1370519.48,113603.12,1348537.75,Staphylococcus saprophyticus,1116,0,,,,,,,,,,,,,,,,
Staphylococcus saprophyticus,qualibact-v1.0,number,non-normal,38.94713261648746,14.829009905885979,36.0,29.0,45.0,16.0,18.0,143.0,20.0,117.27499999999986,22.0,76.125,20.0,117.27,22.0,76.12,Staphylococcus saprophyticus,1116,0,,,,,,,,,,,,,,,,
Staphylococcus saprophyticus,qualibact-v1.0,longest,non-normal,815112.1935483871,281483.58627981564,740995.0,672885.0,963286.75,290401.75,121324.0,1388968.0,168745.975,1370519.4749999999,298698.375,1348537.75,168745.98,1370519.48,298698.38,1348537.75,Staphylococcus saprophyticus,1116,0,,,,,,,,,,,,,,,,
Staphylococcus saprophyticus,qualibact-v1.0,GC_Content,non-normal,33.014075,0.051141966407702695,33.0162,32.9872,33.044825,0.05762500000000159,32.8093,33.1902,32.82985,33.153394999999996,32.9001,33.114625,32.8298,33.2472,32.9001,33.1146,Staphylococcus saprophyticus,1116,21,normal,33.15528095238095,0.05168563048946029,33.1431,33.1382,33.1804,0.042200000000001125,33.0179,33.2472,33.02308,33.24686,33.0438,33.2455,0.8778801843317973,5.291955960234798e-19,0.14120595238095135
Staphylococcus saprophyticus,qualibact-v1.0,Completeness_Specific,non-normal,99.9958422939068,0.005194103677978045,100.0,99.99,100.0,0.010000000000005116,99.96,100.0,99.98,100.0,99.99,100.0,96.69,100.0,99.99,100.0,Staphylococcus saprophyticus,1116,21,non-normal,99.26714285714286,0.6572681040064394,99.25,99.19,99.79,0.6000000000000085,96.69,99.81,96.89,99.81,97.69,99.81,1.0,8.300482084640549e-45,0.7286994367639502
Staphylococcus saprophyticus,qualibact-v1.0,Contamination,non-normal,0.12197132616487455,0.12123418155115119,0.09,0.05,0.1525,0.1025,0.0,0.93,0.0,0.7812499999999978,0.01,0.44125000000000003,0.0,0.78,0.01,0.44,Staphylococcus saprophyticus,1116,14,non-normal,0.2935714285714286,0.19750613527024358,0.28,0.09,0.5175000000000001,0.4275000000000001,0.09,0.56,0.09,0.56,0.09,0.56,0.4596774193548387,0.003423575287063977,0.17785458269329238
Staphylococcus saprophyticus,qualibact-v1.0,Total_Coding_Sequences,non-normal,2578.6012544802866,59.55667730864735,2573.0,2540.0,2617.0,77.0,2412.0,2840.0,2462.575,2752.9749999999995,2477.0,2711.25,2452.0,2925.0,2477.0,2711.25,Staphylococcus saprophyticus,1116,21,non-normal,2633.6190476190477,90.61403033929716,2624.0,2585.0,2652.0,67.0,2452.0,2925.0,2461.3,2907.3999999999996,2498.5,2837.0,0.36187916026625705,0.006340161697257629,57.12480798771122
Staphylococcus saprophyticus,qualibact-v1.0,Genome_Size,non-normal,2616228.301971326,47786.09751418833,2611864.0,2585219.75,2645802.25,60582.5,2457455.0,2820574.0,2506631.925,2761508.7499999995,2534550.25,2719266.0,2488173.0,2866743.0,2534550.25,2719266.0,Staphylococcus saprophyticus,1116,21,non-normal,2647221.1904761903,73262.67123272394,2636688.0,2611553.0,2650138.0,38585.0,2488173.0,2866743.0,2497145.6,2854491.4,2533036.0,2805485.0,0.3163082437275986,0.024765708586119983,34843.02956989249
Staphylococcus simulans,qualibact-v1.0,N50,non-normal,226526.02208201893,143344.1763612242,230646.0,97855.0,334686.0,236831.0,14809.0,668476.0,14866.5,648101.1600000005,24981.9,573397.9999999999,14866.5,648101.16,24981.9,573398.0,Staphylococcus simulans,317,0,,,,,,,,,,,,,,,,
Staphylococcus simulans,qualibact-v1.0,number,non-normal,75.43533123028391,61.32794208524195,52.0,38.0,91.0,53.0,18.0,464.0,21.0,365.0000000000008,25.9,256.9999999999993,21.0,365.0,25.9,257.0,Staphylococcus simulans,317,0,,,,,,,,,,,,,,,,
Staphylococcus simulans,qualibact-v1.0,longest,non-normal,420687.71293375397,220526.6511499311,399566.0,249084.0,580135.0,331051.0,56481.0,1185725.0,61536.86,1090817.3600000024,87160.8,973570.8,61536.86,1090817.36,87160.8,973570.8,Staphylococcus simulans,317,0,,,,,,,,,,,,,,,,
Staphylococcus simulans,qualibact-v1.0,GC_Content,normal,35.93881041009463,0.10314863637007185,35.9394,35.8784,36.0016,0.1232000000000042,35.662,36.2436,35.673778,36.193152,35.723549999999996,36.14101,35.6738,36.5106,35.7235,36.141,Staphylococcus simulans,317,22,non-normal,35.987836363636355,0.1713350082187584,35.97115,35.896074999999996,36.04785,0.15177500000000066,35.7391,36.5106,35.7429745,36.477073499999996,35.7584725,36.3429675,0.2841984513908804,0.05775388181744503,0.06692864926871232
Staphylococcus simulans,qualibact-v1.0,Completeness_Specific,non-normal,99.9984858044164,0.0053499568440360835,100.0,100.0,100.0,0.0,99.96,100.0,99.9658,100.0,99.98,100.0,98.44,100.0,99.98,100.0,Staphylococcus simulans,317,22,non-normal,99.54272727272728,0.3477745065958928,99.735,99.4825,99.75,0.2674999999999983,98.44,99.75,98.4736,99.75,98.608,99.75,1.0,9.767891193600027e-35,0.45575853168913083
Staphylococcus simulans,qualibact-v1.0,Contamination,non-normal,0.17671924290220822,0.14744285117146885,0.14,0.09,0.22,0.13,0.0,1.16,0.01,0.9420000000000016,0.01,0.5469999999999976,0.01,1.99,0.01,0.55,Staphylococcus simulans,317,22,normal,1.4313636363636364,0.32180309415069125,1.405,1.35,1.53,0.17999999999999994,0.78,1.99,0.78,1.9816,0.78,1.9479999999999997,0.9905362776025236,2.2466149745280044e-31,1.2546443934614282
Staphylococcus simulans,qualibact-v1.0,Total_Coding_Sequences,normal,2532.9463722397477,74.61100147074234,2527.0,2482.0,2580.0,98.0,2367.0,2742.0,2378.16,2729.46,2394.9,2685.4999999999995,2378.16,2789.0,2394.9,2685.5,Staphylococcus simulans,317,22,normal,2658.318181818182,90.42796548716973,2665.0,2578.0,2730.25,152.25,2484.0,2789.0,2489.67,2788.265,2512.35,2785.325,0.5450243762546602,3.148401548901096e-06,125.3718095784342
Staphylococcus simulans,qualibact-v1.0,Genome_Size,normal,2664387.0,58798.75761515011,2660527.0,2625922.0,2700861.0,74939.0,2503686.0,2836349.0,2533922.26,2822889.12,2554219.2,2784530.2,2533922.26,2871975.0,2554219.2,2784530.2,Staphylococcus simulans,317,22,normal,2740850.5454545454,67730.36120578507,2719361.5,2685035.25,2810090.0,125054.75,2630177.0,2871975.0,2632001.795,2867832.015,2639300.975,2851260.0749999997,0.46171494121020934,0.000159435721891323,76463.54545454547
Staphylococcus warneri,qualibact-v1.0,N50,non-normal,342015.1807228916,201496.36185897022,310305.0,201309.0,473349.5,272040.5,25203.0,1277193.0,25906.725,1277193.0,31459.5,647670.125,25906.72,1277193.0,31459.5,647670.12,Staphylococcus warneri,166,0,,,,,,,,,,,,,,,,
Staphylococcus warneri,qualibact-v1.0,number,non-normal,57.7710843373494,34.85229601300938,47.0,37.0,64.0,27.0,19.0,239.0,20.65,198.57500000000056,26.0,171.0,20.65,198.58,26.0,171.0,Staphylococcus warneri,166,0,,,,,,,,,,,,,,,,
Staphylococcus warneri,qualibact-v1.0,longest,non-normal,599768.7409638554,252000.4524767149,618296.5,437589.0,688350.0,250761.0,82609.0,1277193.0,91053.7,1277193.0,122419.5,1228721.125,91053.7,1277193.0,122419.5,1228721.12,Staphylococcus warneri,166,0,,,,,,,,,,,,,,,,
Staphylococcus warneri,qualibact-v1.0,GC_Content,non-normal,32.557974698795185,0.07010778164081395,32.557050000000004,32.5055,32.593375,0.08787500000000392,32.4252,32.7918,32.4259425,32.791305,32.434825000000004,32.717525,32.4259,32.8394,32.4348,32.7175,Staphylococcus warneri,166,16,non-normal,32.7159125,0.10270892046823321,32.708600000000004,32.614425000000004,32.819100000000006,0.20467500000000172,32.5459,32.8394,32.548975000000006,32.8390175,32.561275,32.837487499999995,0.6302710843373494,4.417787677231045e-06,0.1579378012048204
Staphylococcus warneri,qualibact-v1.0,Completeness_Specific,non-normal,99.99698795180723,0.0047172944458941275,100.0,99.99,100.0,0.010000000000005116,99.98,100.0,99.98825,100.0,99.99,100.0,97.35,100.0,99.99,100.0,Staphylococcus warneri,166,16,normal,99.0175,0.6588863710838174,99.125,98.675,99.55,0.875,97.35,99.73,97.386,99.73,97.53,99.73,1.0,5.693100071362022e-23,0.9794879518072283
Staphylococcus warneri,qualibact-v1.0,Contamination,non-normal,0.2335542168674699,0.18748498754435564,0.19,0.09,0.31,0.22,0.01,0.98,0.01,0.9717500000000001,0.03,0.74,0.01,0.97,0.03,0.74,Staphylococcus warneri,166,4,insufficient_data,0.14,0.042426406871192854,0.13,0.1,0.17,0.07,0.1,0.2,0.1,0.1994,0.1,0.197,0.4819277108433735,0.23332986952354542,0.11704819277108433
Staphylococcus warneri,qualibact-v1.0,Total_Coding_Sequences,normal,2452.60843373494,73.63339457299246,2450.5,2415.25,2503.75,88.5,2203.0,2652.0,2246.725,2642.1000000000004,2312.5,2598.25,2246.72,2728.0,2312.5,2598.25,Staphylococcus warneri,166,15,normal,2507.0,112.06129275237429,2505.0,2413.0,2584.5,171.5,2346.0,2728.0,2348.94,2723.73,2360.7,2706.65,0.3104417670682731,0.1136422894397786,56.55381526104417
Staphylococcus warneri,qualibact-v1.0,Genome_Size,non-normal,2523358.4096385543,63510.11312211626,2525023.5,2487121.75,2569432.0,82310.25,2306594.0,2672186.0,2333559.125,2656107.575,2399984.125,2646554.125,2333559.12,2780266.0,2399984.12,2646554.12,Staphylococcus warneri,166,16,normal,2545447.6875,99624.41847742372,2543126.0,2457994.5,2589415.5,131421.0,2427576.0,2780266.0,2427637.65,2771780.2,2427884.25,2737837.0,0.21385542168674698,0.4521185138644954,38725.58960843373
Staphylococcus xylosus,qualibact-v1.0,N50,non-normal,405061.153024911,163821.59559936033,392480.0,262885.0,597359.0,334474.0,47811.0,845187.0,72015.2,637878.6000000003,117364.0,599825.0,72015.2,637878.6,117364.0,599825.0,Staphylococcus xylosus,281,0,,,,,,,,,,,,,,,,
Staphylococcus xylosus,qualibact-v1.0,number,non-normal,37.93950177935943,17.470663924774488,33.0,28.0,43.0,15.0,18.0,162.0,19.0,118.80000000000052,20.0,93.0,19.0,118.8,20.0,93.0,Staphylococcus xylosus,281,0,,,,,,,,,,,,,,,,
Staphylococcus xylosus,qualibact-v1.0,longest,non-normal,781737.615658363,247646.26032128808,826162.0,646188.0,836372.0,190184.0,178460.0,1399553.0,194744.80000000002,1377571.0,353818.0,1377571.0,194744.8,1377571.0,353818.0,1377571.0,Staphylococcus xylosus,281,0,,,,,,,,,,,,,,,,
Staphylococcus xylosus,qualibact-v1.0,GC_Content,non-normal,32.63546085409253,0.05860582633500972,32.6572,32.595,32.6635,0.06850000000000023,32.3815,32.7746,32.43988,32.75528,32.5015,32.7391,32.4399,32.9743,32.5015,32.7391,Staphylococcus xylosus,281,26,normal,32.79321153846154,0.07924554501879202,32.79205,32.751375,32.836925,0.0855499999999978,32.6461,32.9743,32.6493,32.9648875,32.6621,32.927237500000004,0.7878456063509445,6.777894830321218e-16,0.15775068436901135
Staphylococcus xylosus,qualibact-v1.0,Completeness_Specific,non-normal,99.9914946619217,0.007491927326372152,99.99,99.99,100.0,0.010000000000005116,99.95,100.0,99.95,100.0,99.97,100.0,97.82,100.0,99.97,100.0,Staphylococcus xylosus,281,26,non-normal,99.55192307692307,0.45765303645354455,99.81,99.555,99.81,0.25499999999999545,97.82,99.81,97.92625,99.81,98.35125,99.81,1.0,5.17720132499702e-38,0.43957158499862686
Staphylococcus xylosus,qualibact-v1.0,Contamination,non-normal,0.0909608540925267,0.06376783315975025,0.1,0.05,0.1,0.05,0.0,0.47,0.0,0.35,0.01,0.26,0.0,1.81,0.01,0.26,Staphylococcus xylosus,281,26,non-normal,0.8184615384615385,0.2797621559563149,0.73,0.685,0.9325,0.24749999999999994,0.47,1.81,0.47,1.76125,0.47,1.56625,0.99644128113879,1.3978443577491937e-36,0.7275006843690117
Staphylococcus xylosus,qualibact-v1.0,Total_Coding_Sequences,non-normal,2632.039145907473,62.470222640136704,2599.0,2592.0,2667.0,75.0,2520.0,2869.0,2531.6,2838.600000000001,2558.0,2764.0,2531.6,2884.0,2558.0,2764.0,Staphylococcus xylosus,281,26,normal,2750.1153846153848,75.28935307459172,2749.0,2699.5,2804.5,105.0,2593.0,2884.0,2599.125,2883.375,2623.625,2880.875,0.6290719956200383,1.465708401087612e-09,118.07623870791132
Staphylococcus xylosus,qualibact-v1.0,Genome_Size,non-normal,2811510.583629893,47129.10181347386,2787759.0,2783716.0,2835566.0,51850.0,2725887.0,2999651.0,2730639.0,2962521.4000000004,2742661.0,2917883.0,2730639.0,2983043.0,2742661.0,2917883.0,Staphylococcus xylosus,281,26,normal,2879425.653846154,60647.640757552144,2878781.0,2830096.0,2918963.75,88867.75,2757557.0,2983043.0,2761198.125,2982012.25,2775762.625,2977889.25,0.5365453052285792,6.785997668851005e-07,68033.27662195456
Stenotrophomonas geniculata,qualibact-v1.0,N50,non-normal,222936.51666666666,218948.90526006988,134169.0,87262.5,270375.75,183113.25,28066.0,1173822.0,31606.845,1168706.19,49729.925,815916.499999997,31606.84,1168706.19,49729.92,815916.5,Stenotrophomonas geniculata,120,0,,,,,,,,,,,,,,,,
Stenotrophomonas geniculata,qualibact-v1.0,number,non-normal,84.89166666666667,52.70006259220403,73.0,39.0,122.75,83.75,15.0,277.0,16.785,255.58000000000004,23.0,193.27499999999992,16.78,255.58,23.0,193.27,Stenotrophomonas geniculata,120,0,,,,,,,,,,,,,,,,
Stenotrophomonas geniculata,qualibact-v1.0,longest,non-normal,550336.7833333333,340864.99228424206,431558.0,294870.75,718911.75,424041.0,96190.0,1782097.0,119486.63,1726589.4500000002,172548.6,1393618.999999998,119486.63,1726589.45,172548.6,1393619.0,Stenotrophomonas geniculata,120,0,,,,,,,,,,,,,,,,
Stenotrophomonas geniculata,qualibact-v1.0,GC_Content,non-normal,66.33773916666665,0.26284164221568584,66.41765000000001,66.269525,66.50982499999999,0.24029999999999063,65.7033,66.6825,65.7045495,66.6805365,65.70708499999999,66.6376725,65.7045,66.6805,65.7071,66.6377,Stenotrophomonas geniculata,120,24,normal,66.3473,0.14642799140419324,66.3998,66.249675,66.46435,0.21467499999999973,66.0565,66.5696,66.061951,66.56271149999999,66.083755,66.5351575,0.23333333333333334,0.20461824993083189,0.08257583333333317
Stenotrophomonas geniculata,qualibact-v1.0,Completeness_Specific,non-normal,100.0,0.0,100.0,100.0,100.0,0.0,100.0,100.0,100.0,100.0,100.0,100.0,95.41,100.0,100.0,100.0,Stenotrophomonas geniculata,120,24,non-normal,98.72541666666666,0.7933997477452478,98.965,98.54249999999999,99.1175,0.575000000000017,95.41,99.49,95.6699,99.46929999999999,96.7095,99.3865,1.0,1.4955933923919537e-27,1.274583333333334
Stenotrophomonas geniculata,qualibact-v1.0,Contamination,non-normal,0.34833333333333333,0.8140058694847081,0.0,0.0,0.04,0.04,0.0,2.61,0.0,2.61,0.0,2.61,0.0,2.61,0.0,2.61,Stenotrophomonas geniculata,120,24,non-normal,0.46625000000000005,0.27155129196280153,0.485,0.215,0.6625000000000001,0.4475000000000001,0.06,0.94,0.06,0.93655,0.06,0.9227500000000001,0.7833333333333333,6.679032793700844e-13,0.5289166666666668
Stenotrophomonas geniculata,qualibact-v1.0,Total_Coding_Sequences,non-normal,4250.15,267.20733678799564,4149.5,4059.75,4334.0,274.25,3967.0,4913.0,3968.785,4907.645,3981.85,4888.375,3968.78,4907.65,3981.85,4888.38,Stenotrophomonas geniculata,120,24,normal,4308.083333333333,168.2166055682045,4282.5,4151.25,4397.25,246.0,4117.0,4697.0,4118.495,4690.33,4124.475,4663.65,0.425,0.0010014283333220316,114.46666666666667
Stenotrophomonas geniculata,qualibact-v1.0,Genome_Size,non-normal,4686457.475,244636.93860610266,4594815.5,4514430.0,4768523.5,254093.5,4426476.0,5292737.0,4430698.12,5291737.4,4446789.35,5278373.75,4430698.12,5291737.4,4446789.35,5278373.75,Stenotrophomonas geniculata,120,24,normal,4655180.791666667,150295.83858981237,4640324.5,4514710.75,4768169.5,253458.75,4486066.0,4962241.0,4487246.475,4961823.32,4491968.375,4960152.6,0.15833333333333333,0.662346161385405,60512.05000000001
Stenotrophomonas maltophilia,qualibact-v1.0,N50,non-normal,144980.33351924148,110822.85520018877,111003.0,73754.0,178784.0,105030.0,14338.0,716115.0,23976.84,611681.4399999996,31998.8,464341.0000000001,23976.84,611681.44,31998.8,464341.0,Stenotrophomonas maltophilia,1793,0,,,,,,,,,,,,,,,,
Stenotrophomonas maltophilia,qualibact-v1.0,number,non-normal,111.98438371444506,66.65523236423678,95.0,68.0,137.0,69.0,19.0,631.0,26.0,377.9599999999982,34.0,288.0,26.0,377.96,34.0,288.0,Stenotrophomonas maltophilia,1793,0,,,,,,,,,,,,,,,,
Stenotrophomonas maltophilia,qualibact-v1.0,longest,non-normal,388091.0033463469,215427.15605891187,330258.0,235487.0,480617.0,245130.0,58126.0,1476428.0,98899.44,1165642.9999999988,125815.6,960623.4000000003,98899.44,1165643.0,125815.6,960623.4,Stenotrophomonas maltophilia,1793,0,,,,,,,,,,,,,,,,
Stenotrophomonas maltophilia,qualibact-v1.0,GC_Content,normal,66.37893753485778,0.26371313184686074,66.3743,66.2065,66.5791,0.3725999999999914,65.5231,67.1622,65.778204,67.05247200000001,65.87913999999999,66.89529999999999,65.6296,67.6255,65.8791,66.8953,Stenotrophomonas maltophilia,1793,88,non-normal,66.41743522727273,0.2928281919642294,66.3592,66.25054999999999,66.53765,0.28710000000000946,65.6296,67.6255,65.78345949999999,67.5180115,66.045105,67.04368000000001,0.08881762409369771,0.49387218402662647,0.0569725250976019
Stenotrophomonas maltophilia,qualibact-v1.0,Completeness_Specific,non-normal,99.9998382598996,0.006383063522164676,100.0,100.0,100.0,0.0,99.73,100.0,100.0,100.0,100.0,100.0,93.1,100.0,100.0,100.0,Stenotrophomonas maltophilia,1793,88,non-normal,98.3155681818182,1.3074018805131893,98.81,98.3275,99.06,0.7325000000000017,93.1,99.47,93.5611,99.41345,94.4905,99.28825,1.0,2.094011792664442e-153,1.6842700780814275
Stenotrophomonas maltophilia,qualibact-v1.0,Contamination,non-normal,0.4004517568321249,0.5301149177611273,0.19,0.01,0.61,0.6,0.0,3.98,0.0,2.432399999999998,0.0,1.8,0.0,4.69,0.0,1.8,Stenotrophomonas maltophilia,1793,88,non-normal,0.8327272727272728,0.7647425699848985,0.6599999999999999,0.445,0.9225000000000001,0.4775000000000001,0.12,4.69,0.12,4.415949999999999,0.12525,3.5827500000000043,0.4796430563301729,3.202401891858136e-18,0.43227551589514784
Stenotrophomonas maltophilia,qualibact-v1.0,Total_Coding_Sequences,non-normal,4372.467930842164,196.2248764115102,4389.0,4255.0,4493.0,238.0,3660.0,5733.0,3727.76,4811.08,3978.8,4721.2,3718.0,4811.08,3978.8,4721.2,Stenotrophomonas maltophilia,1793,88,normal,4344.829545454545,237.97943100531097,4350.5,4190.5,4522.0,331.5,3718.0,4725.0,3726.265,4715.43,3752.05,4700.3,0.13831567205800335,0.07307979530045433,50.56657836029001
Stenotrophomonas maltophilia,qualibact-v1.0,Genome_Size,non-normal,4792159.248187396,178669.94218908774,4802926.0,4695466.0,4900745.0,205279.0,4118741.0,5995829.0,4178062.8,5197836.4799999995,4434360.0,5119885.4,4111737.0,5197836.48,4434360.0,5119885.4,Stenotrophomonas maltophilia,1793,88,non-normal,4706152.863636363,220604.16064480648,4728617.0,4556070.5,4859864.75,303794.25,4111737.0,5059140.0,4115556.735,5039769.015,4120817.725,5007001.525,0.23968209704406024,0.0001004502988460022,86732.57194645845
Stenotrophomonas pavanii,qualibact-v1.0,N50,non-normal,192067.46391752578,115878.19767823417,166084.0,90989.0,253789.0,162800.0,36443.0,512506.0,38503.16,497070.6399999999,43941.4,461120.79999999993,38503.16,497070.64,43941.4,461120.8,Stenotrophomonas pavanii,97,0,,,,,,,,,,,,,,,,
Stenotrophomonas pavanii,qualibact-v1.0,number,non-normal,84.29896907216495,42.894539807869954,70.0,54.0,109.0,55.0,31.0,212.0,31.96,207.67999999999995,35.4,195.99999999999994,31.96,207.68,35.4,196.0,Stenotrophomonas pavanii,97,0,,,,,,,,,,,,,,,,
Stenotrophomonas pavanii,qualibact-v1.0,longest,non-normal,462183.2268041237,222753.47448075312,401102.0,299262.0,616551.0,317289.0,149754.0,961069.0,150196.08,961066.6,163082.8,940078.5999999997,150196.08,961066.6,163082.8,940078.6,Stenotrophomonas pavanii,97,0,,,,,,,,,,,,,,,,
Stenotrophomonas pavanii,qualibact-v1.0,GC_Content,normal,67.10653505154639,0.18269194060806712,67.0745,66.9745,67.2517,0.27719999999999345,66.7487,67.5045,66.772988,67.503924,66.82000000000001,67.48136,66.773,67.5039,66.82,67.4814,Stenotrophomonas pavanii,97,25,normal,67.02552800000001,0.15591971400692023,67.0331,66.9259,67.1102,0.18430000000000746,66.8019,67.4118,66.802068,67.408596,66.80274,67.39578,0.2705154639175258,0.08769112512415754,0.08220911340206115
Stenotrophomonas pavanii,qualibact-v1.0,Completeness_Specific,non-normal,100.0,0.0,100.0,100.0,100.0,0.0,100.0,100.0,100.0,100.0,100.0,100.0,93.81,100.0,100.0,100.0,Stenotrophomonas pavanii,97,25,non-normal,98.50160000000001,1.1392337073664904,98.77,98.32,99.02,0.7000000000000028,93.81,99.51,94.1196,99.51,95.358,99.51,1.0,3.0218924993909154e-26,1.4984000000000022
Stenotrophomonas pavanii,qualibact-v1.0,Contamination,non-normal,0.17412371134020618,0.15878892543195258,0.14,0.09,0.22,0.13,0.0,0.84,0.0,0.8015999999999996,0.0,0.7279999999999998,0.0,1.45,0.0,0.73,Stenotrophomonas pavanii,97,25,non-normal,0.7440000000000001,0.41682610282946536,0.7,0.34,1.1,0.76,0.18,1.45,0.18,1.4391999999999998,0.18,1.396,0.7162886597938144,1.3422824562552173e-10,0.5698762886597939
Stenotrophomonas pavanii,qualibact-v1.0,Total_Coding_Sequences,normal,4179.484536082474,164.44709696133765,4218.0,4030.0,4290.0,260.0,3857.0,4584.0,3857.48,4580.16,3870.0,4484.599999999999,3857.48,4580.16,3870.0,4484.6,Stenotrophomonas pavanii,97,25,normal,4287.36,153.93787837955932,4325.0,4175.0,4370.0,195.0,3929.0,4529.0,3937.16,4528.52,3969.8,4526.6,0.4350515463917526,0.00063095694519941,109.97855670103093
Stenotrophomonas pavanii,qualibact-v1.0,Genome_Size,non-normal,4597588.62886598,143692.66703781227,4646444.0,4466487.0,4705947.0,239460.0,4301280.0,4856041.0,4303610.4,4855832.2,4328287.4,4806003.2,4303610.4,4855832.2,4328287.4,4806003.2,Stenotrophomonas pavanii,97,25,normal,4634470.96,128814.44520533556,4658204.0,4545704.0,4700120.0,154416.0,4323441.0,4828766.0,4331536.56,4828760.36,4363918.8,4828737.8,0.20989690721649484,0.29486069003553667,39133.84618556701
Stenotrophomonas sepilia,qualibact-v1.0,N50,non-normal,150217.45045045044,77369.74181056269,128050.0,91619.0,196734.5,105115.5,44601.0,412093.0,45182.9,386384.35000000015,52572.25,312781.75,45182.9,386384.35,52572.25,312781.75,Stenotrophomonas sepilia,111,0,,,,,,,,,,,,,,,,
Stenotrophomonas sepilia,qualibact-v1.0,number,non-normal,82.22522522522523,33.09519022366037,75.0,60.0,93.5,33.5,33.0,199.0,34.65,195.15000000000003,37.75,166.0,34.65,195.15,37.75,166.0,Stenotrophomonas sepilia,111,0,,,,,,,,,,,,,,,,
Stenotrophomonas sepilia,qualibact-v1.0,longest,non-normal,392214.7027027027,179406.60452322054,353909.0,266320.0,470057.0,203737.0,141993.0,1143383.0,152873.65,1018580.3000000006,181945.75,835889.25,152873.65,1018580.3,181945.75,835889.25,Stenotrophomonas sepilia,111,0,,,,,,,,,,,,,,,,
Stenotrophomonas sepilia,qualibact-v1.0,GC_Content,non-normal,66.62190180180178,0.17116292379846745,66.638,66.4859,66.79065,0.3047499999999985,66.2861,66.9955,66.28621,66.956505,66.294725,66.856475,66.1064,66.9565,66.2947,66.8565,Stenotrophomonas sepilia,111,15,normal,66.57107333333333,0.1864245386804612,66.6256,66.4411,66.754,0.31289999999999907,66.1064,66.7863,66.12691699999999,66.785985,66.208985,66.784725,0.26126126126126126,0.27553901753010357,0.05737657657657601
Stenotrophomonas sepilia,qualibact-v1.0,Completeness_Specific,non-normal,100.0,0.0,100.0,100.0,100.0,0.0,100.0,100.0,100.0,100.0,100.0,100.0,70.38,100.0,100.0,100.0,Stenotrophomonas sepilia,111,15,non-normal,96.72666666666667,7.2344100581104,99.51,97.985,99.51,1.5250000000000057,70.38,99.64,71.9641,99.6379,78.3005,99.62950000000001,1.0,1.9436758002227393e-19,3.273333333333331
Stenotrophomonas sepilia,qualibact-v1.0,Contamination,non-normal,0.2754054054054054,0.2524681187036743,0.19,0.14,0.265,0.125,0.08,1.31,0.08549999999999999,1.2385000000000004,0.09,1.065,0.04,1.24,0.09,1.06,Stenotrophomonas sepilia,111,15,non-normal,0.28,0.29718680993610735,0.09,0.04,0.38,0.34,0.04,1.01,0.04,0.9987999999999999,0.04,0.9540000000000001,0.4972972972972973,0.0015901140731954132,0.10077477477477477
Stenotrophomonas sepilia,qualibact-v1.0,Total_Coding_Sequences,non-normal,4009.5675675675675,135.3443803431811,3957.0,3912.0,4077.0,165.0,3822.0,4362.0,3827.5,4360.9,3845.0,4348.0,3827.5,4417.0,3845.0,4348.0,Stenotrophomonas sepilia,111,15,normal,4133.533333333334,113.50880533636538,4117.0,4054.0,4187.0,133.0,3976.0,4417.0,3977.96,4406.78,3985.8,4365.9,0.563963963963964,0.00018640273146874558,125.0828828828829
Stenotrophomonas sepilia,qualibact-v1.0,Genome_Size,non-normal,4441467.828828828,117783.01975983412,4398153.0,4354971.0,4510384.5,155413.5,4254267.0,4751037.0,4261093.05,4744180.7,4286324.75,4729181.25,4261093.05,4744180.7,4286324.75,4729181.25,Stenotrophomonas sepilia,111,15,normal,4478186.933333334,100167.91702567357,4433593.0,4412186.5,4573398.5,161212.0,4323385.0,4689339.0,4326354.47,4682866.03,4338232.35,4656974.15,0.3675675675675676,0.0416865429443051,46910.03423423424
Streptococcus agalactiae,qualibact-v1.0,N50,non-normal,190975.2853860954,117094.45847624834,158766.0,115530.0,233982.0,118452.0,24431.0,811417.0,37322.0,622338.48,42050.0,524864.0,37322.0,622338.48,42050.0,524864.0,Streptococcus agalactiae,34823,0,,,,,,,,,,,,,,,,
Streptococcus agalactiae,qualibact-v1.0,number,non-normal,40.77483272549752,20.6816869013814,34.0,27.0,47.0,20.0,12.0,185.0,17.0,124.0,19.0,107.0,17.0,124.0,19.0,107.0,Streptococcus agalactiae,34823,0,,,,,,,,,,,,,,,,
Streptococcus agalactiae,qualibact-v1.0,longest,non-normal,404821.2760818999,173154.83154490538,371829.0,264516.0,549470.0,284954.0,63434.0,1041145.0,94900.11,846733.0,110887.0,721439.0,94900.11,846733.0,110887.0,721439.0,Streptococcus agalactiae,34823,0,,,,,,,,,,,,,,,,
Streptococcus agalactiae,qualibact-v1.0,GC_Content,non-normal,35.308629756195614,0.1005664404160822,35.3067,35.2331,35.36985,0.13674999999999926,34.8552,35.9874,35.057211,35.613668,35.1251,35.5245,35.0572,36.0181,35.1251,35.5245,Streptococcus agalactiae,34823,211,non-normal,35.61087535545023,0.14798785930491357,35.6005,35.482200000000006,35.7298,0.24759999999999138,35.3309,36.0181,35.347705000000005,35.989595,35.38675,35.907675,0.804280768294311,2.58900893958646e-147,0.30224559925461897
Streptococcus agalactiae,qualibact-v1.0,Completeness_Specific,non-normal,99.99961318668697,0.0019372580041401933,100.0,100.0,100.0,0.0,99.98,100.0,99.99,100.0,99.99,100.0,95.09,100.0,99.99,100.0,Streptococcus agalactiae,34823,211,non-normal,98.81137440758295,0.7254947696343713,99.01,98.42,99.39,0.9699999999999989,95.09,99.55,95.641,99.55,97.1625,99.55,1.0,0.0,1.188238779104021
Streptococcus agalactiae,qualibact-v1.0,Contamination,non-normal,0.12904775579358468,0.08719758000587552,0.11,0.07,0.16,0.09,0.0,1.28,0.03,0.48,0.04,0.4,0.03,2.17,0.04,0.4,Streptococcus agalactiae,34823,210,non-normal,0.2127142857142857,0.23581422123946533,0.13,0.13,0.13,0.0,0.08,2.17,0.08,1.644800000000007,0.08,0.6897500000000005,0.5445909449556464,1.2419856020191508e-58,0.08702091392798679
Streptococcus agalactiae,qualibact-v1.0,Total_Coding_Sequences,non-normal,2057.9652815667805,72.65702990517767,2049.0,2011.0,2100.0,89.0,1841.0,2351.0,1903.0,2271.0,1923.0,2221.0,1903.0,2533.0,1923.0,2221.0,Streptococcus agalactiae,34823,211,non-normal,2183.78672985782,92.26218058383088,2174.0,2119.5,2247.5,128.0,1958.0,2533.0,1978.3,2415.65,2055.25,2372.75,0.574450916503542,3.6828256154704487e-66,125.82144829103935
Streptococcus agalactiae,qualibact-v1.0,Genome_Size,non-normal,2080961.942681561,61987.08508071103,2072745.0,2039032.0,2118477.5,79445.5,1907405.0,2309868.0,1952246.32,2256534.59,1971255.45,2218185.05,1951859.0,2486601.0,1971255.45,2218185.05,Streptococcus agalactiae,34823,211,non-normal,2143588.0568720377,86644.04167527129,2126500.0,2087334.0,2203903.0,116569.0,1951859.0,2486601.0,1966548.05,2376345.1499999994,2013661.25,2323526.0,0.336271731939437,1.1100468872713086e-21,62626.11419047688
Streptococcus anginosus,qualibact-v1.0,N50,non-normal,156639.68421052632,87434.99322302168,130725.0,114355.0,160198.0,45843.0,48586.0,634933.0,70495.24,536511.8800000001,81560.8,482625.8,70495.24,536511.88,81560.8,482625.8,Streptococcus anginosus,209,0,,,,,,,,,,,,,,,,
Streptococcus anginosus,qualibact-v1.0,number,non-normal,53.44976076555024,21.006005348669156,51.0,40.0,65.0,25.0,12.0,125.0,13.04,105.0,15.2,97.79999999999998,13.04,105.0,15.2,97.8,Streptococcus anginosus,209,0,,,,,,,,,,,,,,,,
Streptococcus anginosus,qualibact-v1.0,longest,non-normal,379837.6889952153,148640.12148242473,355562.0,264454.0,454738.0,190284.0,128319.0,822007.0,135674.88,821824.64,188342.6,703632.4,135674.88,821824.64,188342.6,703632.4,Streptococcus anginosus,209,0,,,,,,,,,,,,,,,,
Streptococcus anginosus,qualibact-v1.0,GC_Content,non-normal,38.74327368421052,0.18166665941993795,38.7571,38.6261,38.8494,0.22330000000000183,38.1711,39.2132,38.209344,39.212108,38.34906,39.09214,38.0408,39.2121,38.3491,39.0921,Streptococcus anginosus,209,24,non-normal,38.76428333333333,0.26269184523992334,38.8014,38.6596,38.9784,0.3188000000000031,38.0408,39.1483,38.063064,39.1347185,38.15212,39.0803925,0.25199362041467305,0.10688647193003004,0.08270510366826186
Streptococcus anginosus,qualibact-v1.0,Completeness_Specific,non-normal,99.99636363636363,0.0074616607424381285,100.0,100.0,100.0,0.0,99.96,100.0,99.96,100.0,99.98,100.0,89.11,100.0,99.98,100.0,Streptococcus anginosus,209,24,non-normal,95.65041666666666,3.526852325571469,97.22,92.22,98.86,6.640000000000001,89.11,99.27,89.2089,99.27,89.6045,99.27,1.0,6.454467951906373e-33,4.3459469696969695
Streptococcus anginosus,qualibact-v1.0,Contamination,non-normal,0.26200956937799047,0.21685392941490678,0.19,0.11,0.34,0.23000000000000004,0.02,1.07,0.04,1.07,0.052000000000000005,1.0239999999999987,0.04,2.24,0.05,1.02,Streptococcus anginosus,209,24,normal,1.0733333333333333,0.6411231464304568,1.185,0.615,1.475,0.8600000000000001,0.08,2.24,0.08,2.2181500000000005,0.08,2.13075,0.6925837320574163,1.1001815020090833e-10,0.8114314194577352
Streptococcus anginosus,qualibact-v1.0,Total_Coding_Sequences,non-normal,2005.846889952153,135.53408618880985,1987.0,1899.0,2116.0,217.0,1752.0,2359.0,1758.52,2328.96,1783.0,2293.8,1758.52,2328.96,1783.0,2293.8,Streptococcus anginosus,209,24,normal,2035.7083333333333,123.57537482803315,2014.0,1937.0,2148.0,211.0,1838.0,2267.0,1838.69,2262.86,1841.45,2246.3,0.16547049441786285,0.5383922216459558,34.2884768740032
Streptococcus anginosus,qualibact-v1.0,Genome_Size,non-normal,1988934.6794258372,92109.72247856928,1967091.0,1917519.0,2062477.0,144958.0,1805030.0,2256344.0,1820579.24,2233362.7600000002,1846514.8,2171506.2,1820579.24,2284041.0,1846514.8,2171506.2,Streptococcus anginosus,209,24,normal,2014889.625,110349.30185318063,1984087.5,1946368.75,2088587.5,142218.75,1851432.0,2284041.0,1854295.73,2278244.8850000002,1865750.65,2255060.425,0.1901913875598086,0.36726023844919414,26139.679625199355
Streptococcus canis,qualibact-v1.0,N50,non-normal,121044.82300884956,44009.43050933839,103510.0,91262.0,155511.0,64249.0,38898.0,230759.0,45211.44,230759.0,55397.200000000004,200264.0,45211.44,230759.0,55397.2,200264.0,Streptococcus canis,113,0,,,,,,,,,,,,,,,,
Streptococcus canis,qualibact-v1.0,number,non-normal,69.39823008849558,20.965010810475214,63.0,56.0,76.0,20.0,42.0,144.0,42.0,144.0,45.0,128.20000000000005,42.0,144.0,45.0,128.2,Streptococcus canis,113,0,,,,,,,,,,,,,,,,
Streptococcus canis,qualibact-v1.0,longest,non-normal,257370.4336283186,78718.8959827383,234430.0,192586.0,276962.0,84376.0,122547.0,453209.0,122547.0,447153.72,133480.2,442352.8,122547.0,447153.72,133480.2,442352.8,Streptococcus canis,113,0,,,,,,,,,,,,,,,,
Streptococcus canis,qualibact-v1.0,GC_Content,normal,39.6076778761062,0.07650706455264475,39.5924,39.5612,39.664,0.102800000000002,39.4182,39.7777,39.441328,39.7777,39.47102,39.77032,39.4413,39.8602,39.471,39.7703,Streptococcus canis,113,6,insufficient_data,39.71205,0.07893066049810177,39.69825,39.673125,39.73485,0.061725000000002694,39.6038,39.8602,39.6055075,39.8571875,39.6123375,39.8451375,0.612094395280236,0.014262198563551579,0.10437212389380535
Streptococcus canis,qualibact-v1.0,Completeness_Specific,non-normal,100.0,0.0,100.0,100.0,100.0,0.0,100.0,100.0,100.0,100.0,100.0,100.0,99.43,100.0,100.0,100.0,Streptococcus canis,113,6,insufficient_data,99.52166666666666,0.04099457958749593,99.54,99.54,99.54,0.0,99.43,99.54,99.43275000000001,99.54,99.44375000000001,99.54,1.0,5.763509067217447e-10,0.478333333333327
Streptococcus canis,qualibact-v1.0,Contamination,non-normal,0.2879646017699115,0.12873213797935315,0.26,0.21,0.32,0.11000000000000001,0.13,1.05,0.13,1.05,0.166,0.53,0.13,1.05,0.17,0.53,Streptococcus canis,113,2,insufficient_data,0.26,0.13,0.26,0.195,0.325,0.13,0.13,0.39,0.1313,0.3887,0.1365,0.3835,0.4823008849557522,0.5874904652936688,0.09123893805309737
Streptococcus canis,qualibact-v1.0,Total_Coding_Sequences,non-normal,2003.4601769911505,117.33750091975101,1974.0,1915.0,2092.0,177.0,1788.0,2245.0,1788.0,2238.84,1834.0,2230.8,1788.0,2247.0,1834.0,2230.8,Streptococcus canis,113,6,insufficient_data,2140.0,61.43560314128391,2140.0,2089.25,2167.5,78.25,2064.0,2247.0,2064.375,2245.075,2065.875,2237.375,0.6548672566371682,0.0069724540838933795,136.53982300884957
Streptococcus canis,qualibact-v1.0,Genome_Size,non-normal,2076638.168141593,93441.07857185107,2057222.0,2014533.0,2139907.0,125374.0,1874202.0,2264288.0,1874633.2,2264286.88,1942242.8,2251484.0,1874633.2,2265274.0,1942242.8,2251484.0,Streptococcus canis,113,6,insufficient_data,2161457.3333333335,58002.86784193424,2166937.0,2119364.75,2177742.75,58378.0,2084744.0,2265274.0,2085290.75,2263098.1,2087477.75,2254394.5,0.6106194690265486,0.015276799783533667,85108.15044247788
Streptococcus dysgalactiae,qualibact-v1.0,N50,non-normal,69926.12228796844,15987.081097084907,70644.0,57607.0,77836.0,20229.0,26766.0,129433.0,33205.4,122706.80000000018,45465.0,104517.0,33205.4,122706.8,45465.0,104517.0,Streptococcus dysgalactiae,1521,0,,,,,,,,,,,,,,,,
Streptococcus dysgalactiae,qualibact-v1.0,number,non-normal,103.844838921762,22.47791496997574,102.0,86.0,118.0,32.0,55.0,219.0,65.6,187.00000000000045,70.0,154.0,65.6,187.0,70.0,154.0,Streptococcus dysgalactiae,1521,0,,,,,,,,,,,,,,,,
Streptococcus dysgalactiae,qualibact-v1.0,longest,non-normal,183427.03550295858,46015.74734315456,182641.0,145556.0,215606.0,70050.0,70119.0,374356.0,88314.4,301612.4,106472.0,276716.0,88314.4,301612.4,106472.0,276716.0,Streptococcus dysgalactiae,1521,0,,,,,,,,,,,,,,,,
Streptococcus dysgalactiae,qualibact-v1.0,GC_Content,non-normal,39.31540920447074,0.12123595261798752,39.3092,39.2285,39.402,0.1735000000000042,38.9138,39.6704,38.99922,39.62014,39.0999,39.5641,38.9992,39.9191,39.0999,39.5641,Streptococcus dysgalactiae,1521,66,normal,39.54166060606061,0.171477574184257,39.52475,39.424175000000005,39.678824999999996,0.25464999999999094,39.1438,39.9191,39.16213,39.9160775,39.217262500000004,39.8663,0.5786862709939633,1.5309323698151973e-20,0.22625140158986323
Streptococcus dysgalactiae,qualibact-v1.0,Completeness_Specific,non-normal,99.99999342537804,0.0002563259525263366,100.0,100.0,100.0,0.0,99.99,100.0,100.0,100.0,100.0,100.0,91.2,100.0,100.0,100.0,Streptococcus dysgalactiae,1521,66,non-normal,95.90378787878788,1.6618051203540363,96.25999999999999,94.5625,96.835,2.2724999999999937,91.2,98.67,91.2975,98.60175,91.66875,98.32875,1.0,2.4778153477887826e-118,4.096205546590163
Streptococcus dysgalactiae,qualibact-v1.0,Contamination,non-normal,0.24193951347797502,0.08996009939995593,0.22,0.18,0.28,0.10000000000000003,0.06,0.69,0.1,0.6280000000000018,0.13,0.47,0.1,3.98,0.13,0.47,Streptococcus dysgalactiae,1521,66,non-normal,0.8124242424242425,0.74752735960077,0.62,0.265,1.06,0.795,0.12,3.98,0.12,3.5737499999999964,0.12,2.58,0.5851114697268543,4.7858892696497244e-21,0.5796963720040642
Streptococcus dysgalactiae,qualibact-v1.0,Total_Coding_Sequences,non-normal,2103.197896120973,81.5872190670838,2097.0,2046.0,2154.0,108.0,1855.0,2414.0,1929.6,2329.0000000000005,1965.0,2270.0,1929.6,2418.0,1965.0,2270.0,Streptococcus dysgalactiae,1521,66,normal,2195.3030303030305,79.1858132566705,2188.5,2135.75,2237.25,101.5,1980.0,2418.0,2006.975,2395.8999999999996,2066.125,2343.125,0.4859542167234475,3.0291608875624375e-14,92.10513418205724
Streptococcus dysgalactiae,qualibact-v1.0,Genome_Size,non-normal,2106985.6554898093,66206.40887123317,2101820.0,2058998.0,2149098.0,90100.0,1909655.0,2338962.0,1961974.0,2277880.2,1991135.0,2241200.0,1961974.0,2338762.0,1991135.0,2241200.0,Streptococcus dysgalactiae,1521,66,normal,2205456.1515151514,66809.32074721548,2207718.5,2166951.25,2254146.25,87195.0,1999715.0,2338762.0,2025792.35,2338582.925,2088824.25,2333814.125,0.5907297830374754,1.8366027178263033e-21,98470.75901022056
Streptococcus equi,qualibact-v1.0,N50,non-normal,51482.978794642855,20895.10625882603,41047.0,39127.0,58817.75,19690.75,23107.0,165368.0,24412.795,124776.03000000012,29265.025,108441.42499999999,24412.8,124776.03,29265.02,108441.42,Streptococcus equi,1792,0,,,,,,,,,,,,,,,,
Streptococcus equi,qualibact-v1.0,number,non-normal,121.22377232142857,36.767498167319964,128.0,89.0,146.0,57.0,35.0,215.0,44.955,203.04500000000007,54.0,195.0,44.96,203.05,54.0,195.0,Streptococcus equi,1792,0,,,,,,,,,,,,,,,,
Streptococcus equi,qualibact-v1.0,longest,non-normal,148336.1880580357,61427.69243270443,136792.0,104722.0,179687.75,74965.75,57882.0,371097.0,65941.57,340481.8250000002,75982.8,315860.0,65941.57,340481.83,75982.8,315860.0,Streptococcus equi,1792,0,,,,,,,,,,,,,,,,
Streptococcus equi,qualibact-v1.0,GC_Content,non-normal,41.363587779017855,0.18066372496761587,41.3205,41.2041,41.504000000000005,0.29990000000000805,40.9496,41.8478,40.9514865,41.791996000000005,41.121065,41.714345,40.9515,41.8554,41.1211,41.7143,Streptococcus equi,1792,41,normal,41.5463756097561,0.16616275855902612,41.5717,41.4427,41.6474,0.20469999999999544,41.2554,41.8554,41.25698,41.85226,41.2633,41.8397,0.4891251088850174,2.35491809303096e-09,0.1827878307382407
Streptococcus equi,qualibact-v1.0,Completeness_Specific,non-normal,99.99654575892858,0.004790140996185376,100.0,99.99,100.0,0.010000000000005116,99.98,100.0,99.99,100.0,99.99,100.0,97.08,100.0,99.99,100.0,Streptococcus equi,1792,41,normal,98.25439024390244,0.5733472483773623,98.35,97.84,98.63,0.789999999999992,97.08,99.37,97.112,99.34,97.24,99.22,1.0,1.7042298551872943e-84,1.7421555150261314
Streptococcus equi,qualibact-v1.0,Contamination,non-normal,0.32962053571428573,0.1644812970470638,0.3,0.28,0.4,0.12,0.03,1.37,0.05,0.9104500000000008,0.06,0.75,0.05,1.72,0.06,0.75,Streptococcus equi,1792,41,non-normal,0.4558536585365854,0.3608727605623392,0.3,0.27,0.51,0.24,0.12,1.72,0.12,1.6839999999999995,0.12,1.54,0.22083242595818817,0.033762047855770264,0.13206092116724738
Streptococcus equi,qualibact-v1.0,Total_Coding_Sequences,non-normal,2047.33984375,84.21151501243682,2054.0,1996.0,2115.0,119.0,1820.0,2253.0,1835.82,2200.3150000000005,1874.0,2178.45,1835.82,2240.0,1874.0,2178.45,Streptococcus equi,1792,41,normal,2071.1463414634145,84.85642421477321,2082.0,1998.0,2106.0,108.0,1912.0,2240.0,1915.8,2234.0,1931.0,2210.0,0.15733885017421603,0.24646253786441202,25.321169969512205
Streptococcus equi,qualibact-v1.0,Genome_Size,non-normal,2107195.6032366073,43828.219482345965,2118466.0,2079483.0,2137826.0,58343.0,1975124.0,2284480.0,1980516.535,2201499.15,2009713.775,2175514.775,1980516.54,2284597.0,2009713.78,2175514.78,Streptococcus equi,1792,41,normal,2154636.487804878,68926.12828066034,2154778.0,2086381.0,2188654.0,102273.0,2024171.0,2284597.0,2027425.8,2282091.8,2040445.0,2272071.0,0.4607605618466899,2.6652677181028864e-08,47440.88456827091
Streptococcus gordonii,qualibact-v1.0,N50,non-normal,351224.04395604396,159761.2341229298,268309.0,240224.0,512593.5,272369.5,94830.0,687818.0,104257.05,687817.55,148429.5,682553.75,104257.05,687817.55,148429.5,682553.75,Streptococcus gordonii,91,0,,,,,,,,,,,,,,,,
Streptococcus gordonii,qualibact-v1.0,number,non-normal,24.824175824175825,9.685826743512894,22.0,19.0,28.5,9.5,12.0,65.0,12.0,60.04999999999997,13.0,47.5,12.0,60.05,13.0,47.5,Streptococcus gordonii,91,0,,,,,,,,,,,,,,,,
Streptococcus gordonii,qualibact-v1.0,longest,normal,572704.1208791209,167420.35008488613,578812.0,441917.0,662043.0,220126.0,220892.0,1006451.0,228132.05,1002499.5499999999,310478.5,909787.25,228132.05,1002499.55,310478.5,909787.25,Streptococcus gordonii,91,0,,,,,,,,,,,,,,,,
Streptococcus gordonii,qualibact-v1.0,GC_Content,normal,40.463108791208796,0.09931374045716855,40.4608,40.40005,40.52745,0.1274000000000015,40.1247,40.6402,40.179735,40.63966,40.256074999999996,40.637175,40.1797,40.6838,40.2561,40.6372,Streptococcus gordonii,91,16,normal,40.510156249999994,0.08037463039378494,40.50535,40.492875,40.561225,0.06835000000000235,40.3564,40.6838,40.3574725,40.676989999999996,40.3617625,40.64975,0.4059065934065934,0.015479695130647016,0.04888234890109862
Streptococcus gordonii,qualibact-v1.0,Completeness_Specific,non-normal,99.99681318681317,0.005320315796445287,100.0,99.99,100.0,0.010000000000005116,99.98,100.0,99.98,100.0,99.9825,100.0,99.23,100.0,99.98,100.0,Streptococcus gordonii,91,16,non-normal,99.69625,0.21245220050637276,99.81,99.67,99.81,0.14000000000000057,99.23,99.9,99.23,99.89325000000001,99.23,99.86625000000001,1.0,4.612666602336701e-19,0.30056318681318295
Streptococcus gordonii,qualibact-v1.0,Contamination,non-normal,0.08604395604395605,0.08299184550011256,0.06,0.03,0.11,0.08,0.01,0.64,0.01,0.49149999999999905,0.01,0.26,0.01,0.49,0.01,0.26,Streptococcus gordonii,91,1,insufficient_data,0.39,0.0,0.39,0.39,0.39,0.0,0.39,0.39,0.39,0.39,0.39,0.39,0.989010989010989,0.04347826086956521,0.30945054945054945
Streptococcus gordonii,qualibact-v1.0,Total_Coding_Sequences,non-normal,2108.846153846154,54.41354127621257,2100.0,2068.0,2144.5,76.5,2003.0,2289.0,2010.2,2277.75,2027.0,2229.25,2010.2,2277.75,2027.0,2229.25,Streptococcus gordonii,91,16,non-normal,2148.875,42.87026212889303,2132.0,2127.75,2168.0,40.25,2084.0,2265.0,2085.95,2261.4,2093.75,2247.0,0.5453296703296703,0.00027469636714675804,40.556318681318686
Streptococcus gordonii,qualibact-v1.0,Genome_Size,normal,2197857.7252747254,44467.425690250304,2192095.0,2163412.5,2229727.0,66314.5,2092684.0,2336295.0,2106325.75,2322064.65,2133997.0,2295347.5,2106325.75,2322064.65,2133997.0,2295347.5,Streptococcus gordonii,91,16,normal,2199377.9375,38389.843810682454,2195616.0,2187097.0,2223008.25,35911.25,2121309.0,2283306.0,2123820.525,2281338.075,2133866.625,2273466.375,0.2190934065934066,0.4593118793196739,10693.684752747255
Streptococcus mitis,qualibact-v1.0,N50,non-normal,205892.2600536193,125058.25897391397,171311.0,113147.0,249575.0,136428.0,31980.0,555618.0,41659.840000000004,552485.44,55536.1,520844.5999999999,41659.84,552485.44,55536.1,520844.6,Streptococcus mitis,373,0,,,,,,,,,,,,,,,,
Streptococcus mitis,qualibact-v1.0,number,non-normal,53.85254691689008,27.498032592574255,50.0,34.0,67.0,33.0,14.0,232.0,14.0,165.9599999999998,19.0,119.39999999999998,14.0,165.96,19.0,119.4,Streptococcus mitis,373,0,,,,,,,,,,,,,,,,
Streptococcus mitis,qualibact-v1.0,longest,non-normal,400009.38873994636,168641.48947378685,366841.0,273944.0,509785.0,235841.0,79038.0,968969.0,100454.12,902185.9999999995,152998.3,777970.0,100454.12,902186.0,152998.3,777970.0,Streptococcus mitis,373,0,,,,,,,,,,,,,,,,
Streptococcus mitis,qualibact-v1.0,GC_Content,non-normal,40.03668203753351,0.29556209760038515,39.9879,39.8817,40.1924,0.3106999999999971,39.089,41.3167,39.252475999999994,41.181454,39.446,40.71722,39.2525,41.1815,39.446,40.7172,Streptococcus mitis,373,19,non-normal,40.20531052631579,0.23329568519649535,40.212,40.153,40.40115,0.24815000000000254,39.5963,40.5201,39.610016,40.513683,39.66488,40.488015,0.4687455905178496,0.0003708933226015999,0.201458092281643
Streptococcus mitis,qualibact-v1.0,Completeness_Specific,non-normal,99.99193029490615,0.029134530688948928,100.0,99.99,100.0,0.010000000000005116,99.74,100.0,99.76859999999999,100.0,99.913,100.0,92.31,100.0,99.91,100.0,Streptococcus mitis,373,19,non-normal,99.00631578947369,1.7352270002458665,99.58,99.24,99.785,0.5450000000000017,92.31,99.82,92.6898,99.82,94.209,99.82,0.9892761394101877,1.7921750066389255e-28,0.9856145054324825
Streptococcus mitis,qualibact-v1.0,Contamination,non-normal,0.06142091152815014,0.10070458105676182,0.03,0.01,0.07,0.060000000000000005,0.0,0.77,0.0,0.6413999999999999,0.0,0.3739999999999998,0.0,1.11,0.0,0.37,Streptococcus mitis,373,19,non-normal,0.42684210526315797,0.27898410880189745,0.39,0.2,0.59,0.38999999999999996,0.2,1.11,0.2,1.1082,0.2,1.1010000000000002,0.935656836461126,1.6200917686858856e-20,0.3654211937350077
Streptococcus mitis,qualibact-v1.0,Total_Coding_Sequences,non-normal,1924.4691689008043,102.73833724332779,1930.0,1852.0,1980.0,128.0,1729.0,2231.0,1731.0,2225.2799999999997,1760.0,2157.4,1731.0,2225.28,1760.0,2157.4,Streptococcus mitis,373,19,normal,1959.2631578947369,118.03203940824629,1934.0,1880.5,2052.0,171.5,1797.0,2166.0,1797.09,2163.57,1797.45,2153.85,0.24044024269789757,0.20907722437689905,40.506984619726275
Streptococcus mitis,qualibact-v1.0,Genome_Size,non-normal,2005707.3029490616,93057.31984567342,2008447.0,1947465.0,2057264.0,109799.0,1788473.0,2284997.0,1817526.28,2259601.0199999996,1852002.4,2230145.0,1817526.28,2259601.02,1852002.4,2230145.0,Streptococcus mitis,373,19,normal,2015470.5263157894,117454.63470829847,1975864.0,1920650.5,2119765.0,199114.5,1868857.0,2220448.0,1868857.18,2217255.52,1868857.9,2204485.6,0.24947086214195005,0.17652337997413642,38986.81557781855
Streptococcus mutans,qualibact-v1.0,N50,non-normal,293505.6208530806,185277.40367178782,210523.0,171092.25,344040.25,172948.0,51451.0,699641.0,74722.32,677526.235,109170.3,676725.0,74722.32,677526.24,109170.3,676725.0,Streptococcus mutans,422,0,,,,,,,,,,,,,,,,
Streptococcus mutans,qualibact-v1.0,number,non-normal,28.55924170616114,11.763871408470846,26.0,20.0,34.0,14.0,12.0,87.0,13.0,82.05499999999984,14.0,56.474999999999966,13.0,82.05,14.0,56.47,Streptococcus mutans,422,0,,,,,,,,,,,,,,,,
Streptococcus mutans,qualibact-v1.0,longest,non-normal,467805.4763033175,172801.8834248584,408823.5,321567.0,633582.75,312015.75,190064.0,814820.0,208004.27,791977.4949999996,237043.875,740922.475,208004.27,791977.49,237043.88,740922.48,Streptococcus mutans,422,0,,,,,,,,,,,,,,,,
Streptococcus mutans,qualibact-v1.0,GC_Content,normal,36.75686848341232,0.08339422324813428,36.73465,36.70825,36.8293,0.12105000000000388,36.4753,36.983,36.5686155,36.923511,36.59567,36.90818,36.5686,37.0527,36.5957,36.9082,Streptococcus mutans,422,34,normal,36.88489117647059,0.0801933192451655,36.86715,36.832825,36.916425000000004,0.08360000000000412,36.7398,37.0527,36.740575500000006,37.050951,36.743677500000004,37.043955,0.6487315305269027,2.496662515197266e-13,0.12802269305826622
Streptococcus mutans,qualibact-v1.0,Completeness_Specific,non-normal,99.99990521327014,0.0009689596350839495,100.0,100.0,100.0,0.0,99.99,100.0,99.99,100.0,100.0,100.0,94.29,100.0,100.0,100.0,Streptococcus mutans,422,34,non-normal,97.985,1.5658736520286838,98.61,97.16499999999999,99.185,2.0200000000000102,94.29,99.57,94.30980000000001,99.57,94.389,99.57,1.0,8.208678261017284e-52,2.0149052132701435
Streptococcus mutans,qualibact-v1.0,Contamination,non-normal,0.1284123222748815,0.09232176700717669,0.1,0.08,0.15,0.06999999999999999,0.03,0.74,0.03,0.6863499999999976,0.04,0.4147499999999996,0.03,2.13,0.04,0.41,Streptococcus mutans,422,34,non-normal,0.8335294117647057,0.5534378245164819,0.47,0.4025,1.3975,0.9949999999999999,0.35,2.13,0.35824999999999996,2.0772000000000004,0.39125000000000004,1.8659999999999992,0.9644549763033176,1.2933437049634187e-39,0.7051170894898243
Streptococcus mutans,qualibact-v1.0,Total_Coding_Sequences,non-normal,1895.9810426540284,35.19006781531576,1892.0,1873.0,1912.0,39.0,1822.0,2022.0,1825.105,2013.4249999999997,1836.525,1981.0,1825.1,2080.0,1836.52,1981.0,Streptococcus mutans,422,34,normal,2014.1470588235295,36.50071099463936,2011.0,1991.25,2035.5,44.25,1940.0,2080.0,1940.99,2079.505,1944.95,2077.525,0.8815165876777251,3.3419310466082038e-28,118.16601616950098
Streptococcus mutans,qualibact-v1.0,Genome_Size,non-normal,2005655.6208530806,34415.41253185503,1998102.5,1985570.0,2023469.25,37899.25,1916857.0,2161210.0,1929699.19,2109916.4,1946566.55,2081273.55,1929699.19,2115009.0,1946566.55,2081273.55,Streptococcus mutans,422,34,normal,2039454.205882353,37463.461036980785,2029862.0,2015883.0,2073065.0,57182.0,1976303.0,2115009.0,1976669.135,2114976.825,1978133.675,2114848.125,0.4704488430443267,6.889583634821103e-07,34074.04000557568
Streptococcus oralis,qualibact-v1.0,N50,non-normal,412672.28731343284,351542.7028595025,280419.5,195700.5,445995.75,250295.25,41748.0,1397837.0,54033.9,1387286.0050000006,84992.05,1286758.2499999998,54033.9,1387286.01,84992.05,1286758.25,Streptococcus oralis,268,0,,,,,,,,,,,,,,,,
Streptococcus oralis,qualibact-v1.0,number,non-normal,33.96641791044776,18.305114871319887,30.0,20.0,43.0,23.0,7.0,134.0,8.0,111.97000000000037,13.0,75.0,8.0,111.97,13.0,75.0,Streptococcus oralis,268,0,,,,,,,,,,,,,,,,
Streptococcus oralis,qualibact-v1.0,longest,non-normal,636233.0149253731,301874.3337414479,563143.5,407932.25,799045.0,391112.75,153594.0,1397837.0,175688.98,1387286.0050000006,214457.25,1286758.2499999998,175688.98,1387286.01,214457.25,1286758.25,Streptococcus oralis,268,0,,,,,,,,,,,,,,,,
Streptococcus oralis,qualibact-v1.0,GC_Content,non-normal,40.984201492537316,0.3956624685607962,41.08585,40.92115,41.2331,0.31195000000000306,39.1748,41.4369,39.39311,41.435332,39.866785,41.38854,39.3931,41.5089,39.8668,41.3885,Streptococcus oralis,268,32,normal,41.21846562499999,0.17695167173796128,41.2101,41.083525,41.329675,0.2461500000000001,40.906,41.5089,40.911239,41.5088535,40.932195,41.5086675,0.28544776119402987,0.014818949521545095,0.2342641324626864
Streptococcus oralis,qualibact-v1.0,Completeness_Specific,non-normal,99.99578358208956,0.012389127359135717,100.0,99.9975,100.0,0.0024999999999977263,99.86,100.0,99.92005,100.0,99.97675,100.0,96.05,100.0,99.98,100.0,Streptococcus oralis,268,32,non-normal,98.8253125,0.9515972900044172,99.055,98.35,99.55250000000001,1.2025000000000148,96.05,99.83,96.15075,99.83,96.55375000000001,99.83,1.0,1.5772288832577928e-43,1.1704710820895512
Streptococcus oralis,qualibact-v1.0,Contamination,non-normal,0.06970149253731343,0.09493470103423142,0.04,0.02,0.09,0.06999999999999999,0.0,0.62,0.0,0.5699500000000006,0.006750000000000008,0.34624999999999945,0.0,1.97,0.01,0.35,Streptococcus oralis,268,32,normal,0.7031249999999999,0.5100762044783113,0.635,0.285,1.1175000000000002,0.8325000000000002,0.09,1.97,0.09,1.9296999999999997,0.09,1.7684999999999995,0.8064365671641791,5.134563839883631e-20,0.6334235074626867
Streptococcus oralis,qualibact-v1.0,Total_Coding_Sequences,normal,1906.4925373134329,79.32751365018476,1900.5,1850.75,1966.25,115.5,1691.0,2160.0,1733.695,2139.575000000001,1768.675,2058.975,1733.7,2190.0,1768.68,2058.98,Streptococcus oralis,268,32,non-normal,1958.03125,72.04316604257131,1948.5,1914.0,1997.0,83.0,1826.0,2190.0,1832.975,2172.02,1860.875,2100.1,0.3306902985074627,0.002761473840594565,51.53871268656716
Streptococcus oralis,qualibact-v1.0,Genome_Size,normal,1980860.7686567164,69182.88921822222,1983661.0,1935470.5,2029043.5,93573.0,1784782.0,2195760.0,1788851.805,2177119.6600000006,1849148.6,2111568.7,1788851.8,2187268.0,1849148.6,2111568.7,Streptococcus oralis,268,32,normal,1981734.5625,67242.00917299463,1970401.5,1931547.75,2024990.75,93443.0,1872446.0,2187268.0,1873111.105,2172645.61,1875771.525,2114156.05,0.08722014925373134,0.966798673205662,9009.002798507463
Streptococcus parasanguinis,qualibact-v1.0,N50,non-normal,213701.12037037036,146563.7933827298,163151.0,114023.75,274815.25,160791.5,55164.0,644915.0,59674.585,634473.405,71252.05,607206.0750000001,59674.58,634473.4,71252.05,607206.08,Streptococcus parasanguinis,108,0,,,,,,,,,,,,,,,,
Streptococcus parasanguinis,qualibact-v1.0,number,normal,40.342592592592595,16.857332747280566,40.0,28.0,53.0,25.0,11.0,85.0,12.07,83.39500000000001,13.675,74.95000000000002,12.07,83.4,13.68,74.95,Streptococcus parasanguinis,108,0,,,,,,,,,,,,,,,,
Streptococcus parasanguinis,qualibact-v1.0,longest,non-normal,463026.98148148146,192706.35736029502,457567.0,317417.0,553993.0,236576.0,169026.0,1014293.0,169690.47,987845.8100000002,181758.825,940155.2250000001,169690.47,987845.81,181758.82,940155.23,Streptococcus parasanguinis,108,0,,,,,,,,,,,,,,,,
Streptococcus parasanguinis,qualibact-v1.0,GC_Content,non-normal,41.75217129629629,0.2380373947633587,41.785799999999995,41.52555,41.974875,0.44932499999999465,41.2894,42.1983,41.298709,42.171443000000004,41.332085,42.075325,41.2987,42.1714,41.3321,42.0753,Streptococcus parasanguinis,108,6,insufficient_data,41.766749999999995,0.14367809795975664,41.73155,41.643275,41.856874999999995,0.21359999999999246,41.6154,42.0095,41.61542,42.00667,41.6155,41.99535,0.3333333333333333,0.4657715781002808,0.09695648148148206
Streptococcus parasanguinis,qualibact-v1.0,Completeness_Specific,non-normal,99.9988888888889,0.003142696805275152,100.0,100.0,100.0,0.0,99.99,100.0,99.99,100.0,99.99,100.0,97.21,100.0,99.99,100.0,Streptococcus parasanguinis,108,6,insufficient_data,98.47000000000001,0.9123047736365305,98.825,97.6075,99.11250000000001,1.5050000000000097,97.21,99.55,97.21124999999999,99.53999999999999,97.21625,99.5,1.0,7.499270392233904e-10,1.528888888888887
Streptococcus parasanguinis,qualibact-v1.0,Contamination,non-normal,0.015277777777777777,0.018431973695754552,0.01,0.0,0.0225,0.0225,0.0,0.09,0.0,0.09,0.0,0.053250000000000026,0.0,1.23,0.0,0.05,Streptococcus parasanguinis,108,6,insufficient_data,0.6033333333333334,0.34110930147909413,0.54,0.31,0.755,0.445,0.25,1.23,0.25,1.2194999999999998,0.25,1.1775,1.0,7.499270392233904e-10,0.5880555555555556
Streptococcus parasanguinis,qualibact-v1.0,Total_Coding_Sequences,non-normal,2042.6296296296296,65.32973241105357,2032.5,1998.0,2090.25,92.25,1902.0,2169.0,1903.605,2162.58,1935.7,2155.325,1903.6,2180.0,1935.7,2155.32,Streptococcus parasanguinis,108,6,insufficient_data,2082.3333333333335,44.67910274638717,2069.5,2055.0,2073.5,18.5,2050.0,2180.0,2050.025,2177.35,2050.125,2166.75,0.5555555555555556,0.03794727184094895,46.40740740740741
Streptococcus parasanguinis,qualibact-v1.0,Genome_Size,normal,2158268.7407407407,61359.20027023784,2157230.5,2114868.25,2205896.25,91028.0,2002655.0,2271871.0,2009054.135,2271343.49,2031077.35,2262437.25,2009054.14,2286952.0,2031077.35,2262437.25,Streptococcus parasanguinis,108,6,insufficient_data,2166606.3333333335,56262.22971842556,2145168.0,2130604.5,2167119.75,36515.25,2122163.0,2286952.0,2122323.375,2284068.425,2122964.875,2272534.125,0.2962962962962963,0.6165065695175985,25997.777777777777
Streptococcus pneumoniae,qualibact-v1.0,N50,non-normal,94681.79891085296,44186.912649692684,85519.0,62038.0,120233.5,58195.5,14538.0,379395.0,25319.760000000002,259422.43000000063,33678.0,201722.29999999984,25319.76,259422.43,33678.0,201722.3,Streptococcus pneumoniae,111647,0,,,,,,,,,,,,,,,,
Streptococcus pneumoniae,qualibact-v1.0,number,non-normal,83.88863113205012,34.074416393367926,78.0,59.0,102.0,43.0,16.0,343.0,29.0,208.0,36.0,171.0,29.0,208.0,36.0,171.0,Streptococcus pneumoniae,111647,0,,,,,,,,,,,,,,,,
Streptococcus pneumoniae,qualibact-v1.0,longest,non-normal,247058.29886159056,104590.0900409139,226655.0,172435.0,304131.0,131696.0,43742.0,774669.0,76973.92,614045.0,97261.75,507628.3999999998,76973.92,614045.0,97261.75,507628.4,Streptococcus pneumoniae,111647,0,,,,,,,,,,,,,,,,
Streptococcus pneumoniae,qualibact-v1.0,GC_Content,non-normal,39.61292455865361,0.09162978294067613,39.6068,39.5502,39.678,0.12780000000000058,39.1924,40.2481,39.382023,39.8177,39.4387,39.785285,39.382,39.9407,39.4387,39.7853,Streptococcus pneumoniae,111647,275,normal,39.69633963636363,0.10304328654350042,39.704,39.6378,39.77225,0.13445000000000107,39.4131,39.9407,39.434705,39.909082,39.4886,39.88236,0.3763538164523412,2.2745544215452666e-35,0.08343373651858904
Streptococcus pneumoniae,qualibact-v1.0,Completeness_Specific,non-normal,99.99999677555151,0.00017953854121489164,100.0,100.0,100.0,0.0,99.99,100.0,100.0,100.0,100.0,100.0,97.02,100.0,100.0,100.0,Streptococcus pneumoniae,111647,275,non-normal,99.13418181818183,0.46459715065494606,99.25,98.88,99.5,0.6200000000000045,97.02,99.78,97.724,99.78,97.97,99.73,1.0,0.0,0.8658149573696958
Streptococcus pneumoniae,qualibact-v1.0,Contamination,non-normal,0.20982587978181233,0.16970097275948823,0.16,0.1,0.24,0.13999999999999999,0.0,2.59,0.02,0.85,0.04,0.67,0.02,2.73,0.04,0.67,Streptococcus pneumoniae,111647,275,non-normal,0.500290909090909,0.2599774586541388,0.47,0.31,0.62,0.31,0.31,2.73,0.31,1.9377999999999997,0.31,1.0229999999999995,0.8195473232599174,2.1110453412974256e-202,0.2904650293090968
Streptococcus pneumoniae,qualibact-v1.0,Total_Coding_Sequences,non-normal,2109.070095927342,77.66870545816798,2101.0,2057.0,2155.0,98.0,1893.0,2495.0,1961.0,2343.0,1977.0,2280.0,1961.0,2415.0,1977.0,2280.0,Streptococcus pneumoniae,111647,272,non-normal,2176.268382352941,70.4717143947567,2165.5,2126.0,2220.0,94.0,2050.0,2415.0,2054.775,2406.0299999999997,2076.775,2328.225,0.37367521663604664,1.7591030399887098e-34,67.21559096580134
Streptococcus pneumoniae,qualibact-v1.0,Genome_Size,non-normal,2082330.5066593818,55617.69893696828,2081261.0,2046550.0,2117621.5,71071.5,1903720.0,2327908.0,1966616.46,2234856.4700000007,1975048.45,2195101.65,1966616.46,2310574.0,1975048.45,2195101.65,Streptococcus pneumoniae,111647,275,non-normal,2107545.0036363634,60500.3660627542,2104636.0,2059166.0,2148417.0,89251.0,1983415.0,2310574.0,1995021.9,2293398.72,2003569.5,2223777.5,0.18515467174544442,1.0748395943816818e-08,25215.127804500713
Streptococcus pseudopneumoniae,qualibact-v1.0,N50,non-normal,63094.44154228856,16895.19245399495,60985.5,52034.5,73156.0,21121.5,22708.0,163172.0,27945.87,125390.66000000005,35818.85,97389.325,27945.87,125390.66,35818.85,97389.32,Streptococcus pseudopneumoniae,804,0,,,,,,,,,,,,,,,,
Streptococcus pseudopneumoniae,qualibact-v1.0,number,non-normal,172.02860696517413,28.777589877437293,172.0,155.0,188.0,33.0,37.0,277.0,59.074999999999996,263.9100000000001,118.0,225.0,59.08,263.91,118.0,225.0,Streptococcus pseudopneumoniae,804,0,,,,,,,,,,,,,,,,
Streptococcus pseudopneumoniae,qualibact-v1.0,longest,non-normal,188603.66417910447,43026.33021344001,188853.0,159803.0,212738.75,52935.75,66727.0,410641.0,89148.47,354485.24000000034,110429.35,271097.9249999998,89148.47,354485.24,110429.35,271097.92,Streptococcus pseudopneumoniae,804,0,,,,,,,,,,,,,,,,
Streptococcus pseudopneumoniae,qualibact-v1.0,GC_Content,non-normal,39.77664054726368,0.08254124205208879,39.784,39.728925000000004,39.828250000000004,0.09932500000000033,39.2389,40.0938,39.5192665,39.9845305,39.6056225,39.923035,39.5193,39.9845,39.6056,39.923,Streptococcus pseudopneumoniae,804,1,insufficient_data,39.7907,0.0,39.7907,39.7907,39.7907,0.0,39.7907,39.7907,39.7907,39.7907,39.7907,39.7907,0.5298507462686567,0.941614906832298,0.06288855721393048
Streptococcus pseudopneumoniae,qualibact-v1.0,Completeness_Specific,non-normal,99.99636815920397,0.0054630173258950615,100.0,99.99,100.0,0.010000000000005116,99.97,100.0,99.98,100.0,99.98075,100.0,98.16,100.0,99.98,100.0,Streptococcus pseudopneumoniae,804,1,insufficient_data,98.16,0.0,98.16,98.16,98.16,0.0,98.16,98.16,98.16,98.16,98.16,98.16,1.0,0.002484472049689441,1.836368159203982
Streptococcus pseudopneumoniae,qualibact-v1.0,Contamination,non-normal,0.14230099502487562,0.12922195009776638,0.13,0.08,0.18,0.09999999999999999,0.0,2.57,0.01,0.7385000000000014,0.02,0.31,0.01,0.74,0.02,0.31,Streptococcus pseudopneumoniae,804,1,insufficient_data,0.3,0.0,0.3,0.3,0.3,0.0,0.3,0.3,0.3,0.3,0.3,0.3,0.9651741293532339,0.07204968944099381,0.17419154228855727
Streptococcus pseudopneumoniae,qualibact-v1.0,Total_Coding_Sequences,non-normal,2292.621890547264,69.20187368705392,2300.5,2261.0,2335.0,74.0,1852.0,2458.0,1966.06,2432.0,2140.375,2404.925,1966.06,2432.0,2140.38,2404.93,Streptococcus pseudopneumoniae,804,1,insufficient_data,2299.0,0.0,2299.0,2299.0,2299.0,0.0,2299.0,2299.0,2299.0,2299.0,2299.0,2299.0,0.5111940298507462,0.9788819875776398,48.05721393034827
Streptococcus pseudopneumoniae,qualibact-v1.0,Genome_Size,non-normal,2223850.8868159205,46210.483283739755,2228740.5,2202107.5,2249977.75,47870.25,1930278.0,2372629.0,2021588.46,2335725.6950000003,2139122.025,2304513.375,2021588.46,2335725.7,2139122.02,2304513.38,Streptococcus pseudopneumoniae,804,1,insufficient_data,2195458.0,0.0,2195458.0,2195458.0,2195458.0,0.0,2195458.0,2195458.0,2195458.0,2195458.0,2195458.0,2195458.0,0.8084577114427861,0.3850931677018634,42350.595771144275
Streptococcus pyogenes,qualibact-v1.0,N50,non-normal,164679.1821329964,47064.33659015,163042.0,130557.0,203741.0,73184.0,33819.0,493600.0,57237.74,289318.0,77253.95,250189.0,57237.74,289318.0,77253.95,250189.0,Streptococcus pyogenes,42738,0,,,,,,,,,,,,,,,,
Streptococcus pyogenes,qualibact-v1.0,number,non-normal,37.649843230848425,13.832203176904487,34.0,28.0,44.0,16.0,12.0,147.0,18.0,92.0,21.0,74.0,18.0,92.0,21.0,74.0,Streptococcus pyogenes,42738,0,,,,,,,,,,,,,,,,
Streptococcus pyogenes,qualibact-v1.0,longest,non-normal,372884.8598203004,146628.0871163024,333637.0,247966.25,475188.0,227221.75,85762.0,878508.0,136758.895,751711.0,178607.55,698512.0,136758.89,751711.0,178607.55,698512.0,Streptococcus pyogenes,42738,0,,,,,,,,,,,,,,,,
Streptococcus pyogenes,qualibact-v1.0,GC_Content,non-normal,38.33961412092283,0.08174075746671729,38.3702,38.3166,38.3906,0.07399999999999807,37.6686,38.7041,38.0835685,38.471,38.1419425,38.4449,38.0836,38.688,38.1419,38.4449,Streptococcus pyogenes,42738,448,non-normal,38.49964285714286,0.08692011851436361,38.53185,38.468175,38.5479,0.07972499999999627,38.1615,38.688,38.243117500000004,38.651594499999995,38.2717225,38.634302500000004,0.7852178013210057,9.187588571996718e-291,0.1600301869196365
Streptococcus pyogenes,qualibact-v1.0,Completeness_Specific,non-normal,99.99601946745287,0.005097743215644828,100.0,99.99,100.0,0.010000000000005116,99.96,100.0,99.98,100.0,99.99,100.0,97.61,100.0,99.99,100.0,Streptococcus pyogenes,42738,448,non-normal,99.22580357142859,0.5338027130090448,99.405,98.955,99.69,0.7349999999999994,97.61,99.78,97.68235,99.78,97.9435,99.78,1.0,0.0,0.7702158960242795
Streptococcus pyogenes,qualibact-v1.0,Contamination,non-normal,0.24000070195142495,0.19332251531246508,0.16,0.06,0.42,0.36,0.0,1.66,0.01,0.68,0.02,0.54,0.01,2.75,0.02,0.54,Streptococcus pyogenes,42738,81,non-normal,0.4045679012345679,0.5467435568841764,0.24,0.08,0.4,0.32,0.03,2.75,0.03,2.7179999999999995,0.03,2.21,0.3060941516180414,3.10847277422724e-07,0.18004084317365243
Streptococcus pyogenes,qualibact-v1.0,Total_Coding_Sequences,normal,1759.4395619823108,76.93808949146006,1758.0,1717.0,1806.0,89.0,1522.0,2043.0,1579.0,1950.0,1601.0,1908.0,1579.0,2094.0,1601.0,1908.0,Streptococcus pyogenes,42738,448,normal,1855.1049107142858,77.62291619581184,1851.0,1816.75,1906.0,89.25,1659.0,2094.0,1668.0,2085.06,1696.175,1994.825,0.5464773319829124,1.2841305529351846e-124,95.6653487319749
Streptococcus pyogenes,qualibact-v1.0,Genome_Size,non-normal,1807338.7836819692,51579.350855082856,1804061.0,1776685.75,1843357.5,66671.75,1637467.0,2045563.0,1685325.535,1948555.5900000003,1706018.425,1910842.7499999998,1685325.54,2067793.0,1706018.42,1910842.75,Streptococcus pyogenes,42738,448,non-normal,1850911.390625,57993.126832530164,1841658.5,1823621.5,1891470.75,67849.25,1701466.0,2067793.0,1709487.06,2038025.1299999994,1741092.25,1967513.15,0.4169762773844621,2.8187421670289905e-70,43572.606943030805
Streptococcus salivarius,qualibact-v1.0,N50,non-normal,153237.2071005917,57656.151632343484,154061.0,102311.0,194832.0,92521.0,53738.0,356591.0,55166.0,326360.2399999999,65223.4,290466.1999999995,55166.0,326360.24,65223.4,290466.2,Streptococcus salivarius,169,0,,,,,,,,,,,,,,,,
Streptococcus salivarius,qualibact-v1.0,number,normal,57.112426035502956,18.4263870328604,57.0,42.0,67.0,25.0,21.0,113.0,26.88,108.79999999999998,29.0,93.79999999999998,26.88,108.8,29.0,93.8,Streptococcus salivarius,169,0,,,,,,,,,,,,,,,,
Streptococcus salivarius,qualibact-v1.0,longest,non-normal,334178.8875739645,121746.58313723186,308628.0,234018.0,416990.0,182972.0,127184.0,681025.0,128520.44,665781.5199999999,159192.8,575967.0,128520.44,665781.52,159192.8,575967.0,Streptococcus salivarius,169,0,,,,,,,,,,,,,,,,
Streptococcus salivarius,qualibact-v1.0,GC_Content,non-normal,39.787228402366864,0.193995281521168,39.7999,39.6729,39.9384,0.26550000000000296,39.2915,40.141,39.308887999999996,40.101184,39.34974,40.0559,39.3089,40.2441,39.3497,40.0559,Streptococcus salivarius,169,50,non-normal,39.878856,0.23654641333996226,39.9103,39.678325,40.084325,0.4059999999999988,39.4359,40.2441,39.436953499999994,40.238171,39.456107499999995,40.2185275,0.2771597633136095,0.004041281132755707,0.09986203550295848
Streptococcus salivarius,qualibact-v1.0,Completeness_Specific,non-normal,99.99325443786982,0.006576837233627484,99.99,99.99,100.0,0.010000000000005116,99.97,100.0,99.97,100.0,99.98,100.0,93.91,100.0,99.98,100.0,Streptococcus salivarius,169,50,normal,97.15099999999998,1.362226486308352,97.195,96.455,98.345,1.8900000000000006,93.91,99.45,93.98105,99.3814,94.21350000000001,99.17,1.0,2.501445702180492e-50,2.84225443786982
Streptococcus salivarius,qualibact-v1.0,Contamination,non-normal,0.19165680473372781,0.1953957612610477,0.1,0.06,0.27,0.21000000000000002,0.01,0.84,0.01,0.8063999999999999,0.01,0.63,0.01,7.56,0.01,0.63,Streptococcus salivarius,169,50,non-normal,1.9769999999999999,1.5612536629260474,1.5550000000000002,0.805,2.7399999999999998,1.9349999999999996,0.55,7.56,0.55,7.349300000000002,0.559,6.405249999999998,0.9230769230769231,3.117531173994416e-37,1.7853431952662722
Streptococcus salivarius,qualibact-v1.0,Total_Coding_Sequences,non-normal,2018.0355029585799,88.82926202999984,2000.0,1952.0,2060.0,108.0,1871.0,2273.0,1876.04,2262.08,1895.2,2242.6,1876.04,2494.0,1895.2,2242.6,Streptococcus salivarius,169,50,non-normal,2131.62,121.15789532671819,2097.0,2037.25,2190.75,153.5,1945.0,2494.0,1948.92,2469.9900000000002,1964.6,2388.125,0.5057988165680474,1.390195369889748e-09,113.58449704142015
Streptococcus salivarius,qualibact-v1.0,Genome_Size,non-normal,2192311.520710059,89414.04824363261,2163612.0,2132588.0,2241745.0,109157.0,2045045.0,2439818.0,2056384.16,2429848.04,2072104.4,2401549.2,1999501.0,2564378.0,2072104.4,2401549.2,Streptococcus salivarius,169,50,normal,2251786.8,115578.49564707096,2213879.0,2177983.0,2320122.0,142139.0,1999501.0,2564378.0,2024365.315,2544503.6,2102627.35,2480199.575,0.3517159763313609,9.146881650329239e-05,61869.57088757397
Streptococcus suis,qualibact-v1.0,N50,non-normal,87138.52140309155,44258.69043675617,76307.5,54198.0,112553.0,58355.0,13220.0,326368.0,20929.775,222876.125,28867.0,177822.0,20929.78,222876.12,28867.0,177822.0,Streptococcus suis,5046,0,,,,,,,,,,,,,,,,
Streptococcus suis,qualibact-v1.0,number,non-normal,97.01466508125247,52.40462131409897,83.0,57.0,125.0,68.0,22.0,336.0,29.225,278.0,34.0,231.875,29.22,278.0,34.0,231.88,Streptococcus suis,5046,0,,,,,,,,,,,,,,,,
Streptococcus suis,qualibact-v1.0,longest,non-normal,222050.9252873563,92547.68693190803,198569.5,149782.5,296057.25,146274.75,41005.0,628686.0,65175.975,477161.1249999999,87414.75,416395.625,65175.98,477161.12,87414.75,416395.62,Streptococcus suis,5046,0,,,,,,,,,,,,,,,,
Streptococcus suis,qualibact-v1.0,GC_Content,non-normal,41.18049201347602,0.46932100117288905,41.159,41.063500000000005,41.291125,0.2276249999999962,39.0498,43.8955,39.2995925,43.679472499999996,39.5774875,42.157650000000004,39.2996,43.6849,39.5775,42.1577,Streptococcus suis,5046,180,non-normal,41.224832222222226,0.24026230958303235,41.224000000000004,41.09925,41.314875,0.21562500000000284,40.839,43.6849,40.8435645,41.845585499999984,40.948405,41.493185,0.14337428986656098,0.0013964556879351205,0.10938320782137652
Streptococcus suis,qualibact-v1.0,Completeness_Specific,non-normal,99.99778438367022,0.005342591475756634,100.0,100.0,100.0,0.0,99.94,100.0,99.97,100.0,99.98125,100.0,93.2,100.0,99.98,100.0,Streptococcus suis,5046,180,non-normal,97.8627222222222,1.6410859651650573,98.495,96.5775,98.9,2.322500000000005,93.2,99.88,93.58485,99.88,94.31425,99.88,1.0,5.4e-323,2.1350621614480114
Streptococcus suis,qualibact-v1.0,Contamination,non-normal,0.06048355132778439,0.08022834550620832,0.03,0.02,0.07,0.05,0.0,1.08,0.0,0.5,0.0,0.27,0.0,4.42,0.0,0.27,Streptococcus suis,5046,179,non-normal,0.6903910614525138,0.821820001720185,0.35,0.09,1.0150000000000001,0.9250000000000002,0.09,4.42,0.09,4.313199999999998,0.09,3.1454999999999966,0.8065794688862465,7.875424762358331e-121,0.6299075101247296
Streptococcus suis,qualibact-v1.0,Total_Coding_Sequences,non-normal,2121.918351169243,143.85087620847378,2103.0,2013.0,2207.0,194.0,1809.0,2685.0,1860.0,2547.0,1895.125,2437.875,1860.0,2643.0,1895.12,2437.88,Streptococcus suis,5046,180,non-normal,2164.1055555555554,131.48487438240957,2138.5,2063.75,2256.0,192.25,1922.0,2643.0,1922.895,2539.179999999999,1971.25,2479.775,0.18285770907649623,1.4723884135057998e-05,42.59593737613952
Streptococcus suis,qualibact-v1.0,Genome_Size,non-normal,2160240.9740388426,125781.82971018231,2138012.5,2068007.5,2229967.5,161960.0,1873641.0,2678468.0,1913862.625,2513218.0749999997,1952569.0,2453585.75,1913862.62,2626999.0,1952569.0,2453585.75,Streptococcus suis,5046,180,non-normal,2202828.066666667,126231.91780095344,2178550.0,2117231.0,2256233.75,139002.75,1965446.0,2626999.0,1979265.695,2575482.7999999993,2017619.9,2547488.775,0.20317743427137006,9.112349927699003e-07,42665.8243493196
Streptococcus uberis,qualibact-v1.0,N50,non-normal,407988.69730124,215204.15034140454,402444.0,264641.5,466708.5,202067.0,20513.0,1102247.0,34062.0,1052279.1,95668.0,1032654.0,34062.0,1052279.1,95668.0,1032654.0,Streptococcus uberis,1371,0,,,,,,,,,,,,,,,,
Streptococcus uberis,qualibact-v1.0,number,non-normal,26.87381473377097,17.188515196704863,23.0,18.0,30.0,12.0,9.0,187.0,10.850000000000001,119.0,12.0,77.0,10.85,119.0,12.0,77.0,Streptococcus uberis,1371,0,,,,,,,,,,,,,,,,
Streptococcus uberis,qualibact-v1.0,longest,non-normal,661020.1728665208,214600.07519306234,639986.0,509579.0,847486.5,337907.5,71157.0,1102247.0,102974.9,1052279.1,215393.25,1032654.0,102974.9,1052279.1,215393.25,1032654.0,Streptococcus uberis,1371,0,,,,,,,,,,,,,,,,
Streptococcus uberis,qualibact-v1.0,GC_Content,non-normal,36.401724945295406,0.11463237477736224,36.4079,36.319,36.48695,0.1679499999999976,35.9934,36.7134,36.115995,36.646205,36.175575,36.593425,36.116,36.6801,36.1756,36.5934,Streptococcus uberis,1371,4,insufficient_data,36.607375000000005,0.055769049436044986,36.61045,36.57395,36.643875,0.0699249999999978,36.5285,36.6801,36.529409,36.679375500000006,36.533045,36.676477500000004,0.8599562363238512,0.0008042029054887783,0.2056986323851214
Streptococcus uberis,qualibact-v1.0,Completeness_Specific,non-normal,99.99625091174325,0.007293457314044082,100.0,99.99,100.0,0.010000000000005116,99.89,100.0,99.97,100.0,99.98,100.0,98.1,100.0,99.98,100.0,Streptococcus uberis,1371,4,insufficient_data,99.0875,0.6173481594691949,99.32,98.7975,99.61,0.8125,98.1,99.61,98.11394999999999,99.61,98.16975,99.61,1.0,1.3487366465177776e-11,0.9087509117432535
Streptococcus uberis,qualibact-v1.0,Contamination,non-normal,0.061021152443471914,0.0634514832521624,0.04,0.02,0.08,0.06,0.0,0.45,0.0,0.3215000000000009,0.0,0.22,0.0,1.16,0.0,0.22,Streptococcus uberis,1371,1,insufficient_data,1.16,0.0,1.16,1.16,1.16,0.0,1.16,1.16,1.16,1.16,1.16,1.16,1.0,0.0014577259475218652,1.098978847556528
Streptococcus uberis,qualibact-v1.0,Total_Coding_Sequences,non-normal,1892.9606126914662,69.23353366064953,1889.0,1838.5,1931.5,93.0,1744.0,2157.0,1765.85,2097.6000000000004,1787.25,2046.0,1765.85,2097.6,1787.25,2046.0,Streptococcus uberis,1371,4,insufficient_data,1945.75,64.25486362914484,1938.0,1882.75,2001.0,118.25,1882.0,2025.0,1882.015,2024.52,1882.075,2022.6,0.46316557257476293,0.2625869420421168,56.2190007293946
Streptococcus uberis,qualibact-v1.0,Genome_Size,non-normal,1915446.967177243,59731.87518639764,1913723.0,1871473.5,1949639.0,78165.5,1777911.0,2126873.0,1797421.35,2089737.2500000002,1817288.75,2047579.75,1797421.35,2089737.25,1817288.75,2047579.75,Streptococcus uberis,1371,4,insufficient_data,1929015.0,73088.22304927108,1919721.5,1860969.5,1987767.0,126797.5,1852352.0,2024265.0,1852524.35,2023535.04,1853213.75,2020615.2,0.3439095550692925,0.6273026956851222,32676.795769511304
Streptomyces albidoflavus,qualibact-v1.0,N50,non-normal,293250.2588235294,176132.10848959888,373264.0,113868.0,449506.0,335638.0,10072.0,650550.0,10261.28,642191.26,12333.2,477416.20000000007,10261.28,642191.26,12333.2,477416.2,Streptomyces albidoflavus,170,0,,,,,,,,,,,,,,,,
Streptomyces albidoflavus,qualibact-v1.0,number,non-normal,206.2,254.09177591617419,96.0,73.0,133.0,60.0,42.0,1303.0,46.225,1254.835,54.0,986.075,46.22,1254.84,54.0,986.08,Streptomyces albidoflavus,170,0,,,,,,,,,,,,,,,,
Streptomyces albidoflavus,qualibact-v1.0,longest,non-normal,734761.0882352941,404977.28935211455,894625.5,311161.5,1090190.5,779029.0,39879.0,1353841.0,53791.08,1323353.4000000001,64599.025,1162147.7000000002,53791.08,1323353.4,64599.02,1162147.7,Streptomyces albidoflavus,170,0,,,,,,,,,,,,,,,,
Streptomyces albidoflavus,qualibact-v1.0,GC_Content,non-normal,73.3563705882353,0.0978300300623837,73.3666,73.34025,73.39757499999999,0.05732499999999163,73.0035,73.6091,73.012795,73.55687900000001,73.066705,73.5208975,73.0128,73.5569,73.0667,73.5209,Streptomyces albidoflavus,170,35,non-normal,73.31351428571429,0.08415533645028846,73.3211,73.27420000000001,73.36449999999999,0.09029999999998495,73.0361,73.5186,73.04443,73.501464,73.07775,73.43292,0.41092436974789914,6.281831160649238e-05,0.04663428571428553
Streptomyces albidoflavus,qualibact-v1.0,Completeness_Specific,non-normal,99.99017647058824,0.12310910287656496,100.0,100.0,100.0,0.0,98.39,100.0,99.73355000000001,100.0,99.99,100.0,97.19,100.0,99.99,100.0,Streptomyces albidoflavus,170,35,non-normal,99.30942857142858,0.4076899582290663,99.43,99.385,99.48,0.09499999999999886,97.19,99.53,97.4739,99.53,98.6095,99.53,0.9941176470588236,1.9862367189942578e-38,0.6807478991596605
Streptomyces albidoflavus,qualibact-v1.0,Contamination,non-normal,0.14200000000000002,0.2110717748010071,0.05,0.04,0.15,0.10999999999999999,0.0,1.57,0.0,1.1728500000000006,0.01,0.7775000000000006,0.0,1.42,0.01,0.78,Streptomyces albidoflavus,170,35,normal,0.7859999999999999,0.2994871807416328,0.82,0.6599999999999999,1.01,0.3500000000000001,0.13,1.42,0.13,1.42,0.13,1.42,0.8487394957983193,7.724700148420305e-23,0.6457647058823529
Streptomyces albidoflavus,qualibact-v1.0,Total_Coding_Sequences,non-normal,6075.182352941177,250.38003288012382,5988.0,5853.25,6229.75,376.5,5780.0,7041.0,5807.885,6814.54,5844.45,6609.25,5789.0,6814.54,5844.45,6609.25,Streptomyces albidoflavus,170,35,normal,6215.685714285714,149.71625952897347,6253.0,6120.0,6312.0,192.0,5789.0,6461.0,5815.18,6455.05,5919.9,6431.25,0.4436974789915966,1.073976456215905e-05,176.17731092436975
Streptomyces albidoflavus,qualibact-v1.0,Genome_Size,non-normal,6968469.529411765,200634.5444556925,6957009.0,6789666.75,7156790.75,367124.0,6511463.0,7598343.0,6611095.26,7493909.45,6774839.925,7339362.225000001,6341040.0,7493909.45,6774839.92,7339362.22,Streptomyces albidoflavus,170,35,non-normal,7115140.314285714,191259.35142952902,7170504.0,7025683.5,7223681.5,197998.0,6341040.0,7362561.0,6418490.13,7354725.7,6728290.65,7323384.5,0.42436974789915966,3.0980507542383885e-05,170854.10924369752
Streptomyces anthocyanicus,qualibact-v1.0,N50,non-normal,244593.50819672132,77411.9255070493,266623.0,230122.25,288597.0,58474.75,24607.0,407347.0,32859.2,406808.55,52017.75,346109.29999999993,32859.2,406808.55,52017.75,346109.3,Streptomyces anthocyanicus,122,0,,,,,,,,,,,,,,,,
Streptomyces anthocyanicus,qualibact-v1.0,number,non-normal,155.86065573770492,72.42987740258584,136.0,119.0,161.0,42.0,94.0,637.0,94.605,565.0049999999995,98.1,344.84999999999974,94.6,565.0,98.1,344.85,Streptomyces anthocyanicus,122,0,,,,,,,,,,,,,,,,
Streptomyces anthocyanicus,qualibact-v1.0,longest,non-normal,545711.3196721311,165485.1821268652,530935.0,520432.25,607545.0,87112.75,126608.0,1067351.0,152651.435,988894.5999999995,196715.925,937555.975,152651.44,988894.6,196715.92,937555.98,Streptomyces anthocyanicus,122,0,,,,,,,,,,,,,,,,
Streptomyces anthocyanicus,qualibact-v1.0,GC_Content,non-normal,72.15733524590165,0.03258024122658065,72.15559999999999,72.14385,72.17835,0.0344999999999942,72.0163,72.2728,72.04413,72.26662900000001,72.07888,72.221915,71.9525,72.2666,72.0789,72.2219,Streptomyces anthocyanicus,122,6,insufficient_data,72.0855,0.08645630881163757,72.1211,72.01814999999999,72.1354,0.11725000000001273,71.9525,72.1943,71.9533325,72.1928975,71.9566625,72.1872875,0.6939890710382514,0.0030735403747230283,0.07319863387978175
Streptomyces anthocyanicus,qualibact-v1.0,Completeness_Specific,non-normal,100.0,0.0,100.0,100.0,100.0,0.0,100.0,100.0,100.0,100.0,100.0,100.0,100.0,100.0,100.0,100.0,Streptomyces anthocyanicus,122,6,insufficient_data,100.0,0.0,100.0,100.0,100.0,0.0,100.0,100.0,100.0,100.0,100.0,100.0,0.0,1.0,0.0
Streptomyces anthocyanicus,qualibact-v1.0,Contamination,non-normal,0.013770491803278688,0.06431642918953567,0.0,0.0,0.0,0.0,0.0,0.54,0.0,0.4492499999999994,0.0,0.11899999999999977,0.0,0.45,0.0,0.12,Streptomyces anthocyanicus,122,4,insufficient_data,0.215,0.14026760139105537,0.16,0.12,0.255,0.135,0.09,0.45,0.0906,0.4461,0.093,0.43049999999999994,0.9672131147540983,1.3987236646560016e-05,0.20270491803278692
Streptomyces anthocyanicus,qualibact-v1.0,Total_Coding_Sequences,non-normal,7777.393442622951,106.75201517482493,7757.0,7746.25,7789.25,43.0,7101.0,8083.0,7371.435,8078.765,7622.0,8067.8,7371.44,8328.0,7622.0,8067.8,Streptomyces anthocyanicus,122,6,insufficient_data,7999.166666666667,196.32576386087374,8036.0,7877.25,8059.75,182.5,7703.0,8328.0,7706.225,8321.3,7719.125,8294.5,0.7021857923497268,0.0025797571920347104,227.70765027322403
Streptomyces anthocyanicus,qualibact-v1.0,Genome_Size,non-normal,8603841.05737705,99600.44676543251,8608163.0,8590128.0,8614254.25,24126.25,7856071.0,8902423.0,8144841.735,8901430.8,8431970.275,8891110.4,8144841.74,9076858.0,8431970.28,8891110.4,Streptomyces anthocyanicus,122,6,insufficient_data,8843706.5,207438.34120910082,8881627.5,8707746.25,9020907.5,313161.25,8505006.0,9076858.0,8508668.725,9076576.675,8523319.625,9075451.375,0.7759562841530054,0.0004361699083444622,257400.3114754098
Stutzerimonas stutzeri,qualibact-v1.0,N50,non-normal,301598.5378486056,102611.39720669786,321640.0,214863.5,327790.0,112926.5,59266.0,748236.0,112976.5,673405.0,135680.0,573119.0,112976.5,673405.0,135680.0,573119.0,Stutzerimonas stutzeri,251,0,,,,,,,,,,,,,,,,
Stutzerimonas stutzeri,qualibact-v1.0,number,non-normal,72.74900398406375,33.47551803591533,67.0,62.0,78.5,16.5,13.0,301.0,23.25,230.75,29.0,168.0,23.25,230.75,29.0,168.0,Stutzerimonas stutzeri,251,0,,,,,,,,,,,,,,,,
Stutzerimonas stutzeri,qualibact-v1.0,longest,non-normal,745477.2749003984,257308.2076010415,782598.0,510004.5,1052944.0,542939.5,190702.0,1214773.0,275978.75,1096839.5,340019.75,1090507.0,275978.75,1096839.5,340019.75,1090507.0,Stutzerimonas stutzeri,251,0,,,,,,,,,,,,,,,,
Stutzerimonas stutzeri,qualibact-v1.0,GC_Content,non-normal,63.746767330677294,0.5429728524103465,63.9317,63.876149999999996,63.964749999999995,0.08859999999999957,60.2502,64.2894,61.317875,64.238925,62.655775,64.1717,59.6737,64.3314,62.6558,64.1717,Stutzerimonas stutzeri,251,39,non-normal,62.98998205128204,1.373217266106953,63.8542,61.8971,64.0318,2.1347000000000023,59.6737,64.3314,59.681737,64.324978,59.713885,64.29929,0.33006435795280414,0.0008860227479628086,0.8188622024721627
Stutzerimonas stutzeri,qualibact-v1.0,Completeness_Specific,non-normal,99.99952191235059,0.0021336139982474473,100.0,100.0,100.0,0.0,99.99,100.0,99.99,100.0,99.99,100.0,95.89,100.0,99.99,100.0,Stutzerimonas stutzeri,251,39,non-normal,99.22282051282052,0.882289994531855,99.56,99.345,99.69,0.34499999999999886,95.89,99.81,96.0667,99.81,96.7735,99.81,1.0,5.488350267516337e-49,0.7767013995300839
Stutzerimonas stutzeri,qualibact-v1.0,Contamination,non-normal,0.20637450199203186,0.2385447313019579,0.15,0.13,0.17,0.04000000000000001,0.0,1.7,0.0,1.3599999999999999,0.0125,1.0775000000000001,0.0,2.53,0.01,1.08,Stutzerimonas stutzeri,251,39,non-normal,0.35051282051282046,0.4590232032454195,0.2,0.04,0.505,0.465,0.02,2.53,0.02,2.267800000000003,0.02,1.218999999999996,0.3609153131065482,0.0001933674717225945,0.17817039534171014
Stutzerimonas stutzeri,qualibact-v1.0,Total_Coding_Sequences,non-normal,4236.011952191235,165.85332842717452,4156.0,4139.0,4338.5,199.5,3972.0,4855.0,3985.25,4775.5,4051.0,4764.5,3985.25,4775.5,4051.0,4764.5,Stutzerimonas stutzeri,251,39,normal,4325.0,159.9714718156703,4292.0,4250.5,4418.0,167.5,3997.0,4693.0,3999.85,4690.15,4011.25,4678.75,0.5348860966390847,1.779258556493903e-09,99.37848605577688
Stutzerimonas stutzeri,qualibact-v1.0,Genome_Size,non-normal,4575791.964143426,150179.08046355587,4520793.0,4511311.5,4662793.5,151482.0,4299938.0,5127093.0,4311421.0,5044852.75,4378059.5,5043272.5,4205356.0,5066586.0,4378059.5,5043272.5,Stutzerimonas stutzeri,251,39,normal,4603861.051282051,180710.66972443488,4572525.0,4501298.5,4699505.0,198206.5,4205356.0,5066586.0,4221908.99,5059813.26,4288120.95,5032722.3,0.3377260190009194,0.0006201792445364148,50150.32321994074
Taylorella equigenitalis,qualibact-v1.0,N50,non-normal,342628.8358974359,65598.08543144005,372165.0,278786.0,400490.0,121704.0,121514.0,439575.0,143340.94,439476.06,207056.7,405794.35,143340.94,439476.06,207056.7,405794.35,Taylorella equigenitalis,195,0,,,,,,,,,,,,,,,,
Taylorella equigenitalis,qualibact-v1.0,number,non-normal,24.42051282051282,8.296282129539266,23.0,18.5,28.0,9.5,12.0,50.0,12.97,47.09,13.0,44.0,12.97,47.09,13.0,44.0,Taylorella equigenitalis,195,0,,,,,,,,,,,,,,,,
Taylorella equigenitalis,qualibact-v1.0,longest,non-normal,427026.1948717949,36701.26005093187,452918.0,401571.0,456005.0,54434.0,308575.0,463479.0,309686.62,463237.47,359955.85,463230.0,309686.62,463237.47,359955.85,463230.0,Taylorella equigenitalis,195,0,,,,,,,,,,,,,,,,
Taylorella equigenitalis,qualibact-v1.0,GC_Content,non-normal,37.47670564102564,0.04148895829599152,37.4912,37.44955,37.5137,0.06414999999999793,37.2844,37.5212,37.28828,37.520812,37.365735,37.51823,37.2883,37.5865,37.3657,37.5182,Taylorella equigenitalis,195,51,non-normal,37.50498235294118,0.06317525485374959,37.5322,37.52625,37.5341,0.007850000000004798,37.3153,37.5865,37.321175,37.58095,37.33945,37.563825,0.7689291101055807,1.357419460214937e-24,0.042091674208144546
Taylorella equigenitalis,qualibact-v1.0,Completeness_Specific,non-normal,99.99389743589742,0.004876920380707619,99.99,99.99,100.0,0.010000000000005116,99.99,100.0,99.99,100.0,99.99,100.0,93.93,100.0,99.99,100.0,Taylorella equigenitalis,195,51,non-normal,95.14588235294117,1.7987808250999897,94.16,94.12,95.08,0.9599999999999937,93.93,99.32,93.97,99.29499999999999,94.0925,99.2175,1.0,9.484069302396834e-54,4.848015082956257
Taylorella equigenitalis,qualibact-v1.0,Contamination,non-normal,0.03215384615384615,0.009791515064502666,0.03,0.02,0.04,0.02,0.02,0.07,0.02,0.060300000000000006,0.02,0.05150000000000006,0.02,8.41,0.02,0.05,Taylorella equigenitalis,195,51,non-normal,5.1454901960784305,0.9362279631176861,4.72,4.68,4.72,0.040000000000000036,4.65,8.41,4.65,8.1925,4.65,7.535,1.0,9.484069302396834e-54,5.113336349924585
Taylorella equigenitalis,qualibact-v1.0,Total_Coding_Sequences,non-normal,1505.8307692307692,21.712033220953103,1503.0,1487.0,1515.5,28.5,1481.0,1609.0,1481.97,1607.06,1483.0,1557.0,1481.97,1631.0,1483.0,1557.0,Taylorella equigenitalis,195,51,non-normal,1552.921568627451,28.43419864250387,1541.0,1539.0,1547.0,8.0,1518.0,1631.0,1519.0,1631.0,1522.75,1630.25,0.8693815987933635,2.2711006718787823e-33,47.09079939668175
Taylorella equigenitalis,qualibact-v1.0,Genome_Size,non-normal,1636702.0256410257,17139.40449087735,1635294.0,1619168.5,1645954.0,26785.5,1615015.0,1711610.0,1615015.0,1711338.4,1617881.05,1678523.35,1615015.0,1739054.0,1617881.05,1678523.35,Taylorella equigenitalis,195,51,non-normal,1676363.4901960783,21898.864411754632,1668535.0,1667852.0,1668920.0,1068.0,1635330.0,1739054.0,1638835.0,1737351.25,1649498.75,1732213.0,0.8796380090497737,1.9088768898472772e-34,39661.4645550528
Treponema pallidum,qualibact-v1.0,N50,non-normal,193558.35985533454,167156.17719002703,170676.0,98374.0,173295.0,74921.0,4818.0,599061.0,6894.72,599003.88,14817.800000000001,598931.6,6894.72,599003.88,14817.8,598931.6,Treponema pallidum,553,0,,,,,,,,,,,,,,,,
Treponema pallidum,qualibact-v1.0,number,non-normal,106.11030741410488,94.95462199038909,74.0,42.0,137.0,95.0,20.0,750.0,22.0,563.0000000000014,27.0,357.19999999999993,22.0,563.0,27.0,357.2,Treponema pallidum,553,0,,,,,,,,,,,,,,,,
Treponema pallidum,qualibact-v1.0,longest,non-normal,328622.55515370704,175142.370097413,299421.0,175854.0,438606.0,262752.0,20644.0,611947.0,27662.04,599057.96,52572.200000000004,598973.4,27662.04,599057.96,52572.2,598973.4,Treponema pallidum,553,0,,,,,,,,,,,,,,,,
Treponema pallidum,qualibact-v1.0,GC_Content,non-normal,52.58775262206149,0.22694574452069893,52.6778,52.5092,52.7291,0.21990000000000265,50.7129,53.2333,51.549636,52.906580000000005,52.03016,52.78224,51.5496,52.9066,52.0302,52.7822,Treponema pallidum,553,18,normal,52.791199999999996,0.006004720365402002,52.7909,52.789275,52.79405,0.004774999999995089,52.7752,52.8022,52.77605,52.801953499999996,52.77945,52.8009675,0.9602169981916817,4.571255789322304e-23,0.20719493670886072
Treponema pallidum,qualibact-v1.0,Completeness_Specific,non-normal,96.96095840867993,3.1383627548886013,97.75,97.3,98.53,1.230000000000004,71.69,99.73,79.9912,99.6724,87.666,99.214,79.99,99.67,87.67,99.21,Treponema pallidum,553,18,non-normal,99.30833333333334,0.6670186570770633,99.42,99.36,99.66,0.29999999999999716,96.88,99.66,96.999,99.66,97.475,99.66,0.8689973879847298,1.566218268580831e-15,2.3479174201326094
Treponema pallidum,qualibact-v1.0,Contamination,non-normal,0.2051717902350814,0.3437370643429716,0.09,0.08,0.1,0.020000000000000004,0.0,2.75,0.025200000000000004,1.8996000000000002,0.07800000000000001,1.405999999999998,0.03,1.9,0.08,1.41,Treponema pallidum,553,18,non-normal,1.4072222222222224,0.10717615590728063,1.44,1.44,1.44,0.0,0.98,1.44,1.0089,1.44,1.1245,1.44,0.9439421338155516,4.6584361473122476e-21,1.2170233072131806
Treponema pallidum,qualibact-v1.0,Total_Coding_Sequences,non-normal,1078.139240506329,94.89009802132838,1048.0,1023.0,1102.0,79.0,981.0,2237.0,994.8,1451.92,1005.0,1324.0,994.8,1451.92,1005.0,1324.0,Treponema pallidum,553,18,non-normal,1040.5555555555557,6.396372428721891,1038.5,1038.0,1041.25,3.25,1035.0,1062.0,1035.0,1061.065,1035.0,1057.325,0.4223427767731565,0.002474567151669327,52.08197709463535
Treponema pallidum,qualibact-v1.0,Genome_Size,non-normal,1177746.7721518988,62509.03456930962,1158184.0,1139173.0,1200797.0,61624.0,961410.0,1532205.0,1020185.72,1438551.4400000002,1115196.2,1358164.5999999996,1020185.72,1438551.44,1115196.2,1358164.6,Treponema pallidum,553,18,normal,1139703.611111111,705.9675109686068,1139662.0,1139549.75,1139868.75,319.0,1138011.0,1141273.0,1138052.31,1141221.49,1138217.55,1141015.45,0.7034358047016275,3.924101924058601e-09,44168.92153907976
Turicibacter sanguinis,qualibact-v1.0,N50,non-normal,84363.76536312849,25537.714884905246,87118.0,78648.5,101695.5,23047.0,10303.0,149091.0,11923.69,134532.37999999977,16145.75,122817.44999999988,11923.69,134532.38,16145.75,122817.45,Turicibacter sanguinis,179,0,,,,,,,,,,,,,,,,
Turicibacter sanguinis,qualibact-v1.0,number,non-normal,124.13966480446928,79.1195795492119,103.0,86.0,119.5,33.5,69.0,571.0,69.0,556.7599999999998,75.45,392.8499999999999,69.0,556.76,75.45,392.85,Turicibacter sanguinis,179,0,,,,,,,,,,,,,,,,
Turicibacter sanguinis,qualibact-v1.0,longest,non-normal,238007.03910614524,64965.54931622887,252647.0,199299.0,291020.0,91721.0,48537.0,312556.0,76638.75,312392.24,85367.1,311753.5,76638.75,312392.24,85367.1,311753.5,Turicibacter sanguinis,179,0,,,,,,,,,,,,,,,,
Turicibacter sanguinis,qualibact-v1.0,GC_Content,non-normal,34.13152569832402,0.06321689637779437,34.1102,34.10425,34.18875,0.08449999999999847,34.0358,34.3152,34.038025,34.289123,34.039235,34.262049999999995,34.038,34.3733,34.0392,34.262,Turicibacter sanguinis,179,1,insufficient_data,34.3733,0.0,34.3733,34.3733,34.3733,0.0,34.3733,34.3733,34.3733,34.3733,34.3733,34.3733,1.0,0.011111111111111112,0.24177430167597827
Turicibacter sanguinis,qualibact-v1.0,Completeness_Specific,non-normal,99.99983240223465,0.0012837011500650207,100.0,100.0,100.0,0.0,99.99,100.0,99.99,100.0,100.0,100.0,95.65,100.0,100.0,100.0,Turicibacter sanguinis,179,1,insufficient_data,95.65,0.0,95.65,95.65,95.65,0.0,95.65,95.65,95.65,95.65,95.65,95.65,1.0,0.011111111111111112,4.3498324022346315
Turicibacter sanguinis,qualibact-v1.0,Contamination,non-normal,0.5189944134078212,0.3134741263673142,0.59,0.28,0.69,0.4099999999999999,0.11,2.12,0.1278,1.7995999999999948,0.13,1.2564999999999962,0.13,3.29,0.13,1.26,Turicibacter sanguinis,179,1,insufficient_data,3.29,0.0,3.29,3.29,3.29,0.0,3.29,3.29,3.29,3.29,3.29,3.29,1.0,0.011111111111111112,2.771005586592179
Turicibacter sanguinis,qualibact-v1.0,Total_Coding_Sequences,normal,2926.3575418994415,95.28695612393945,2975.0,2863.0,2984.0,121.0,2746.0,3190.0,2753.12,3188.22,2788.0,3163.0,2753.12,3188.22,2788.0,3163.0,Turicibacter sanguinis,179,1,insufficient_data,2919.0,0.0,2919.0,2919.0,2919.0,0.0,2919.0,2919.0,2919.0,2919.0,2919.0,2919.0,0.5363128491620112,0.9333333333333333,82.59776536312847
Turicibacter sanguinis,qualibact-v1.0,Genome_Size,non-normal,3040850.407821229,78208.75963224049,3065387.0,2945011.0,3097100.0,152089.0,2894309.0,3216055.0,2903405.69,3214385.36,2915958.95,3193710.7499999995,2903405.69,3214385.36,2915958.95,3193710.75,Turicibacter sanguinis,179,1,insufficient_data,2999687.0,0.0,2999687.0,2999687.0,2999687.0,0.0,2999687.0,2999687.0,2999687.0,2999687.0,2999687.0,2999687.0,0.7094972067039106,0.5888888888888885,80300.43575418995
Vibrio alginolyticus,qualibact-v1.0,N50,non-normal,361819.976,169112.06410863603,339206.0,234504.5,450236.5,215732.0,61943.0,1021479.0,77168.1,817478.1399999999,92244.975,761941.575,77168.1,817478.14,92244.98,761941.58,Vibrio alginolyticus,500,0,,,,,,,,,,,,,,,,
Vibrio alginolyticus,qualibact-v1.0,number,non-normal,110.22,28.003992572488663,104.0,90.0,122.0,32.0,63.0,242.0,67.99,217.505,74.475,179.04999999999995,67.99,217.5,74.47,179.05,Vibrio alginolyticus,500,0,,,,,,,,,,,,,,,,
Vibrio alginolyticus,qualibact-v1.0,longest,non-normal,835034.684,344777.16381091735,762792.5,601866.75,1050306.25,448439.5,229238.0,1858519.0,235263.645,1858166.12,289502.7,1795959.875,235263.64,1858166.12,289502.7,1795959.88,Vibrio alginolyticus,500,0,,,,,,,,,,,,,,,,
Vibrio alginolyticus,qualibact-v1.0,GC_Content,non-normal,44.562416400000004,0.060183142581955666,44.5609,44.5269,44.59915,0.07225000000000392,44.3592,44.9913,44.379248000000004,44.710736000000004,44.433445,44.665065,44.2982,44.8266,44.4334,44.6651,Vibrio alginolyticus,500,52,non-normal,44.59143653846154,0.1371260523819739,44.61855,44.539274999999996,44.688525,0.1492500000000021,44.2982,44.8266,44.2998065,44.820786,44.305875,44.7930475,0.38461538461538464,9.12665895670708e-07,0.08156016923076899
Vibrio alginolyticus,qualibact-v1.0,Completeness_Specific,non-normal,100.0,0.0,100.0,100.0,100.0,0.0,100.0,100.0,100.0,100.0,100.0,100.0,95.05,100.0,100.0,100.0,Vibrio alginolyticus,500,52,non-normal,98.96307692307693,0.9824117467929033,99.37,98.5975,99.535,0.9375,95.05,99.6,95.24889999999999,99.6,95.918,99.6,1.0,5.05993560982462e-74,1.036923076923079
Vibrio alginolyticus,qualibact-v1.0,Contamination,non-normal,0.05410000000000001,0.0761878599253188,0.04,0.01,0.06,0.049999999999999996,0.0,0.56,0.0,0.47,0.0,0.26,0.0,3.76,0.0,0.26,Vibrio alginolyticus,500,52,normal,1.9053846153846155,0.79257967699071,1.79,1.375,2.305,0.9300000000000002,0.62,3.76,0.6404,3.7497999999999996,0.75225,3.709,1.0,5.05993560982462e-74,1.8512846153846156
Vibrio alginolyticus,qualibact-v1.0,Total_Coding_Sequences,normal,4739.774,99.61141964654456,4735.0,4675.5,4797.0,121.5,4489.0,5031.0,4507.495,4999.605,4551.475,4955.525,4483.0,5296.0,4551.48,4955.52,Vibrio alginolyticus,500,52,normal,4869.461538461538,176.87636507094456,4854.0,4728.5,4949.0,220.5,4483.0,5296.0,4522.525,5277.385,4643.5,5211.725,0.388,7.019239409430165e-07,131.09615384615384
Vibrio alginolyticus,qualibact-v1.0,Genome_Size,normal,5237684.374,88355.8618969343,5261829.5,5174302.75,5283196.0,108893.25,4986505.0,5504894.0,5017631.965,5446324.26,5066800.45,5412875.675,4895483.0,5724939.0,5066800.45,5412875.68,Vibrio alginolyticus,500,52,normal,5333336.403846154,177414.20679999536,5322349.0,5206114.25,5406460.75,200346.5,4895483.0,5724939.0,4952184.545,5711972.505,5118755.275,5673514.975,0.374,2.0598830900450865e-06,101040.23753846154
Vibrio anguillarum,qualibact-v1.0,N50,non-normal,120668.43511450382,73479.35273135106,113289.0,73741.5,119171.5,45430.0,31769.0,420585.0,33629.95,408958.4499999999,35618.5,311483.75,33629.95,408958.45,35618.5,311483.75,Vibrio anguillarum,131,0,,,,,,,,,,,,,,,,
Vibrio anguillarum,qualibact-v1.0,number,non-normal,179.09923664122138,57.24713466103085,157.0,137.0,208.5,71.5,80.0,378.0,85.2,339.64999999999964,108.75,301.25,85.2,339.65,108.75,301.25,Vibrio anguillarum,131,0,,,,,,,,,,,,,,,,
Vibrio anguillarum,qualibact-v1.0,longest,non-normal,356336.35877862596,162256.36258918417,312011.0,250635.0,477739.5,227104.5,98393.0,918223.0,99524.0,798807.5999999989,119711.75,666582.5,99524.0,798807.6,119711.75,666582.5,Vibrio anguillarum,131,0,,,,,,,,,,,,,,,,
Vibrio anguillarum,qualibact-v1.0,GC_Content,non-normal,44.4405427480916,0.1061921663206276,44.3937,44.37425,44.5289,0.15464999999999662,44.1657,44.8366,44.181105,44.724995,44.238775,44.633025,44.1811,44.725,44.2388,44.633,Vibrio anguillarum,131,16,normal,44.4927625,0.0784887561613139,44.4988,44.442425,44.5186,0.07617499999999922,44.3589,44.6938,44.3596575,44.685355,44.3626875,44.651575,0.4398854961832061,0.005070882760463271,0.056662500000000136
Vibrio anguillarum,qualibact-v1.0,Completeness_Specific,non-normal,99.99969465648854,0.0017205233083344138,100.0,100.0,100.0,0.0,99.99,100.0,99.99,100.0,99.99249999999999,100.0,96.89,100.0,99.99,100.0,Vibrio anguillarum,131,16,non-normal,98.926875,0.6991398174721547,99.02,98.53,99.36250000000001,0.8325000000000102,96.89,99.8,96.995,99.7955,97.415,99.7775,1.0,2.0523899207870246e-21,1.0728196564885495
Vibrio anguillarum,qualibact-v1.0,Contamination,normal,0.24122137404580155,0.17475401643655408,0.3,0.07,0.35,0.27999999999999997,0.0,0.72,0.0,0.7004999999999998,0.0,0.61,0.0,1.23,0.0,0.61,Vibrio anguillarum,131,16,normal,0.5,0.39465174521342233,0.3,0.3,0.7575,0.45749999999999996,0.04,1.23,0.04,1.22925,0.04,1.22625,0.3086832061068702,0.1051306844807013,0.2622041984732824
Vibrio anguillarum,qualibact-v1.0,Total_Coding_Sequences,non-normal,3758.320610687023,133.1534881528105,3765.0,3704.5,3788.5,84.0,3353.0,4327.0,3415.4,4281.5,3509.75,4012.5,3415.4,4586.0,3509.75,4012.5,Vibrio anguillarum,131,16,non-normal,3920.9375,238.94232273448335,3846.0,3762.0,4005.0,243.0,3597.0,4586.0,3603.45,4565.375,3629.25,4482.875,0.43416030534351147,0.0058524058484020125,162.6168893129771
Vibrio anguillarum,qualibact-v1.0,Genome_Size,non-normal,4134772.6564885494,115190.42440103761,4169268.0,4075021.0,4201280.0,126259.0,3768391.0,4570719.0,3815753.9,4500058.149999999,3895136.5,4322774.0,3815753.9,4897690.0,3895136.5,4322774.0,Vibrio anguillarum,131,16,non-normal,4295433.6875,205711.61607476094,4271709.0,4172706.25,4373488.5,200782.25,4015925.0,4897690.0,4018634.15,4871581.075,4029470.75,4767145.375,0.5181297709923665,0.0004453331211791056,160661.03101145037
Vibrio cholerae,qualibact-v1.0,N50,non-normal,233928.62910092663,70056.31606391657,235745.0,198448.5,247094.0,48645.5,53441.0,692016.0,81709.2,555239.11,108872.7,400046.0,81709.2,555239.11,108872.7,400046.0,Vibrio cholerae,11979,0,,,,,,,,,,,,,,,,
Vibrio cholerae,qualibact-v1.0,number,non-normal,110.25068870523415,26.131750192611943,106.0,96.0,118.0,22.0,33.0,340.0,62.0,221.0,72.0,177.54999999999927,62.0,221.0,72.0,177.55,Vibrio cholerae,11979,0,,,,,,,,,,,,,,,,
Vibrio cholerae,qualibact-v1.0,longest,non-normal,557532.2422572835,139552.31362840987,555326.0,426360.0,637733.0,211373.0,151502.0,1146358.0,244691.85,931391.3000000002,298557.2,800913.0,244691.85,931391.3,298557.2,800913.0,Vibrio cholerae,11979,0,,,,,,,,,,,,,,,,
Vibrio cholerae,qualibact-v1.0,GC_Content,non-normal,47.49860135236664,0.07333190959964596,47.4868,47.4659,47.51025,0.044350000000001444,47.0598,47.8518,47.202555999999994,47.752155,47.3632,47.6823,47.0911,47.806,47.3632,47.6823,Vibrio cholerae,11979,176,non-normal,47.52565852272726,0.11243651914059777,47.514700000000005,47.472825,47.586524999999995,0.11369999999999436,47.0911,47.806,47.092325,47.7829875,47.221725,47.7607875,0.29757805325987147,4.456985231618383e-14,0.04349453783704834
Vibrio cholerae,qualibact-v1.0,Completeness_Specific,non-normal,99.99999916520578,9.136326039964407e-05,100.0,100.0,100.0,0.0,99.99,100.0,100.0,100.0,100.0,100.0,95.72,100.0,100.0,100.0,Vibrio cholerae,11979,176,non-normal,98.96045454545455,0.8571310617547309,99.29,98.71,99.61,0.9000000000000057,95.72,99.64,95.77250000000001,99.64,96.275,99.63,1.0,0.0,1.0395446197512324
Vibrio cholerae,qualibact-v1.0,Contamination,non-normal,0.04756407045663244,0.04975817602299846,0.03,0.02,0.05,0.030000000000000002,0.0,0.59,0.0,0.33,0.01,0.19,0.0,4.91,0.01,0.19,Vibrio cholerae,11979,176,non-normal,0.9339204545454546,0.9950993408790778,0.5,0.24,1.2225,0.9824999999999999,0.21,4.91,0.21875,4.69125,0.24,3.65375,0.9788797061524335,2.9793562007888094e-290,0.886356384088822
Vibrio cholerae,qualibact-v1.0,Total_Coding_Sequences,non-normal,3598.2950162784873,67.32716347448712,3592.0,3573.0,3617.0,44.0,3297.0,4236.0,3422.0,3852.0,3476.0,3781.0,3422.0,4183.0,3476.0,3781.0,Vibrio cholerae,11979,176,non-normal,3785.153409090909,92.16156940255377,3765.5,3732.75,3822.25,89.5,3516.0,4183.0,3560.625,4183.0,3644.0,3969.875,0.861977210117706,6.198319162443303e-149,186.8812661741381
Vibrio cholerae,qualibact-v1.0,Genome_Size,non-normal,4030399.0070122713,57696.16949693918,4030943.0,4007525.0,4048995.0,41470.0,3696571.0,4526682.0,3853630.26,4234368.32,3916859.6,4172210.9,3853630.26,4476429.0,3916859.6,4172210.9,Vibrio cholerae,11979,176,non-normal,4111284.1306818184,84860.2933095303,4092288.0,4062394.75,4134281.5,71886.75,3863593.0,4476429.0,3920261.5,4476032.625,3995673.625,4294529.25,0.6247130394857668,9.520121470132096e-66,80907.4246963436
Vibrio diabolicus,qualibact-v1.0,N50,non-normal,469628.5187969925,200396.7044284123,435964.0,348107.0,611711.0,263604.0,103122.0,914336.0,104967.36,883789.8800000001,112247.2,844399.0,104967.36,883789.88,112247.2,844399.0,Vibrio diabolicus,133,0,,,,,,,,,,,,,,,,
Vibrio diabolicus,qualibact-v1.0,number,normal,89.14285714285714,23.178335378850633,86.0,74.0,103.0,29.0,45.0,152.0,46.98,146.06000000000003,50.3,137.09999999999997,46.98,146.06,50.3,137.1,Vibrio diabolicus,133,0,,,,,,,,,,,,,,,,
Vibrio diabolicus,qualibact-v1.0,longest,non-normal,934027.4812030075,357786.3263180196,870922.0,711109.0,1082110.0,371001.0,218258.0,1905736.0,268226.6,1895565.4000000001,325052.9,1825204.4,268226.6,1895565.4,325052.9,1825204.4,Vibrio diabolicus,133,0,,,,,,,,,,,,,,,,
Vibrio diabolicus,qualibact-v1.0,GC_Content,normal,44.800570676691734,0.07783493888718718,44.8099,44.7585,44.853,0.09450000000000358,44.5773,44.9495,44.606274,44.942438,44.62413,44.91391,44.5343,44.9424,44.6241,44.9139,Vibrio diabolicus,133,10,non-normal,44.82487999999999,0.10154821317975,44.85615,44.819525,44.874525,0.054999999999999716,44.5343,44.9042,44.546576,44.903943500000004,44.59568,44.9029175,0.39924812030075185,0.07504698148999421,0.048308120300751656
Vibrio diabolicus,qualibact-v1.0,Completeness_Specific,non-normal,99.99984962406015,0.0012170236132516485,100.0,100.0,100.0,0.0,99.99,100.0,99.99,100.0,100.0,100.0,97.66,100.0,100.0,100.0,Vibrio diabolicus,133,10,non-normal,99.551,0.6533368197185899,99.735,99.5325,99.9,0.3675000000000068,97.66,100.0,97.7419,99.99775,98.0695,99.98875,0.9,3.2042485676447753e-09,0.44884962406014983
Vibrio diabolicus,qualibact-v1.0,Contamination,non-normal,0.043834586466165414,0.06330166236294033,0.02,0.0,0.06,0.06,0.0,0.42,0.0,0.27480000000000077,0.0,0.1669999999999999,0.0,2.78,0.0,0.17,Vibrio diabolicus,133,9,non-normal,0.56,0.8010548600994122,0.23,0.13,0.46,0.33,0.12,2.78,0.1204,2.6931999999999996,0.122,2.345999999999999,0.8270676691729323,1.1799529285234952e-06,0.5161654135338346
Vibrio diabolicus,qualibact-v1.0,Total_Coding_Sequences,normal,4659.270676691729,98.01918853262723,4651.0,4594.0,4725.0,131.0,4448.0,4935.0,4455.92,4921.8,4489.0,4888.599999999999,4455.92,5012.0,4489.0,4888.6,Vibrio diabolicus,133,10,normal,4791.9,121.00615686815279,4784.0,4698.75,4815.0,116.25,4640.0,5012.0,4640.63,5011.19,4643.15,5007.95,0.51203007518797,0.008773737233890584,132.6293233082707
Vibrio diabolicus,qualibact-v1.0,Genome_Size,non-normal,5151593.819548872,92466.08835520079,5129935.0,5086187.0,5206857.0,120670.0,4972742.0,5428759.0,4984143.5,5401775.5600000005,4994391.5,5372748.6,4984143.5,5502567.0,4994391.5,5372748.6,Vibrio diabolicus,133,10,normal,5233655.1,127519.44958197552,5177225.5,5141526.25,5280622.5,139096.25,5108924.0,5502567.0,5109651.92,5499128.415,5112563.6,5485374.075,0.33909774436090223,0.18513955102021767,82061.28045112781
Vibrio fluvialis,qualibact-v1.0,N50,non-normal,322413.8,142118.46627350574,279511.0,224057.0,409723.0,185666.0,95771.0,889069.0,110954.64,764088.88,133769.80000000002,680039.9999999993,110954.64,764088.88,133769.8,680040.0,Vibrio fluvialis,265,0,,,,,,,,,,,,,,,,
Vibrio fluvialis,qualibact-v1.0,number,non-normal,73.54716981132076,22.557403535295965,69.0,57.0,87.0,30.0,35.0,147.0,36.32,142.36,42.0,132.0,36.32,142.36,42.0,132.0,Vibrio fluvialis,265,0,,,,,,,,,,,,,,,,
Vibrio fluvialis,qualibact-v1.0,longest,non-normal,696716.6566037736,263334.305169825,641724.0,499052.0,870049.0,370997.0,293342.0,1599491.0,309572.56,1565858.36,323842.0,1275103.1999999993,309572.56,1565858.36,323842.0,1275103.2,Vibrio fluvialis,265,0,,,,,,,,,,,,,,,,
Vibrio fluvialis,qualibact-v1.0,GC_Content,non-normal,50.054093584905665,0.13514397073776938,50.068,49.9454,50.1614,0.21600000000000108,49.6847,50.3486,49.690888,50.321024,49.77558,50.261340000000004,49.3524,50.321,49.7756,50.2613,Vibrio fluvialis,265,17,non-normal,50.029505882352936,0.20936409735079997,50.1181,49.9379,50.1569,0.2190000000000012,49.3524,50.2715,49.389232,50.264964000000006,49.53656,50.238820000000004,0.15960044395116538,0.750474534312167,0.04662872364039928
Vibrio fluvialis,qualibact-v1.0,Completeness_Specific,non-normal,100.0,0.0,100.0,100.0,100.0,0.0,100.0,100.0,100.0,100.0,100.0,100.0,94.03,100.0,100.0,100.0,Vibrio fluvialis,265,17,non-normal,99.20941176470589,1.5235541674118662,99.85,99.54,99.93,0.39000000000000057,94.03,100.0,94.2916,99.9944,95.338,99.97200000000001,0.9411764705882353,1.45922808218836e-18,0.7905882352941159
Vibrio fluvialis,qualibact-v1.0,Contamination,non-normal,0.3370943396226415,0.19716540935774057,0.28,0.22,0.38,0.16,0.07,1.29,0.09,1.2040000000000004,0.12,0.8879999999999985,0.09,2.81,0.12,0.89,Vibrio fluvialis,265,17,non-normal,1.3558823529411765,0.4353505527804328,1.28,1.05,1.45,0.3999999999999999,0.97,2.81,0.97,2.7292,0.97,2.4059999999999997,0.9773584905660377,2.603830938889903e-22,1.018788013318535
Vibrio fluvialis,qualibact-v1.0,Total_Coding_Sequences,non-normal,4363.7094339622645,99.70345892857033,4352.0,4299.0,4421.0,122.0,4039.0,4692.0,4110.52,4643.24,4208.6,4569.599999999999,4110.52,5126.0,4208.6,4569.6,Vibrio fluvialis,265,17,non-normal,4529.294117647059,170.3317747656311,4498.0,4445.0,4558.0,113.0,4327.0,5126.0,4331.96,5087.36,4351.8,4932.8,0.5713651498335183,1.9364591236591704e-05,165.5846836847947
Vibrio fluvialis,qualibact-v1.0,Genome_Size,normal,4688783.464150944,90979.1763560338,4680203.0,4628880.0,4748314.0,119434.0,4411852.0,4923347.0,4439266.72,4912444.24,4541009.2,4869792.399999999,4439266.72,5386988.0,4541009.2,4869792.4,Vibrio fluvialis,265,17,non-normal,4839045.882352941,164113.70657202794,4808142.0,4727749.0,4882363.0,154614.0,4641019.0,5386988.0,4644818.36,5353180.56,4660015.8,5217950.8,0.5285238623751387,0.00011255203378979555,150262.4182019978
Vibrio mediterranei,qualibact-v1.0,N50,non-normal,515181.28712871287,31865.032732857377,528896.0,528788.0,528897.0,109.0,412586.0,657494.0,412645.0,548654.0,412645.0,548187.5499999999,412645.0,548654.0,412645.0,548187.55,Vibrio mediterranei,202,0,,,,,,,,,,,,,,,,
Vibrio mediterranei,qualibact-v1.0,number,non-normal,61.16831683168317,15.313276002195602,57.0,54.25,61.0,6.75,46.0,161.0,49.005,131.995,51.0,125.5749999999999,49.0,132.0,51.0,125.57,Vibrio mediterranei,202,0,,,,,,,,,,,,,,,,
Vibrio mediterranei,qualibact-v1.0,longest,non-normal,977015.4950495049,31603.917823656466,974610.0,974605.25,986842.0,12236.75,821380.0,1339215.0,893491.085,994367.0,895225.425,994186.1,893491.08,994367.0,895225.42,994186.1,Vibrio mediterranei,202,0,,,,,,,,,,,,,,,,
Vibrio mediterranei,qualibact-v1.0,GC_Content,non-normal,44.00061534653465,0.0018671236227121057,44.0008,43.9998,44.0016,0.0018000000000029104,43.9929,44.0064,43.993700999999994,44.005398,43.994812499999995,44.0037,43.9937,44.1559,43.9948,44.0037,Vibrio mediterranei,202,2,insufficient_data,44.096500000000006,0.05940000000000012,44.096500000000006,44.0668,44.126200000000004,0.05940000000000367,44.0371,44.1559,44.037694,44.155306,44.04007,44.152930000000005,1.0,9.659036028204386e-05,0.09588465346534902
Vibrio mediterranei,qualibact-v1.0,Completeness_Specific,non-normal,100.0,0.0,100.0,100.0,100.0,0.0,100.0,100.0,100.0,100.0,100.0,100.0,99.53,100.0,100.0,100.0,Vibrio mediterranei,202,2,insufficient_data,99.545,0.015000000000000568,99.545,99.5375,99.55250000000001,0.01500000000001478,99.53,99.56,99.53015,99.55985,99.53075,99.55925,1.0,9.659036028204386e-05,0.4549999999999983
Vibrio mediterranei,qualibact-v1.0,Contamination,non-normal,0.7213861386138614,0.013825625724496365,0.72,0.72,0.72,0.0,0.64,0.85,0.71,0.8097000000000003,0.71,0.73,0.71,2.38,0.71,0.73,Vibrio mediterranei,202,2,insufficient_data,2.3049999999999997,0.07499999999999996,2.3049999999999997,2.2675,2.3425,0.07499999999999973,2.23,2.38,2.23075,2.37925,2.23375,2.3762499999999998,1.0,9.659036028204386e-05,1.5836138613861384
Vibrio mediterranei,qualibact-v1.0,Total_Coding_Sequences,non-normal,5260.064356435643,12.079801356953212,5260.0,5258.0,5263.0,5.0,5211.0,5313.0,5212.005,5305.925,5217.05,5288.975,5212.0,5576.0,5217.05,5288.98,Vibrio mediterranei,202,2,insufficient_data,5471.5,104.5,5471.5,5419.25,5523.75,104.5,5367.0,5576.0,5368.045,5574.955,5372.225,5570.775,1.0,9.659036028204386e-05,211.43564356435644
Vibrio mediterranei,qualibact-v1.0,Genome_Size,non-normal,5744751.376237623,8497.024945694357,5745338.0,5744621.75,5746842.25,2220.5,5706377.0,5779313.0,5708284.16,5766395.32,5710541.525,5759331.275,5708284.16,5976027.0,5710541.52,5759331.28,Vibrio mediterranei,202,2,insufficient_data,5894101.5,81925.5,5894101.5,5853138.75,5935064.25,81925.5,5812176.0,5976027.0,5812995.255,5975207.745,5816272.275,5971930.725,1.0,9.659036028204386e-05,149350.12376237626
Vibrio metschnikovii,qualibact-v1.0,N50,non-normal,204314.2993197279,94738.13266147122,191819.0,117266.0,257404.5,140138.5,74447.0,522472.0,74990.12,507943.5400000002,84405.45,419783.44999999984,74990.12,507943.54,84405.45,419783.45,Vibrio metschnikovii,147,0,,,,,,,,,,,,,,,,
Vibrio metschnikovii,qualibact-v1.0,number,non-normal,188.5578231292517,66.92803824066732,171.0,141.5,216.0,74.5,96.0,467.0,100.38,458.2400000000001,104.3,349.0999999999994,100.38,458.24,104.3,349.1,Vibrio metschnikovii,147,0,,,,,,,,,,,,,,,,
Vibrio metschnikovii,qualibact-v1.0,longest,non-normal,529489.1768707483,232480.98697736274,508449.0,326034.0,683108.0,357074.0,231748.0,1114217.0,232861.98,1097069.3000000003,247427.4,1070205.15,232861.98,1097069.3,247427.4,1070205.15,Vibrio metschnikovii,147,0,,,,,,,,,,,,,,,,
Vibrio metschnikovii,qualibact-v1.0,GC_Content,normal,44.17547619047618,0.11737754964641987,44.189,44.08815,44.25375,0.16559999999999775,43.9341,44.4707,43.935049,44.392882,43.94852,44.363240000000005,43.935,44.4439,43.9485,44.3632,Vibrio metschnikovii,147,6,insufficient_data,44.30023333333333,0.10696251160518165,44.33435,44.231700000000004,44.359449999999995,0.12774999999999181,44.1235,44.4439,44.1254075,44.44194,44.1330375,44.4341,0.5374149659863946,0.045371624762673014,0.12512176870748193
Vibrio metschnikovii,qualibact-v1.0,Completeness_Specific,non-normal,99.99850340136055,0.0035673770345941774,100.0,100.0,100.0,0.0,99.99,100.0,99.99,100.0,99.99,100.0,95.2,100.0,99.99,100.0,Vibrio metschnikovii,147,6,insufficient_data,96.53500000000001,0.6308393879057751,96.725,96.52,96.99000000000001,0.4700000000000131,95.2,97.03,95.2325,97.03,95.3625,97.03,1.0,1.239684819704957e-10,3.463503401360542
Vibrio metschnikovii,qualibact-v1.0,Contamination,non-normal,0.1951700680272109,0.21715336359762902,0.1,0.045,0.28,0.23500000000000004,0.0,0.81,0.0073,0.8027000000000002,0.01,0.77,0.01,1.24,0.01,0.77,Vibrio metschnikovii,147,6,insufficient_data,1.0466666666666666,0.16849002608133481,1.065,1.0275,1.155,0.12749999999999995,0.71,1.24,0.71775,1.2385,0.74875,1.2325,0.9387755102040817,6.20462252262331e-07,0.8514965986394558
Vibrio metschnikovii,qualibact-v1.0,Total_Coding_Sequences,normal,3479.482993197279,121.47916893969463,3467.0,3391.5,3564.0,172.5,3224.0,3757.0,3224.73,3751.89,3263.25,3743.15,3224.73,3751.89,3263.25,3743.15,Vibrio metschnikovii,147,6,insufficient_data,3487.5,143.11854061115446,3461.0,3392.75,3578.75,186.0,3292.0,3723.0,3294.3,3720.025,3303.5,3708.125,0.18027210884353742,0.9730846102480578,33.942176870748305
Vibrio metschnikovii,qualibact-v1.0,Genome_Size,non-normal,3837866.8231292516,100250.51735287822,3824756.0,3749358.0,3918086.5,168728.5,3643770.0,4076691.0,3650534.18,4073104.5100000002,3666632.4,4040319.0,3620999.0,4073104.51,3666632.4,4040319.0,Vibrio metschnikovii,147,6,insufficient_data,3822801.0,133984.0118646002,3810208.0,3742838.5,3913113.25,170274.75,3620999.0,4027594.0,3623967.975,4025105.125,3635843.875,4015149.625,0.24149659863945577,0.8206321279467494,39823.03401360544
Vibrio parahaemolyticus,qualibact-v1.0,N50,non-normal,438916.530987605,152823.3184803046,461842.0,336116.0,522268.5,186152.5,66873.0,949322.0,94027.96,863504.8799999992,132940.25,771030.65,94027.96,863504.88,132940.25,771030.65,Vibrio parahaemolyticus,7503,0,,,,,,,,,,,,,,,,
Vibrio parahaemolyticus,qualibact-v1.0,number,non-normal,92.60855657736906,22.82078282700872,93.0,76.0,105.0,29.0,33.0,219.0,47.0,169.97999999999956,54.0,145.0,47.0,169.98,54.0,145.0,Vibrio parahaemolyticus,7503,0,,,,,,,,,,,,,,,,
Vibrio parahaemolyticus,qualibact-v1.0,longest,non-normal,904331.980940957,325325.75039357966,833388.0,691502.5,1181836.5,490334.0,174991.0,2072794.0,285613.27,1836183.3299999994,389197.0,1758667.6,285613.27,1836183.33,389197.0,1758667.6,Vibrio parahaemolyticus,7503,0,,,,,,,,,,,,,,,,
Vibrio parahaemolyticus,qualibact-v1.0,GC_Content,non-normal,45.26463525256565,0.06746242980838986,45.2745,45.2286,45.3044,0.07580000000000098,44.8945,45.4901,45.029848,45.436141,45.1115,45.389325,44.0662,45.5355,45.1115,45.3893,Vibrio parahaemolyticus,7503,149,non-normal,45.2890832214765,0.16836033480582865,45.3152,45.2531,45.3695,0.11639999999999873,44.0662,45.5355,44.152632,45.532613999999995,45.021550000000005,45.47692,0.34174339212860716,9.957922414685225e-16,0.05885866655574893
Vibrio parahaemolyticus,qualibact-v1.0,Completeness_Specific,non-normal,99.99996534719446,0.0005876455041202484,100.0,100.0,100.0,0.0,99.99,100.0,100.0,100.0,100.0,100.0,96.27,100.0,100.0,100.0,Vibrio parahaemolyticus,7503,149,non-normal,98.28456375838925,0.9245637340301965,98.35,97.62,98.74,1.1199999999999903,96.27,99.91,96.3662,99.91,96.67,99.875,1.0,6.74899e-318,1.7154015888051943
Vibrio parahaemolyticus,qualibact-v1.0,Contamination,non-normal,0.045155271224843405,0.05807658786906306,0.03,0.01,0.05,0.04,0.0,0.53,0.0,0.36,0.0,0.22,0.0,6.34,0.0,0.22,Vibrio parahaemolyticus,7503,149,non-normal,1.6577852348993287,0.9050268605436426,1.53,0.96,2.14,1.1800000000000002,0.54,6.34,0.5844,5.2595999999999865,0.6,3.5999999999999965,1.0,6.74899e-318,1.6126299636744852
Vibrio parahaemolyticus,qualibact-v1.0,Total_Coding_Sequences,non-normal,4658.776089564174,97.12933062665391,4642.0,4606.0,4694.0,88.0,4399.0,5179.0,4447.02,5038.0,4499.0,4920.0,4447.02,5897.0,4499.0,4920.0,Vibrio parahaemolyticus,7503,149,non-normal,4915.48322147651,245.5112623075028,4888.0,4727.0,5026.0,299.0,4558.0,5897.0,4562.44,5835.579999999999,4612.2,5538.599999999999,0.6185194825872783,2.9856958333859245e-54,256.70713191233574
Vibrio parahaemolyticus,qualibact-v1.0,Genome_Size,non-normal,5138178.00159936,87878.3075596197,5126523.0,5088454.0,5172678.5,84224.5,4889822.0,5584650.0,4941768.43,5461798.3,4988860.65,5368227.0,4941768.43,6093178.0,4988860.65,5368227.0,Vibrio parahaemolyticus,7503,149,non-normal,5328662.040268457,222118.3362112036,5286292.0,5158348.0,5444136.0,285788.0,4998749.0,6093178.0,5002004.26,6014084.579999999,5035831.1,5921455.6,0.44497637186736044,7.302428094260081e-27,190484.03866909613
Vibrio vulnificus,qualibact-v1.0,N50,non-normal,266016.0521400778,119038.10375188591,241162.0,178718.0,338547.0,159829.0,52459.0,829754.0,65487.0,667407.0399999975,94393.8,508630.1999999996,65487.0,667407.04,94393.8,508630.2,Vibrio vulnificus,1285,0,,,,,,,,,,,,,,,,
Vibrio vulnificus,qualibact-v1.0,number,non-normal,148.9455252918288,45.24090455503218,140.0,116.0,174.0,58.0,58.0,343.0,69.84,295.6399999999994,82.0,258.0,69.84,295.64,82.0,258.0,Vibrio vulnificus,1285,0,,,,,,,,,,,,,,,,
Vibrio vulnificus,qualibact-v1.0,longest,non-normal,698070.9743190662,324110.1823237648,614177.0,469237.0,871587.0,402350.0,160617.0,1801818.0,212168.06,1759950.08,271288.6,1601894.6999999983,212168.06,1759950.08,271288.6,1601894.7,Vibrio vulnificus,1285,0,,,,,,,,,,,,,,,,
Vibrio vulnificus,qualibact-v1.0,GC_Content,normal,46.671103035019456,0.11369574847091085,46.6694,46.594,46.7534,0.159399999999998,46.3039,46.9614,46.366602,46.94108,46.435880000000004,46.8801,45.3513,46.9411,46.4359,46.8801,Vibrio vulnificus,1285,31,non-normal,46.63826129032258,0.3539988661157518,46.7273,46.669650000000004,46.80455,0.1348999999999947,45.3513,46.9314,45.356595,46.92447,45.377775,46.89675,0.2742312037153257,0.01670884359077169,0.12084893435421121
Vibrio vulnificus,qualibact-v1.0,Completeness_Specific,non-normal,100.0,0.0,100.0,100.0,100.0,0.0,100.0,100.0,100.0,100.0,100.0,100.0,97.12,100.0,100.0,100.0,Vibrio vulnificus,1285,31,normal,98.56161290322581,0.7960308665363847,98.52,97.99000000000001,99.28,1.289999999999992,97.12,99.63,97.1215,99.63,97.1275,99.63,1.0,4.718171781020291e-63,1.438387096774194
Vibrio vulnificus,qualibact-v1.0,Contamination,non-normal,0.0889727626459144,0.08640437032600802,0.07,0.04,0.11,0.07,0.0,0.78,0.0,0.6,0.0,0.31,0.0,5.02,0.0,0.31,Vibrio vulnificus,1285,31,non-normal,1.5516129032258064,1.0101200719882297,1.35,0.9550000000000001,1.7,0.7449999999999999,0.42,5.02,0.4335,4.9855,0.4875,4.8475,0.9867704280155642,2.0025909674980807e-50,1.4626401405798921
Vibrio vulnificus,qualibact-v1.0,Total_Coding_Sequences,non-normal,4442.309727626459,131.42991127793184,4419.0,4352.0,4507.0,155.0,4154.0,4986.0,4223.26,4918.019999999999,4253.2,4781.0,4223.26,5770.0,4253.2,4781.0,Vibrio vulnificus,1285,31,non-normal,4663.1612903225805,312.74354089657646,4559.0,4513.0,4692.5,179.5,4402.0,5770.0,4402.3,5765.8,4403.5,5749.0,0.548085854148362,4.7766037129275465e-09,220.85156269612156
Vibrio vulnificus,qualibact-v1.0,Genome_Size,non-normal,4981776.195330739,118435.32136822744,4959831.0,4904812.0,5042922.0,138110.0,4636345.0,5459423.0,4754751.0,5385200.88,4798484.6,5278175.3,4754751.0,6067960.0,4798484.6,5278175.3,Vibrio vulnificus,1285,31,non-normal,5177379.451612903,253687.61697497417,5113765.0,5025622.0,5227827.0,202205.0,4954048.0,6067960.0,4957163.05,6060617.35,4969623.25,6031246.75,0.5308899209238107,1.784996429513925e-08,195603.25628216396
Wolbachia pipientis,qualibact-v1.0,N50,non-normal,20626.95112781955,3564.5535528935593,20032.0,17831.5,23424.0,5592.5,10158.0,39024.0,13524.875,33917.0,15475.25,26070.5,13524.88,33917.0,15475.25,26070.5,Wolbachia pipientis,266,0,,,,,,,,,,,,,,,,
Wolbachia pipientis,qualibact-v1.0,number,non-normal,125.44736842105263,20.440245128039464,123.0,112.0,136.0,24.0,94.0,320.0,100.0,208.52500000000026,102.0,156.75,100.0,208.53,102.0,156.75,Wolbachia pipientis,266,0,,,,,,,,,,,,,,,,
Wolbachia pipientis,qualibact-v1.0,longest,non-normal,58863.917293233084,12768.216170087813,53402.0,49589.0,67159.0,17570.0,35959.0,118425.0,38316.075,108605.70000000017,46811.125,88864.375,38316.07,108605.7,46811.12,88864.38,Wolbachia pipientis,266,0,,,,,,,,,,,,,,,,
Wolbachia pipientis,qualibact-v1.0,GC_Content,non-normal,35.198217669172934,0.09722232074069388,35.199200000000005,35.192175000000006,35.206849999999996,0.01467499999998978,33.8814,35.8292,35.028065,35.50714250000001,35.144175,35.2573625,33.6673,35.5071,35.1442,35.2574,Wolbachia pipientis,266,26,non-normal,34.556023076923076,0.5634817363142867,34.428399999999996,34.0637,35.211525,1.1478250000000045,33.6673,35.3446,33.676562499999996,35.3377375,33.713612499999996,35.3102875,0.6856564488143435,1.8433223110867894e-11,0.658102284557548
Wolbachia pipientis,qualibact-v1.0,Completeness_Specific,non-normal,99.69496240601504,0.043409642741365856,99.7,99.67,99.73,0.060000000000002274,99.43,99.89,99.519,99.857,99.63,99.73375,97.38,99.86,99.63,99.73,Wolbachia pipientis,266,26,non-normal,98.98153846153846,0.43193386519851235,99.09,98.73,99.09,0.35999999999999943,97.38,99.45,97.5025,99.45,97.99249999999999,99.45,0.9962406015037594,5.4469519513802213e-36,0.713423944476575
Wolbachia pipientis,qualibact-v1.0,Contamination,non-normal,1.0473684210526317,0.09913835351723585,1.07,1.04,1.07,0.030000000000000027,0.51,1.81,0.52625,1.2435000000000003,0.6587500000000001,1.07,0.18,1.24,0.66,1.07,Wolbachia pipientis,266,15,normal,0.7213333333333334,0.298616067142335,0.73,0.5449999999999999,1.0,0.45500000000000007,0.18,1.09,0.1863,1.09,0.21150000000000002,1.09,0.699498746867168,1.9718789113568624e-07,0.33602506265664167
Wolbachia pipientis,qualibact-v1.0,Total_Coding_Sequences,non-normal,1162.0075187969924,22.331742215621805,1158.0,1154.0,1162.0,8.0,1137.0,1329.0,1140.325,1314.4,1145.25,1219.5,1140.32,1649.0,1145.25,1219.5,Wolbachia pipientis,266,26,non-normal,1371.4615384615386,106.78455332304559,1343.0,1280.75,1448.25,167.5,1240.0,1649.0,1242.5,1646.875,1252.5,1638.375,0.9849624060150376,5.528656230650928e-33,209.454019664546
Wolbachia pipientis,qualibact-v1.0,Genome_Size,non-normal,1197509.3759398495,18581.46607847687,1196096.5,1190449.0,1199225.25,8776.25,1159812.0,1347196.0,1169693.1,1330306.1,1179451.5,1230255.0,1121812.0,1713404.0,1179451.5,1230255.0,Wolbachia pipientis,266,26,normal,1403695.6538461538,134901.82158174322,1364300.0,1309494.5,1484007.0,174512.5,1121812.0,1713404.0,1140015.0,1712152.375,1212827.0,1707145.875,0.9465008675534992,4.682949376207143e-27,210293.1830537883
Xanthomonas arboricola,qualibact-v1.0,N50,non-normal,568360.98,670708.0930497855,201415.0,153695.5,826439.75,672744.25,53600.0,3108688.0,53687.12,2886222.624999998,84655.9,2600691.3999999994,53687.12,2886222.62,84655.9,2600691.4,Xanthomonas arboricola,100,0,,,,,,,,,,,,,,,,
Xanthomonas arboricola,qualibact-v1.0,number,non-normal,78.76,49.867849362089,73.0,36.75,106.75,70.0,6.0,229.0,6.99,223.55499999999995,9.475,190.0,6.99,223.55,9.48,190.0,Xanthomonas arboricola,100,0,,,,,,,,,,,,,,,,
Xanthomonas arboricola,qualibact-v1.0,longest,non-normal,934585.19,732214.7328894946,539007.0,427225.5,1325799.75,898574.25,136483.0,3108688.0,172321.495,2886222.624999998,252174.4,2600691.3999999994,172321.5,2886222.62,252174.4,2600691.4,Xanthomonas arboricola,100,0,,,,,,,,,,,,,,,,
Xanthomonas arboricola,qualibact-v1.0,GC_Content,non-normal,65.57498600000001,0.18651979681524358,65.5001,65.44095,65.72825,0.2873000000000019,65.1798,65.9811,65.204847,65.9575875,65.2699825,65.919365,65.1322,65.9576,65.27,65.9194,Xanthomonas arboricola,100,46,normal,65.46865869565217,0.16979823778479078,65.42015,65.37292500000001,65.56375,0.1908249999999896,65.1322,65.8321,65.144395,65.825125,65.1897625,65.79933750000001,0.4182608695652174,1.7224355185227895e-05,0.1063273043478246
Xanthomonas arboricola,qualibact-v1.0,Completeness_Specific,non-normal,100.0,0.0,100.0,100.0,100.0,0.0,100.0,100.0,100.0,100.0,100.0,100.0,97.59,100.0,100.0,100.0,Xanthomonas arboricola,100,46,non-normal,99.20282608695652,0.504960881151583,99.4,98.82499999999999,99.67,0.8450000000000131,97.59,99.77,97.71825,99.76325,98.16125,99.74,1.0,8.741108477095483e-39,0.7971739130434783
Xanthomonas arboricola,qualibact-v1.0,Contamination,non-normal,0.2658999999999999,0.43487951204902725,0.06,0.01,0.19,0.18,0.0,1.4,0.0,1.39505,0.0,1.3604999999999998,0.0,2.35,0.0,1.36,Xanthomonas arboricola,100,46,non-normal,0.9647826086956522,0.36711412234886487,0.79,0.75,1.16,0.4099999999999999,0.25,2.35,0.277,2.163249999999999,0.395,1.52,0.8082608695652174,2.0231947701060782e-21,0.6988826086956522
Xanthomonas arboricola,qualibact-v1.0,Total_Coding_Sequences,non-normal,4215.69,176.5404030243502,4257.5,4054.5,4362.75,308.25,3896.0,4581.0,3901.94,4578.525,3928.9,4535.3,3901.94,4625.0,3928.9,4535.3,Xanthomonas arboricola,100,46,normal,4407.217391304348,135.50532045442193,4434.0,4321.75,4504.5,182.75,4097.0,4625.0,4106.675,4622.975,4140.25,4613.375,0.5439130434782609,3.955341568280578e-09,191.52739130434782
Xanthomonas arboricola,qualibact-v1.0,Genome_Size,non-normal,5032257.44,151131.5723764773,5064732.5,4894981.75,5152070.0,257088.25,4710128.0,5324312.0,4723539.035,5321041.535,4759516.8,5289304.05,4723539.04,5321041.54,4759516.8,5289304.05,Xanthomonas arboricola,100,46,normal,5132917.065217392,124143.1236270743,5160540.0,5080954.5,5227834.5,146880.0,4874974.0,5310583.0,4877096.2,5308017.1,4884982.875,5298559.0,0.3308695652173913,0.0014103823937614698,101349.83913043479
Xanthomonas campestris,qualibact-v1.0,N50,non-normal,158069.97271268058,49330.3029935541,153142.0,124301.0,185309.0,61008.0,54363.0,432803.0,59631.84,373669.5199999996,85453.85,287191.8,59631.84,373669.52,85453.85,287191.8,Xanthomonas campestris,623,0,,,,,,,,,,,,,,,,
Xanthomonas campestris,qualibact-v1.0,number,non-normal,130.19422150882826,31.26635685433959,129.0,111.0,151.5,40.5,28.0,245.0,43.11,213.0,62.2,192.44999999999993,43.11,213.0,62.2,192.45,Xanthomonas campestris,623,0,,,,,,,,,,,,,,,,
Xanthomonas campestris,qualibact-v1.0,longest,non-normal,403242.57624398073,130938.01006628666,400656.0,296706.5,459626.5,162920.0,147215.0,1143148.0,193436.85,914510.0,219390.9,679496.9999999999,193436.85,914510.0,219390.9,679497.0,Xanthomonas campestris,623,0,,,,,,,,,,,,,,,,
Xanthomonas campestris,qualibact-v1.0,GC_Content,non-normal,65.10650080256823,0.0986133389015287,65.0959,65.02965,65.1573,0.1276500000000027,64.5686,65.4661,64.89035100000001,65.366259,64.97247,65.32298,64.7346,65.6821,64.9725,65.323,Xanthomonas campestris,623,195,non-normal,65.12075333333334,0.12967316202833654,65.1003,65.03059999999999,65.20775,0.1771500000000117,64.7346,65.6821,64.84227,65.404971,64.91403,65.348405,0.16925546363748611,0.0003409218643526771,0.030283528830719195
Xanthomonas campestris,qualibact-v1.0,Completeness_Specific,non-normal,100.0,0.0,100.0,100.0,100.0,0.0,100.0,100.0,100.0,100.0,100.0,100.0,94.13,100.0,100.0,100.0,Xanthomonas campestris,623,195,non-normal,98.68451282051284,0.8049871115959776,98.95,98.345,99.26,0.9150000000000063,94.13,99.64,94.4598,99.64,96.90350000000001,99.61,1.0,4.7512067830861396e-194,1.3154871794871792
Xanthomonas campestris,qualibact-v1.0,Contamination,non-normal,0.1319582664526485,0.10807828827453161,0.12,0.03,0.24,0.21,0.0,0.51,0.0,0.3555999999999994,0.01,0.2944999999999993,0.0,3.46,0.01,0.29,Xanthomonas campestris,623,195,non-normal,1.2242564102564102,0.44331135773269564,1.18,0.9,1.4,0.4999999999999999,0.54,3.46,0.5885,3.0429000000000004,0.7285,2.419500000000003,1.0,4.7512067830861396e-194,1.0922981438037618
Xanthomonas campestris,qualibact-v1.0,Total_Coding_Sequences,normal,4308.16051364366,91.20838459243146,4316.0,4245.0,4375.0,130.0,4053.0,4625.0,4106.11,4559.45,4134.55,4463.0,4106.11,4743.0,4134.55,4463.0,Xanthomonas campestris,623,195,normal,4405.805128205128,105.48346801742709,4408.0,4317.5,4489.5,172.0,4185.0,4743.0,4189.85,4661.52,4221.85,4586.35,0.40660986953121786,1.4640697533261753e-22,97.64461456146849
Xanthomonas campestris,qualibact-v1.0,Genome_Size,non-normal,5028237.905296951,66720.98696375825,5028517.0,4983348.5,5073728.0,90379.5,4806336.0,5277491.0,4882847.06,5252625.62,4902150.65,5162033.1,4815442.0,5387684.0,4902150.65,5162033.1,Xanthomonas campestris,623,195,normal,5050116.302564102,93048.16016046162,5052055.0,4973292.5,5116886.0,143593.5,4815442.0,5387684.0,4868194.48,5292721.97,4904835.5,5231946.15,0.24207103757665555,3.8527584343394296e-08,29819.731999835367
Xanthomonas cissicola,qualibact-v1.0,N50,non-normal,205647.72393822393,69333.6635003612,202541.0,167202.25,234514.0,67311.75,48448.0,425523.0,57325.16,425167.415,79881.025,425165.0,57325.16,425167.42,79881.02,425165.0,Xanthomonas cissicola,518,0
Xanthomonas cissicola,qualibact-v1.0,number,non-normal,119.01930501930502,40.651732237137644,109.0,92.0,132.0,40.0,55.0,319.0,69.0,290.8299999999999,79.0,243.82499999999987,69.0,290.83,79.0,243.82,Xanthomonas cissicola,518,0
Xanthomonas cissicola,qualibact-v1.0,longest,non-normal,481345.99034749035,113251.71648010063,528651.5,406311.0,534097.5,127786.5,154186.0,667438.0,170646.125,667416.64,247221.975,667360.0,170646.12,667416.64,247221.98,667360.0,Xanthomonas cissicola,518,0
Xanthomonas cissicola,qualibact-v1.0,GC_Content,non-normal,64.72659613899613,0.07825601722677226,64.75395,64.72275,64.7807,0.057949999999991064,64.4752,64.8662,64.5006,64.8100715,64.516355,64.801445,64.5,64.81,64.52,64.8,Xanthomonas cissicola,518,0
Xanthomonas cissicola,qualibact-v1.0,Completeness_Specific,non-normal,100.0,0.0,100.0,100.0,100.0,0.0,100.0,100.0,100.0,100.0,100.0,100.0,100.0,100.0,100.0,100.0,Xanthomonas cissicola,518,0
Xanthomonas cissicola,qualibact-v1.0,Contamination,non-normal,0.06250965250965251,0.04762987632971841,0.05,0.03,0.08,0.05,0.0,0.37,0.01,0.2882999999999993,0.01,0.1907499999999999,0.01,0.29,0.01,0.19,Xanthomonas cissicola,518,0
Xanthomonas cissicola,qualibact-v1.0,Total_Coding_Sequences,non-normal,4494.212355212355,88.5140592733582,4470.0,4439.0,4513.0,74.0,4228.0,4825.0,4278.435,4760.314999999998,4397.725,4707.075,4278.44,4760.31,4397.73,4707.08,Xanthomonas cissicola,518,0
Xanthomonas cissicola,qualibact-v1.0,Genome_Size,non-normal,5228038.113899614,79512.25541695373,5219365.0,5187895.0,5234059.75,46164.75,4988835.0,5504372.0,5018511.21,5441271.02,5063969.2,5416160.85,5018511.21,5441271.02,5063969.2,5416160.85,Xanthomonas cissicola,518,0
Xanthomonas euvesicatoria,qualibact-v1.0,N50,non-normal,267925.41122565867,107098.88937515728,242922.0,187517.0,334928.0,147411.0,41444.0,694214.0,53165.8,641772.5999999988,104984.8,495664.0,53165.8,641772.6,104984.8,495664.0,Xanthomonas euvesicatoria,873,0,,,,,,,,,,,,,,,,
Xanthomonas euvesicatoria,qualibact-v1.0,number,non-normal,68.75257731958763,37.587112361741674,59.0,45.0,75.0,30.0,33.0,300.0,35.0,266.67999999999984,37.8,190.7999999999994,35.0,266.68,37.8,190.8,Xanthomonas euvesicatoria,873,0,,,,,,,,,,,,,,,,
Xanthomonas euvesicatoria,qualibact-v1.0,longest,non-normal,698689.6827033219,232911.6938796231,689287.0,495664.0,836026.0,340362.0,146368.0,1364176.0,193971.12,1324402.2799999998,300317.8,1136896.6,193971.12,1324402.28,300317.8,1136896.6,Xanthomonas euvesicatoria,873,0,,,,,,,,,,,,,,,,
Xanthomonas euvesicatoria,qualibact-v1.0,GC_Content,non-normal,64.78732038946161,0.10635088328099539,64.7815,64.6972,64.8853,0.1881000000000057,64.4864,65.1336,64.528768,65.055652,64.58006,64.97590000000001,64.4365,65.0557,64.5801,64.9759,Xanthomonas euvesicatoria,873,19,normal,64.76544210526315,0.19075229822934806,64.7908,64.56415,64.91579999999999,0.35164999999999225,64.4365,65.035,64.442539,65.032156,64.466695,65.02078,0.3306203653463556,0.02576746353475543,0.07935577862181149
Xanthomonas euvesicatoria,qualibact-v1.0,Completeness_Specific,non-normal,100.0,0.0,100.0,100.0,100.0,0.0,100.0,100.0,100.0,100.0,100.0,100.0,96.35,100.0,100.0,100.0,Xanthomonas euvesicatoria,873,19,non-normal,99.31684210526316,0.8140092630507412,99.67,99.17,99.69,0.519999999999996,96.35,99.89,96.5291,99.8891,97.24549999999999,99.8855,1.0,2.5883917218486172e-39,0.6831578947368423
Xanthomonas euvesicatoria,qualibact-v1.0,Contamination,normal,0.5001603665521192,0.2862027284530633,0.51,0.2,0.75,0.55,0.02,1.72,0.03,1.2564,0.05,1.0419999999999994,0.03,2.69,0.05,1.04,Xanthomonas euvesicatoria,873,19,non-normal,0.5268421052631579,0.6935420347870924,0.07,0.03,0.76,0.73,0.03,2.69,0.03,2.6144000000000003,0.03,2.3120000000000007,0.46446011937059145,0.00033808819538519956,0.2926671489720866
Xanthomonas euvesicatoria,qualibact-v1.0,Total_Coding_Sequences,non-normal,4417.594501718213,80.99262799035347,4411.0,4392.0,4463.0,71.0,4067.0,4750.0,4104.8,4659.5199999999995,4205.4,4574.0,4104.8,4794.0,4205.4,4574.0,Xanthomonas euvesicatoria,873,19,normal,4486.315789473684,189.02103826978427,4486.0,4334.5,4641.5,307.0,4195.0,4794.0,4197.07,4790.22,4205.35,4775.1,0.416410441912341,0.0019438472881307266,124.44022427202027
Xanthomonas euvesicatoria,qualibact-v1.0,Genome_Size,non-normal,5174788.284077892,72808.9433077065,5169326.0,5150981.0,5222959.0,71978.0,4890084.0,5418574.0,4911684.4,5370471.72,4970494.4,5305756.399999999,4878028.0,5500184.0,4970494.4,5305756.4,Xanthomonas euvesicatoria,873,19,normal,5197098.842105263,183342.64550383115,5183241.0,5045914.0,5351911.0,305997.0,4878028.0,5500184.0,4885717.51,5492981.12,4916475.55,5464169.6,0.41182854042322303,0.002269500900476077,114346.54416108999
Xanthomonas hortorum,qualibact-v1.0,N50,non-normal,54889.654205607476,29170.687106630685,45669.0,34831.5,70750.25,35918.75,15551.0,153179.0,16687.355,143438.95,18895.65,124580.19999999995,16687.36,143438.95,18895.65,124580.2,Xanthomonas hortorum,214,0,,,,,,,,,,,,,,,,
Xanthomonas hortorum,qualibact-v1.0,number,non-normal,313.47196261682245,135.0420725679144,300.0,197.25,401.75,204.5,111.0,828.0,121.13,796.1400000000001,130.65,643.5749999999995,121.13,796.14,130.65,643.57,Xanthomonas hortorum,214,0,,,,,,,,,,,,,,,,
Xanthomonas hortorum,qualibact-v1.0,longest,non-normal,173788.32710280374,70154.2824320551,166988.5,123932.0,211094.0,87162.0,50535.0,560778.0,60464.075,349943.05500000005,73960.75,328555.02499999985,60464.08,349943.06,73960.75,328555.02,Xanthomonas hortorum,214,0,,,,,,,,,,,,,,,,
Xanthomonas hortorum,qualibact-v1.0,GC_Content,normal,63.67528878504673,0.06877664761677747,63.6592,63.628299999999996,63.723524999999995,0.09522499999999923,63.4851,63.8505,63.5218135,63.846768,63.563852499999996,63.78798,63.2298,63.8468,63.5639,63.788,Xanthomonas hortorum,214,23,normal,63.58717826086958,0.1294798690296369,63.5843,63.5273,63.69485,0.16755000000000564,63.2298,63.7793,63.241845,63.774471,63.290025,63.755155,0.45631856968711904,0.0001831043948546158,0.08811284030881815
Xanthomonas hortorum,qualibact-v1.0,Completeness_Specific,non-normal,99.99981308411215,0.0021535922657577363,100.0,100.0,100.0,0.0,99.97,100.0,99.99065,100.0,100.0,100.0,97.66,100.0,100.0,100.0,Xanthomonas hortorum,214,23,normal,99.18347826086956,0.5871049731755056,99.52,98.68,99.655,0.9749999999999943,97.66,99.72,97.7304,99.72,98.012,99.72,1.0,3.744002466160939e-32,0.8163348232425843
Xanthomonas hortorum,qualibact-v1.0,Contamination,non-normal,0.2688317757009345,0.37812627040908225,0.13,0.07,0.2475,0.1775,0.0,2.55,0.01,2.101800000000001,0.013250000000000001,1.3149999999999964,0.01,2.7,0.01,1.31,Xanthomonas hortorum,214,23,normal,1.5856521739130434,0.5804932391993413,1.42,1.03,2.04,1.01,0.85,2.7,0.8566,2.7,0.883,2.7,0.9065420560747663,3.6432242217316335e-20,1.316820398212109
Xanthomonas hortorum,qualibact-v1.0,Total_Coding_Sequences,non-normal,4609.77570093458,209.27845817096232,4560.5,4456.25,4668.5,212.25,4308.0,5189.0,4327.065,5183.4,4361.25,5134.724999999999,4327.06,5196.0,4361.25,5134.72,Xanthomonas hortorum,214,23,non-normal,4749.347826086957,271.61699516136963,4642.0,4516.5,5007.0,490.5,4398.0,5196.0,4402.95,5195.01,4422.75,5191.05,0.2683868346200731,0.08146396103557968,139.5721251523771
Xanthomonas hortorum,qualibact-v1.0,Genome_Size,non-normal,5256328.098130841,145902.8454258822,5228748.0,5178531.5,5241542.25,63010.75,5064974.0,5746964.0,5066786.59,5735153.92,5074632.45,5672527.7,5066786.59,5974827.0,5074632.45,5672527.7,Xanthomonas hortorum,214,23,normal,5489446.565217392,273809.5171296416,5435433.0,5279051.0,5703004.0,423953.0,5119234.0,5974827.0,5122158.57,5973238.05,5133856.85,5966882.25,0.6312474603819586,1.8693307744998e-08,233118.46708655014
Xanthomonas oryzae,qualibact-v1.0,N50,non-normal,20312.982935153585,9356.479691354321,26164.0,9174.0,26977.0,17803.0,4287.0,30962.0,4332.64,30523.900000000005,4576.9,29707.0,4332.64,30523.9,4576.9,29707.0,Xanthomonas oryzae,293,0,,,,,,,,,,,,,,,,
Xanthomonas oryzae,qualibact-v1.0,number,non-normal,909.1535836177475,308.332950710727,889.0,558.0,1087.0,529.0,476.0,1655.0,478.38,1632.7,499.6,1585.6999999999996,478.38,1632.7,499.6,1585.7,Xanthomonas oryzae,293,0,,,,,,,,,,,,,,,,
Xanthomonas oryzae,qualibact-v1.0,longest,non-normal,92408.95221843003,33588.46655820277,114802.0,59157.0,115394.0,56237.0,25449.0,160699.0,28798.14,160691.56,35674.8,135697.4,28798.14,160691.56,35674.8,135697.4,Xanthomonas oryzae,293,0,,,,,,,,,,,,,,,,
Xanthomonas oryzae,qualibact-v1.0,GC_Content,non-normal,63.70313822525598,0.12405314659640045,63.7273,63.651,63.8005,0.1494999999999962,63.3091,63.8776,63.327304,63.872738,63.38495,63.85622,63.1239,64.2573,63.385,63.8562,Xanthomonas oryzae,293,228,non-normal,63.78876578947368,0.14928846198642243,63.716800000000006,63.691849999999995,63.915225,0.22337500000000432,63.1239,64.2573,63.596726000000004,64.13960900000001,63.6247575,64.1201325,0.3143224956589426,1.0062084814756707e-11,0.09323927609125165
Xanthomonas oryzae,qualibact-v1.0,Completeness_Specific,non-normal,98.1642662116041,3.906152828846491,100.0,99.67,100.0,0.3299999999999983,84.49,100.0,84.6122,100.0,86.979,100.0,84.61,100.0,86.98,100.0,Xanthomonas oryzae,293,228,non-normal,95.0080701754386,0.6036073970821176,95.12,94.56,95.48,0.9200000000000017,91.48,95.99,93.35215000000001,95.97515,93.8935,95.78325000000001,0.8225255972696246,2.764427796307405e-88,4.531405903838094
Xanthomonas oryzae,qualibact-v1.0,Contamination,non-normal,0.40283276450511946,0.34130020817536666,0.24,0.21,0.48,0.27,0.1,2.13,0.12,1.727000000000001,0.163,1.4879999999999984,0.12,4.47,0.16,1.49,Xanthomonas oryzae,293,228,non-normal,0.4836842105263157,0.4330101963020844,0.34,0.29,0.6,0.31,0.16,4.47,0.17135,3.1822000000000026,0.18,1.219249999999999,0.3955302077719897,1.9389121053129895e-18,0.11932489072510634
Xanthomonas oryzae,qualibact-v1.0,Total_Coding_Sequences,non-normal,4648.38566552901,317.6497385195739,4748.0,4293.0,4860.0,567.0,4041.0,5311.0,4057.6,5295.8,4085.0,5219.4,4057.6,5295.8,4085.0,5219.4,Xanthomonas oryzae,293,228,non-normal,4577.065789473684,157.50614041438632,4625.5,4438.0,4688.0,250.0,4163.0,4915.0,4252.27,4840.92,4266.05,4807.0,0.44081192742949526,6.049116024107941e-23,161.4591790910724
Xanthomonas oryzae,qualibact-v1.0,Genome_Size,non-normal,4364117.5733788395,153356.19029574966,4352376.0,4261272.0,4497615.0,236343.0,3987777.0,4715726.0,4003660.54,4702285.600000001,4077903.8,4645870.1,4003660.54,5238555.0,4077903.8,4645870.1,Xanthomonas oryzae,293,228,non-normal,4913208.206140351,123106.83090392468,4934474.0,4850781.5,4992476.0,141694.5,4430829.0,5238555.0,4660811.605,5196965.41,4692292.95,5112673.274999999,0.9741632237590564,1.4616276201469263e-139,549090.6327615115
Xylella fastidiosa,qualibact-v1.0,N50,non-normal,117551.00980392157,46334.4409744163,100357.5,93286.0,125538.5,32252.5,37255.0,260013.0,42939.45,259583.2499999996,54913.25,231171.0,42939.45,259583.25,54913.25,231171.0,Xylella fastidiosa,204,0,,,,,,,,,,,,,,,,
Xylella fastidiosa,qualibact-v1.0,number,non-normal,184.8235294117647,54.41874888933507,173.0,146.0,208.75,62.75,64.0,347.0,71.165,323.93999999999994,97.9,310.92499999999995,71.17,323.94,97.9,310.92,Xylella fastidiosa,204,0,,,,,,,,,,,,,,,,
Xylella fastidiosa,qualibact-v1.0,longest,non-normal,346999.3382352941,75215.25574647836,362385.0,304984.25,399411.75,94427.5,109910.0,480912.0,118161.645,478954.52499999956,164679.75,445490.85,118161.64,478954.52,164679.75,445490.85,Xylella fastidiosa,204,0,,,,,,,,,,,,,,,,
Xylella fastidiosa,qualibact-v1.0,GC_Content,non-normal,51.66963431372549,0.2395839306025351,51.5706,51.548875,51.697325,0.14844999999999686,51.2954,52.5264,51.4615375,52.525864,51.46646,52.520595,51.4615,52.8133,51.4665,52.5206,Xylella fastidiosa,204,95,non-normal,51.968382105263146,0.28444379371862116,51.8789,51.740899999999996,52.09125,0.35035000000000593,51.6524,52.8133,51.652917,52.80531,51.675745,52.6712,0.6973684210526315,5.9791653121644e-31,0.29874779153766784
Xylella fastidiosa,qualibact-v1.0,Completeness_Specific,non-normal,99.99911764705882,0.0035981861379416704,100.0,100.0,100.0,0.0,99.98,100.0,99.98,100.0,99.99,100.0,92.79,100.0,99.99,100.0,Xylella fastidiosa,204,95,non-normal,96.57599999999998,0.8975034379057448,96.75,96.375,97.22,0.8449999999999989,92.79,97.66,93.0579,97.6412,93.9075,97.58,1.0,2.6854056354953655e-80,3.423117647058824
Xylella fastidiosa,qualibact-v1.0,Contamination,non-normal,0.11598039215686273,0.15329875870160875,0.1,0.0775,0.12,0.042499999999999996,0.0,1.43,0.0,1.007899999999998,0.0,0.3884999999999997,0.0,8.59,0.0,0.39,Xylella fastidiosa,204,95,non-normal,0.3560000000000001,0.9915075178205842,0.17,0.17,0.19,0.01999999999999999,0.05,8.59,0.05,6.648900000000005,0.0675,2.0514999999999977,0.7890608875128999,5.977627188760876e-41,0.24001960784313733
Xylella fastidiosa,qualibact-v1.0,Total_Coding_Sequences,non-normal,2533.5049019607845,110.6419546683514,2503.5,2458.75,2592.0,133.25,2305.0,2932.0,2351.03,2868.9249999999997,2399.075,2810.3999999999996,2150.0,2868.92,2399.07,2810.4,Xylella fastidiosa,204,95,non-normal,2393.378947368421,133.0389083529103,2365.0,2298.0,2476.5,178.5,2150.0,2850.0,2154.23,2802.53,2202.7,2705.85,0.5692982456140351,5.1213317326722315e-20,140.12595459236326
Xylella fastidiosa,qualibact-v1.0,Genome_Size,non-normal,2507595.318627451,64872.41057895835,2481758.5,2465690.25,2537805.0,72114.75,2386936.0,2731715.0,2407487.645,2697429.735,2428430.4,2648849.4,2407487.64,2896312.0,2428430.4,2648849.4,Xylella fastidiosa,204,95,non-normal,2618447.1578947366,97504.48587125196,2598507.0,2548587.5,2674423.0,125835.5,2439524.0,2896312.0,2439529.17,2887492.92,2475587.8,2867706.3,0.5886480908152735,1.8290524209935916e-21,110851.83926728588
Yersinia enterocolitica,qualibact-v1.0,N50,non-normal,165108.48645076007,124969.43044021024,97809.0,70873.0,246806.5,175933.5,25490.0,641734.0,34672.0,572066.125,47076.875,483165.125,34672.0,572066.12,47076.88,483165.12,Yersinia enterocolitica,3026,0,,,,,,,,,,,,,,,,
Yersinia enterocolitica,qualibact-v1.0,number,non-normal,135.13813615333774,66.26029770467927,147.0,69.0,186.0,117.0,28.0,385.0,32.0,320.875,40.0,265.0,32.0,320.88,40.0,265.0,Yersinia enterocolitica,3026,0,,,,,,,,,,,,,,,,
Yersinia enterocolitica,qualibact-v1.0,longest,non-normal,404655.6031064111,240536.11587060493,300468.0,218740.0,600126.0,381386.0,82321.0,1236181.0,122226.875,1084873.375,138920.75,914256.5,122226.88,1084873.38,138920.75,914256.5,Yersinia enterocolitica,3026,0,,,,,,,,,,,,,,,,
Yersinia enterocolitica,qualibact-v1.0,GC_Content,non-normal,47.045099570389944,0.1487954585205883,47.023849999999996,46.9122,47.167474999999996,0.2552749999999975,46.6116,47.504,46.7333875,47.4320125,46.8522,47.336975,46.7334,47.432,46.8522,47.337,Yersinia enterocolitica,3026,43,normal,47.03231162790698,0.14854093666323714,47.014,46.949650000000005,47.12265,0.1729999999999947,46.7952,47.2999,46.796208,47.298157,46.800615,47.290595,0.15177761723973623,0.25549618855780204,0.041505329777586315
Yersinia enterocolitica,qualibact-v1.0,Completeness_Specific,non-normal,99.99999339061466,0.00025700227488742266,100.0,100.0,100.0,0.0,99.99,100.0,100.0,100.0,100.0,100.0,91.5,100.0,100.0,100.0,Yersinia enterocolitica,3026,43,non-normal,97.18232558139533,1.8836331015987733,97.71,97.015,98.37,1.355000000000004,91.5,99.5,91.857,99.4538,93.2025,99.276,1.0,1.8607501114015718e-97,2.8176678092193237
Yersinia enterocolitica,qualibact-v1.0,Contamination,non-normal,0.1754097818902842,0.2091492396629061,0.07,0.01,0.25,0.24,0.0,1.15,0.0,0.61875,0.0,0.57,0.0,4.75,0.0,0.57,Yersinia enterocolitica,3026,43,normal,2.0488372093023255,1.1874718293888964,1.97,0.9299999999999999,2.885,1.9549999999999998,0.54,4.75,0.5484,4.6954,0.58,4.462999999999998,0.9595597841958837,1.6916669424127945e-57,1.873427427412041
Yersinia enterocolitica,qualibact-v1.0,Total_Coding_Sequences,non-normal,4276.193985459352,163.16917849222207,4229.0,4157.0,4356.0,199.0,3953.0,4891.0,4022.0,4767.75,4060.0,4675.375,4022.0,4903.0,4060.0,4675.38,Yersinia enterocolitica,3026,43,normal,4377.093023255814,201.19431934667432,4291.0,4223.5,4551.5,328.0,4132.0,4903.0,4132.42,4885.78,4134.25,4817.049999999999,0.26864077222213684,0.0034205556026181885,100.89903779646167
Yersinia enterocolitica,qualibact-v1.0,Genome_Size,non-normal,4631875.584600132,161971.0690340347,4579772.0,4501097.25,4744660.75,243563.5,4367571.0,5151137.0,4392691.0,5046163.875,4436477.75,4988129.375,4392691.0,5149746.0,4436477.75,4988129.38,Yersinia enterocolitica,3026,43,normal,4735639.348837209,157768.84062183314,4679332.0,4605720.5,4840353.0,234632.5,4510150.0,5149746.0,4516687.3,5137243.02,4541616.95,5088715.75,0.4108194100739329,5.530926548781256e-07,103764.68360257614
Yersinia intermedia,qualibact-v1.0,N50,normal,195992.8023255814,87227.82350803727,177166.0,134283.25,245262.75,110979.5,49623.0,442796.0,52366.375,418641.1250000002,66848.125,366407.5,52366.38,418641.13,66848.12,366407.5,Yersinia intermedia,86,0,,,,,,,,,,,,,,,,
Yersinia intermedia,qualibact-v1.0,number,non-normal,115.93023255813954,48.234116724834784,106.0,85.0,132.0,47.0,45.0,320.0,45.85,307.67500000000007,47.375,220.0,45.85,307.68,47.38,220.0,Yersinia intermedia,86,0,,,,,,,,,,,,,,,,
Yersinia intermedia,qualibact-v1.0,longest,non-normal,522436.24418604653,276520.8491564145,458294.5,334957.75,612543.75,277586.0,156215.0,1359168.0,156889.9,1359168.0,183782.875,1351867.5,156889.9,1359168.0,183782.88,1351867.5,Yersinia intermedia,86,0,,,,,,,,,,,,,,,,
Yersinia intermedia,qualibact-v1.0,GC_Content,normal,47.647672093023246,0.1420513317400002,47.671049999999994,47.54765,47.74905,0.20139999999999958,47.3059,47.9916,47.306537500000005,47.9605325,47.3101,47.839925,47.3065,47.9605,47.3101,47.8399,Yersinia intermedia,86,11,normal,47.618290909090916,0.10825961602929214,47.6367,47.5478,47.678200000000004,0.13040000000000163,47.4509,47.8338,47.451795,47.827749999999995,47.455375,47.80355,0.2949260042283298,0.2969440970913143,0.0498663847780126
Yersinia intermedia,qualibact-v1.0,Completeness_Specific,non-normal,100.0,0.0,100.0,100.0,100.0,0.0,100.0,100.0,100.0,100.0,100.0,100.0,98.54,100.0,100.0,100.0,Yersinia intermedia,86,11,normal,99.3190909090909,0.38251451655054886,99.5,99.16999999999999,99.6,0.4300000000000068,98.54,99.7,98.5445,99.69500000000001,98.5625,99.675,1.0,2.0106879648803797e-14,0.6809090909090929
Yersinia intermedia,qualibact-v1.0,Contamination,non-normal,0.13674418604651162,0.11357245265063913,0.10500000000000001,0.06,0.1675,0.10750000000000001,0.0,0.58,0.0085,0.5545000000000001,0.03,0.45875,0.01,2.08,0.03,0.46,Yersinia intermedia,86,11,normal,1.4500000000000002,0.26319712626228897,1.44,1.295,1.5150000000000001,0.2200000000000002,1.08,2.08,1.0825,2.0589999999999997,1.0925,1.975,1.0,2.0106879648803797e-14,1.3132558139534884
Yersinia intermedia,qualibact-v1.0,Total_Coding_Sequences,normal,4639.686046511628,212.33000103655604,4654.5,4452.5,4791.5,339.0,4169.0,5106.0,4170.7,5093.25,4266.375,5059.5,4170.7,5093.25,4266.38,5059.5,Yersinia intermedia,86,11,normal,4480.545454545455,87.56126544660927,4511.0,4432.0,4553.5,121.5,4290.0,4611.0,4295.65,4608.15,4318.25,4596.75,0.5697674418604651,0.0017498819494594089,165.76215644820297
Yersinia intermedia,qualibact-v1.0,Genome_Size,normal,5048417.76744186,169583.0495099929,5077559.0,4904635.0,5172075.75,267440.75,4674491.0,5382349.0,4674537.325,5378349.75,4768160.125,5355154.75,4674537.32,5378349.75,4768160.12,5355154.75,Yersinia intermedia,86,11,normal,4898703.909090909,65691.78580926171,4928910.0,4854025.5,4936164.0,82138.5,4757282.0,5000983.0,4761028.95,4998966.35,4776016.75,4990899.75,0.5465116279069767,0.003136457774850597,153562.06765327696
Yersinia pestis,qualibact-v1.0,N50,non-normal,51691.02859821847,26435.101706307294,42307.0,37399.0,50978.0,13579.0,16666.0,165796.0,18099.46,151058.68,22130.4,134240.19999999995,18099.46,151058.68,22130.4,134240.2,Yersinia pestis,2133,0,,,,,,,,,,,,,,,,
Yersinia pestis,qualibact-v1.0,number,non-normal,238.07782466010315,61.82760798233171,233.0,214.0,255.0,41.0,85.0,614.0,112.66,526.7000000000007,130.0,428.0,112.66,526.7,130.0,428.0,Yersinia pestis,2133,0,,,,,,,,,,,,,,,,
Yersinia pestis,qualibact-v1.0,longest,non-normal,146747.29301453353,80825.98831973023,107249.0,106741.0,128612.0,21871.0,58924.0,564065.0,60111.64,528038.02,73034.7,388008.5999999997,60111.64,528038.02,73034.7,388008.6,Yersinia pestis,2133,0,,,,,,,,,,,,,,,,
Yersinia pestis,qualibact-v1.0,GC_Content,non-normal,47.51729203000468,0.06234128375972935,47.5259,47.4876,47.5388,0.05120000000000147,47.2062,47.8283,47.326016,47.766314,47.391830000000006,47.68027,47.326,47.7663,47.3918,47.6803,Yersinia pestis,2133,232,non-normal,47.6391400862069,0.02792670959159459,47.6319,47.6308,47.65025,0.01944999999999908,47.5691,47.7287,47.581351,47.728076,47.588155,47.716395,0.9187117060316536,1.3336462253841225e-209,0.12283093809108107
Yersinia pestis,qualibact-v1.0,Completeness_Specific,non-normal,99.9997046413502,0.013208166435796531,100.0,100.0,100.0,0.0,99.39,100.0,100.0,100.0,100.0,100.0,94.64,100.0,100.0,100.0,Yersinia pestis,2133,232,non-normal,97.61465517241379,1.2532385158642632,98.33500000000001,96.27,98.745,2.4750000000000085,94.64,99.25,94.94705,99.2097,95.8955,98.99,1.0,2e-323,2.385049468936419
Yersinia pestis,qualibact-v1.0,Contamination,non-normal,0.2371308016877637,0.08005284385251038,0.22,0.2,0.25,0.04999999999999999,0.03,1.3,0.0866,0.55,0.11,0.46,0.09,1.95,0.11,0.46,Yersinia pestis,2133,232,non-normal,0.902801724137931,0.14116325348672856,0.91,0.81,0.96,0.1499999999999999,0.66,1.95,0.66,1.7327999999999997,0.76,1.1634999999999995,0.9981247069854665,2.4046e-320,0.6656709224501672
Yersinia pestis,qualibact-v1.0,Total_Coding_Sequences,non-normal,4168.55227379278,76.01011425491076,4160.0,4141.0,4204.0,63.0,3890.0,4505.0,3938.62,4444.360000000001,4008.3,4361.0,3938.62,4522.0,4008.3,4361.0,Yersinia pestis,2133,232,non-normal,4332.831896551724,71.84263346098881,4317.5,4305.0,4387.0,82.0,4056.0,4522.0,4080.465,4513.11,4145.1,4459.9,0.8590317183180561,4.399304945308814e-170,164.27962275894404
Yersinia pestis,qualibact-v1.0,Genome_Size,non-normal,4639570.448195031,83908.20940393358,4631627.0,4604946.0,4676249.0,71303.0,4301013.0,4987522.0,4409977.08,4908546.34,4467601.1,4836308.899999999,4409977.08,4930959.0,4467601.1,4836308.9,Yersinia pestis,2133,232,non-normal,4744834.74137931,71668.52840533678,4711401.5,4710679.25,4815797.5,105118.25,4481542.0,4930959.0,4499862.22,4922639.01,4604190.45,4858114.75,0.711926297751265,1.085788944191348e-105,105393.44487285188
Yersinia ruckeri,qualibact-v1.0,N50,non-normal,181525.05263157896,63518.02777701335,160489.0,134251.0,202946.5,68695.5,111213.0,322212.0,112684.57,322209.18,117590.0,316775.1,112684.57,322209.18,117590.0,316775.1,Yersinia ruckeri,95,0,,,,,,,,,,,,,,,,
Yersinia ruckeri,qualibact-v1.0,number,normal,74.38947368421053,20.030132425576962,79.0,64.0,85.0,21.0,35.0,127.0,36.41,124.65,38.35,118.0,36.41,124.65,38.35,118.0,Yersinia ruckeri,95,0,,,,,,,,,,,,,,,,
Yersinia ruckeri,qualibact-v1.0,longest,non-normal,478344.1263157895,225704.42240609345,413715.0,309767.0,617760.0,307993.0,253728.0,1079627.0,253761.84,1056069.19,254518.0,1010155.6499999996,253761.84,1056069.19,254518.0,1010155.65,Yersinia ruckeri,95,0,,,,,,,,,,,,,,,,
Yersinia ruckeri,qualibact-v1.0,GC_Content,non-normal,47.5487052631579,0.08407174801563537,47.5724,47.49025,47.62235,0.1320999999999941,47.3673,47.6411,47.367675999999996,47.641006000000004,47.37541,47.64045,47.3299,47.7168,47.3754,47.6404,Yersinia ruckeri,95,45,normal,47.586262222222224,0.0945001735186858,47.5904,47.5122,47.6619,0.14970000000000283,47.3299,47.7168,47.340108,47.716778,47.38552,47.716640000000005,0.35555555555555557,0.0005962944652400295,0.039626666666666685
Yersinia ruckeri,qualibact-v1.0,Completeness_Specific,non-normal,100.0,0.0,100.0,100.0,100.0,0.0,100.0,100.0,100.0,100.0,100.0,100.0,93.4,100.0,100.0,100.0,Yersinia ruckeri,95,45,non-normal,95.42355555555554,0.5408887975896927,95.64,95.37,95.74,0.36999999999999034,93.4,95.74,93.4374,95.74,93.63199999999999,95.74,1.0,1.8358250231675403e-37,4.576444444444448
Yersinia ruckeri,qualibact-v1.0,Contamination,non-normal,0.04442105263157894,0.02594389856163058,0.04,0.03,0.06,0.03,0.0,0.14,0.0,0.13060000000000002,0.01,0.09,0.0,2.07,0.01,0.09,Yersinia ruckeri,95,45,non-normal,0.4199999999999999,0.344525438506038,0.31,0.31,0.43,0.12,0.14,2.07,0.15100000000000002,2.0062,0.191,1.6879999999999986,0.9894736842105263,8.44479510657069e-36,0.375578947368421
Yersinia ruckeri,qualibact-v1.0,Total_Coding_Sequences,normal,3408.221052631579,62.36921962624435,3405.0,3373.0,3453.0,80.0,3221.0,3580.0,3239.33,3578.12,3306.0,3519.0499999999997,3236.0,3679.0,3306.0,3519.05,Yersinia ruckeri,95,45,normal,3524.0666666666666,115.98130117489725,3547.0,3449.0,3619.0,170.0,3236.0,3679.0,3243.7,3673.7200000000003,3275.0,3654.7,0.6350877192982456,3.6261826309219687e-12,118.43274853801174
Yersinia ruckeri,qualibact-v1.0,Genome_Size,normal,3762768.1894736844,49809.96959842154,3756566.0,3739506.0,3800097.5,60591.5,3616064.0,3908944.0,3632767.33,3900268.74,3679948.1,3848920.1999999997,3585796.0,4006131.0,3679948.1,3848920.2,Yersinia ruckeri,95,45,normal,3834578.4444444445,107448.78353554838,3853871.0,3763098.0,3912669.0,149571.0,3585796.0,4006131.0,3590068.4,4005458.46,3610261.1,4000277.5,0.5707602339181287,9.09714253040975e-10,87145.02923976607
