metric,median,q1,q3,min,max,upper_bound,lower_bound,MY_LOWER,MY_UPPER
N50,183177.0,135831.0,249890.0,42414.0,605308.0,437722.8299999999,55640.43,55640.43,437722.83
number,156.0,115.0,201.0,50.0,578.0,379.5899999999997,61.0,61.0,379.59
longest,489508.0,408295.0,662504.0,128268.0,1526471.0,1287700.3899999992,192760.53,192760.53,1287700.39
GC_Content,0.557221,0.55565,0.5585315,0.548025,0.562592,0.5614385399999999,0.55039162,0.5504,0.5618
Completeness_Specific,100.0,100.0,100.0,99.99,100.0,100.0,100.0,95.74,100.0
Contamination,0.55,0.34,0.97,0.05,3.58,3.3653999999999997,0.09730000000000001,0.06,3.37
Total_Coding_Sequences,5851.0,5696.0,6084.5,5209.0,6773.0,6676.54,5315.65,5315.65,6827.0
Genome_Size,6215995.0,6094998.0,6402634.5,5643538.0,7002895.0,6908508.51,5760427.44,5760427.44,6977354.0
