metric,median,q1,q3,min,max,upper_bound,lower_bound,MY_LOWER,MY_UPPER
N50,163583.0,110958.0,223976.0,37453.0,479036.0,479035.38,38500.8,38500.8,479035.38
number,54.0,40.0,79.0,18.0,212.0,202.07999999999993,19.86,19.86,202.08
longest,391782.0,353687.0,675377.0,123786.0,1567263.0,1167253.259999997,159770.8,159770.8,1167253.26
GC_Content,0.710254,0.709973,0.7103820000000001,0.708022,0.712928,0.7116476999999999,0.70803998,0.7037,0.7116
Completeness_Specific,99.99,99.99,99.99,99.9,100.0,100.0,99.9,89.8,100.0
Contamination,0.24,0.24,0.27,0.02,0.96,0.8979999999999995,0.0448,0.04,9.47
Total_Coding_Sequences,3550.0,3539.0,3565.0,3403.0,3752.0,3750.76,3404.24,3404.24,3815.0
Genome_Size,3742399.0,3741069.0,3744009.0,3601199.0,3926762.0,3914587.06,3602651.04,3602651.04,3970624.0
