metric,median,q1,q3,min,max,upper_bound,lower_bound,MY_LOWER,MY_UPPER
N50,350639.5,233926.5,503620.25,40528.0,874451.0,874115.85,46036.135,46036.14,874115.85
number,60.5,47.0,89.0,26.0,269.0,266.4899999999995,27.03,27.03,266.49
longest,836261.0,615013.25,1148349.75,108850.0,2400385.0,2400246.895,158461.41,158461.41,2400246.9
GC_Content,0.533598,0.532385,0.534506,0.528892,0.538851,0.5388499699999999,0.528963285,0.529,0.5388
Completeness_Specific,100.0,100.0,100.0,100.0,100.0,100.0,100.0,98.42,100.0
Contamination,0.05,0.01,0.1125,0.0,0.7,0.6677499999999978,0.0,0.0,3.84
Total_Coding_Sequences,4665.5,4523.75,4868.75,4344.0,5618.0,5544.1349999999975,4365.12,4365.12,5658.0
Genome_Size,4962166.5,4842025.5,5139783.5,4686131.0,5621088.0,5587159.289999999,4686337.535,4686337.54,5875351.0
