metric,median,q1,q3,min,max,upper_bound,lower_bound,MY_LOWER,MY_UPPER
N50,196405.5,140401.25,261109.0,28178.0,838310.0,755722.3599999985,32483.095,32483.1,755722.36
number,77.0,59.0,101.5,35.0,860.0,532.569999999995,38.0,38.0,532.57
longest,539837.5,352770.25,769936.5,110893.0,1381028.0,1317828.1699999995,112974.26,112974.26,1317828.17
GC_Content,0.5871230000000001,0.5856064999999999,0.58829675,0.579131,0.59097,0.590802625,0.5805483550000001,0.5805,0.61
Completeness_Specific,100.0,100.0,100.0,100.0,100.0,100.0,100.0,90.13,100.0
Contamination,0.2,0.12,0.3,0.03,1.0,0.9525499999999993,0.04,0.04,10.98
Total_Coding_Sequences,4100.0,4028.75,4225.0,3901.0,5155.0,4982.774999999998,3910.15,3910.15,4982.77
Genome_Size,4529392.5,4461658.5,4640999.75,4224540.0,5259965.0,5076311.634999996,4306261.06,4306261.06,5198147.0
