metric,median,q1,q3,min,max,upper_bound,lower_bound,MY_LOWER,MY_UPPER
N50,137130.0,115831.0,162488.0,45549.0,432979.0,403087.8,62263.6,62263.6,403087.8
number,56.0,48.0,65.0,22.0,136.0,101.0,25.92,25.92,101.0
longest,347818.0,275661.0,404057.0,134503.0,637530.0,550441.0,156337.72,156337.72,550441.0
GC_Content,0.535473,0.534839,0.535927,0.533167,0.5391170000000001,0.53750016,0.5335636,0.5332,0.5375
Completeness_Specific,100.0,100.0,100.0,99.98,100.0,100.0,99.98,95.89,100.0
Contamination,0.44,0.3,0.78,0.07,1.93,1.69,0.1,0.1,1.69
Total_Coding_Sequences,2347.0,2288.0,2389.0,2133.0,2560.0,2535.08,2188.0,2188.0,2535.08
Genome_Size,2444745.0,2402237.0,2477336.0,2286776.0,2582540.0,2571896.6,2335870.0,2335870.0,2571896.6
