metric,median,q1,q3,min,max,upper_bound,lower_bound,MY_LOWER,MY_UPPER
N50,273929.0,156923.0,419566.0,47094.0,899627.0,899627.0,60377.97,60377.97,899627.0
number,80.0,54.0,104.25,33.0,242.0,236.645,33.595,33.6,236.64
longest,675660.5,414396.5,910079.5,135728.0,1553817.0,1475920.195,165619.015,165619.02,1475920.2
GC_Content,0.505804,0.5050399999999999,0.50657275,0.503533,0.5088239999999999,0.50847652,0.5036555699999999,0.5037,0.5085
Completeness_Specific,100.0,100.0,100.0,100.0,100.0,100.0,100.0,99.53,100.0
Contamination,0.22,0.1,0.3325,0.0,1.13,1.0586000000000002,0.0059499999999999996,0.01,1.06
Total_Coding_Sequences,4276.5,4172.5,4444.5,3986.0,4989.0,4925.93,4000.28,4000.28,4925.93
Genome_Size,4570920.0,4493225.25,4710132.5,4349338.0,5057165.0,5006054.5,4356180.5,4356180.5,5006054.5
