metric,median,q1,q3,min,max,upper_bound,lower_bound,MY_LOWER,MY_UPPER
N50,26982.0,20937.0,68397.0,9178.0,128733.0,127136.75999999998,10161.34,10161.34,127136.76
number,241.0,95.0,292.0,50.0,454.0,442.1199999999999,50.54,50.54,442.12
longest,124114.0,90992.0,174910.0,49525.0,375579.0,375579.0,49946.2,49946.2,375579.0
GC_Content,0.367402,0.366552,0.368313,0.363382,0.37117400000000006,0.37064588,0.3636979,0.3637,0.3733
Completeness_Specific,99.95,99.9,99.97,98.67,100.0,100.0,98.9076,93.05,100.0
Contamination,0.29,0.1,0.47,0.01,1.81,1.5345999999999969,0.0154,0.02,8.2
Total_Coding_Sequences,2206.0,2062.0,2403.0,1897.0,2810.0,2779.22,1898.62,1898.62,2846.0
Genome_Size,2159634.0,2066921.0,2253910.0,1917401.0,2633986.0,2606401.1799999997,1918463.72,1918463.72,2818964.0
