metric,median,q1,q3,min,max,upper_bound,lower_bound,MY_LOWER,MY_UPPER
N50,340475.0,258332.0,494535.5,119004.0,1115083.0,1115083.0,121275.76,121275.76,1115083.0
number,77.0,48.0,138.0,27.0,223.0,220.08000000000004,30.65,30.65,220.08
longest,736369.0,658773.5,1015371.5,303643.0,2392158.0,2360403.0000000005,315093.05,315093.05,2360403.0
GC_Content,0.51729,0.5159195,0.518263,0.51379,0.5199819999999999,0.51963233,0.51385935,0.5116,0.5196
Completeness_Specific,100.0,100.0,100.0,100.0,100.0,100.0,100.0,96.05,100.0
Contamination,0.18,0.1,0.405,0.04,0.89,0.8535000000000005,0.0473,0.05,2.93
Total_Coding_Sequences,4770.0,4560.5,5153.5,4275.0,5560.0,5559.27,4294.71,4294.71,6027.0
Genome_Size,4992769.0,4812388.0,5327453.5,4587143.0,5644983.0,5642118.48,4608361.18,4608361.18,6000265.0
