metric,median,q1,q3,min,max,upper_bound,lower_bound,MY_LOWER,MY_UPPER
N50,151295.0,125593.0,171370.0,39534.0,212934.0,184049.55500000005,61810.34,61810.34,184049.56
number,152.0,142.0,176.0,110.0,466.0,283.9050000000001,112.0,112.0,283.91
longest,310769.0,287647.5,310777.25,164131.0,596930.0,518731.655,183104.055,183104.06,518731.66
GC_Content,0.6740999999999999,0.67401575,0.674125,0.672631,0.674616,0.6745727450000001,0.672788625,0.6728,0.6746
Completeness_Specific,100.0,100.0,100.0,100.0,100.0,100.0,100.0,97.08,100.0
Contamination,0.45,0.36,0.45,0.18,1.51,0.9292500000000007,0.18,0.18,4.46
Total_Coding_Sequences,6604.0,6590.0,6630.0,6546.0,7066.0,6741.905,6548.015,6548.02,6835.0
Genome_Size,6850330.5,6846718.25,6856343.25,6817848.0,7052863.0,6918842.505,6828351.24,6828351.24,7119169.0
