metric,median,q1,q3,min,max,upper_bound,lower_bound,MY_LOWER,MY_UPPER
N50,203071.0,146430.0,295230.75,21080.0,809483.0,647748.6900000001,46741.915,46741.92,647748.69
number,59.0,41.0,89.0,10.0,315.0,222.0,17.0,17.0,222.0
longest,516863.5,367708.0,716477.0,82033.0,1491851.0,1355905.6850000077,142306.0,142306.0,1355905.69
GC_Content,0.37359549999999997,0.372363,0.37485075,0.367042,0.37941600000000003,0.377164475,0.36894363,0.3689,0.378
Completeness_Specific,100.0,100.0,100.0,99.94,100.0,100.0,99.98,96.15,100.0
Contamination,0.23,0.14,0.36,0.0,1.66,0.95,0.03,0.03,2.21
Total_Coding_Sequences,2839.0,2715.0,2992.0,2408.0,3597.0,3457.0,2470.0,2470.0,3592.0
Genome_Size,2958783.5,2861280.0,3070026.25,2612929.0,3510848.0,3397997.31,2665754.87,2652177.0,3505610.0
