metric,median,q1,q3,min,max,upper_bound,lower_bound,MY_LOWER,MY_UPPER
N50,203199.0,187806.0,228071.0,125591.0,369223.0,356798.7200000001,129110.56,129110.56,356798.72
number,129.0,119.0,148.0,85.0,242.0,231.00000000000006,87.64,87.64,231.0
longest,534034.0,503466.0,673528.0,360206.0,1088933.0,1038485.2400000002,360558.44,360558.44,1038485.24
GC_Content,0.676307,0.675299,0.677026,0.672137,0.677672,0.6775906,0.67217176,0.6722,0.6776
Completeness_Specific,100.0,100.0,100.0,99.99,100.0,100.0,99.99,99.72,100.0
Contamination,0.65,0.47,0.86,0.11,1.35,1.3456000000000001,0.11,0.11,1.35
Total_Coding_Sequences,6843.0,6732.0,6989.0,6614.0,7317.0,7298.08,6647.44,6647.44,7298.08
Genome_Size,7692943.0,7561545.0,7856533.0,7397044.0,8188760.0,8179586.0,7451221.2,7451221.2,8179586.0
