metric,median,q1,q3,min,max,upper_bound,lower_bound,MY_LOWER,MY_UPPER
N50,86485.0,66019.5,105868.0,19103.0,212157.0,179520.0,34259.8,34259.8,179520.0
number,144.0,122.0,173.0,57.0,635.0,314.0,81.0,81.0,314.0
longest,227572.0,196018.0,271043.0,61808.0,787688.0,453977.70000000007,113242.75,113242.75,453977.7
GC_Content,0.655685,0.6551659999999999,0.655969,0.6492640000000001,0.659075,0.65647395,0.65325,0.6522,0.6566
Completeness_Specific,100.0,100.0,100.0,96.55,100.0,100.0,99.99,95.18,100.0
Contamination,0.5,0.42,0.75,0.09,4.37,1.74,0.27,0.1,2.84
Total_Coding_Sequences,4135.0,4108.0,4164.0,4003.0,4539.0,4278.0,4046.0,4008.0,4518.0
Genome_Size,4364867.0,4347490.0,4377458.5,4206571.0,4620305.0,4424190.65,4274215.6,4274215.6,4516435.0
