metric,median,q1,q3,min,max,upper_bound,lower_bound,MY_LOWER,MY_UPPER
N50,85451.0,58932.0,121074.0,25275.0,248841.0,238141.7599999999,34940.32,34940.32,238141.76
number,111.0,81.0,155.0,31.0,246.0,222.91999999999996,40.36,40.36,222.92
longest,235951.0,179238.0,312686.0,91961.0,537599.0,514155.63999999914,92928.04,92928.04,514155.64
GC_Content,0.377886,0.375075,0.378035,0.372847,0.37966500000000003,0.37942468,0.37299028,0.373,0.3804
Completeness_Specific,100.0,100.0,100.0,99.98,100.0,100.0,99.99,97.98,100.0
Contamination,0.33,0.11,0.6,0.02,1.82,1.3887999999999976,0.02,0.02,1.39
Total_Coding_Sequences,2842.0,2744.0,2882.0,2570.0,3122.0,3100.7199999999993,2623.72,2623.72,3100.72
Genome_Size,2992500.0,2929918.0,3013341.0,2741068.0,3260992.0,3213123.84,2761296.88,2761296.88,3213123.84
