metric,median,q1,q3,min,max,upper_bound,lower_bound,MY_LOWER,MY_UPPER
N50,343829.0,80510.5,449506.0,5209.0,650550.0,641696.6599999999,6718.865,6718.86,641696.66
number,98.0,73.0,225.25,42.0,1914.0,1543.4699999999957,46.475,46.48,1543.47
longest,864822.5,250951.75,1090185.25,37813.0,1353841.0,1321549.3999999997,39662.07,39662.07,1321549.4
GC_Content,0.7336450000000001,0.7332177499999999,0.733959,0.727668,0.7360909999999999,0.73553789,0.7292315650000001,0.7292,0.7355
Completeness_Specific,100.0,100.0,100.0,94.3,100.0,100.0,95.3203,95.32,100.0
Contamination,0.06,0.04,0.1825,0.0,1.89,1.6035999999999968,0.0,0.0,1.6
Total_Coding_Sequences,6013.0,5854.0,6273.25,5725.0,8302.0,7375.674999999989,5774.225,5774.22,7375.67
Genome_Size,6956387.0,6789634.25,7159357.25,6452300.0,8764424.0,7738860.504999989,6505250.885,6341040.0,7738860.5
