metric,median,q1,q3,min,max,upper_bound,lower_bound,MY_LOWER,MY_UPPER
N50,138193.0,97944.0,152396.0,27651.0,354781.0,281319.36,32829.94,32829.94,281319.36
number,37.0,28.0,51.0,14.0,171.0,127.41999999999962,15.0,15.0,127.42
longest,244469.0,204163.0,401708.0,74465.0,620531.0,558071.5799999989,90339.72,90339.72,558071.58
GC_Content,0.296653,0.29576399999999997,0.296954,0.29198599999999997,0.299625,0.29909316,0.29260854,0.2926,0.3001
Completeness_Specific,100.0,100.0,100.0,99.98,100.0,100.0,99.99,95.36,100.0
Contamination,0.01,0.01,0.04,0.0,0.25,0.22059999999999946,0.0,0.0,2.38
Total_Coding_Sequences,1521.0,1482.0,1584.0,1458.0,1774.0,1746.1799999999998,1462.88,1462.88,1809.0
Genome_Size,1482751.0,1453667.0,1538421.0,1429083.0,1693680.0,1670449.8999999997,1435378.54,1435378.54,1791508.0
