metric,median,q1,q3,min,max,upper_bound,lower_bound,MY_LOWER,MY_UPPER
N50,299878.0,178192.0,663597.75,15886.0,893694.0,893449.125,21437.125,21437.12,893449.12
number,24.0,16.0,34.0,7.0,356.0,221.69999999999982,8.0,8.0,221.7
longest,684031.5,428395.5,833780.0,55806.0,1177207.0,1009260.075,87156.425,87156.42,1009260.08
GC_Content,0.6006755,0.600527,0.601148,0.598638,0.602382,0.60235785,0.599633725,0.5996,0.6024
Completeness_Specific,100.0,99.99,100.0,90.47,100.0,100.0,98.518,95.34,100.0
Contamination,0.36,0.2575,0.57,0.0,6.43,2.053249999999987,0.01,0.01,2.05
Total_Coding_Sequences,2364.0,2325.0,2389.0,2241.0,2789.0,2573.5499999999997,2292.725,2292.72,2573.55
Genome_Size,2531305.0,2482909.75,2545674.0,2302235.0,2735454.0,2661991.5749999997,2454010.9,2454010.9,2661991.57
