metric,median,q1,q3,min,max,upper_bound,lower_bound,MY_LOWER,MY_UPPER
N50,187972.0,138834.0,249365.0,50378.0,802971.0,696323.0399999999,60678.48,60678.48,696323.04
number,109.0,82.0,141.0,30.0,346.0,328.4799999999999,33.84,33.84,328.48
longest,526309.0,377760.0,699780.0,169276.0,1680644.0,1495229.719999999,200032.44,200032.44,1495229.72
GC_Content,0.547914,0.544851,0.54896,0.539741,0.552959,0.55167048,0.54191612,0.5404,0.5544
Completeness_Specific,100.0,100.0,100.0,100.0,100.0,100.0,100.0,94.44,100.0
Contamination,0.21,0.14,0.33,0.02,1.26,1.2215999999999996,0.03,0.03,2.05
Total_Coding_Sequences,4808.0,4626.0,5013.0,4222.0,5655.0,5632.12,4254.84,4254.84,5698.0
Genome_Size,5034836.0,4902876.0,5212515.0,4586627.0,5638917.0,5629980.52,4613286.16,4613286.16,5769554.0
