metric,median,q1,q3,min,max,upper_bound,lower_bound,MY_LOWER,MY_UPPER
N50,72601.0,54868.0,182286.0,10586.0,790747.0,684165.8399999996,16021.84,16021.84,684165.84
number,345.0,155.0,494.0,44.0,2621.0,2345.5999999999995,47.72,47.72,2345.6
longest,281050.0,223009.0,559521.0,77112.0,1635820.0,1519439.1199999996,82503.44,82503.44,1519439.12
GC_Content,0.34822600000000004,0.347445,0.34943199999999996,0.34634,0.355068,0.35429839999999996,0.34680516,0.3468,0.3543
Completeness_Specific,100.0,100.0,100.0,99.12,100.0,100.0,99.9944,99.12,100.0
Contamination,0.0,0.0,0.07,0.0,1.02,0.7483999999999992,0.0,0.0,0.75
Total_Coding_Sequences,6537.0,5962.0,6750.0,5232.0,8552.0,7640.399999999997,5236.72,5236.72,7640.4
Genome_Size,6257073.0,5865477.0,6431462.0,4945227.0,6930985.0,6815419.12,5225569.36,5225569.36,6815419.12
