metric,median,q1,q3,min,max,upper_bound,lower_bound,MY_LOWER,MY_UPPER
N50,206914.0,159938.0,268104.0,18973.0,482446.0,458662.22999999893,30026.5,30026.5,458662.23
number,95.0,70.0,128.0,33.0,649.0,506.47999999999456,39.53,39.53,506.48
longest,551602.0,412999.5,721130.0,102893.0,1379361.0,1285259.489999999,145122.64,145122.64,1285259.49
GC_Content,0.418859,0.4174725,0.4204065,0.41411200000000004,0.423705,0.423521,0.41427471,0.4143,0.4235
Completeness_Specific,100.0,100.0,100.0,99.92,100.0,100.0,99.9753,98.76,100.0
Contamination,0.23,0.09,0.6,0.0,5.16,4.366299999999992,0.0,0.0,4.37
Total_Coding_Sequences,4551.0,4378.5,4758.0,3920.0,5543.0,5349.559999999999,3926.0,3926.0,5349.56
Genome_Size,5435906.0,5298443.0,5622275.0,4905410.0,6113987.0,6009754.9399999995,4908082.26,4908082.26,6009754.94
