metric,median,q1,q3,min,max,upper_bound,lower_bound,MY_LOWER,MY_UPPER
N50,47674.0,35238.0,57422.0,12351.0,116825.0,78040.42,18777.88,18777.88,78040.42
number,186.0,163.0,210.0,72.0,368.0,306.0,101.0,101.0,306.0
longest,154391.0,120635.0,176633.5,47785.0,391188.0,282981.49999999994,67734.74,67734.74,282981.5
GC_Content,0.517249,0.5158229999999999,0.518285,0.5117499999999999,0.523158,0.521412,0.51291116,0.5105,0.5214
Completeness_Specific,99.99,99.99,100.0,99.92,100.0,100.0,99.96,97.12,100.0
Contamination,0.0,0.0,0.01,0.0,0.58,0.12,0.0,0.0,2.47
Total_Coding_Sequences,2042.0,2009.0,2090.0,1893.0,2286.0,2201.0,1926.0,1926.0,2420.0
Genome_Size,2126679.0,2097130.0,2164264.5,1994401.0,2303681.0,2250575.02,2033458.67,2033458.67,2397461.0
