metric,median,q1,q3,min,max,upper_bound,lower_bound,MY_LOWER,MY_UPPER
N50,132212.0,95863.0,169179.0,22624.0,470715.0,364121.2599999995,32142.08,32142.08,364121.26
number,76.0,64.0,96.0,25.0,276.0,214.0,37.0,37.0,214.0
longest,332373.0,240542.0,428786.0,68582.0,905636.0,735370.9399999995,92306.62,92306.62,735370.94
GC_Content,0.37506799999999996,0.37385399999999996,0.376046,0.37109699999999995,0.378959,0.37803724,0.371868,0.3719,0.378
Completeness_Specific,99.98,99.98,99.99,99.78,100.0,100.0,99.91,91.08,100.0
Contamination,0.01,0.0,0.04,0.0,0.82,0.6273999999999978,0.0,0.0,4.97
Total_Coding_Sequences,2447.0,2376.0,2541.0,2221.0,2790.0,2735.2199999999993,2256.26,2256.26,2875.0
Genome_Size,2583405.0,2530216.0,2659854.0,2380864.0,2837332.0,2790323.34,2440099.22,2440099.22,2895060.0
