metric,median,q1,q3,min,max,upper_bound,lower_bound,MY_LOWER,MY_UPPER
N50,30482.0,26739.0,45319.0,20875.0,98357.0,76969.53000000012,22763.5,22763.5,76969.53
number,390.0,298.0,464.0,226.0,643.0,619.8300000000004,275.31,275.31,619.83
longest,110996.0,103141.0,159852.5,73075.0,266644.0,227079.10000000006,76621.38,76621.38,227079.1
GC_Content,0.6563720000000001,0.6557005,0.6569809999999999,0.65448,0.658018,0.65717077,0.6549463699999999,0.6549,0.658
Completeness_Specific,99.98,99.98,99.99,99.93,100.0,100.0,99.9431,97.09,100.0
Contamination,0.55,0.51,0.57,0.07,2.06,1.6369000000000005,0.09,0.09,2.25
Total_Coding_Sequences,5347.0,5277.0,5402.0,5236.0,6060.0,5959.38,5242.0,5242.0,5959.38
Genome_Size,5329422.0,5319394.5,5350281.0,5219486.0,6419793.0,6313940.380000001,5255952.1,5255952.1,6660144.0
