metric,median,q1,q3,min,max,upper_bound,lower_bound,MY_LOWER,MY_UPPER
N50,89211.0,87977.0,93973.0,1338.0,95409.0,95041.49999999997,1413.0,1413.0,95041.5
number,210.0,189.5,220.0,77.0,362.0,308.5499999999994,117.35,117.35,308.55
longest,286502.0,286460.0,287276.0,6916.0,287296.0,287296.0,8209.05,8209.05,287296.0
GC_Content,0.545664,0.5456475000000001,0.5457835,0.508264,0.546913,0.5469092,0.5115875000000001,0.5116,0.5472
Completeness_Specific,100.0,100.0,100.0,4.92,100.0,100.0,5.559,5.56,100.0
Contamination,0.01,0.01,0.01,0.0,0.02,0.02,0.0,0.0,0.21
Total_Coding_Sequences,5008.0,4984.0,5029.0,157.0,5042.0,5040.65,245.1,245.1,5217.0
Genome_Size,5278240.0,5268911.0,5285693.5,104634.0,5292015.0,5288689.65,162339.25,162339.25,5444283.0
