metric,median,q1,q3,min,max,upper_bound,lower_bound,MY_LOWER,MY_UPPER
N50,333603.0,220229.0,444487.0,34024.0,1058332.0,816087.6199999981,67201.25,67201.25,816087.62
number,99.0,71.0,138.0,34.0,445.0,349.00999999999976,39.0,39.0,349.01
longest,768950.0,530954.5,1057622.0,120106.0,2706325.0,2377030.04,206282.05,206282.05,2377030.04
GC_Content,0.572367,0.57036,0.574047,0.5636410000000001,0.57724,0.5767052500000001,0.56443693,0.5626,0.5767
Completeness_Specific,100.0,100.0,100.0,99.99,100.0,100.0,100.0,98.06,100.0
Contamination,0.22,0.13,0.46,0.02,2.15,1.6901999999999953,0.03,0.03,2.64
Total_Coding_Sequences,5326.0,5163.0,5525.0,4870.0,6207.0,6006.01,4954.98,4954.98,6432.0
Genome_Size,5678449.0,5531522.0,5851806.0,5280534.0,6399148.0,6190737.9399999995,5339380.33,5279245.0,6498364.0
