metric,median,q1,q3,min,max,upper_bound,lower_bound,MY_LOWER,MY_UPPER
N50,482650.0,332535.25,780423.25,36321.0,2716527.0,2712586.3,51252.62,51252.62,2712586.3
number,57.0,44.0,100.0,24.0,334.0,293.65499999999963,25.0,25.0,293.65
longest,1001004.5,751877.25,1723908.25,167961.0,2716527.0,2712586.3,241239.825,241239.82,2712586.3
GC_Content,0.5205035,0.51966125,0.521308,0.516196,0.523215,0.5229418149999999,0.517124255,0.5171,0.5253
Completeness_Specific,100.0,100.0,100.0,100.0,100.0,100.0,100.0,98.65,100.0
Contamination,0.26,0.185,0.43,0.03,1.93,1.604199999999996,0.05,0.05,4.09
Total_Coding_Sequences,4787.0,4587.25,4974.25,4388.0,5919.0,5915.53,4421.405,4421.4,5915.53
Genome_Size,5073932.5,4910649.0,5233395.75,4720877.0,5947843.0,5947324.18,4780223.185,4780223.18,5947324.18
