metric,median,q1,q3,min,max,upper_bound,lower_bound,MY_LOWER,MY_UPPER
N50,242643.0,187517.0,332742.0,37326.0,672690.0,513158.67999999906,52144.68,52144.68,513158.68
number,59.0,45.0,75.0,34.0,300.0,267.47999999999945,35.0,35.0,267.48
longest,686367.0,495664.0,836025.0,146368.0,1369552.0,1330278.44,184739.52000000002,184739.52,1330278.44
GC_Content,0.6478010000000001,0.646961,0.648852,0.644864,0.650694,0.65026448,0.6452871600000001,0.6444,0.6504
Completeness_Specific,100.0,100.0,100.0,100.0,100.0,100.0,100.0,96.35,100.0
Contamination,0.51,0.2,0.75,0.02,1.72,1.2567999999999995,0.03,0.03,2.69
Total_Coding_Sequences,4412.0,4392.0,4464.0,4067.0,4750.0,4662.799999999999,4108.96,4108.96,4794.0
Genome_Size,5171275.0,5151018.0,5223465.0,4890084.0,5418574.0,5370583.64,4930725.76,4930725.76,5500184.0
