metric,median,q1,q3,min,max,upper_bound,lower_bound,MY_LOWER,MY_UPPER
N50,357902.5,102058.5,585545.5,42419.0,1037684.0,1035067.98,44614.545,44614.54,1035067.98
number,24.0,19.0,56.75,13.0,142.0,140.79,13.0,13.0,140.79
longest,582556.0,311514.5,862301.25,98636.0,1037684.0,1035067.98,108145.995,108146.0,1035067.98
GC_Content,0.348951,0.34802075,0.350166,0.346586,0.352427,0.352092435,0.346638635,0.3466,0.3533
Completeness_Specific,99.97,99.95,99.98,99.71,100.0,99.99395,99.78865,91.38,99.99
Contamination,0.03,0.0,0.13,0.0,0.47,0.47,0.0,0.0,4.94
Total_Coding_Sequences,1850.5,1762.75,1933.25,1689.0,2047.0,2042.1599999999999,1690.21,1690.21,2262.0
Genome_Size,1903110.0,1848110.5,1976644.5,1789459.0,2087640.0,2081017.67,1790681.1,1790681.1,2176460.0
