metric,median,q1,q3,min,max,upper_bound,lower_bound,MY_LOWER,MY_UPPER
N50,232909.0,211077.5,278569.5,93945.0,677392.0,557250.579999999,95470.475,95470.48,557250.58
number,53.0,42.0,63.0,26.0,109.0,103.36499999999995,28.415,28.42,103.36
longest,427785.0,393065.0,589654.75,188957.0,1267314.0,1258236.015,251135.2,251135.2,1258236.01
GC_Content,0.2852705,0.28504075000000006,0.28549125,0.284422,0.286117,0.28611539,0.28459266,0.2846,0.2879
Completeness_Specific,99.99,99.99,99.99,99.97,100.0,100.0,99.97,97.08,100.0
Contamination,0.0,0.0,0.01,0.0,0.12,0.10389999999999987,0.0,0.0,0.78
Total_Coding_Sequences,2721.0,2700.25,2772.0,2595.0,2915.0,2873.9449999999997,2604.66,2604.66,3156.0
Genome_Size,2819030.5,2801162.5,2860167.75,2728196.0,2937946.0,2923260.385,2738177.195,2738177.2,3070777.0
