metric,median,q1,q3,min,max,upper_bound,lower_bound,MY_LOWER,MY_UPPER
N50,141513.0,93803.0,341422.0,36441.0,722373.0,722224.0,50957.0,50957.0,722224.0
number,63.0,37.0,80.0,16.0,287.0,186.0,19.0,19.0,186.0
longest,349279.0,291302.0,697582.0,151076.0,1065302.0,1064218.0,166750.0,166750.0,1064218.0
GC_Content,0.46643,0.466226,0.466854,0.464437,0.467652,0.467506,0.465169,0.4652,0.4689
Completeness_Specific,99.99,99.97,99.99,99.92,100.0,100.0,99.93,96.44,100.0
Contamination,0.12,0.08,0.27,0.03,1.23,0.9,0.04,0.04,2.21
Total_Coding_Sequences,2791.0,2762.0,2813.0,2618.0,3085.0,3012.0,2653.0,2653.0,3081.0
Genome_Size,2947608.0,2939239.0,2979974.0,2772647.0,3132819.0,3105539.0,2822344.0,2822344.0,3251532.0
