metric,median,q1,q3,min,max,upper_bound,lower_bound,MY_LOWER,MY_UPPER
N50,154061.0,102311.0,194832.0,53738.0,356591.0,326360.2399999999,55166.0,55166.0,326360.24
number,57.0,42.0,67.0,21.0,113.0,108.79999999999998,26.88,26.88,108.8
longest,308628.0,234018.0,416990.0,127184.0,681025.0,665781.5199999999,128520.44,128520.44,665781.52
GC_Content,0.397999,0.396729,0.399384,0.392915,0.40141,0.40101184,0.39308888,0.3931,0.4024
Completeness_Specific,99.99,99.99,100.0,99.97,100.0,100.0,99.97,93.91,100.0
Contamination,0.1,0.06,0.27,0.01,0.84,0.8063999999999999,0.01,0.01,7.69
Total_Coding_Sequences,2000.0,1952.0,2060.0,1871.0,2273.0,2262.08,1876.04,1876.04,2315.0
Genome_Size,2163612.0,2132588.0,2241745.0,2045045.0,2439818.0,2429848.04,2056384.16,1999501.0,2442990.0
