metric,median,q1,q3,min,max,upper_bound,lower_bound,MY_LOWER,MY_UPPER
N50,75305.0,38774.5,188888.75,13928.0,622511.0,483082.564999997,14904.615,14904.62,483082.56
number,208.5,117.0,350.0,43.0,835.0,785.5749999999997,53.685,53.68,785.57
longest,288797.0,176642.5,556961.25,70850.0,1522380.0,1297645.4399999972,77390.06,77390.06,1297645.44
GC_Content,0.352905,0.35245675,0.35345024999999997,0.349658,0.355143,0.354784875,0.35058861999999996,0.3506,0.356
Completeness_Specific,100.0,100.0,100.0,99.99,100.0,100.0,100.0,95.37,100.0
Contamination,0.09,0.05,0.58,0.0,2.19,1.92,0.0,0.0,1.92
Total_Coding_Sequences,5726.0,5596.75,5812.5,5230.0,6585.0,6308.899999999996,5274.685,5274.68,6308.9
Genome_Size,5562353.0,5467685.25,5626176.75,5148549.0,6172678.0,5956269.744999999,5165583.13,5149464.0,6055697.0
