metric,median,q1,q3,min,max,upper_bound,lower_bound,MY_LOWER,MY_UPPER
N50,260185.0,109398.0,576740.0,28032.0,1170853.0,1131703.78,41666.24,41666.24,1131703.78
number,32.0,20.0,50.0,10.0,196.0,152.19999999999936,11.42,11.42,152.2
longest,566961.0,289812.0,862766.0,118103.0,1170853.0,1131703.78,119270.32,119270.32,1131703.78
GC_Content,0.347884,0.34718000000000004,0.348487,0.344989,0.35084699999999996,0.35057162,0.3455503,0.3456,0.3506
Completeness_Specific,99.97,99.95,99.98,99.17,100.0,100.0,99.751,97.9,100.0
Contamination,0.1,0.04,0.13,0.0,1.08,0.780199999999997,0.01,0.01,0.78
Total_Coding_Sequences,1930.0,1866.0,1980.0,1770.0,2215.0,2179.0999999999995,1773.68,1773.68,2179.1
Genome_Size,1972116.0,1940078.0,2020588.0,1844619.0,2139568.0,2130660.6,1862133.42,1862133.42,2130660.6
