metric,median,q1,q3,min,max,upper_bound,lower_bound,MY_LOWER,MY_UPPER
N50,350298.0,222899.0,503996.75,67951.0,1520615.0,1520615.0,79093.875,79093.88,1520615.0
number,35.0,25.25,46.0,14.0,125.0,108.0,16.0,16.0,108.0
longest,724511.0,466102.0,889758.75,161035.0,1520615.0,1520615.0,170280.125,170280.12,1520615.0
GC_Content,0.36223949999999994,0.361725,0.36268925,0.360577,0.363938,0.3638161,0.360696675,0.3607,0.3638
Completeness_Specific,99.98,99.98,99.99,99.95,100.0,100.0,99.95,99.67,100.0
Contamination,1.02,0.9,1.15,0.68,2.17,2.1095000000000006,0.7052499999999999,0.28,2.11
Total_Coding_Sequences,2787.0,2727.0,2847.5,2653.0,3097.0,3007.9250000000006,2659.675,2659.68,3007.93
Genome_Size,2805604.5,2761613.0,2855511.75,2691112.0,3007034.0,2953271.75,2692469.125,2692469.12,2953271.75
