metric,median,q1,q3,min,max,upper_bound,lower_bound,MY_LOWER,MY_UPPER
N50,55504.0,47817.75,67476.5,27439.0,143809.0,133632.96499999985,31976.895,31976.9,133632.96
number,118.5,110.0,132.0,38.0,182.0,158.35999999999967,38.0,38.0,158.36
longest,151991.5,115802.25,162610.0,70478.0,407299.0,335966.284999999,70478.0,70478.0,335966.28
GC_Content,0.34497700000000003,0.34415250000000003,0.34548875,0.342853,0.346563,0.34655906000000003,0.34289239999999993,0.3429,0.3517
Completeness_Specific,100.0,99.99,100.0,99.98,100.0,100.0,99.98,90.34,100.0
Contamination,0.02,0.0,0.1,0.0,0.5,0.4802999999999997,0.0,0.0,5.45
Total_Coding_Sequences,1866.5,1798.25,1921.0,1717.0,2055.0,2054.015,1725.865,1725.86,2265.0
Genome_Size,1864750.5,1794672.5,1900459.75,1715072.0,1997529.0,1988377.3649999998,1715385.23,1715385.23,2215438.0
