metric,median,q1,q3,min,max,upper_bound,lower_bound,MY_LOWER,MY_UPPER
N50,382044.0,310758.0,395504.0,124437.0,496610.0,496610.0,125967.05,125967.05,496610.0
number,21.0,18.0,26.0,10.0,59.0,57.579999999999984,11.42,11.42,57.58
longest,598463.0,478291.0,636589.0,276133.0,678609.0,678609.0,293047.33,293047.33,678609.0
GC_Content,0.421492,0.4206715,0.42190449999999996,0.41755499999999995,0.42389000000000004,0.42370469000000005,0.41755571,0.4176,0.426
Completeness_Specific,99.99,99.99,100.0,99.78,100.0,100.0,99.78,90.29,100.0
Contamination,0.37,0.0,0.63,0.0,1.38,1.38,0.0,0.0,6.35
Total_Coding_Sequences,1903.0,1830.5,1918.5,1704.0,2141.0,2141.0,1741.63,1741.63,2241.0
Genome_Size,1950935.0,1946433.0,2001750.5,1784369.0,2159651.0,2159651.0,1807238.81,1779925.0,2228155.0
