metric,median,q1,q3,min,max,upper_bound,lower_bound,MY_LOWER,MY_UPPER
N50,279511.0,223889.0,412040.5,97976.0,889069.0,791152.4600000007,108179.46,108179.46,791152.46
number,69.0,57.0,87.0,35.0,149.0,145.68000000000006,36.33,36.33,145.68
longest,641724.0,498812.0,871066.0,239199.0,1599491.0,1565743.34,298676.12,298676.12,1565743.34
GC_Content,0.500673,0.4994385,0.5016015,0.496847,0.503486,0.5032088100000001,0.49691047000000005,0.4935,0.5032
Completeness_Specific,100.0,100.0,100.0,100.0,100.0,100.0,100.0,93.77,100.0
Contamination,0.28,0.22,0.38,0.07,1.29,1.2035000000000007,0.09,0.09,2.81
Total_Coding_Sequences,4353.0,4300.5,4422.5,4039.0,4692.0,4643.06,4111.13,4111.13,5126.0
Genome_Size,4681315.0,4631140.0,4750865.0,4411852.0,4923347.0,4912376.3100000005,4439503.18,4439503.18,5386988.0
