metric,median,q1,q3,min,max,upper_bound,lower_bound,MY_LOWER,MY_UPPER
N50,347970.0,244065.0,410061.0,93526.0,500310.0,478767.36,134537.72,134537.72,478767.36
number,22.0,16.0,29.0,6.0,104.0,66.36000000000013,8.0,8.0,66.36
longest,480511.0,452632.0,664084.0,204105.0,909593.0,837659.8000000013,285866.68,285866.68,837659.8
GC_Content,0.415162,0.41458599999999995,0.416129,0.411621,0.419397,0.41734796,0.41226508,0.4123,0.4175
Completeness_Specific,100.0,100.0,100.0,99.97,100.0,100.0,99.99,98.18,100.0
Contamination,0.0,0.0,0.01,0.0,0.35,0.23,0.0,0.0,0.44
Total_Coding_Sequences,1765.0,1723.0,1804.0,1631.0,1990.0,1956.3600000000001,1643.0,1643.0,1956.36
Genome_Size,1908212.0,1881158.0,1948744.0,1811409.0,2093832.0,2067070.7600000002,1820407.68,1820407.68,2067070.76
