metric,median,q1,q3,min,max,upper_bound,lower_bound,MY_LOWER,MY_UPPER
N50,179197.0,136504.0,237314.0,24244.0,434290.0,386843.52,34593.72,34593.72,386843.52
number,99.0,77.0,125.0,49.0,450.0,345.96000000000004,52.0,52.0,345.96
longest,542764.0,418700.0,738604.0,120331.0,1518223.0,1281810.48,149584.88,149584.88,1281810.48
GC_Content,0.605431,0.605335,0.605456,0.600761,0.605711,0.60557636,0.60080576,0.5985,0.61
Completeness_Specific,100.0,100.0,100.0,100.0,100.0,100.0,100.0,99.29,100.0
Contamination,0.02,0.02,0.04,0.0,1.47,1.3912,0.01,0.01,7.13
Total_Coding_Sequences,6034.0,6029.0,6043.0,5882.0,6588.0,6576.24,6019.0,6019.0,7086.0
Genome_Size,6691924.0,6689806.0,6696579.0,6517088.0,7129572.0,7123707.56,6665208.6,6665208.6,7581541.0
