metric,median,q1,q3,min,max,upper_bound,lower_bound,MY_LOWER,MY_UPPER
N50,226862.0,176572.25,275665.5,96908.0,556109.0,526586.8949999999,97518.945,97518.94,526586.89
number,44.0,34.0,50.75,10.0,91.0,91.0,10.545,10.54,91.0
longest,590482.0,365237.25,759858.0,198134.0,1018560.0,1009017.595,212727.465,212727.46,1009017.6
GC_Content,0.5176850000000001,0.5173995,0.51853175,0.515949,0.522164,0.5220114,0.51610596,0.52,0.52
Completeness_Specific,99.99,99.99,99.99,99.97,100.0,100.0,99.97545,99.98,100.0
Contamination,0.02,0.01,0.03,0.01,0.11,0.11,0.01,0.01,0.11
Total_Coding_Sequences,1983.5,1967.25,2031.75,1860.0,2194.0,2169.475,1861.635,1861.64,2169.48
Genome_Size,2112509.0,2097505.5,2132003.25,1998115.0,2250623.0,2241652.8449999997,1998511.76,1998511.76,2241652.84
