metric,distribution,mean,std,median,q1,q3,iqr,min,max,lower_bound,upper_bound,MY_LOWER,MY_UPPER,species,count,refseq_count
N50,non-normal,240806.5181818182,105773.21525627209,226862.0,176572.25,275665.5,99093.25,96908.0,556109.0,97518.945,526586.8949999999,97518.94,526586.89,Neisseria bergeri,110,0
number,non-normal,44.4,19.404404373515543,44.0,34.0,50.75,16.75,10.0,91.0,10.545,91.0,10.54,91.0,Neisseria bergeri,110,0
longest,non-normal,551782.5363636364,221358.78136782526,590482.0,365237.25,759858.0,394620.75,198134.0,1018560.0,212727.465,1009017.595,212727.46,1009017.6,Neisseria bergeri,110,0
GC_Content,non-normal,0.5184023545454546,0.0016715072816112305,0.5176850000000001,0.5173995,0.51853175,0.0011322499999999458,0.515949,0.522164,0.51610596,0.5220114,0.52,0.52,Neisseria bergeri,110,0
Completeness_Specific,normal,99.98899999999999,0.006022684390926192,99.99,99.99,99.99,0.0,99.97,100.0,99.97545,100.0,99.98,100.0,Neisseria bergeri,110,0
Contamination,non-normal,0.02618181818181818,0.021190985140848675,0.02,0.01,0.03,0.019999999999999997,0.01,0.11,0.01,0.11,0.01,0.11,Neisseria bergeri,110,0
Total_Coding_Sequences,normal,1986.581818181818,69.3692860799336,1983.5,1967.25,2031.75,64.5,1860.0,2194.0,1861.635,2169.475,1861.64,2169.48,Neisseria bergeri,110,0
Genome_Size,normal,2104207.272727273,54825.74872413494,2112509.0,2097505.5,2132003.25,34497.75,1998115.0,2250623.0,1998511.76,2241652.8449999997,1998511.76,2241652.84,Neisseria bergeri,110,0
