metric,median,q1,q3,min,max,upper_bound,lower_bound,MY_LOWER,MY_UPPER
N50,152581.0,63198.0,259564.0,19168.0,582755.0,580282.44,19205.2,19205.2,580282.44
number,156.0,96.0,314.0,45.0,729.0,717.2199999999999,49.34,49.34,717.22
longest,604953.0,331035.0,735976.0,97084.0,1629867.0,1532802.2799999993,108527.34,108527.34,1532802.28
GC_Content,0.350304,0.34968200000000005,0.351074,0.348311,0.352984,0.35294866,0.34847158,0.3485,0.3556
Completeness_Specific,100.0,100.0,100.0,100.0,100.0,100.0,100.0,96.69,100.0
Contamination,0.32,0.21,0.61,0.0,1.81,1.81,0.0,0.0,1.81
Total_Coding_Sequences,5885.0,5722.0,5993.0,5350.0,6552.0,6542.08,5448.58,5192.0,6542.08
Genome_Size,5825941.0,5644708.0,5933519.0,5289571.0,6436878.0,6436422.92,5328416.48,5025419.0,6436422.92
