metric,distribution,mean,std,median,q1,q3,iqr,min,max,lower_bound,upper_bound,MY_LOWER,MY_UPPER,species,count,refseq_count,refseq_distribution,refseq_mean,refseq_std,refseq_median,refseq_q1,refseq_q3,refseq_iqr,refseq_min,refseq_max,refseq_lower_bound,refseq_upper_bound,KS_statistic,KS_p_value,Wasserstein_Distance
N50,non-normal,179982.656,130998.13576152014,152581.0,63198.0,259564.0,196366.0,19168.0,582755.0,19205.2,580282.44,19205.2,580282.44,Bacillus toyonensis,125,0,,,,,,,,,,,,,,
number,non-normal,218.672,161.58563183649713,156.0,96.0,314.0,218.0,45.0,729.0,49.34,717.2199999999999,49.34,717.22,Bacillus toyonensis,125,0,,,,,,,,,,,,,,
longest,non-normal,612879.128,326026.43848387455,604953.0,331035.0,735976.0,404941.0,97084.0,1629867.0,108527.34,1532802.2799999993,108527.34,1532802.28,Bacillus toyonensis,125,0,,,,,,,,,,,,,,
GC_Content,normal,0.35043224799999995,0.0009472576642582542,0.350304,0.34968200000000005,0.351074,0.0013919999999999488,0.348311,0.352984,0.34847158,0.35294866,0.3485,0.3556,Bacillus toyonensis,125,13,non-normal,0.35196430769230774,0.0011274702373431716,0.351731,0.351355,0.351952,0.0005970000000000142,0.350965,0.355558,0.35097748,0.35538142,0.715076923076923,1.7024057594923788e-06,0.0015320596923076866
Completeness_Specific,non-normal,100.0,0.0,100.0,100.0,100.0,0.0,100.0,100.0,100.0,100.0,96.69,100.0,Bacillus toyonensis,125,13,non-normal,98.92923076923078,0.7418735278744935,99.41,98.82,99.41,0.5900000000000034,96.69,99.41,96.783,99.41,1.0,3.3893702809631277e-18,1.0707692307692354
Contamination,non-normal,0.4678399999999999,0.40837744110075425,0.32,0.21,0.61,0.4,0.0,1.81,0.0,1.81,0.0,1.81,Bacillus toyonensis,125,9,non-normal,0.13222222222222224,0.06390579486465957,0.1,0.1,0.1,0.0,0.1,0.29,0.1,0.2864,0.6488888888888888,0.0006026905080329156,0.3500177777777778
Total_Coding_Sequences,non-normal,5890.392,227.95722040768965,5885.0,5722.0,5993.0,271.0,5350.0,6552.0,5448.58,6542.08,5192.0,6542.08,Bacillus toyonensis,125,13,non-normal,5947.7692307692305,261.43690335885987,5967.0,5882.0,6109.0,227.0,5192.0,6336.0,5228.84,6325.14,0.28307692307692306,0.24763531654731225,131.4830769230769
Genome_Size,normal,5822663.936,207535.79785637924,5825941.0,5644708.0,5933519.0,288811.0,5289571.0,6436878.0,5328416.48,6436422.92,5025419.0,6436422.92,Bacillus toyonensis,125,13,non-normal,5830977.846153846,284424.9527046691,5825843.0,5730405.0,5986099.0,255694.0,5025419.0,6247065.0,5064577.34,6237386.28,0.21907692307692309,0.547395308719956,91346.40984615384
