metric,median,q1,q3,min,max,upper_bound,lower_bound,MY_LOWER,MY_UPPER
N50,115935.5,80710.25,152198.75,14134.0,252889.0,219119.78999999998,16156.185,16156.18,219119.79
number,193.5,143.0,262.25,79.0,1153.0,975.1949999999999,87.87,87.87,975.2
longest,339945.0,256291.0,417190.0,67921.0,754893.0,734234.33,82724.415,82724.41,734234.33
GC_Content,0.419684,0.41843299999999994,0.42188774999999995,0.41454500000000005,0.42720199999999997,0.426867455,0.41507357500000003,0.4151,0.4269
Completeness_Specific,100.0,99.99,100.0,94.61,100.0,100.0,99.42425,94.34,100.0
Contamination,1.08,0.5575000000000001,1.62,0.06,5.35,4.606249999999999,0.0787,0.08,8.27
Total_Coding_Sequences,5158.5,4942.75,5450.25,4319.0,6159.0,5990.885,4420.48,4420.48,5990.88
Genome_Size,6314049.0,6130097.0,6461556.25,5563320.0,7078542.0,6943807.815,5682890.54,5682890.54,6943807.82
