metric,median,q1,q3,min,max,upper_bound,lower_bound,MY_LOWER,MY_UPPER
N50,318078.0,184370.25,464586.25,55139.0,1408136.0,1246668.6149999998,80843.715,80843.72,1246668.61
number,56.0,38.25,74.75,12.0,175.0,171.38,12.905,12.9,171.38
longest,728994.5,467109.75,925279.25,142332.0,2204642.0,1995021.3749999998,228468.09,228468.09,1995021.37
GC_Content,0.6400910000000001,0.6396185,0.64051525,0.636965,0.6422289999999999,0.641922205,0.6370527850000001,0.6371,0.6419
Completeness_Specific,100.0,100.0,100.0,100.0,100.0,100.0,100.0,98.63,100.0
Contamination,0.25,0.15,0.36,0.01,2.01,1.9375999999999998,0.01,0.01,1.94
Total_Coding_Sequences,5169.5,5040.25,5274.5,4737.0,5926.0,5916.045,4771.39,4771.39,5916.04
Genome_Size,5210230.0,5106255.0,5318896.25,4863038.0,5817492.0,5800641.805,4922095.585,4922095.58,5800641.8
