metric,median,q1,q3,min,max,upper_bound,lower_bound,MY_LOWER,MY_UPPER
N50,84268.0,53452.0,127159.5,14400.0,359206.0,343344.39000000036,16760.56,16760.56,343344.39
number,74.0,57.5,105.0,26.0,267.0,251.7100000000002,31.66,31.66,251.71
longest,257567.0,160031.5,389135.5,62900.0,759343.0,756557.8000000002,69325.64,69325.64,756557.8
GC_Content,0.328013,0.326666,0.328598,0.32457299999999994,0.33139,0.33118576,0.32463339,0.3246,0.3321
Completeness_Specific,99.95,99.88,99.97,98.92,100.0,99.99,99.33659999999999,92.47,99.99
Contamination,0.08,0.03,0.15,0.0,0.42,0.3468000000000006,0.0,0.0,3.24
Total_Coding_Sequences,1964.0,1898.0,2024.0,1738.0,2290.0,2280.02,1742.3,1742.3,2346.0
Genome_Size,1999599.0,1939241.0,2035769.5,1791631.0,2214169.0,2206283.94,1806912.58,1806912.58,2320461.0
