metric,median,q1,q3,min,max,upper_bound,lower_bound,MY_LOWER,MY_UPPER
N50,141500.0,120218.0,169338.0,56390.0,329948.0,328892.94,59612.76,59612.76,328892.94
number,60.0,48.0,71.0,24.0,122.0,113.84000000000015,29.58,29.58,113.84
longest,343707.0,250972.0,444831.0,124498.0,698409.0,637549.2400000003,126819.64,126819.64,637549.24
GC_Content,0.523016,0.5222140000000001,0.523495,0.518507,0.5267430000000001,0.5253352,0.5193876000000001,0.5194,0.5263
Completeness_Specific,100.0,100.0,100.0,100.0,100.0,100.0,100.0,99.04,100.0
Contamination,0.07,0.06,0.11,0.0,0.36,0.21,0.01,0.01,0.3
Total_Coding_Sequences,2023.0,2004.0,2068.0,1890.0,2254.0,2198.84,1931.0,1931.0,2263.0
Genome_Size,2151956.0,2131786.0,2187868.0,2067598.0,2330942.0,2273431.06,2094635.22,2094635.22,2273431.06
