metric,median,q1,q3,min,max,upper_bound,lower_bound,MY_LOWER,MY_UPPER
N50,147405.0,85605.0,147405.0,35619.0,153367.0,150818.585,60566.095,60566.1,150818.58
number,230.0,215.75,244.0,90.0,293.0,283.01,120.415,120.42,283.01
longest,332284.0,332089.5,339091.0,177340.0,392475.0,392277.505,214041.5,214041.5,392277.5
GC_Content,0.380965,0.380911,0.38103699999999996,0.379461,0.381534,0.38143418,0.38025088,0.3786,0.3823
Completeness_Specific,100.0,100.0,100.0,100.0,100.0,100.0,100.0,94.1,100.0
Contamination,1.22,0.2175,1.22,0.17,1.64,1.5804999999999996,0.18,0.13,1.58
Total_Coding_Sequences,1974.0,1958.0,1985.0,1832.0,2027.0,2014.01,1848.87,1686.0,2014.01
Genome_Size,2173908.5,2168295.75,2179280.0,2095298.0,2223495.0,2204165.565,2113783.815,2047560.0,2210336.0
