metric,median,q1,q3,min,max,upper_bound,lower_bound,MY_LOWER,MY_UPPER
N50,458430.0,379559.5,520603.0,167385.0,1150258.0,1088500.9300000006,274854.09,274854.09,1088500.93
number,44.0,38.25,55.75,22.0,125.0,109.07000000000016,22.885,22.88,109.07
longest,1350269.0,1057643.0,1838398.0,447801.0,2512990.0,2489026.8550000004,615651.87,615651.87,2489026.86
GC_Content,0.5850599999999999,0.58426175,0.58546275,0.5826319999999999,0.586282,0.58625545,0.58264793,0.5717,0.6003
Completeness_Specific,100.0,100.0,100.0,100.0,100.0,100.0,100.0,88.93,100.0
Contamination,0.375,0.16,0.82,0.0,3.97,3.8195500000000013,0.044250000000000005,0.04,15.92
Total_Coding_Sequences,5558.0,5393.0,5691.75,4998.0,6394.0,6147.085000000003,5066.145,4356.0,6147.09
Genome_Size,5868166.0,5738931.0,6014675.0,5392106.0,6768180.0,6446688.705000003,5409170.57,4675914.0,6469646.0
