metric,median,q1,q3,min,max,upper_bound,lower_bound,MY_LOWER,MY_UPPER
N50,222203.0,146820.5,310774.0,53277.0,590297.0,415218.62,69058.07,69058.07,415218.62
number,105.0,90.0,122.0,54.0,222.0,201.0,61.0,61.0,201.0
longest,563840.0,392661.0,778587.0,166802.0,1667780.0,1555783.72,198950.96,198950.96,1555783.72
GC_Content,0.514205,0.513691,0.5147345,0.510584,0.5163340000000001,0.51561627,0.5116628,0.5116,0.5156
Completeness_Specific,100.0,100.0,100.0,100.0,100.0,100.0,100.0,97.05,100.0
Contamination,0.05,0.03,0.07,0.0,0.48,0.3161999999999989,0.0,0.0,6.28
Total_Coding_Sequences,4305.0,4247.5,4397.5,4053.0,4697.0,4631.48,4121.69,4121.69,5479.0
Genome_Size,4547365.0,4501243.0,4619099.5,4334723.0,4829237.0,4803895.499999999,4413019.52,4413019.52,5542871.0
