metric,median,q1,q3,min,max,upper_bound,lower_bound,MY_LOWER,MY_UPPER
N50,221353.0,115039.0,313614.0,47081.0,563153.0,553976.2799999999,49154.68,49154.68,553976.28
number,32.0,24.0,46.0,9.0,90.0,88.32,10.120000000000001,10.12,88.32
longest,441171.0,263572.0,523268.0,101452.0,695283.0,694479.4,106341.36,106341.36,694479.4
GC_Content,0.34045000000000003,0.339929,0.343211,0.337566,0.34442500000000004,0.3443858,0.3377872,0.3332,0.3444
Completeness_Specific,99.98,99.97,99.99,99.94,100.0,99.9944,99.94,99.21,99.99
Contamination,0.11,0.06,0.36,0.02,0.67,0.6027999999999998,0.0256,0.03,1.08
Total_Coding_Sequences,1818.0,1782.0,1884.0,1724.0,2094.0,2071.04,1726.8,1726.8,2071.04
Genome_Size,1746533.0,1727197.0,1781948.0,1683721.0,1926298.0,1907711.5999999999,1688797.96,1688797.96,1907711.6
