metric,median,q1,q3,min,max,upper_bound,lower_bound,MY_LOWER,MY_UPPER
N50,212141.5,179134.5,264097.5,64222.0,387783.0,350344.3399999999,76605.19,76605.19,350344.34
number,72.5,59.0,92.25,23.0,182.0,174.0,30.71,30.71,174.0
longest,508391.0,368402.75,537582.5,158232.0,930351.0,891339.6199999988,207818.36,207818.36,891339.62
GC_Content,0.4019595,0.401355,0.40442125,0.400503,0.40726599999999996,0.40698391999999994,0.401214195,0.3987,0.4084
Completeness_Specific,100.0,100.0,100.0,100.0,100.0,100.0,100.0,90.54,100.0
Contamination,0.52,0.39,0.52,0.1,0.7,0.6657999999999993,0.1,0.1,11.72
Total_Coding_Sequences,3426.0,3163.75,3436.0,2944.0,3505.0,3486.8349999999996,2971.23,2971.23,3715.0
Genome_Size,3653794.0,3303079.0,3656297.5,3113970.0,3725113.0,3672084.6399999997,3119722.035,3119722.04,3792603.0
