metric,median,q1,q3,min,max,upper_bound,lower_bound,MY_LOWER,MY_UPPER
N50,201986.0,114929.0,295775.0,26867.0,645340.0,601169.3799999999,32589.08,32589.08,601169.38
number,136.0,89.0,196.0,29.0,645.0,462.47999999999973,29.0,29.0,462.48
longest,504577.0,388560.0,760317.0,122219.0,2065254.0,1816821.6599999997,136189.58,136189.58,1816821.66
GC_Content,0.619481,0.616569,0.621959,0.598942,0.636081,0.63484548,0.59970406,0.5923,0.6348
Completeness_Specific,100.0,100.0,100.0,99.99,100.0,100.0,99.99,95.52,100.0
Contamination,0.41,0.16,0.71,0.0,1.63,1.5597999999999999,0.0078000000000000005,0.01,9.85
Total_Coding_Sequences,5804.0,5473.0,6131.0,4558.0,6766.0,6708.28,4604.02,4604.02,7087.0
Genome_Size,6326426.0,6070820.0,6635465.0,5137631.0,7071445.0,7069270.36,5157521.0,5157521.0,7467685.0
