metric,median,q1,q3,min,max,upper_bound,lower_bound,MY_LOWER,MY_UPPER
N50,321640.0,212696.0,327834.0,16217.0,748236.0,677178.2499999985,63427.565,63427.56,677178.25
number,67.0,62.0,80.0,13.0,825.0,609.8699999999934,23.475,23.48,609.87
longest,782591.0,489680.5,1052944.0,86153.0,1229227.0,1193309.9799999988,191850.435,191850.44,1193309.98
GC_Content,0.6393154999999999,0.63851025,0.639647,0.602502,0.642894,0.642386055,0.613139615,0.5967,0.6433
Completeness_Specific,100.0,100.0,100.0,99.98,100.0,100.0,99.99,95.89,100.0
Contamination,0.15,0.13,0.17,0.0,4.42,1.7281999999999993,0.0,0.0,2.53
Total_Coding_Sequences,4158.5,4139.0,4345.25,3972.0,5002.0,4883.905,3986.015,3986.02,4883.9
Genome_Size,4520809.5,4508723.25,4669504.5,4299938.0,5215861.0,5102876.449999998,4312085.74,4205356.0,5102876.45
