metric,median,q1,q3,min,max,upper_bound,lower_bound,MY_LOWER,MY_UPPER
N50,125653.0,75203.0,198442.0,10347.0,449246.0,441357.23000000004,11078.4,11078.4,441357.23
number,64.0,40.5,91.0,18.0,332.0,323.03000000000003,19.38,19.38,323.03
longest,258892.0,176077.0,433513.5,31757.0,610159.0,590376.7000000001,32857.55,32857.55,590376.7
GC_Content,0.394263,0.3933845,0.3949565,0.39057600000000003,0.399322,0.39821041,0.39108039,0.3911,0.3982
Completeness_Specific,100.0,100.0,100.0,100.0,100.0,100.0,100.0,98.23,100.0
Contamination,0.14,0.035,0.51,0.0,1.54,1.4986000000000002,0.0,0.0,1.5
Total_Coding_Sequences,1993.0,1903.5,2086.0,1762.0,2211.0,2204.79,1791.67,1791.67,2244.0
Genome_Size,2062687.0,1974146.5,2118379.0,1849171.0,2222165.0,2212501.55,1855648.03,1855648.03,2228071.0
