metric,median,q1,q3,min,max,upper_bound,lower_bound,MY_LOWER,MY_UPPER
N50,181324.0,84839.0,412844.0,16298.0,695919.0,675428.6099999996,52189.48,52189.48,675428.61
number,62.0,38.0,121.0,20.0,379.0,319.6599999999987,21.11,21.11,319.66
longest,428925.0,236429.5,670602.5,93307.0,1419220.0,1396536.3699999996,134965.25,134965.25,1396536.37
GC_Content,0.324392,0.32393950000000005,0.325035,0.322621,0.326714,0.32663781,0.32278066,0.3228,0.3282
Completeness_Specific,99.82,99.49,99.92,97.8,100.0,99.99,98.1711,96.92,99.99
Contamination,0.21,0.14,0.34,0.01,1.51,1.15,0.01,0.01,4.37
Total_Coding_Sequences,2786.0,2713.0,2892.0,2595.0,3214.0,3112.12,2615.33,2615.33,3173.0
Genome_Size,2783526.0,2660125.5,2903883.5,2555675.0,3113284.0,3038680.79,2571994.32,2571994.32,3108824.0
