metric,median,q1,q3,min,max,upper_bound,lower_bound,MY_LOWER,MY_UPPER
N50,306962.0,143496.0,484855.0,68651.0,1185478.0,985053.7200000004,77051.8,77051.8,985053.72
number,85.0,50.0,179.0,24.0,295.0,271.7600000000002,25.64,25.64,271.76
longest,725825.0,407684.0,1013273.0,209797.0,2341834.0,2256387.8400000012,215136.8,215136.8,2256387.84
GC_Content,0.520628,0.519448,0.521324,0.5161,0.522842,0.52251704,0.51634708,0.5114,0.5225
Completeness_Specific,100.0,100.0,100.0,100.0,100.0,100.0,100.0,97.96,100.0
Contamination,0.25,0.14,0.46,0.02,1.57,1.3636000000000035,0.04,0.04,5.62
Total_Coding_Sequences,4837.0,4617.0,5199.0,4413.0,5807.0,5762.040000000001,4436.0,4436.0,6161.0
Genome_Size,5107767.0,4922966.0,5375435.0,4710085.0,5881441.0,5835378.120000001,4773195.36,4773195.36,6171839.0
