metric,median,q1,q3,min,max,upper_bound,lower_bound,MY_LOWER,MY_UPPER
N50,488745.0,397736.5,681505.0,65250.0,2510842.0,2510799.81,80892.49,80892.49,2510799.81
number,44.0,37.0,54.0,23.0,185.0,172.80999999999995,23.0,23.0,172.81
longest,1148317.5,751264.0,1631277.0,231334.0,2510842.0,2510799.81,265673.37,265673.37,2510799.81
GC_Content,0.5377514999999999,0.537235,0.5380715,0.533841,0.539863,0.539703245,0.533964135,0.5324,0.5397
Completeness_Specific,100.0,100.0,100.0,100.0,100.0,100.0,100.0,98.05,100.0
Contamination,0.03,0.0,0.05,0.0,0.56,0.5526999999999999,0.0,0.0,1.47
Total_Coding_Sequences,4470.0,4347.5,4556.75,4136.0,4943.0,4799.905,4170.73,4170.73,5111.0
Genome_Size,4809019.0,4691600.5,4868025.75,4496670.0,5148538.0,5082715.935,4538100.64,4538100.64,5270494.0
