metric,median,q1,q3,min,max,upper_bound,lower_bound,MY_LOWER,MY_UPPER
N50,977841.0,189917.0,1021794.0,61217.0,1022906.0,1022904.18,77426.8,77426.8,1022904.18
number,19.0,18.0,22.0,12.0,63.0,47.18000000000001,12.82,12.82,47.18
longest,977841.0,352974.0,1021794.0,154925.0,1022906.0,1022904.18,180591.32,180591.32,1022904.18
GC_Content,0.604668,0.604664,0.604708,0.60403,0.605198,0.60493854,0.60429238,0.6021,0.6064
Completeness_Specific,99.84,99.84,99.86,99.72,99.92,99.9,99.7682,94.76,99.9
Contamination,0.16,0.16,0.23,0.14,0.25,0.24,0.14,0.14,3.15
Total_Coding_Sequences,1565.0,1564.0,1567.0,1558.0,1578.0,1575.18,1559.82,1559.82,1683.0
Genome_Size,1917988.0,1917544.0,1920186.0,1912459.0,1927475.0,1925681.2,1915351.72,1915351.72,2027369.0
