metric,median,q1,q3,min,max,upper_bound,lower_bound,MY_LOWER,MY_UPPER
N50,312373.0,886.0,312703.0,349.0,768024.0,765468.36,350.8,350.8,765468.36
number,67.0,32.0,3910.0,3.0,12584.0,12561.32,4.08,4.08,12561.32
longest,444809.0,312566.0,446867.0,15511.0,768024.0,765468.36,19370.56,19370.56,765468.36
GC_Content,0.411406,0.410474,0.447052,0.409676,0.465326,0.46528712,0.40978544,0.4098,0.4653
Completeness_Specific,99.7,99.63,99.87,28.1,100.0,100.0,52.742,52.74,100.0
Contamination,0.11,0.07,0.7,0.04,5.42,5.2328,0.04,0.04,5.23
Total_Coding_Sequences,1022.0,980.0,4453.0,949.0,13063.0,13040.32,950.8,950.8,13040.32
Genome_Size,1159354.0,1129103.0,2467264.0,1095389.0,5289348.0,5268094.32,1099417.76,1099417.76,5268094.32
