metric,median,q1,q3,min,max,upper_bound,lower_bound,MY_LOWER,MY_UPPER
N50,260397.0,175212.0,350877.0,62775.0,1144805.0,1107179.86,70614.56999999999,70614.57,1107179.86
number,81.5,59.0,111.0,27.0,265.0,209.10000000000002,27.38,27.38,209.1
longest,554952.0,442717.75,721853.75,223548.0,1569930.0,1528193.87,230908.78,230908.78,1528193.87
GC_Content,0.4984365,0.49773,0.49917449999999997,0.49483600000000005,0.500951,0.500949715,0.4949696,0.495,0.5012
Completeness_Specific,100.0,100.0,100.0,100.0,100.0,100.0,100.0,89.94,100.0
Contamination,0.3,0.16,0.4,0.02,1.0,0.92905,0.0519,0.05,8.53
Total_Coding_Sequences,4462.5,4314.25,4636.25,4092.0,5076.0,5021.24,4098.76,4098.76,5127.0
Genome_Size,4703626.5,4597305.75,4858782.0,4367970.0,5193242.0,5166035.715,4373190.17,4373190.17,5228048.0
