metric,median,q1,q3,min,max,upper_bound,lower_bound,MY_LOWER,MY_UPPER
N50,90045.0,73782.0,98273.0,23649.0,155876.0,151866.8,29598.06,29598.06,151866.8
number,94.0,84.0,112.0,61.0,222.0,204.83999999999997,61.78,61.78,204.84
longest,209056.0,201210.0,228624.0,83029.0,423189.0,422718.66,106526.5,106526.5,422718.66
GC_Content,0.37625,0.375308,0.376738,0.37209400000000004,0.37832299999999996,0.37788308,0.37224298,0.3722,0.3868
Completeness_Specific,99.93,99.91,99.95,99.77,99.97,99.97,99.8402,87.48,99.97
Contamination,0.12,0.02,0.17,0.01,0.45,0.41879999999999995,0.01,0.01,5.58
Total_Coding_Sequences,2235.0,2218.0,2282.0,2150.0,2426.0,2384.66,2160.14,2160.14,2385.0
Genome_Size,2316605.0,2305806.0,2345681.0,2255806.0,2414481.0,2403961.14,2265171.46,2253590.0,2422140.0
