metric,median,q1,q3,min,max,upper_bound,lower_bound,MY_LOWER,MY_UPPER
N50,143043.0,28539.0,225872.0,8580.0,597874.0,550120.3599999996,8901.78,8901.78,550120.36
number,174.0,89.0,350.5,53.0,798.0,797.0699999999999,54.86,54.86,797.07
longest,446277.0,104949.0,740891.5,42164.0,1123204.0,1123080.31,43853.81,43853.81,1123080.31
GC_Content,0.38267,0.382031,0.383098,0.38087200000000004,0.38675,0.38593346000000006,0.38088502,0.3809,0.3859
Completeness_Specific,100.0,100.0,100.0,100.0,100.0,100.0,100.0,93.39,100.0
Contamination,0.03,0.02,0.06,0.0,0.98,0.47779999999999634,0.0,0.0,11.62
Total_Coding_Sequences,3998.0,3900.5,4017.0,3673.0,4337.0,4316.54,3674.86,3674.86,4316.54
Genome_Size,4293318.0,4225099.0,4315964.0,4069291.0,4575600.0,4523733.899999999,4071768.52,4071768.52,4523733.9
