metric,median,q1,q3,min,max,upper_bound,lower_bound,MY_LOWER,MY_UPPER
N50,62009.5,42263.0,88371.75,5575.0,267033.0,250341.9,9356.995,9357.0,250341.9
number,109.0,86.0,150.5,42.0,807.0,520.8100000000022,49.395,49.4,520.81
longest,181714.5,138734.5,247644.25,28288.0,548413.0,507558.1500000016,36018.63,36018.63,507558.15
GC_Content,0.7302839999999999,0.7290657500000001,0.7311779999999999,0.723704,0.733499,0.733181285,0.7250823949999999,0.7251,0.7332
Completeness_Specific,99.99,99.98,100.0,91.18,100.0,100.0,95.97399999999999,92.37,100.0
Contamination,0.22,0.02,0.5125,0.0,2.83,1.8815000000000055,0.0,0.0,2.3
Total_Coding_Sequences,2320.0,2260.75,2379.25,2169.0,2892.0,2869.235,2176.395,2176.4,2869.24
Genome_Size,2515705.5,2460350.5,2564195.25,2370055.0,2982654.0,2750189.3850000002,2382742.11,2382742.11,2750189.38
