metric,median,q1,q3,min,max,upper_bound,lower_bound,MY_LOWER,MY_UPPER
N50,45669.0,34831.5,70750.25,15551.0,153179.0,143438.95,16687.355,16687.36,143438.95
number,300.0,197.25,401.75,111.0,828.0,796.1400000000001,121.13,121.13,796.14
longest,166988.5,123932.0,211094.0,50535.0,560778.0,349943.05500000005,60464.075,60464.08,349943.06
GC_Content,0.636592,0.636283,0.63723525,0.634851,0.638505,0.63846768,0.6352181349999999,0.6323,0.6385
Completeness_Specific,100.0,100.0,100.0,99.97,100.0,100.0,99.99065,97.66,100.0
Contamination,0.13,0.07,0.2475,0.0,2.55,2.101800000000001,0.01,0.01,2.7
Total_Coding_Sequences,4560.5,4456.25,4668.5,4308.0,5189.0,5183.4,4327.065,4327.06,5196.0
Genome_Size,5228748.0,5178531.5,5241542.25,5064974.0,5746964.0,5735153.92,5066786.59,5066786.59,5974827.0
