metric,median,q1,q3,min,max,upper_bound,lower_bound,MY_LOWER,MY_UPPER
N50,160489.0,134251.0,202946.5,111213.0,322212.0,322209.18,112684.57,112684.57,322209.18
number,79.0,64.0,85.0,35.0,127.0,124.65,36.41,36.41,124.65
longest,413715.0,309767.0,617760.0,253728.0,1079627.0,1056069.19,253761.84,253761.84,1056069.19
GC_Content,0.47572400000000004,0.4749025,0.47622349999999997,0.473673,0.47641100000000003,0.47641006,0.47367676,0.4737,0.4772
Completeness_Specific,100.0,100.0,100.0,100.0,100.0,100.0,100.0,94.06,100.0
Contamination,0.04,0.03,0.06,0.0,0.14,0.13060000000000002,0.0,0.0,2.01
Total_Coding_Sequences,3405.0,3373.0,3453.0,3221.0,3580.0,3578.12,3239.33,3234.0,3676.0
Genome_Size,3756566.0,3739506.0,3800097.5,3616064.0,3908944.0,3900268.74,3632767.33,3585796.0,4006131.0
