metric,median,q1,q3,min,max,upper_bound,lower_bound,MY_LOWER,MY_UPPER
N50,206375.5,46935.0,221572.0,1922.0,910047.0,909868.31,2766.565,2766.56,909868.31
number,275.5,195.75,368.25,54.0,1109.0,1021.6650000000005,76.18,76.18,1021.67
longest,344061.5,158260.0,465032.25,13884.0,910047.0,909868.31,18324.49,18324.49,909868.31
GC_Content,0.28267450000000005,0.28149625,0.285574,0.278931,0.33220999999999995,0.32456299000000005,0.27935695000000005,0.2794,0.3246
Completeness_Specific,97.21,96.64,97.73,70.25,99.41,99.23665,84.32379999999999,84.32,99.87
Contamination,0.36,0.26,0.45,0.12,5.55,3.436450000000069,0.13795000000000002,0.14,8.33
Total_Coding_Sequences,1469.0,1393.75,1562.0,1051.0,2269.0,1995.7650000000012,1104.975,855.0,1995.77
Genome_Size,1367341.0,1325255.0,1424143.75,995874.0,1768788.0,1687185.0100000002,1073962.805,906733.0,1687185.01
