metric,median,q1,q3,min,max,upper_bound,lower_bound,MY_LOWER,MY_UPPER
N50,149400.0,60012.5,250725.5,10467.0,564511.0,558084.81,11271.46,11271.46,558084.81
number,101.0,62.5,170.5,26.0,466.0,454.32000000000016,27.46,27.46,454.32
longest,382004.0,172648.5,604684.0,44438.0,1326454.0,1223654.6700000013,47344.13,47344.13,1223654.67
GC_Content,0.270447,0.2702145,0.270797,0.269829,0.274165,0.27401243000000003,0.26984506,0.2698,0.274
Completeness_Specific,100.0,100.0,100.0,100.0,100.0,100.0,100.0,93.88,100.0
Contamination,0.56,0.52,0.635,0.36,0.95,0.9135000000000005,0.36,0.31,1.39
Total_Coding_Sequences,2790.0,2721.0,2836.5,2594.0,2973.0,2960.59,2595.46,2595.46,2986.0
Genome_Size,3100179.0,3052460.0,3121019.0,2987185.0,3179029.0,3166779.6,2988879.33,2988879.33,3277544.0
