metric,median,q1,q3,min,max,upper_bound,lower_bound,MY_LOWER,MY_UPPER
N50,213045.0,130425.5,222736.25,11436.0,692888.0,692791.485,12341.45,12341.45,692791.48
number,84.0,55.5,149.5,21.0,526.0,445.40499999999963,21.995,22.0,445.4
longest,404768.0,273960.75,463600.0,40691.0,692888.0,692791.485,44912.785,44912.78,692791.48
GC_Content,0.2786995,0.27775225,0.27980925,0.274185,0.289776,0.28552535999999995,0.27577799500000005,0.2758,0.2881
Completeness_Specific,95.995,95.47,97.3175,92.15,99.6,99.46069999999999,93.42360000000001,78.05,99.72
Contamination,0.545,0.48,0.66,0.26,2.86,2.710749999999999,0.3197,0.03,2.71
Total_Coding_Sequences,1281.0,1216.25,1377.25,1007.0,1804.0,1730.3699999999997,1027.895,839.0,1730.37
Genome_Size,1288953.5,1244728.25,1346544.0,1059232.0,1465786.0,1462438.82,1082343.86,852383.0,1462438.82
