metric,median,q1,q3,min,max,upper_bound,lower_bound,MY_LOWER,MY_UPPER
N50,344761.0,182751.0,706519.0,10088.0,1382104.0,1198333.11,14105.4,14105.4,1198333.11
number,62.0,49.0,94.0,28.0,924.0,748.1050000000002,30.655,30.66,748.11
longest,1031943.0,587256.0,1635366.0,58403.0,2068938.0,1772426.525,85446.705,85446.7,1772426.52
GC_Content,0.351177,0.35105400000000003,0.35154325,0.349383,0.35434600000000005,0.35378407,0.35007999500000003,0.3501,0.3548
Completeness_Specific,100.0,100.0,100.0,99.97,100.0,100.0,99.99,94.84,100.0
Contamination,0.13,0.12,0.2025,0.0,2.37,1.1269000000000007,0.01,0.01,3.04
Total_Coding_Sequences,5745.0,5629.0,5764.0,5173.0,6292.0,6085.725,5240.0,5240.0,6085.72
Genome_Size,5450887.5,5400846.25,5460548.5,5059644.0,5925571.0,5820350.31,5132404.92,5132404.92,5820350.31
