metric,median,q1,q3,min,max,upper_bound,lower_bound,MY_LOWER,MY_UPPER
N50,183290.0,139708.5,195633.0,43620.0,333972.0,314560.355,52426.95,52426.95,314560.36
number,167.0,149.0,188.0,88.0,345.0,328.745,100.765,100.76,328.74
longest,530735.0,388559.5,534878.0,160014.0,879166.0,878393.645,176664.215,176664.22,878393.64
GC_Content,0.615935,0.61585325,0.616297,0.607928,0.6205890000000001,0.6200712549999999,0.6110064199999999,0.611,0.6201
Completeness_Specific,100.0,100.0,100.0,99.99,100.0,100.0,100.0,99.62,100.0
Contamination,0.13,0.11,0.36,0.04,2.29,1.5192000000000008,0.05255,0.05,1.52
Total_Coding_Sequences,5619.0,5565.25,5640.25,5160.0,6410.0,6337.25,5183.51,5183.51,6349.0
Genome_Size,6101577.5,6045494.75,6111990.75,5594456.0,6783019.0,6714418.01,5699045.105,5699045.1,6784073.0
