metric,median,q1,q3,min,max,upper_bound,lower_bound,MY_LOWER,MY_UPPER
N50,216932.0,124778.25,353341.75,20594.0,607780.0,574698.735,26027.005,26027.0,574698.74
number,36.0,27.0,57.0,14.0,198.0,171.7349999999999,16.0,16.0,171.73
longest,523077.0,326813.0,596807.0,76685.0,792317.0,764185.5449999997,88404.855,88404.86,764185.54
GC_Content,0.403053,0.40256925,0.40352675,0.40122300000000005,0.4065,0.40533604,0.40130597500000004,0.4009,0.4087
Completeness_Specific,100.0,100.0,100.0,99.99,100.0,100.0,100.0,90.01,100.0
Contamination,0.16,0.14,0.18,0.05,0.43,0.32734999999999903,0.07265,0.05,2.06
Total_Coding_Sequences,2119.0,2079.0,2183.0,2011.0,2492.0,2445.47,2014.265,2014.26,2877.0
Genome_Size,2282219.5,2254207.25,2323164.75,2187095.0,2528949.0,2494689.284999999,2194845.54,2126408.0,2783224.0
