metric,median,q1,q3,min,max,upper_bound,lower_bound,MY_LOWER,MY_UPPER
N50,42385.0,39207.0,59785.25,22229.0,133709.0,124200.975,24311.55,24311.55,124200.98
number,128.0,89.0,146.0,39.0,219.0,205.0,47.0,47.0,205.0
longest,136809.0,104722.0,180294.75,52005.0,427361.0,380935.72500000003,65264.5,65264.5,380935.72
GC_Content,0.413192,0.412039,0.41506275000000004,0.40948799999999996,0.418478,0.41790865,0.409499,0.4095,0.4186
Completeness_Specific,100.0,99.99,100.0,99.98,100.0,100.0,99.99,97.08,100.0
Contamination,0.3,0.28,0.4,0.03,1.37,0.9182500000000005,0.05,0.05,1.72
Total_Coding_Sequences,2054.0,1996.0,2114.0,1813.0,2253.0,2200.825,1836.0,1836.0,2233.0
Genome_Size,2118491.5,2079339.25,2138099.5,1968483.0,2284480.0,2201396.875,1980300.475,1980300.48,2284597.0
