metric,median,q1,q3,min,max,upper_bound,lower_bound,MY_LOWER,MY_UPPER
N50,91922.0,83753.0,114814.0,76244.0,146248.0,127100.0,77896.585,77896.59,127100.0
number,136.0,130.0,142.0,109.0,210.0,208.485,117.01,117.01,208.48
longest,330958.0,282531.0,331071.0,202115.0,362316.0,346510.2500000001,206493.285,206493.28,346510.25
GC_Content,0.390874,0.39082225,0.39093649999999996,0.390633,0.391214,0.39114098999999997,0.390689795,0.389,0.3917
Completeness_Specific,99.99,99.99,99.99,99.97,100.0,100.0,99.97505,97.06,100.0
Contamination,0.41,0.38,0.42,0.34,0.74,0.72,0.34505,0.35,3.06
Total_Coding_Sequences,3059.0,3053.0,3064.75,3033.0,3133.0,3129.495,3034.505,3034.5,3495.0
Genome_Size,3489105.0,3484739.25,3493706.0,3462651.0,3503294.0,3502833.325,3465450.74,3465450.74,3971483.0
