metric,median,q1,q3,min,max,upper_bound,lower_bound,MY_LOWER,MY_UPPER
N50,878425.0,527622.75,949049.5,122750.0,1900424.0,1895003.255,175800.14,175800.14,1895003.26
number,33.0,27.0,42.0,17.0,126.0,97.28999999999974,17.495,17.5,97.29
longest,978119.5,895437.75,1014309.0,380260.0,1900424.0,1895003.255,401347.495,401347.5,1895003.26
GC_Content,0.4159035,0.41509125,0.416213,0.413135,0.41698300000000005,0.41691271,0.4131449,0.4131,0.4177
Completeness_Specific,100.0,100.0,100.0,100.0,100.0,100.0,100.0,96.08,100.0
Contamination,0.01,0.0,0.03,0.0,0.49,0.45039999999999963,0.0,0.0,0.59
Total_Coding_Sequences,3735.5,3698.5,3784.5,3660.0,4047.0,4041.06,3660.495,3660.5,4354.0
Genome_Size,3700660.5,3677103.5,3734868.5,3603737.0,3900061.0,3900033.775,3615194.27,3615194.27,4151325.0
