metric,median,q1,q3,min,max,upper_bound,lower_bound,MY_LOWER,MY_UPPER
N50,168588.5,32526.5,327071.5,11170.0,754809.0,662397.4699999988,11869.06,11869.06,662397.47
number,47.0,28.0,145.25,7.0,404.0,403.04499999999996,7.0,7.0,403.04
longest,343493.0,94291.0,607606.25,37234.0,1065402.0,997342.0149999991,46826.020000000004,46826.02,997342.01
GC_Content,0.588071,0.5866782500000001,0.5886752500000001,0.584983,0.5908829999999999,0.59040741,0.5851825949999999,0.5852,0.5938
Completeness_Specific,99.96,99.9,99.98,99.08,99.99,99.99,99.12774999999999,94.55,99.99
Contamination,0.11,0.07,1.95,0.01,14.44,12.501349999999976,0.01,0.01,12.5
Total_Coding_Sequences,2008.5,1945.75,2081.5,1840.0,2427.0,2372.564999999999,1841.91,1841.91,2372.56
Genome_Size,2336433.5,2282169.75,2389195.25,2200810.0,2568621.0,2567893.29,2201031.56,2201031.56,2589602.0
