metric,median,q1,q3,min,max,upper_bound,lower_bound,MY_LOWER,MY_UPPER
N50,65764.0,52592.0,78321.5,24489.0,122034.0,115100.50000000007,24812.4,24812.4,115100.5
number,217.0,186.5,253.0,110.0,401.0,384.34000000000015,111.96,111.96,384.34
longest,192890.0,163871.0,269286.0,89671.0,324678.0,324579.51,90666.19,90666.19,324579.51
GC_Content,0.39001800000000003,0.389463,0.3905385,0.38785899999999995,0.392626,0.39261619999999997,0.38787223,0.3853,0.3926
Completeness_Specific,99.99,99.98,100.0,99.82,100.0,100.0,99.8249,93.73,100.0
Contamination,2.16,1.78,2.85,1.02,3.81,3.6483000000000017,1.0396,1.04,10.2
Total_Coding_Sequences,4395.0,4288.0,4509.5,4104.0,4634.0,4631.06,4113.8,3729.0,4887.0
Genome_Size,4374407.0,4295754.5,4470412.0,4117902.0,4610316.0,4610300.81,4124917.82,3723378.0,4882096.0
