metric,median,q1,q3,min,max,upper_bound,lower_bound,MY_LOWER,MY_UPPER
N50,346787.5,247775.5,496447.25,151687.0,1106707.0,1106685.37,161222.225,161222.22,1106685.37
number,57.0,33.75,79.5,18.0,126.0,120.335,18.0,18.0,120.34
longest,936939.5,652835.0,1386182.25,398205.0,2596045.0,2590658.615,398208.09,398208.09,2590658.62
GC_Content,0.593813,0.59330225,0.594166,0.590755,0.59718,0.59713468,0.5908054699999999,0.5717,0.6003
Completeness_Specific,100.0,99.99,100.0,99.83,100.0,100.0,99.83,88.93,100.0
Contamination,0.745,0.4325,0.86,0.09,2.21,1.9473499999999997,0.11575,0.12,15.92
Total_Coding_Sequences,5334.0,5165.75,5382.75,4556.0,5921.0,5917.91,4574.54,4356.0,6147.0
Genome_Size,5616307.5,5493984.5,5683287.75,4915669.0,6197120.0,6193163.255,4916598.575,4675914.0,6469646.0
