metric,median,q1,q3,min,max,upper_bound,lower_bound,MY_LOWER,MY_UPPER
N50,301504.0,189962.75,418659.5,32363.0,1418708.0,1236899.6000000006,48875.2,48875.2,1236899.6
number,115.0,74.0,166.0,29.0,525.0,397.7000000000007,35.0,35.0,397.7
longest,719314.0,486861.0,1031881.0,117389.0,2631140.0,2521410.1250000014,176576.275,176576.28,2521410.13
GC_Content,0.577354,0.5749340000000001,0.5792675,0.567424,0.5841080000000001,0.58385285,0.5686837499999999,0.565,0.5863
Completeness_Specific,100.0,100.0,100.0,99.99,100.0,100.0,99.99,97.07,100.0
Contamination,0.12,0.05,0.3,0.0,1.7,1.2285000000000037,0.0,0.0,2.31
Total_Coding_Sequences,5128.0,4945.0,5336.0,4595.0,6034.0,5835.475000000001,4645.075,4467.0,6241.0
Genome_Size,5461595.0,5304538.75,5622592.0,4989417.0,6289325.0,6050579.8,5029724.725,4579303.0,6212153.0
