metric,median,q1,q3,min,max,upper_bound,lower_bound,MY_LOWER,MY_UPPER
N50,188151.0,144300.75,230461.0,23367.0,384850.0,378465.8349999999,35912.775,35912.78,378465.83
number,123.0,92.0,171.0,53.0,767.0,605.4949999999981,61.325,61.32,605.49
longest,520212.0,378231.5,662460.25,107312.0,1063299.0,974433.5099999988,142543.95500000002,142543.96,974433.51
GC_Content,0.434632,0.433971,0.43535825,0.431916,0.43788200000000005,0.43787645000000003,0.43194042,0.4319,0.4379
Completeness_Specific,99.98,99.95,99.99,99.71,100.0,100.0,99.7766,96.46,100.0
Contamination,1.3,0.9275,1.8125,0.57,2.83,2.7744999999999993,0.5922,0.59,4.42
Total_Coding_Sequences,5439.5,5238.25,5538.75,5008.0,6259.0,6250.675,5025.205,5025.2,6250.68
Genome_Size,6698223.5,6556844.0,6807976.25,6350722.0,7541214.0,7541106.33,6364510.975,6364510.98,7541106.33
