metric,median,q1,q3,min,max,upper_bound,lower_bound,MY_LOWER,MY_UPPER
N50,380872.0,300254.0,445473.5,144956.0,688459.0,683667.27,144956.0,144956.0,683667.27
number,37.0,30.0,48.5,22.0,91.0,88.88,22.0,22.0,88.88
longest,648548.0,487987.0,1002331.0,262261.0,1125325.0,1124323.3,262261.0,262261.0,1124323.3
GC_Content,0.414807,0.414273,0.415556,0.41207900000000003,0.416901,0.41683157,0.41220779,0.4122,0.4168
Completeness_Specific,99.98,99.97,99.99,99.93,99.99,99.99,99.9353,83.76,99.99
Contamination,0.04,0.01,0.08499999999999999,0.0,0.25,0.18639999999999987,0.0,0.0,6.25
Total_Coding_Sequences,2705.0,2645.5,2739.5,2574.0,2877.0,2874.88,2576.65,2576.65,2874.88
Genome_Size,2709646.0,2681696.5,2767656.5,2568021.0,2887237.0,2860271.13,2577124.28,2577124.28,2860271.13
