metric,median,q1,q3,min,max,upper_bound,lower_bound,MY_LOWER,MY_UPPER
N50,380614.0,264210.0,529209.0,88880.0,1192555.0,1054426.0000000007,92869.22,92869.22,1054426.0
number,53.0,42.0,70.0,22.0,160.0,134.0,25.0,25.0,134.0
longest,794139.0,591831.0,1077161.0,169797.0,2224661.0,2091109.4200000013,270372.76,270372.76,2091109.42
GC_Content,0.567767,0.56689,0.5687570000000001,0.564108,0.5717669999999999,0.571227,0.56457028,0.563,0.5712
Completeness_Specific,100.0,100.0,100.0,100.0,100.0,100.0,100.0,96.26,100.0
Contamination,0.05,0.03,0.09,0.0,0.95,0.7018000000000006,0.0,0.0,3.28
Total_Coding_Sequences,4175.0,4085.0,4259.0,3881.0,4493.0,4465.0,3928.64,3928.64,4712.0
Genome_Size,4534519.0,4446804.0,4587271.0,4290726.0,4791059.0,4774702.84,4316152.64,4268675.0,4908057.0
