metric,median,q1,q3,min,max,upper_bound,lower_bound,MY_LOWER,MY_UPPER
N50,338915.0,255295.5,413567.0,46933.0,620680.0,524908.17,55670.64,55670.64,524908.17
number,200.0,171.0,228.0,77.0,376.0,360.14,77.0,77.0,360.14
longest,944799.0,831286.0,965536.5,178951.0,1762888.0,1743347.87,185639.04,185639.04,1743347.87
GC_Content,0.640733,0.639856,0.6409335,0.638501,0.6416660000000001,0.64160134,0.6386839999999999,0.6336,0.6416
Completeness_Specific,100.0,100.0,100.0,99.99,100.0,100.0,99.99,97.3,100.0
Contamination,0.29,0.23,0.31,0.08,0.94,0.7204000000000002,0.08,0.04,0.74
Total_Coding_Sequences,8391.0,8341.0,8491.0,6634.0,8858.0,8833.6,6634.0,6634.0,9093.0
Genome_Size,8894217.0,8856192.5,9020927.0,7132481.0,9428812.0,9371680.01,7134258.54,7134258.54,9535585.0
