metric,median,q1,q3,min,max,upper_bound,lower_bound,MY_LOWER,MY_UPPER
N50,490596.5,287107.25,683017.5,61465.0,1138849.0,1034793.4749999999,80645.205,80645.2,1034793.47
number,47.5,36.75,68.25,21.0,217.0,195.33999999999992,22.0,22.0,195.34
longest,943988.0,696307.75,1413144.25,178121.0,2421013.0,2395735.34,275252.48,275252.48,2395735.34
GC_Content,0.5452255,0.543932,0.5461035,0.538699,0.5480510000000001,0.547858665,0.539199105,0.538,0.5479
Completeness_Specific,100.0,100.0,100.0,100.0,100.0,100.0,100.0,94.41,100.0
Contamination,0.045,0.02,0.1225,0.0,0.82,0.66,0.0,0.0,1.08
Total_Coding_Sequences,4570.0,4473.0,4742.25,4288.0,5521.0,5518.585,4305.32,4305.32,5682.0
Genome_Size,4861552.0,4781150.5,4998606.25,4581441.0,5630861.0,5630562.965,4607170.61,4607170.61,5711988.0
