metric,median,q1,q3,min,max,upper_bound,lower_bound,MY_LOWER,MY_UPPER
N50,62531.0,41349.0,85907.0,10128.0,216572.0,202494.1600000007,11071.6,11071.6,202494.16
number,227.0,174.0,321.0,73.0,1067.0,843.7200000000003,108.0,108.0,843.72
longest,216224.0,144457.0,349788.0,42770.0,586595.0,525260.72,49289.72,49289.72,525260.72
GC_Content,0.349877,0.349638,0.350728,0.348055,0.35670999999999997,0.35388596000000005,0.34907232000000005,0.3491,0.356
Completeness_Specific,99.96,99.94,99.98,94.03,100.0,100.0,98.262,73.36,100.0
Contamination,0.13,0.06,0.16,0.03,3.79,2.0564000000000067,0.04,0.04,12.19
Total_Coding_Sequences,3783.0,3708.0,4001.0,3498.0,5079.0,4736.3200000000015,3646.16,3646.16,4736.32
Genome_Size,4618553.0,4574918.0,4780694.0,4143511.0,5269691.0,5152613.800000001,4376215.6,4376215.6,5521455.0
