metric,median,q1,q3,min,max,upper_bound,lower_bound,MY_LOWER,MY_UPPER
N50,310245.0,201309.0,473417.0,25203.0,1277193.0,1277193.0,25902.46,25902.46,1277193.0
number,47.0,37.0,64.0,19.0,239.0,198.82000000000033,20.64,20.64,198.82
longest,610451.0,437589.0,688350.0,82609.0,1277193.0,1277193.0,91002.52,91002.52,1277193.0
GC_Content,0.325568,0.325042,0.325936,0.324252,0.32791800000000004,0.32791308,0.32425938,0.3243,0.3284
Completeness_Specific,100.0,99.99,100.0,99.99,100.0,100.0,99.99,96.79,100.0
Contamination,0.19,0.09,0.31,0.01,0.98,0.9718,0.01,0.01,0.97
Total_Coding_Sequences,2451.0,2415.0,2504.0,2203.0,2652.0,2642.16,2246.46,2246.46,2728.0
Genome_Size,2525107.0,2486939.0,2569432.0,2306594.0,2672186.0,2656205.02,2333395.7,2333395.7,2780266.0
