metric,median,q1,q3,min,max,upper_bound,lower_bound,MY_LOWER,MY_UPPER
N50,479756.0,376322.0,544018.0,192430.0,1154800.0,1126184.9199999997,194054.35,194054.35,1126184.92
number,39.0,33.0,51.0,18.0,106.0,102.42999999999996,18.51,18.51,102.43
longest,881240.0,772548.0,1249862.0,465564.0,1937499.0,1920476.2199999997,477272.07,477272.07,1920476.22
GC_Content,0.573112,0.5710985,0.574875,0.569515,0.576563,0.57656249,0.56957569,0.5696,0.5766
Completeness_Specific,100.0,100.0,100.0,100.0,100.0,100.0,100.0,98.33,100.0
Contamination,0.04,0.02,0.065,0.0,0.72,0.5822999999999986,0.0,0.0,1.48
Total_Coding_Sequences,4145.0,4086.0,4236.0,3975.0,4465.0,4462.45,3975.51,3975.51,4462.45
Genome_Size,4581612.0,4512432.5,4628355.0,4391773.0,4808532.0,4808084.73,4392205.48,4392205.48,4808084.73
