metric,median,q1,q3,min,max,upper_bound,lower_bound,MY_LOWER,MY_UPPER
N50,166615.0,142499.75,172039.0,86217.0,220560.0,219643.69499999998,89352.195,89352.2,219643.69
number,189.0,171.75,199.0,111.0,291.0,279.89999999999986,114.33,114.33,279.9
longest,571808.0,459393.0,574951.0,278321.0,754722.0,754722.0,291692.615,291692.62,754722.0
GC_Content,0.2966625,0.2965255,0.29672725,0.29596,0.297866,0.297644,0.295976095,0.296,0.3
Completeness_Specific,100.0,100.0,100.0,100.0,100.0,100.0,100.0,88.98,100.0
Contamination,0.41,0.41,0.4875,0.21,1.43,1.4244499999999998,0.21555,0.22,8.99
Total_Coding_Sequences,5333.0,5322.0,5350.25,5036.0,5726.0,5687.15,5036.555,4986.0,5904.0
Genome_Size,5928986.0,5926933.25,5942191.0,5646401.0,6282558.0,6233549.279999999,5646981.53,5552291.0,6485394.0
