metric,median,q1,q3,min,max,upper_bound,lower_bound,MY_LOWER,MY_UPPER
N50,151486.0,131038.0,172238.0,72782.0,317896.0,306142.2249999999,76958.81,76958.81,306142.22
number,42.0,33.0,49.0,20.0,76.0,74.51499999999999,20.495,20.5,74.51
longest,245174.0,209988.25,421577.0,146060.0,638576.0,615360.4999999998,152250.965,152250.96,615360.5
GC_Content,0.520903,0.5184735,0.521673,0.515143,0.523853,0.52347878,0.51521032,0.5152,0.5235
Completeness_Specific,99.995,99.99,100.0,99.95,100.0,100.0,99.9599,98.06,100.0
Contamination,0.01,0.01,0.0425,0.0,0.15,0.14504999999999996,0.0,0.0,0.2
Total_Coding_Sequences,1966.0,1912.25,2003.5,1843.0,2109.0,2108.505,1845.475,1845.48,2108.5
Genome_Size,2055771.0,2014864.25,2086601.5,1977328.0,2196845.0,2183716.1149999998,1977390.37,1977390.37,2183716.11
