metric,median,q1,q3,min,max,upper_bound,lower_bound,MY_LOWER,MY_UPPER
N50,591906.5,379128.25,1002976.75,126854.0,2178584.0,2150254.71,145225.78,145225.78,2150254.71
number,40.0,32.0,51.0,18.0,176.0,114.98500000000018,18.67,18.67,114.99
longest,1051232.0,774025.25,1167585.0,297153.0,2178584.0,2150254.71,324225.435,324225.44,2150254.71
GC_Content,0.46378949999999997,0.4605225,0.46445125000000004,0.455086,0.467134,0.46652561,0.45639849499999996,0.4521,0.4698
Completeness_Specific,100.0,100.0,100.0,99.99,100.0,100.0,100.0,96.34,100.0
Contamination,0.1,0.05,0.1925,0.0,0.75,0.7233000000000004,0.0,0.0,1.18
Total_Coding_Sequences,3859.0,3774.0,4027.0,3689.0,4434.0,4397.0,3696.35,3683.0,4481.0
Genome_Size,3988889.5,3911511.5,4095393.0,3781067.0,4377011.0,4372452.48,3828109.835,3713516.0,4385679.0
