metric,median,q1,q3,min,max,upper_bound,lower_bound,MY_LOWER,MY_UPPER
N50,151257.0,125587.5,184644.0,69957.0,304550.0,299166.82500000007,70877.55,70877.55,299166.83
number,66.5,56.0,83.0,31.0,107.0,106.05000000000001,32.9,32.9,106.05
longest,321434.5,259331.25,436894.25,173961.0,563344.0,550746.0500000002,184709.3,184709.3,550746.05
GC_Content,0.4666585,0.46497299999999997,0.46765550000000006,0.46262000000000003,0.469339,0.46913665000000004,0.4628271,0.461,0.4691
Completeness_Specific,99.97,99.94,99.98,99.82,100.0,100.0,99.82,97.66,100.0
Contamination,0.2,0.08,0.3025,0.03,0.77,0.7320000000000004,0.03,0.03,0.84
Total_Coding_Sequences,1957.0,1864.5,2019.25,1772.0,2189.0,2173.8,1772.0,1772.0,2336.0
Genome_Size,2066275.5,1991348.75,2165222.75,1882947.0,2353560.0,2318063.7250000006,1883073.35,1883073.35,2434610.0
