metric,median,q1,q3,min,max,upper_bound,lower_bound,MY_LOWER,MY_UPPER
N50,113612.0,80712.0,154211.5,32408.0,286160.0,281706.41,33433.55,33433.55,281706.41
number,130.0,89.0,169.0,46.0,252.0,252.0,50.77,50.77,252.0
longest,341771.0,263246.0,381004.0,122447.0,613183.0,604707.24,124017.92,124017.92,604707.24
GC_Content,0.400008,0.399304,0.40066500000000005,0.396477,0.402032,0.40197423000000004,0.39722006,0.3972,0.4025
Completeness_Specific,99.99,99.99,100.0,99.88,100.0,100.0,99.8853,99.24,100.0
Contamination,0.23,0.14500000000000002,0.295,0.02,1.13,1.13,0.02,0.02,1.13
Total_Coding_Sequences,3422.0,3310.0,3542.0,3033.0,3815.0,3813.41,3035.12,3035.12,3949.0
Genome_Size,3592866.0,3491285.0,3692287.5,3233422.0,4025744.0,4024415.82,3251927.48,3251927.48,4185992.0
