metric,median,q1,q3,min,max,upper_bound,lower_bound,MY_LOWER,MY_UPPER
N50,115716.0,86227.0,177332.0,18207.0,478483.0,423288.9200000001,23145.52,23145.52,423288.92
number,193.0,146.0,244.0,58.0,966.0,726.12,68.88,68.88,726.12
longest,339980.0,260849.0,544781.0,78570.0,1363519.0,1097636.4000000001,95084.44,95084.44,1097636.4
GC_Content,0.670975,0.670258,0.672455,0.662678,0.675664,0.67540624,0.6636508400000001,0.6637,0.6754
Completeness_Specific,100.0,100.0,100.0,99.99,100.0,100.0,99.99,92.44,100.0
Contamination,0.35,0.14,0.86,0.0,3.47,2.3612,0.0,0.0,4.88
Total_Coding_Sequences,7172.0,6963.0,7341.0,6087.0,8368.0,8088.6,6215.32,6215.32,8113.0
Genome_Size,7841205.0,7641767.0,8023514.0,6646507.0,8895133.0,8700706.4,6747375.84,6747375.84,8731481.0
