metric,median,q1,q3,min,max,upper_bound,lower_bound,MY_LOWER,MY_UPPER
N50,101465.0,93202.0,110535.0,28398.0,227795.0,199886.86999999988,36955.53,36955.53,199886.87
number,157.0,148.0,165.0,61.0,412.0,372.78,96.22,96.22,372.78
longest,357711.0,287999.0,375365.0,127542.0,607077.0,570496.53,129123.69,129123.69,570496.53
GC_Content,0.667317,0.6672755,0.6673675000000001,0.66348,0.668289,0.66801002,0.6635051,0.6632,0.668
Completeness_Specific,100.0,100.0,100.0,100.0,100.0,100.0,100.0,90.04,100.0
Contamination,0.02,0.02,0.02,0.0,0.55,0.2855999999999994,0.0,0.0,4.08
Total_Coding_Sequences,4639.0,4624.0,4656.0,4370.0,5144.0,5076.5599999999995,4378.43,4378.43,5257.0
Genome_Size,5256762.0,5247945.0,5259740.5,4979540.0,5719070.0,5716866.09,5020235.04,5020235.04,5872605.0
