metric,median,q1,q3,min,max,upper_bound,lower_bound,MY_LOWER,MY_UPPER
N50,252973.0,167005.25,301041.75,66480.0,507075.0,470853.95000000024,71873.675,71873.68,470853.95
number,40.5,32.0,51.0,19.0,126.0,116.22500000000007,19.425,19.42,116.23
longest,692125.5,444345.0,945664.0,154502.0,1257637.0,1242948.1500000001,162966.3,162966.3,1242948.15
GC_Content,0.358149,0.3577575,0.35839350000000003,0.356902,0.358998,0.35894529999999997,0.356905825,0.36,0.36
Completeness_Specific,99.99,99.99,99.99,99.97,100.0,100.0,99.97,99.97,100.0
Contamination,0.02,0.0,0.0475,0.0,0.12,0.12,0.0,0.0,0.12
Total_Coding_Sequences,2283.0,2231.0,2305.5,2049.0,2426.0,2417.0750000000003,2051.125,2051.12,2417.08
Genome_Size,2438537.5,2405706.0,2456356.25,2198877.0,2538096.0,2536387.075,2200250.6,2200250.6,2536387.08
