metric,distribution,mean,std,median,q1,q3,iqr,min,max,lower_bound,upper_bound,MY_LOWER,MY_UPPER,species,count,refseq_count
N50,normal,234987.62790697673,91032.41540575385,252973.0,167005.25,301041.75,134036.5,66480.0,507075.0,71873.675,470853.95000000024,71873.68,470853.95,Staphylococcus coagulans,86,0
number,non-normal,44.093023255813954,18.219353310311835,40.5,32.0,51.0,19.0,19.0,126.0,19.425,116.22500000000007,19.42,116.23,Staphylococcus coagulans,86,0
longest,non-normal,702088.523255814,317783.90229162225,692125.5,444345.0,945664.0,501319.0,154502.0,1257637.0,162966.3,1242948.1500000001,162966.3,1242948.15,Staphylococcus coagulans,86,0
GC_Content,non-normal,0.3579828023255814,0.000542910306090895,0.358149,0.3577575,0.35839350000000003,0.0006360000000000254,0.356902,0.358998,0.356905825,0.35894529999999997,0.36,0.36,Staphylococcus coagulans,86,0
Completeness_Specific,normal,99.98883720930232,0.0073798286756370625,99.99,99.99,99.99,0.0,99.97,100.0,99.97,100.0,99.97,100.0,Staphylococcus coagulans,86,0
Contamination,non-normal,0.0322093023255814,0.038801856908055966,0.02,0.0,0.0475,0.0475,0.0,0.12,0.0,0.12,0.0,0.12,Staphylococcus coagulans,86,0
Total_Coding_Sequences,non-normal,2249.8837209302324,99.02717721926211,2283.0,2231.0,2305.5,74.5,2049.0,2426.0,2051.125,2417.0750000000003,2051.12,2417.08,Staphylococcus coagulans,86,0
Genome_Size,non-normal,2405142.011627907,98087.63128311552,2438537.5,2405706.0,2456356.25,50650.25,2198877.0,2538096.0,2200250.6,2536387.075,2200250.6,2536387.08,Staphylococcus coagulans,86,0
