metric,median,q1,q3,min,max,upper_bound,lower_bound,MY_LOWER,MY_UPPER
N50,292850.0,178216.5,386105.5,28256.0,1022549.0,678982.4400000001,50135.15,50135.15,678982.44
number,87.0,71.0,137.5,33.0,502.0,496.85000000000105,36.03,36.03,496.85
longest,722212.0,514793.5,916518.0,95661.0,2164143.0,1631561.22,158699.52,158699.52,1631561.22
GC_Content,0.428365,0.427111,0.42967999999999995,0.424277,0.433839,0.43275388,0.42442726000000003,0.4244,0.4328
Completeness_Specific,99.97,99.94,99.99,99.57,100.0,100.0,99.6808,99.68,100.0
Contamination,1.1,0.805,1.4649999999999999,0.36,3.17,3.1385000000000014,0.4204,0.35,3.14
Total_Coding_Sequences,5435.0,5260.0,5617.5,4954.0,6351.0,6026.95,4981.5,4981.5,6026.95
Genome_Size,6987176.0,6877658.5,7196208.5,6580548.0,7611306.0,7611019.97,6593690.86,6593690.86,7611019.97
