metric,median,q1,q3,min,max,upper_bound,lower_bound,MY_LOWER,MY_UPPER
N50,100871.0,51827.5,211708.0,17582.0,287290.0,225676.0,19457.08,19457.08,225676.0
number,179.0,113.0,310.0,74.0,776.0,725.5600000000004,77.93,77.93,725.56
longest,281653.0,196141.5,521526.5,84471.0,581739.0,581183.0,90410.02,90410.02,581183.0
GC_Content,0.6707420000000001,0.6706114999999999,0.6708535,0.669914,0.671133,0.67112507,0.6700387599999998,0.6693,0.6711
Completeness_Specific,100.0,100.0,100.0,100.0,100.0,100.0,100.0,100.0,100.0
Contamination,0.57,0.56,0.74,0.47,2.27,2.1007000000000007,0.48,0.14,2.1
Total_Coding_Sequences,5707.0,5663.5,5799.5,5560.0,6111.0,6077.63,5563.93,5563.93,6077.63
Genome_Size,6341155.0,6293619.0,6348986.0,6225958.0,6383992.0,6360166.53,6261372.96,6195642.0,6506221.0
