metric,distribution,mean,std,median,q1,q3,iqr,min,max,lower_bound,upper_bound,MY_LOWER,MY_UPPER,species,count,refseq_count,refseq_distribution,refseq_mean,refseq_std,refseq_median,refseq_q1,refseq_q3,refseq_iqr,refseq_min,refseq_max,refseq_lower_bound,refseq_upper_bound,KS_statistic,KS_p_value,Wasserstein_Distance
N50,non-normal,122772.56416772553,75475.80413693038,100871.0,51827.5,211708.0,159880.5,17582.0,287290.0,19457.08,225676.0,19457.08,225676.0,Burkholderia dolosa,787,0,,,,,,,,,,,,,,
number,non-normal,229.86277001270648,143.9464956860058,179.0,113.0,310.0,197.0,74.0,776.0,77.93,725.5600000000004,77.93,725.56,Burkholderia dolosa,787,0,,,,,,,,,,,,,,
longest,non-normal,349648.87674714107,166292.15148996108,281653.0,196141.5,521526.5,325385.0,84471.0,581739.0,90410.02,581183.0,90410.02,581183.0,Burkholderia dolosa,787,0,,,,,,,,,,,,,,
GC_Content,non-normal,0.6707282617534944,0.00020590503133686815,0.6707420000000001,0.6706114999999999,0.6708535,0.0002420000000000755,0.669914,0.671133,0.6700387599999998,0.67112507,0.6693,0.6711,Burkholderia dolosa,787,6,insufficient_data,0.6699291666666666,0.0002786750895856145,0.670069,0.66998675,0.67008,9.325000000004469e-05,0.669313,0.670081,0.6693292500000001,0.6700809750000001,0.9911054637865311,1.0126855456483054e-11,0.000799095086827597
Completeness_Specific,non-normal,100.0,0.0,100.0,100.0,100.0,0.0,100.0,100.0,100.0,100.0,100.0,100.0,Burkholderia dolosa,787,6,insufficient_data,100.0,0.0,100.0,100.0,100.0,0.0,100.0,100.0,100.0,100.0,0.0,1.0,0.0
Contamination,non-normal,0.6601143583227446,0.24731413569085997,0.57,0.56,0.74,0.17999999999999994,0.47,2.27,0.48,2.1007000000000007,0.14,2.1,Burkholderia dolosa,787,5,insufficient_data,0.14,0.0,0.14,0.14,0.14,0.0,0.14,0.14,0.14,0.14,1.0,7.799724530877104e-13,0.5201143583227446
Total_Coding_Sequences,non-normal,5730.984752223634,110.7453310848182,5707.0,5663.5,5799.5,136.0,5560.0,6111.0,5563.93,6077.63,5563.93,6077.63,Burkholderia dolosa,787,6,insufficient_data,5798.0,71.75653280364095,5813.5,5810.75,5815.5,4.75,5649.0,5886.0,5653.025,5884.25,0.6122405760271071,0.011355339538259202,82.64633629817874
Genome_Size,non-normal,6327476.055908513,27316.73324090827,6341155.0,6293619.0,6348986.0,55367.0,6225958.0,6383992.0,6261372.96,6360166.53,6195642.0,6506221.0,Burkholderia dolosa,787,6,insufficient_data,6390102.0,93841.01195816962,6409099.0,6409095.5,6410867.25,1771.75,6195642.0,6506221.0,6200978.325,6503851.875,0.8333333333333334,4.850075290921548e-05,91164.29521389242
