metric,median,q1,q3,min,max,upper_bound,lower_bound,MY_LOWER,MY_UPPER
N50,134169.0,87262.5,270375.75,28066.0,1173822.0,1168706.19,31606.845,31606.84,1168706.19
number,73.0,39.0,122.75,15.0,277.0,255.58000000000004,16.785,16.78,255.58
longest,431558.0,294870.75,718911.75,96190.0,1782097.0,1726589.4500000002,119486.63,119486.63,1726589.45
GC_Content,0.6641765000000001,0.6626952500000001,0.6650982499999999,0.657033,0.666825,0.666805365,0.657045495,0.657,0.6668
Completeness_Specific,100.0,100.0,100.0,100.0,100.0,100.0,100.0,99.0,100.0
Contamination,0.0,0.0,0.04,0.0,2.61,2.61,0.0,0.0,2.61
Total_Coding_Sequences,4149.5,4059.75,4334.0,3967.0,4913.0,4907.645,3968.785,3968.78,4907.65
Genome_Size,4594815.5,4514430.0,4768523.5,4426476.0,5292737.0,5291737.4,4430698.12,4430698.12,5291737.4
