metric,median,q1,q3,min,max,upper_bound,lower_bound,MY_LOWER,MY_UPPER
N50,211159.0,128698.5,275874.5,8831.0,791202.0,732549.3049999985,14870.615,14870.62,732549.3
number,108.0,87.0,151.0,34.0,849.0,598.645,37.355000000000004,37.36,598.64
longest,538307.5,329491.25,848899.5,40436.0,2124744.0,1904832.3049999983,61101.45,61101.45,1904832.3
GC_Content,0.4030675,0.40165025,0.40508900000000003,0.39980400000000005,0.41151200000000004,0.41086279499999995,0.39999127,0.4,0.4311
Completeness_Specific,100.0,100.0,100.0,100.0,100.0,100.0,100.0,95.53,100.0
Contamination,0.28,0.2,0.44,0.04,1.53,1.448599999999999,0.06,0.06,5.04
Total_Coding_Sequences,4250.5,4101.5,4430.0,3666.0,4957.0,4881.86,3753.775,3727.0,4897.0
Genome_Size,4604926.5,4478088.5,4737097.25,4061594.0,5142593.0,5088432.679999999,4165914.8,4023756.0,5088432.68
