metric,median,q1,q3,min,max,upper_bound,lower_bound,MY_LOWER,MY_UPPER
N50,103972.0,81586.5,128903.5,17434.0,242834.0,222972.60000000006,30885.550000000003,30885.55,222972.6
number,188.0,149.0,232.0,69.0,1019.0,581.2500000000011,78.0,78.0,581.25
longest,300739.0,237276.0,369243.0,63989.0,746905.0,635175.0,109225.35,109225.35,635175.0
GC_Content,0.422532,0.421269,0.4247725,0.417626,0.42918,0.42861905,0.41814155000000003,0.4181,0.4286
Completeness_Specific,100.0,100.0,100.0,99.99,100.0,100.0,99.99,97.1,100.0
Contamination,0.19,0.08,0.62,0.0,2.74,2.19,0.0,0.0,2.19
Total_Coding_Sequences,4403.0,4177.0,4652.0,3730.0,5335.0,5315.700000000001,3805.6,3805.6,5315.7
Genome_Size,5102570.0,4915369.0,5309497.0,4473101.0,5824919.0,5779186.9,4570738.85,4570738.85,5779186.9
