metric,median,q1,q3,min,max,upper_bound,lower_bound,MY_LOWER,MY_UPPER
N50,344509.0,260881.0,376176.0,40119.0,435596.0,435581.6,45694.8,45694.8,435581.6
number,89.0,78.0,95.0,48.0,239.0,191.60000000000045,51.0,51.0,191.6
longest,557716.0,461446.0,837420.0,100281.0,1029547.0,990047.2000000004,129160.8,129160.8,990047.2
GC_Content,0.535449,0.5352239999999999,0.53552,0.533278,0.5363859999999999,0.5362228,0.5334136,0.5334,0.5373
Completeness_Specific,100.0,100.0,100.0,100.0,100.0,100.0,100.0,95.4,100.0
Contamination,0.16,0.15,0.18,0.12,0.77,0.7040000000000006,0.12,0.12,0.91
Total_Coding_Sequences,3454.0,3443.0,3516.0,3417.0,3588.0,3573.6000000000004,3417.6,3417.6,3582.0
Genome_Size,3802885.0,3800856.0,3866232.0,3703322.0,3898964.0,3898380.2,3717225.2,3717225.2,3905604.0
