metric,median,q1,q3,min,max,upper_bound,lower_bound,MY_LOWER,MY_UPPER
N50,168047.5,84229.0,227457.75,14158.0,458242.0,432517.0,15207.885,15207.88,432517.0
number,82.0,71.0,120.0,21.0,331.0,273.9200000000001,21.675,21.68,273.92
longest,399915.5,243076.75,465450.0,70530.0,746529.0,706409.9800000001,79295.23,79295.23,706409.98
GC_Content,0.35111650000000005,0.3495815,0.35241150000000004,0.346605,0.354292,0.35385871,0.34673854,0.3467,0.3548
Completeness_Specific,100.0,100.0,100.0,99.98,100.0,100.0,99.99,94.77,100.0
Contamination,0.44,0.35,0.5425,0.05,1.88,1.8492000000000008,0.09,0.08,4.76
Total_Coding_Sequences,2575.5,2489.0,2625.25,2102.0,2941.0,2918.03,2192.455,2171.0,3087.0
Genome_Size,2531169.0,2458829.25,2559889.25,2150170.0,2836550.0,2818029.9000000004,2243617.39,2208218.0,2987858.0
