metric,median,q1,q3,min,max,upper_bound,lower_bound,MY_LOWER,MY_UPPER
N50,528896.0,528788.0,528897.0,412586.0,657494.0,548654.0,412645.0,412645.0,548654.0
number,57.0,54.25,61.0,46.0,161.0,131.995,49.005,49.0,132.0
longest,974610.0,974605.25,986842.0,821380.0,1339215.0,994367.0,893491.085,893491.08,994367.0
GC_Content,0.44000799999999995,0.439998,0.440016,0.439929,0.440064,0.44005398,0.43993700999999996,0.4399,0.4416
Completeness_Specific,100.0,100.0,100.0,100.0,100.0,100.0,100.0,99.53,100.0
Contamination,0.72,0.72,0.72,0.64,0.85,0.8097000000000003,0.71,0.71,2.38
Total_Coding_Sequences,5260.0,5258.0,5263.0,5211.0,5313.0,5305.925,5212.005,5212.0,5576.0
Genome_Size,5745338.0,5744621.75,5746842.25,5706377.0,5779313.0,5766395.32,5708284.16,5708284.16,5976027.0
