metric,median,q1,q3,min,max,upper_bound,lower_bound,MY_LOWER,MY_UPPER
N50,156206.0,106619.25,290811.25,14933.0,1062479.0,983974.3149999998,26358.855,26358.86,983974.31
number,91.0,58.0,118.25,19.0,474.0,352.03,23.0,23.0,352.03
longest,409218.5,302800.75,667496.0,50614.0,1923640.0,1758903.0899999999,95531.68000000001,95531.68,1758903.09
GC_Content,0.38748499999999997,0.38705275,0.38798499999999997,0.384281,0.391004,0.39015535,0.38477297499999996,0.3848,0.3918
Completeness_Specific,100.0,99.99,100.0,99.85,100.0,100.0,99.9199,97.5,100.0
Contamination,0.09,0.05,0.21,0.0,1.77,1.190949999999999,0.01,0.01,1.5
Total_Coding_Sequences,3788.0,3685.0,3876.0,3377.0,4348.0,4218.125,3428.97,3428.97,4325.0
Genome_Size,3998341.0,3911172.25,4061995.25,3665569.0,4463998.0,4404644.495,3701225.6,3688740.0,4499353.0
