metric,median,q1,q3,min,max,upper_bound,lower_bound,MY_LOWER,MY_UPPER
N50,134688.5,96516.0,164093.75,9210.0,718672.0,466321.32500000007,17467.685,17467.69,466321.33
number,105.0,83.0,136.0,19.0,779.0,482.0,34.0,34.0,482.0
longest,301308.5,250723.0,373248.0,44374.0,1648648.0,1110621.815,73316.14,73316.14,1110621.82
GC_Content,0.389457,0.38880899999999996,0.390146,0.384113,0.39706400000000003,0.39337911000000003,0.38757844500000005,0.3869,0.3975
Completeness_Specific,100.0,99.99,100.0,94.33,100.0,100.0,99.97,96.86,100.0
Contamination,0.13,0.08,0.24,0.0,4.32,1.39,0.0,0.0,6.63
Total_Coding_Sequences,3785.0,3704.0,3868.0,3232.0,4545.0,4200.0,3460.445,3452.0,4445.0
Genome_Size,3953434.5,3884469.75,4019485.25,3216153.0,4532195.0,4337223.890000001,3668576.805,3638126.0,4566577.0
