metric,median,q1,q3,min,max,upper_bound,lower_bound,MY_LOWER,MY_UPPER
N50,279995.0,190678.0,365583.0,31652.0,1217813.0,810072.5500000023,63383.850000000006,63383.85,810072.55
number,95.0,71.0,123.0,25.0,506.0,268.27000000000044,35.0,35.0,268.27
longest,689128.0,502174.5,935155.0,88353.0,2204162.0,1853879.0300000035,198856.18,198856.18,1853879.03
GC_Content,0.551181,0.5489265,0.553383,0.542862,0.559191,0.55733554,0.5448750600000001,0.5429,0.5577
Completeness_Specific,100.0,100.0,100.0,99.7,100.0,100.0,100.0,97.07,100.0
Contamination,0.15,0.06,0.39,0.0,2.68,1.59,0.0,0.0,3.3
Total_Coding_Sequences,4719.0,4554.0,4900.0,4099.0,5480.0,5252.27,4182.0,4182.0,5680.0
Genome_Size,4962672.0,4822485.0,5121242.5,4407058.0,5571002.0,5408157.0,4514585.34,4514131.0,5668552.0
