metric,median,q1,q3,min,max,upper_bound,lower_bound,MY_LOWER,MY_UPPER
N50,141845.0,100842.0,186969.0,72732.0,330499.0,310877.85999999987,77230.72,77230.72,310877.86
number,71.0,57.0,86.0,24.0,128.0,121.79999999999995,25.86,25.86,121.8
longest,348451.0,271844.0,416906.0,160990.0,734630.0,683129.0799999996,180128.78,180128.78,683129.08
GC_Content,0.622978,0.617867,0.624912,0.615071,0.626276,0.62624128,0.61523592,0.6135,0.6262
Completeness_Specific,99.98,99.96,99.98,99.87,100.0,100.0,99.8824,95.86,100.0
Contamination,0.05,0.01,0.16,0.0,2.12,1.7975999999999976,0.0,0.0,2.15
Total_Coding_Sequences,2044.0,2014.0,2088.0,1954.0,2202.0,2199.52,1957.72,1957.72,2268.0
Genome_Size,2330567.0,2304831.0,2370660.0,2227967.0,2454682.0,2454600.16,2235697.16,2235697.16,2524840.0
