metric,median,q1,q3,min,max,upper_bound,lower_bound,MY_LOWER,MY_UPPER
N50,218257.0,134023.0,340131.0,20744.0,2426740.0,921198.9200000011,29468.32,29468.32,921198.92
number,116.0,70.0,162.0,28.0,619.0,467.12,29.0,29.0,467.12
longest,626804.0,381288.0,930175.0,105689.0,2426740.0,2279766.8000000003,111244.44,111244.44,2279766.8
GC_Content,0.556001,0.5542159999999999,0.557913,0.546549,0.572754,0.56210032,0.54915604,0.5492,0.5621
Completeness_Specific,100.0,100.0,100.0,100.0,100.0,100.0,100.0,96.4,100.0
Contamination,0.07,0.02,0.16,0.0,1.22,1.0448000000000002,0.0,0.0,4.97
Total_Coding_Sequences,4648.0,4452.0,4805.0,4083.0,5417.0,5340.8,4114.92,4114.92,5626.0
Genome_Size,4902209.0,4726358.0,5027608.0,4433510.0,5573051.0,5492938.2,4462998.64,4462998.64,5615356.0
