metric,median,q1,q3,min,max,upper_bound,lower_bound,MY_LOWER,MY_UPPER
N50,219129.0,144112.5,259394.0,58131.0,573953.0,553859.0900000001,59405.64,59405.64,553859.09
number,37.0,29.5,52.0,19.0,125.0,109.96000000000004,19.0,19.0,109.96
longest,417128.0,341797.0,495889.0,174474.0,764465.0,751356.7000000001,175144.69,175144.69,751356.7
GC_Content,0.424339,0.42108650000000003,0.4254715,0.417107,0.425967,0.42592517,0.41713896,0.4171,0.426
Completeness_Specific,99.98,99.97,99.99,99.9,99.99,99.99,99.9188,97.24,99.99
Contamination,0.33,0.22,0.495,0.14,1.01,0.8173000000000005,0.1494,0.15,2.68
Total_Coding_Sequences,1747.0,1733.0,1834.0,1700.0,1932.0,1932.0,1700.0,1700.0,1932.0
Genome_Size,1959637.0,1944790.0,2043421.0,1899917.0,2150594.0,2143377.62,1900214.98,1900214.98,2143377.62
