metric,median,q1,q3,min,max,upper_bound,lower_bound,MY_LOWER,MY_UPPER
N50,237988.0,178154.0,334598.5,50521.0,718265.0,621074.7799999986,64040.479999999996,64040.48,621074.78
number,141.0,117.0,176.0,58.0,343.0,303.4199999999996,69.86,69.86,303.42
longest,607628.0,466410.0,863701.0,160617.0,1801818.0,1755400.8899999994,206859.42,206859.42,1755400.89
GC_Content,0.466693,0.4659305,0.46752099999999996,0.463039,0.470006,0.4694378,0.46354429999999996,0.4535,0.4694
Completeness_Specific,100.0,100.0,100.0,99.49,100.0,100.0,100.0,97.12,100.0
Contamination,0.07,0.04,0.11,0.0,0.78,0.6,0.0,0.0,5.02
Total_Coding_Sequences,4419.0,4352.5,4510.0,4154.0,4998.0,4939.139999999999,4223.29,4223.29,5771.0
Genome_Size,4959831.0,4905029.0,5044586.5,4636345.0,5462376.0,5427877.47,4754786.0,4754786.0,6067960.0
