metric,median,q1,q3,min,max,upper_bound,lower_bound,MY_LOWER,MY_UPPER
N50,274479.5,223556.25,305200.0,57406.0,494247.0,449616.32499999925,60007.555,60007.56,449616.32
number,134.0,108.0,174.75,61.0,421.0,340.9649999999999,64.07,64.07,340.96
longest,733691.5,605187.75,907879.5,180448.0,1393370.0,1254450.7899999982,207096.605,207096.6,1254450.79
GC_Content,0.6807110000000001,0.67994,0.681765,0.674747,0.683315,0.683083585,0.67689184,0.674,0.6831
Completeness_Specific,100.0,100.0,100.0,100.0,100.0,100.0,100.0,91.18,100.0
Contamination,2.72,2.205,3.21,0.88,4.36,4.178249999999996,1.0814,1.08,4.18
Total_Coding_Sequences,7153.5,6978.5,7305.5,6294.0,7827.0,7702.149999999996,6666.835,6666.84,8031.0
Genome_Size,8295352.5,8128285.25,8444329.75,7299729.0,8895599.0,8850157.514999997,7699784.33,7699784.33,9052299.0
