metric,median,q1,q3,min,max,upper_bound,lower_bound,MY_LOWER,MY_UPPER
N50,306806.0,243767.5,327633.0,118458.0,543970.0,543970.0,133753.8,133753.8,543970.0
number,75.5,62.25,93.0,53.0,195.0,151.52499999999947,53.0,53.0,151.52
longest,676422.0,527342.0,741695.0,323804.0,1016079.0,1015777.45,323887.25,323887.25,1015777.45
GC_Content,0.6055225,0.605507,0.6055809999999999,0.605417,0.605758,0.6057506,0.6054429,0.6048,0.6058
Completeness_Specific,100.0,100.0,100.0,99.99,100.0,100.0,99.99,98.72,100.0
Contamination,2.01,2.01,2.01,1.91,2.33,2.32075,1.91,1.91,4.6
Total_Coding_Sequences,5759.0,5755.25,5767.0,5746.0,5809.0,5804.375,5747.85,5747.85,5867.0
Genome_Size,6403187.0,6402213.5,6411498.0,6392998.0,6429952.0,6422280.975,6393889.7,6393889.7,6422280.98
