metric,distribution,mean,std,median,q1,q3,iqr,min,max,lower_bound,upper_bound,MY_LOWER,MY_UPPER,species,count,refseq_count,refseq_distribution,refseq_mean,refseq_std,refseq_median,refseq_q1,refseq_q3,refseq_iqr,refseq_min,refseq_max,refseq_lower_bound,refseq_upper_bound,KS_statistic,KS_p_value,Wasserstein_Distance
N50,normal,290543.60215053766,69598.4995731299,306806.0,243767.5,327633.0,83865.5,118458.0,543970.0,133753.8,543970.0,133753.8,543970.0,Pseudomonas glycinae,186,0,,,,,,,,,,,,,,
number,non-normal,81.55376344086021,23.833197499303655,75.5,62.25,93.0,30.75,53.0,195.0,53.0,151.52499999999947,53.0,151.52,Pseudomonas glycinae,186,0,,,,,,,,,,,,,,
longest,normal,628372.9032258064,142048.88596725784,676422.0,527342.0,741695.0,214353.0,323804.0,1016079.0,323887.25,1015777.45,323887.25,1015777.45,Pseudomonas glycinae,186,0,,,,,,,,,,,,,,
GC_Content,non-normal,0.6055517849462365,6.211277455267931e-05,0.6055225,0.605507,0.6055809999999999,7.399999999990747e-05,0.605417,0.605758,0.6054429,0.6057506,0.6048,0.6058,Pseudomonas glycinae,186,1,insufficient_data,0.604786,0.0,0.604786,0.604786,0.604786,0.0,0.604786,0.604786,0.604786,0.604786,1.0,0.0106951871657754,0.0007657849462365132
Completeness_Specific,non-normal,99.99967741935482,0.0017668469596949883,100.0,100.0,100.0,0.0,99.99,100.0,99.99,100.0,98.72,100.0,Pseudomonas glycinae,186,1,insufficient_data,98.72,0.0,98.72,98.72,98.72,0.0,98.72,98.72,98.72,98.72,1.0,0.0106951871657754,1.2796774193548397
Contamination,non-normal,2.009408602150537,0.03939290273917447,2.01,2.01,2.01,0.0,1.91,2.33,1.91,2.32075,1.91,4.6,Pseudomonas glycinae,186,1,insufficient_data,4.6,0.0,4.6,4.6,4.6,0.0,4.6,4.6,4.6,4.6,1.0,0.0106951871657754,2.590591397849462
Total_Coding_Sequences,non-normal,5762.758064516129,11.038571890067201,5759.0,5755.25,5767.0,11.75,5746.0,5809.0,5747.85,5804.375,5747.85,5867.0,Pseudomonas glycinae,186,1,insufficient_data,5867.0,0.0,5867.0,5867.0,5867.0,0.0,5867.0,5867.0,5867.0,5867.0,1.0,0.0106951871657754,104.24193548387096
Genome_Size,non-normal,6406382.010752688,6346.346153910982,6403187.0,6402213.5,6411498.0,9284.5,6392998.0,6429952.0,6393889.7,6422280.975,6393889.7,6422280.98,Pseudomonas glycinae,186,1,insufficient_data,6396728.0,0.0,6396728.0,6396728.0,6396728.0,0.0,6396728.0,6396728.0,6396728.0,6396728.0,0.946236559139785,0.1176470588235295,9819.483870967742
