metric,median,q1,q3,min,max,upper_bound,lower_bound,MY_LOWER,MY_UPPER
N50,85521.0,61918.0,120688.0,14147.0,380919.0,269432.73999999795,24564.28,24564.28,269432.74
number,78.0,59.0,102.0,16.0,441.0,215.0,28.0,28.0,215.0
longest,226864.0,172363.0,305786.0,43742.0,793994.0,618667.7999999999,75206.92,75206.92,618667.8
GC_Content,0.39606699999999995,0.39549500000000004,0.39678199999999997,0.39059,0.40248100000000003,0.39819817999999996,0.393717,0.3937,0.3994
Completeness_Specific,100.0,100.0,100.0,99.97,100.0,100.0,99.99,97.02,100.0
Contamination,0.16,0.1,0.25,0.0,3.68,0.92,0.02,0.02,2.73
Total_Coding_Sequences,2101.0,2057.0,2155.0,1893.0,2522.0,2349.0,1961.0,1961.0,2417.0
Genome_Size,2081351.0,2046421.0,2118079.0,1903720.0,2362632.0,2242975.18,1966485.46,1966485.46,2310574.0
