metric,median,q1,q3,min,max,upper_bound,lower_bound,MY_LOWER,MY_UPPER
N50,486186.0,175645.25,716214.5,1025.0,1048938.0,1048728.0,2262.875,2262.88,1048728.0
number,37.0,19.0,85.25,2.0,1104.0,706.7000000000025,2.0,2.0,706.7
longest,562063.5,368702.25,716214.5,6885.0,1048938.0,1048728.0,9578.0,9578.0,1048728.0
GC_Content,0.4131365,0.41255975,0.41450649999999994,0.40962000000000004,0.425691,0.421370075,0.41120422500000003,0.4112,0.4214
Completeness_Specific,99.83,99.76,99.87,58.03,99.96,99.93525,76.8575,76.86,99.94
Contamination,0.10500000000000001,0.09,0.14,0.05,3.6,2.905750000000003,0.05475000000000001,0.05,7.15
Total_Coding_Sequences,948.0,928.0,987.0,901.0,1597.0,1368.6000000000022,904.0,904.0,1368.6
Genome_Size,1078271.5,1058147.75,1105614.5,833098.0,1363332.0,1274317.0000000002,910369.7000000001,910369.7,1274317.0
