metric,median,q1,q3,min,max,upper_bound,lower_bound,MY_LOWER,MY_UPPER
N50,279899.0,193366.0,381619.0,52005.0,940485.0,871877.0,83479.0,83479.0,871877.0
number,120.0,69.0,183.0,33.0,812.0,342.0,42.0,42.0,342.0
longest,755939.0,492420.0,1069483.0,182983.0,2611970.0,2368223.0,248034.0,248034.0,2368223.0
GC_Content,0.554712,0.552853,0.556409,0.546694,0.560137,0.559861,0.546834,0.5468,0.5747
Completeness_Specific,100.0,100.0,100.0,100.0,100.0,100.0,100.0,96.87,100.0
Contamination,1.39,0.98,2.24,0.49,4.31,3.74,0.64,0.64,3.74
Total_Coding_Sequences,5508.0,5247.0,5726.0,4835.0,6286.0,6262.0,4875.0,4875.0,6275.0
Genome_Size,5836304.0,5632694.0,6002328.0,5253296.0,6473412.0,6434434.0,5337988.0,5337988.0,6535821.0
