metric,median,q1,q3,min,max,upper_bound,lower_bound,MY_LOWER,MY_UPPER
N50,196547.0,168177.0,245091.5,11115.0,799266.0,629307.2799999994,16744.46,16744.46,629307.28
number,101.0,76.0,120.5,42.0,1157.0,928.1499999999997,45.0,45.0,928.15
longest,527208.0,466632.0,684142.0,43874.0,1576914.0,1318001.2999999998,84257.07,84257.07,1318001.3
GC_Content,0.428598,0.42734,0.42944000000000004,0.42401200000000006,0.43473599999999996,0.43320581999999996,0.42506247,0.4251,0.4332
Completeness_Specific,99.98,99.97,99.99,91.17,100.0,100.0,98.34270000000001,93.08,100.0
Contamination,0.84,0.69,1.275,0.13,8.94,4.735299999999964,0.14,0.14,4.74
Total_Coding_Sequences,5044.0,4911.5,5228.5,4499.0,6187.0,6076.849999999995,4602.12,4421.0,6076.85
Genome_Size,6352797.0,6256562.5,6470700.0,5801819.0,7329260.0,7105177.1899999995,5897229.33,5830764.0,7105177.19
