metric,median,q1,q3,min,max,upper_bound,lower_bound,MY_LOWER,MY_UPPER
N50,190246.0,151140.0,249916.0,100735.0,449593.0,435731.8799999999,101721.68,101721.68,435731.88
number,29.0,25.0,35.0,10.0,62.0,60.639999999999986,11.36,11.36,60.64
longest,434724.0,345194.0,509894.0,211238.0,934955.0,842862.599999999,211247.52,211247.52,842862.6
GC_Content,0.584616,0.583638,0.585659,0.581651,0.588906,0.58791728,0.58165576,0.5817,0.5888
Completeness_Specific,99.95,99.93,99.97,99.83,99.99,99.99,99.83,88.19,99.99
Contamination,0.59,0.49,0.7,0.15,1.79,1.7764,0.15,0.14,5.58
Total_Coding_Sequences,2155.0,2105.0,2212.0,1922.0,2381.0,2380.32,1938.32,1938.32,2403.0
Genome_Size,2611940.0,2562653.0,2630292.0,2402233.0,2755403.0,2752847.56,2416608.2,2416608.2,2758140.0
