metric,median,q1,q3,min,max,upper_bound,lower_bound,MY_LOWER,MY_UPPER
N50,187524.0,146861.25,298627.75,31678.0,544451.0,519529.25999999983,33371.385,33371.38,519529.26
number,88.0,76.0,108.75,46.0,268.0,263.53,48.98,48.98,263.53
longest,475764.5,329782.25,579254.25,118817.0,1530130.0,1528609.455,122448.875,122448.88,1528609.46
GC_Content,0.5128775,0.51222475,0.513287,0.51028,0.514794,0.51469566,0.51041857,0.5104,0.5147
Completeness_Specific,100.0,100.0,100.0,99.99,100.0,100.0,99.99,97.26,100.0
Contamination,0.1,0.08,0.12,0.03,0.68,0.6650999999999999,0.03,0.03,1.12
Total_Coding_Sequences,4204.0,4055.0,4386.75,3942.0,4656.0,4650.04,3942.745,3942.74,4650.04
Genome_Size,4506967.0,4415478.75,4663962.25,4298517.0,4887620.0,4861501.045,4304810.76,4304810.76,4861501.04
