metric,median,q1,q3,min,max,upper_bound,lower_bound,MY_LOWER,MY_UPPER
N50,437549.5,294850.75,511555.5,34736.0,1538180.0,1502497.28,66708.24500000001,66708.25,1502497.28
number,29.0,23.0,41.0,9.0,220.0,111.0,14.0,14.0,111.0
longest,729242.0,533216.0,1005387.0,119498.0,1538974.0,1504764.4349999998,191856.83000000002,191856.83,1504764.43
GC_Content,0.378705,0.37829599999999997,0.379094,0.376079,0.38365900000000003,0.380849,0.377148,0.3771,0.3829
Completeness_Specific,99.99,99.99,100.0,99.96,100.0,100.0,99.97,96.29,100.0
Contamination,0.72,0.64,0.8,0.2,1.83,1.11,0.49,0.17,4.14
Total_Coding_Sequences,2932.0,2865.0,3009.0,2661.0,3326.0,3192.0,2772.0,2772.0,3315.0
Genome_Size,2966962.0,2917151.75,3025875.75,2705671.0,3280166.0,3157801.07,2840561.755,2815543.0,3243301.0
