metric,median,q1,q3,min,max,upper_bound,lower_bound,MY_LOWER,MY_UPPER
N50,121024.0,86401.0,174561.0,33378.0,346305.0,337619.4,48345.7,48345.7,337619.4
number,56.0,47.5,68.0,22.0,143.0,122.6500000000001,24.75,24.75,122.65
longest,323753.0,234764.0,368467.0,106316.0,652475.0,627992.8500000001,121994.85,121994.85,627992.85
GC_Content,0.491997,0.491178,0.49344200000000005,0.48798499999999995,0.494354,0.4942704,0.48804274999999997,0.488,0.4943
Completeness_Specific,100.0,100.0,100.0,100.0,100.0,100.0,100.0,98.21,100.0
Contamination,0.06,0.05,0.10500000000000001,0.0,1.09,0.892000000000001,0.0055000000000000005,0.01,0.89
Total_Coding_Sequences,2224.0,2134.0,2282.0,2009.0,2381.0,2379.9,2018.9,2018.9,2379.9
Genome_Size,2276249.0,2208341.5,2340405.5,2150355.0,2420314.0,2416431.55,2151221.8,2151221.8,2416431.55
