metric,distribution,mean,std,median,q1,q3,iqr,min,max,lower_bound,upper_bound,MY_LOWER,MY_UPPER,species,count,refseq_count,refseq_distribution,refseq_mean,refseq_std,refseq_median,refseq_q1,refseq_q3,refseq_iqr,refseq_min,refseq_max,refseq_lower_bound,refseq_upper_bound,KS_statistic,KS_p_value,Wasserstein_Distance
N50,non-normal,138052.1981981982,61638.597471608846,121024.0,86401.0,174561.0,88160.0,33378.0,346305.0,48345.7,337619.4,48345.7,337619.4,Neisseria flavescens,111,0,,,,,,,,,,,,,,
number,non-normal,59.44144144144144,18.871631163921982,56.0,47.5,68.0,20.5,22.0,143.0,24.75,122.6500000000001,24.75,122.65,Neisseria flavescens,111,0,,,,,,,,,,,,,,
longest,non-normal,319943.47747747746,108202.06076802647,323753.0,234764.0,368467.0,133703.0,106316.0,652475.0,121994.85,627992.8500000001,121994.85,627992.85,Neisseria flavescens,111,0,,,,,,,,,,,,,,
GC_Content,normal,0.4920409189189189,0.0014552660085317855,0.491997,0.491178,0.49344200000000005,0.0022640000000000438,0.48798499999999995,0.494354,0.48804274999999997,0.4942704,0.488,0.4943,Neisseria flavescens,111,1,insufficient_data,0.490478,0.0,0.490478,0.490478,0.490478,0.0,0.490478,0.490478,0.490478,0.490478,0.8018018018018018,0.41071428571428575,0.001798162162162151
Completeness_Specific,non-normal,100.0,0.0,100.0,100.0,100.0,0.0,100.0,100.0,100.0,100.0,98.21,100.0,Neisseria flavescens,111,1,insufficient_data,98.21,0.0,98.21,98.21,98.21,0.0,98.21,98.21,98.21,98.21,1.0,0.017857142857142856,1.7900000000000063
Contamination,non-normal,0.14,0.19288235690078961,0.06,0.05,0.10500000000000001,0.05500000000000001,0.0,1.09,0.0055000000000000005,0.892000000000001,0.01,0.89,Neisseria flavescens,111,1,insufficient_data,0.48,0.0,0.48,0.48,0.48,0.0,0.48,0.48,0.48,0.48,0.9009009009009009,0.21428571428571422,0.37153153153153157
Total_Coding_Sequences,non-normal,2215.828828828829,86.21990258247257,2224.0,2134.0,2282.0,148.0,2009.0,2381.0,2018.9,2379.9,2018.9,2379.9,Neisseria flavescens,111,1,insufficient_data,2263.0,0.0,2263.0,2263.0,2263.0,0.0,2263.0,2263.0,2263.0,2263.0,0.6756756756756757,0.6607142857142857,79.44144144144143
Genome_Size,non-normal,2279685.5315315314,70278.32943296708,2276249.0,2208341.5,2340405.5,132064.0,2150355.0,2420314.0,2151221.8,2416431.55,2151221.8,2416431.55,Neisseria flavescens,111,1,insufficient_data,2231882.0,0.0,2231882.0,2231882.0,2231882.0,0.0,2231882.0,2231882.0,2231882.0,2231882.0,0.6666666666666666,0.6785714285714283,70505.45945945945
