metric,median,q1,q3,min,max,upper_bound,lower_bound,MY_LOWER,MY_UPPER
N50,406447.0,368194.0,590755.0,169972.0,820556.0,817977.47,244490.74,244490.74,817977.47
number,28.0,26.0,30.0,18.0,56.0,54.889999999999986,18.555,18.56,54.89
longest,840249.0,839168.0,890095.0,388101.0,1355371.0,1297626.0249999992,420661.185,420661.18,1297626.02
GC_Content,0.330801,0.32969325,0.3308335,0.32821,0.33130200000000004,0.331301445,0.32825551000000003,0.3283,0.3323
Completeness_Specific,99.99,99.99,99.99,99.96,100.0,100.0,99.96,96.86,100.0
Contamination,0.08,0.05,0.08,0.02,0.28,0.25779999999999975,0.02,0.02,1.53
Total_Coding_Sequences,2796.5,2696.5,2812.0,2535.0,2947.0,2874.294999999999,2538.33,2538.33,2956.0
Genome_Size,2880869.5,2801261.5,2897567.25,2671071.0,2943288.0,2919299.235,2674851.105,2674851.1,2992544.0
