metric,median,q1,q3,min,max,upper_bound,lower_bound,MY_LOWER,MY_UPPER
N50,927138.0,542943.5,1046726.5,15130.0,2294043.0,2231991.05,23727.93,23727.93,2231991.05
number,33.0,26.0,42.0,16.0,617.0,460.4199999999996,18.0,18.0,460.42
longest,1066451.0,999432.5,2044910.5,60165.0,2294043.0,2231991.05,105888.84,105888.84,2231991.05
GC_Content,0.43432699999999996,0.432768,0.43721400000000005,0.42911,0.44026400000000004,0.4385422,0.43058541,0.4288,0.441
Completeness_Specific,100.0,100.0,100.0,99.71,100.0,100.0,99.9893,92.39,100.0
Contamination,0.09,0.04,0.475,0.0,2.4,1.7906999999999993,0.0,0.0,11.97
Total_Coding_Sequences,4223.0,4012.0,4315.0,3807.0,4669.0,4569.139999999999,3810.0,3810.0,4985.0
Genome_Size,4162338.0,3990843.0,4246579.5,3829812.0,4403519.0,4326288.64,3831245.49,3684279.0,4586412.0
