metric,median,q1,q3,min,max,upper_bound,lower_bound,MY_LOWER,MY_UPPER
N50,95688.0,77946.0,124866.0,31426.0,166127.0,158231.76499999998,34516.585,34516.58,158231.76
number,273.5,195.75,299.0,95.0,470.0,447.6949999999991,115.79,115.79,447.69
longest,323599.0,251794.75,338488.75,125058.0,604463.0,604051.0,131768.03,131768.03,604051.0
GC_Content,0.6691995,0.6649515,0.67039125,0.664388,0.6722750000000001,0.67150614,0.664398655,0.6644,0.6715
Completeness_Specific,100.0,100.0,100.0,99.99,100.0,100.0,100.0,96.24,100.0
Contamination,0.1,0.04,0.17250000000000001,0.0,0.66,0.6237999999999988,0.00655,0.01,2.33
Total_Coding_Sequences,5133.0,5042.0,5464.25,4676.0,5562.0,5529.345,4714.785,4714.78,5529.34
Genome_Size,5767121.5,5700480.0,6135396.5,5355759.0,6180626.0,6170299.265,5382472.725,5382472.72,6170299.26
