metric,median,q1,q3,min,max,upper_bound,lower_bound,MY_LOWER,MY_UPPER
N50,158815.0,109024.0,207468.0,31450.0,264318.0,263288.40499999997,32482.01,32482.01,263288.4
number,96.0,73.0,130.5,45.0,263.0,252.5349999999999,46.61,46.61,252.53
longest,326040.5,257016.5,406105.75,114862.0,655737.0,655737.0,118555.34,118555.34,655737.0
GC_Content,0.3709925,0.37079999999999996,0.371181,0.370437,0.371855,0.37185339,0.370437,0.3704,0.372
Completeness_Specific,100.0,100.0,100.0,100.0,100.0,100.0,100.0,95.49,100.0
Contamination,0.31,0.21,0.39,0.12,1.28,1.28,0.12,0.12,7.69
Total_Coding_Sequences,3639.0,3563.5,3687.0,3437.0,3806.0,3805.195,3437.0,3437.0,3836.0
Genome_Size,4140033.0,4082599.5,4199049.0,3977100.0,4311034.0,4275913.46,3977100.0,3977100.0,4349858.0
