metric,median,q1,q3,min,max,upper_bound,lower_bound,MY_LOWER,MY_UPPER
N50,163151.0,114023.75,274815.25,55164.0,644915.0,634473.405,59674.585,59674.58,634473.4
number,40.0,28.0,53.0,11.0,85.0,83.39500000000001,12.07,12.07,83.4
longest,457567.0,317417.0,553993.0,169026.0,1014293.0,987845.8100000002,169690.47,169690.47,987845.81
GC_Content,0.41785799999999995,0.4152555,0.41974875,0.412894,0.42198300000000005,0.42171443000000003,0.41298709,0.413,0.4217
Completeness_Specific,100.0,100.0,100.0,99.99,100.0,100.0,99.99,97.7,100.0
Contamination,0.01,0.0,0.0225,0.0,0.09,0.09,0.0,0.0,1.3
Total_Coding_Sequences,2032.5,1998.0,2090.25,1902.0,2169.0,2162.58,1903.605,1903.6,2180.0
Genome_Size,2157230.5,2114868.25,2205896.25,2002655.0,2271871.0,2271343.49,2009054.135,2009054.14,2286952.0
